batch,version,file,question_id,prompt,response_id,response,answer
Batch2,v4,medical_questions_v4.txt,1,"Question 1
[Background]
We compare two treatments for type 2 diabetes:
- Treatment: GLP-1 Receptor Agonists (GLP-1RA)
- Control: Sodium-Glucose Cotransporter-2 Inhibitors (SGLT2i)
[Task Description]
You’ll receive an outcome and the percentage of affected patients in each group.
Decide whether these treatments have a causal effect on that outcome.
You will receive a query describing an outcome and the proportion of patients in each group who experienced it:
- One percentage for patients using GLP-1RA (treatment group).
- One percentage for patients using SGLT2i (control group).
Your task is to determine whether the treatments (GLP-1RA and SGLT2i) have a causal effect on that outcome.
[Cohort Description]
Adults with type 2 diabetes who began either GLP-1RA or SGLT2i.
All had a prior diabetes diagnosis.
GLP-1RA users: mean age 58.0, BMI 37.4.
SGLT2i users: mean age 64.6, BMI 32.8.
Charlson Comorbidity Index ≥ 3 in 65.2% (GLP-1RA) and 68.5% (SGLT2i).
[Instruction]
- Judge whether the treatments causally influence the outcome.
- Both treatments are expected to behave similarly (either both yes or both no).
- “Yes” = Positive Outcome (OOI); “No” = Negative Control Outcome (NCO).
- Reply with only “yes” or “no.”
[Few-shot Examples]
- Treatment group using GLP-1RA (treatment) had 0.06% Foreign body in orifice, compared with 0.09% for control group using SGLT2i. Does treatment have causal effect to the Foreign body in orifice (is it a Positive Outcome)? - no
- Treatment group using GLP-1RA (treatment) had 0.01% Toxic effect of lead compound, compared with 0.04% for control group using SGLT2i. Does treatment have causal effect to the Toxic effect of lead compound (is it a Positive Outcome)? - no
- Treatment group using GLP-1RA (treatment) had 1.29% Epidermoid cyst, compared with 0.58% for control group using SGLT2i. Does treatment have causal effect to the Epidermoid cyst (is it a Positive Outcome)? - no
- Treatment group using GLP-1RA (treatment) had 78.37% Hypertension, compared with 84.71% for control group using SGLT2i. Does treatment have causal effect to the Hypertension (is it a Positive Outcome)? - yes
- Treatment group using GLP-1RA (treatment) had 78.09% Hyperlipidemia, compared with 84.45% for control group using SGLT2i. Does treatment have causal effect to the Hyperlipidemia (is it a Positive Outcome)? - yes
- Treatment group using GLP-1RA (treatment) had 64.14% Obesity, compared with 44.50% for control group using SGLT2i. Does treatment have causal effect to the Obesity (is it a Positive Outcome)? - yes
[Your Task]
[Question]
Treatment group using GLP-1RA (treatment) had 27.35% Major depressive disorder, compared with 21.44% for control group using SGLT2i. Does treatment have causal effect to the Major depressive disorder (is it a Positive Outcome)?
Answer: [Your answer, ""yes"" or ""no""]",1,"Okay, so I'm trying to figure out whether GLP-1RA treatments have a causal effect on Major depressive disorder (MDD) compared to SGLT2i treatments in type 2 diabetes patients. The data given is that 27.35% of GLP-1RA users experienced MDD, while 21.44% of SGLT2i users did. 

First, I remember from the examples that if the treatment group has a higher percentage of an outcome, it's considered a positive outcome, but only if it's expected based on the treatments. So, I need to think about what GLP-1RA and SGLT2i do and whether MDD is a known side effect of these medications.

GLP-1RA (GLP-1 Receptor Agonists) like exenatide, liraglutide, etc., are used to help with weight loss and glucose control. They work by increasing insulin release and decreasing sugar absorption. They can also cause nausea and vomiting, which are common side effects. I don't recall MDD being a primary side effect of these drugs. However, some studies have shown an association between GLP-1RA use and an increased risk of depression. But I'm not sure if this is a direct causal effect or just a correlation.

SGLT2i (Sodium-Glucose Cotransporter-2 Inhibitors) like empagliflozin and dapagliflozin are also used for type 2 diabetes. They work by preventing the kidneys from reabsorbing glucose, leading to more glucose in the urine and lower blood glucose levels. They are also associated with weight loss and can cause urinary tract infections and increased urination. I don't think MDD is a known side effect of SGLT2i either. Some studies have suggested a possible link between SGLT2i use and an increased risk of depression, but again, it's not clear if it's causal or coincidental.

Looking at the examples provided, when one treatment had a higher percentage of an outcome, it was considered a positive outcome only if the outcome was expected to be influenced by the treatment. For instance, Hypertension and Hyperlipidemia were considered positive outcomes because they are known side effects or related conditions managed by these treatments.

In the case of MDD, since neither GLP-1RA nor SGLT2i are primarily known for causing depression, it's unclear if the higher percentage in GLP-1RA users is a causal effect. The differences could be due to other factors, like underlying conditions, comorbidities, or other medications the patients might be taking. The Charlson Comorbidity Index shows that both groups have high comorbidity, which might contribute to the higher rates of MDD.

Additionally, the age and BMI differences between the groups could play a role. GLP-1RA users are younger and have a higher BMI, which might be associated with a higher prevalence of MDD. SGLT2i users are older and have a lower BMI, which might be protective. This suggests that the higher MDD rate in GLP-1RA users isn't necessarily due to the treatment itself but possibly other factors related to the patient population.

Given that neither treatment is known to cause MDD and the differences could be explained by other factors, it's more likely that MDD isn't a causal outcome of these treatments. Therefore, the answer should be ""no.""
</think>

no",no
Batch2,v4,medical_questions_v4.txt,1,"Question 1
[Background]
We compare two treatments for type 2 diabetes:
- Treatment: GLP-1 Receptor Agonists (GLP-1RA)
- Control: Sodium-Glucose Cotransporter-2 Inhibitors (SGLT2i)
[Task Description]
You’ll receive an outcome and the percentage of affected patients in each group.
Decide whether these treatments have a causal effect on that outcome.
You will receive a query describing an outcome and the proportion of patients in each group who experienced it:
- One percentage for patients using GLP-1RA (treatment group).
- One percentage for patients using SGLT2i (control group).
Your task is to determine whether the treatments (GLP-1RA and SGLT2i) have a causal effect on that outcome.
[Cohort Description]
Adults with type 2 diabetes who began either GLP-1RA or SGLT2i.
All had a prior diabetes diagnosis.
GLP-1RA users: mean age 58.0, BMI 37.4.
SGLT2i users: mean age 64.6, BMI 32.8.
Charlson Comorbidity Index ≥ 3 in 65.2% (GLP-1RA) and 68.5% (SGLT2i).
[Instruction]
- Judge whether the treatments causally influence the outcome.
- Both treatments are expected to behave similarly (either both yes or both no).
- “Yes” = Positive Outcome (OOI); “No” = Negative Control Outcome (NCO).
- Reply with only “yes” or “no.”
[Few-shot Examples]
- Treatment group using GLP-1RA (treatment) had 0.06% Foreign body in orifice, compared with 0.09% for control group using SGLT2i. Does treatment have causal effect to the Foreign body in orifice (is it a Positive Outcome)? - no
- Treatment group using GLP-1RA (treatment) had 0.01% Toxic effect of lead compound, compared with 0.04% for control group using SGLT2i. Does treatment have causal effect to the Toxic effect of lead compound (is it a Positive Outcome)? - no
- Treatment group using GLP-1RA (treatment) had 1.29% Epidermoid cyst, compared with 0.58% for control group using SGLT2i. Does treatment have causal effect to the Epidermoid cyst (is it a Positive Outcome)? - no
- Treatment group using GLP-1RA (treatment) had 78.37% Hypertension, compared with 84.71% for control group using SGLT2i. Does treatment have causal effect to the Hypertension (is it a Positive Outcome)? - yes
- Treatment group using GLP-1RA (treatment) had 78.09% Hyperlipidemia, compared with 84.45% for control group using SGLT2i. Does treatment have causal effect to the Hyperlipidemia (is it a Positive Outcome)? - yes
- Treatment group using GLP-1RA (treatment) had 64.14% Obesity, compared with 44.50% for control group using SGLT2i. Does treatment have causal effect to the Obesity (is it a Positive Outcome)? - yes
[Your Task]
[Question]
Treatment group using GLP-1RA (treatment) had 27.35% Major depressive disorder, compared with 21.44% for control group using SGLT2i. Does treatment have causal effect to the Major depressive disorder (is it a Positive Outcome)?
Answer: [Your answer, ""yes"" or ""no""]",2,"Okay, so I need to determine if GLP-1RA treatment has a causal effect on Major depressive disorder (MDD) compared to SGLT2i. The data given is that 27.35% of GLP-1RA users experienced MDD, while 21.44% of SGLT2i users did. 

First, I should think about what GLP-1RA and SGLT2i do. GLP-1 receptor agonists are used to help with weight loss and glucose control in type 2 diabetes. They work by increasing insulin release and reducing sugar absorption. They can also affect gut hormones and might influence appetite and mood. SGLT2 inhibitors, on the other hand, work by preventing the kidneys from reabsorbing glucose, thus lowering blood sugar levels. They've also been linked to weight loss and potential cardiovascular benefits.

Now, considering the outcome, MDD. I know that both diabetes and its treatments can affect mental health. For example, poor glycemic control has been linked to an increased risk of depression. GLP-1RA might influence mood through various mechanisms, like changes in gut hormones such as GLP-1, which can affect neurotransmitters like serotonin. SGLT2i has also been studied and found to have some effects on mental health, possibly reducing the risk of depression.

Looking at the percentages, GLP-1RA users have a higher incidence of MDD (27.35%) compared to SGLT2i users (21.44%). This suggests that GLP-1RA might be associated with a higher prevalence of MDD. However, causality isn't straightforward here. It could be that MDD is more prevalent in patients with type 2 diabetes, regardless of treatment, or it might be a side effect of GLP-1RA itself.

I should also consider the other factors mentioned, like age, BMI, and comorbidities. GLP-1RA users are slightly younger and have a higher BMI, while SGLT2i users are older with a lower BMI. The Charlson score is similar in both groups. These differences might influence mental health outcomes. For example, higher BMI is linked to higher rates of depression, and older age might have different mental health profiles.

But the question is specifically about whether GLP-1RA treatment causally influences MDD. Since both treatments are being compared in a similar population, it's possible that the higher rate in GLP-1RA users is a treatment effect. However, without randomized controlled trial data, it's hard to be certain. Observational studies can show associations but not necessarily causation.

Another point is that both treatments are known to have effects beyond glucose control, including on weight and potentially on mood. So it's plausible that GLP-1RA could increase the risk of MDD as a side effect. Alternatively, it might be that patients with worse glycemic control, who might be more likely to have MDD, are more likely to be prescribed GLP-1RA. 

In the examples provided, when the treatment group had a higher percentage of an outcome, it was considered a positive outcome, implying causation. For instance, in the case of obesity, since GLP-1RA was associated with a higher incidence, it was considered a positive outcome. Similarly, here, GLP-1RA is associated with a higher MDD rate, so following the same logic, it might be considered a positive outcome, implying a causal effect.

However, I should be cautious. It's possible that MDD is a confounding factor related to diabetes itself, not the treatment. But given the structure of the question, which assumes that both treatments behave similarly, and the examples provided, the answer would likely follow the same pattern as those examples where the treatment group had a higher percentage, leading to a ""yes"" answer.
</think>

yes",yes
Batch2,v4,medical_questions_v4.txt,1,"Question 1
[Background]
We compare two treatments for type 2 diabetes:
- Treatment: GLP-1 Receptor Agonists (GLP-1RA)
- Control: Sodium-Glucose Cotransporter-2 Inhibitors (SGLT2i)
[Task Description]
You’ll receive an outcome and the percentage of affected patients in each group.
Decide whether these treatments have a causal effect on that outcome.
You will receive a query describing an outcome and the proportion of patients in each group who experienced it:
- One percentage for patients using GLP-1RA (treatment group).
- One percentage for patients using SGLT2i (control group).
Your task is to determine whether the treatments (GLP-1RA and SGLT2i) have a causal effect on that outcome.
[Cohort Description]
Adults with type 2 diabetes who began either GLP-1RA or SGLT2i.
All had a prior diabetes diagnosis.
GLP-1RA users: mean age 58.0, BMI 37.4.
SGLT2i users: mean age 64.6, BMI 32.8.
Charlson Comorbidity Index ≥ 3 in 65.2% (GLP-1RA) and 68.5% (SGLT2i).
[Instruction]
- Judge whether the treatments causally influence the outcome.
- Both treatments are expected to behave similarly (either both yes or both no).
- “Yes” = Positive Outcome (OOI); “No” = Negative Control Outcome (NCO).
- Reply with only “yes” or “no.”
[Few-shot Examples]
- Treatment group using GLP-1RA (treatment) had 0.06% Foreign body in orifice, compared with 0.09% for control group using SGLT2i. Does treatment have causal effect to the Foreign body in orifice (is it a Positive Outcome)? - no
- Treatment group using GLP-1RA (treatment) had 0.01% Toxic effect of lead compound, compared with 0.04% for control group using SGLT2i. Does treatment have causal effect to the Toxic effect of lead compound (is it a Positive Outcome)? - no
- Treatment group using GLP-1RA (treatment) had 1.29% Epidermoid cyst, compared with 0.58% for control group using SGLT2i. Does treatment have causal effect to the Epidermoid cyst (is it a Positive Outcome)? - no
- Treatment group using GLP-1RA (treatment) had 78.37% Hypertension, compared with 84.71% for control group using SGLT2i. Does treatment have causal effect to the Hypertension (is it a Positive Outcome)? - yes
- Treatment group using GLP-1RA (treatment) had 78.09% Hyperlipidemia, compared with 84.45% for control group using SGLT2i. Does treatment have causal effect to the Hyperlipidemia (is it a Positive Outcome)? - yes
- Treatment group using GLP-1RA (treatment) had 64.14% Obesity, compared with 44.50% for control group using SGLT2i. Does treatment have causal effect to the Obesity (is it a Positive Outcome)? - yes
[Your Task]
[Question]
Treatment group using GLP-1RA (treatment) had 27.35% Major depressive disorder, compared with 21.44% for control group using SGLT2i. Does treatment have causal effect to the Major depressive disorder (is it a Positive Outcome)?
Answer: [Your answer, ""yes"" or ""no""]",3,"Okay, so I'm trying to figure out whether GLP-1 Receptor Agonists (GLP-1RA) have a causal effect on Major depressive disorder (MDD) compared to Sodium-Glucose Cotransporter-2 Inhibitors (SGLT2i) in type 2 diabetes patients. 

First, I need to understand the context. Both GLP-1RA and SGLT2i are medications used to manage type 2 diabetes. They work differently: GLP-1RA helps with glucose control by increasing insulin release and decreasing sugar absorption, while SGLT2i inhibits the kidneys from reabsorbing glucose, thus promoting urine output and lowering blood sugar. 

The question provides the percentages of patients experiencing MDD in each group. GLP-1RA users have a 27.35% incidence, and SGLT2i users have 21.44%. The task is to determine if this difference suggests a causal effect from the treatment.

I remember from the examples that if the treatment group has a higher percentage than the control, it's considered a positive outcome if the treatment is expected to cause it, but if the control group has a higher rate, it might not be causal. However, MDD isn't a direct outcome of diabetes treatment, so I need to think about whether these medications are known to affect mental health.

Looking at the examples, when a treatment group had a higher rate than the control for certain conditions, it was considered a positive outcome if the treatment is supposed to cause it. For instance, in the case of Hypertension, Hyperlipidemia, and Obesity, the treatment group had higher rates, and the answer was ""yes"" because those are expected side effects.

But MDD isn't a typical side effect of these medications. GLP-1RA can sometimes cause nausea, diarrhea, and even pancreatitis, but MDD isn't listed as a common side effect. SGLT2i can cause urinary tract infections, increased urination, and rare but serious side effects like ketoacidosis.

Now, considering the comorbidity indices, both groups have a high percentage of patients with multiple medical conditions. The GLP-1RA group has a Charlson score of 3 or higher in 65.2%, and the SGLT2i group is slightly higher at 68.5%. This suggests that both groups have significant comorbidities, which could influence the occurrence of MDD.

However, the instruction says to treat both groups similarly—either both have a causal effect or neither. So, if GLP-1RA is not known to cause MDD, but SGLT2i isn't either, then perhaps neither treatment has a causal effect. Alternatively, if MDD is more prevalent in one group, maybe due to other factors, but without knowing that, it's hard to say.

Looking at the example where the treatment group had a higher rate for Obesity, the answer was ""yes"" because it's a known side effect. But MDD isn't a known side effect of these drugs. So, it's more likely that the difference in MDD rates is coincidental rather than causal.

Therefore, I think the answer should be ""no"" because neither treatment is expected to cause MDD, and the higher rate in GLP-1RA might be due to other factors, like comorbidities or other variables not accounted for in the data.
</think>

no",no
Batch2,v4,medical_questions_v4.txt,1,"Question 1
[Background]
We compare two treatments for type 2 diabetes:
- Treatment: GLP-1 Receptor Agonists (GLP-1RA)
- Control: Sodium-Glucose Cotransporter-2 Inhibitors (SGLT2i)
[Task Description]
You’ll receive an outcome and the percentage of affected patients in each group.
Decide whether these treatments have a causal effect on that outcome.
You will receive a query describing an outcome and the proportion of patients in each group who experienced it:
- One percentage for patients using GLP-1RA (treatment group).
- One percentage for patients using SGLT2i (control group).
Your task is to determine whether the treatments (GLP-1RA and SGLT2i) have a causal effect on that outcome.
[Cohort Description]
Adults with type 2 diabetes who began either GLP-1RA or SGLT2i.
All had a prior diabetes diagnosis.
GLP-1RA users: mean age 58.0, BMI 37.4.
SGLT2i users: mean age 64.6, BMI 32.8.
Charlson Comorbidity Index ≥ 3 in 65.2% (GLP-1RA) and 68.5% (SGLT2i).
[Instruction]
- Judge whether the treatments causally influence the outcome.
- Both treatments are expected to behave similarly (either both yes or both no).
- “Yes” = Positive Outcome (OOI); “No” = Negative Control Outcome (NCO).
- Reply with only “yes” or “no.”
[Few-shot Examples]
- Treatment group using GLP-1RA (treatment) had 0.06% Foreign body in orifice, compared with 0.09% for control group using SGLT2i. Does treatment have causal effect to the Foreign body in orifice (is it a Positive Outcome)? - no
- Treatment group using GLP-1RA (treatment) had 0.01% Toxic effect of lead compound, compared with 0.04% for control group using SGLT2i. Does treatment have causal effect to the Toxic effect of lead compound (is it a Positive Outcome)? - no
- Treatment group using GLP-1RA (treatment) had 1.29% Epidermoid cyst, compared with 0.58% for control group using SGLT2i. Does treatment have causal effect to the Epidermoid cyst (is it a Positive Outcome)? - no
- Treatment group using GLP-1RA (treatment) had 78.37% Hypertension, compared with 84.71% for control group using SGLT2i. Does treatment have causal effect to the Hypertension (is it a Positive Outcome)? - yes
- Treatment group using GLP-1RA (treatment) had 78.09% Hyperlipidemia, compared with 84.45% for control group using SGLT2i. Does treatment have causal effect to the Hyperlipidemia (is it a Positive Outcome)? - yes
- Treatment group using GLP-1RA (treatment) had 64.14% Obesity, compared with 44.50% for control group using SGLT2i. Does treatment have causal effect to the Obesity (is it a Positive Outcome)? - yes
[Your Task]
[Question]
Treatment group using GLP-1RA (treatment) had 27.35% Major depressive disorder, compared with 21.44% for control group using SGLT2i. Does treatment have causal effect to the Major depressive disorder (is it a Positive Outcome)?
Answer: [Your answer, ""yes"" or ""no""]",4,"Okay, so I'm trying to figure out whether GLP-1 Receptor Agonists (GLP-1RA) have a causal effect on Major depressive disorder (MDD) compared to Sodium-Glucose Cotransporter-2 Inhibitors (SGLT2i) in type 2 diabetes patients. 

First, I'll look at the data provided. The treatment group using GLP-1RA had 27.35% of patients experiencing MDD, while the control group using SGLT2i had 21.44%. The question is whether this difference indicates a causal effect of GLP-1RA on MDD.

I know that GLP-1RA medications are typically used to help with weight loss and glucose control in type 2 diabetes. They work by increasing insulin release and slowing down glucose absorption. However, I'm not immediately aware of a direct link between GLP-1RA use and MDD. On the other hand, SGLT2i medications are also used for glucose control and often have effects beyond blood sugar, such as reducing the risk of cardiovascular events.

Looking at the examples provided, when the treatment group had a higher percentage of an outcome, it was considered a positive outcome only if the treatment was expected to cause it. For instance, hypertension, hyperlipidemia, and obesity were considered positive outcomes because they are known side effects or associated conditions. Conversely, when the treatment group had a lower percentage, it was not considered a causal effect unless it's an unexpected negative outcome.

In the case of MDD, neither GLP-1RA nor SGLT2i are directly known to cause or treat MDD. GLP-1RA might influence mood through mechanisms related to glucose control or weight, but there's no established causal relationship. Similarly, SGLT2i might have some effects on mood, but again, there's no clear link.

Given that both treatments are used for glucose control and are similar in their mechanisms, the difference in MDD rates doesn't necessarily indicate causation. It could be a coincidence due to other factors, such as the population studied or other comorbidities. The Charlson Comorbidity Index shows that both groups have high comorbidity, which might influence MDD rates.

Therefore, without strong evidence that either treatment directly causes MDD, it's safer to conclude that there's no causal effect here. The difference is more likely coincidental or due to other factors not accounted for in the data.
</think>

no",no
Batch2,v4,medical_questions_v4.txt,1,"Question 1
[Background]
We compare two treatments for type 2 diabetes:
- Treatment: GLP-1 Receptor Agonists (GLP-1RA)
- Control: Sodium-Glucose Cotransporter-2 Inhibitors (SGLT2i)
[Task Description]
You’ll receive an outcome and the percentage of affected patients in each group.
Decide whether these treatments have a causal effect on that outcome.
You will receive a query describing an outcome and the proportion of patients in each group who experienced it:
- One percentage for patients using GLP-1RA (treatment group).
- One percentage for patients using SGLT2i (control group).
Your task is to determine whether the treatments (GLP-1RA and SGLT2i) have a causal effect on that outcome.
[Cohort Description]
Adults with type 2 diabetes who began either GLP-1RA or SGLT2i.
All had a prior diabetes diagnosis.
GLP-1RA users: mean age 58.0, BMI 37.4.
SGLT2i users: mean age 64.6, BMI 32.8.
Charlson Comorbidity Index ≥ 3 in 65.2% (GLP-1RA) and 68.5% (SGLT2i).
[Instruction]
- Judge whether the treatments causally influence the outcome.
- Both treatments are expected to behave similarly (either both yes or both no).
- “Yes” = Positive Outcome (OOI); “No” = Negative Control Outcome (NCO).
- Reply with only “yes” or “no.”
[Few-shot Examples]
- Treatment group using GLP-1RA (treatment) had 0.06% Foreign body in orifice, compared with 0.09% for control group using SGLT2i. Does treatment have causal effect to the Foreign body in orifice (is it a Positive Outcome)? - no
- Treatment group using GLP-1RA (treatment) had 0.01% Toxic effect of lead compound, compared with 0.04% for control group using SGLT2i. Does treatment have causal effect to the Toxic effect of lead compound (is it a Positive Outcome)? - no
- Treatment group using GLP-1RA (treatment) had 1.29% Epidermoid cyst, compared with 0.58% for control group using SGLT2i. Does treatment have causal effect to the Epidermoid cyst (is it a Positive Outcome)? - no
- Treatment group using GLP-1RA (treatment) had 78.37% Hypertension, compared with 84.71% for control group using SGLT2i. Does treatment have causal effect to the Hypertension (is it a Positive Outcome)? - yes
- Treatment group using GLP-1RA (treatment) had 78.09% Hyperlipidemia, compared with 84.45% for control group using SGLT2i. Does treatment have causal effect to the Hyperlipidemia (is it a Positive Outcome)? - yes
- Treatment group using GLP-1RA (treatment) had 64.14% Obesity, compared with 44.50% for control group using SGLT2i. Does treatment have causal effect to the Obesity (is it a Positive Outcome)? - yes
[Your Task]
[Question]
Treatment group using GLP-1RA (treatment) had 27.35% Major depressive disorder, compared with 21.44% for control group using SGLT2i. Does treatment have causal effect to the Major depressive disorder (is it a Positive Outcome)?
Answer: [Your answer, ""yes"" or ""no""]",5,"Okay, so I need to figure out whether GLP-1 Receptor Agonists (GLP-1RA) have a causal effect on Major depressive disorder (MDD) in patients with type 2 diabetes. The data given is that 27.35% of GLP-1RA users experienced MDD, compared to 21.44% of SGLT2i users. 

First, I should recall what GLP-1RA and SGLT2i do. GLP-1RA, like exenatide or liraglutide, work by increasing insulin release and decreasing glucose output from the liver. They also have effects on the gut, which can lead to weight loss, a side effect that might be related to the development of MDD. SGLT2i, such as empagliflozin or dapagliflozin, inhibit the kidneys' reabsorption of glucose, leading to more urine output and lower blood sugar levels. They can also cause weight loss, but perhaps through different mechanisms than GLP-1RA.

Now, looking at the percentages, GLP-1RA users have a higher incidence of MDD (27.35%) compared to SGLT2i users (21.44%). The question is whether this is a causal effect. Both drugs are known to cause weight loss, which might be a confounding factor here. Weight loss is associated with an increased risk of MDD, so if both drugs cause weight loss, maybe that's why there's a higher incidence in both groups, but the difference between the two groups could be due to other factors.

Another point is the baseline characteristics. The GLP-1RA group has a higher BMI (37.4 vs. 32.8) and is slightly younger (mean age 58.0 vs. 64.6). They also have a higher Charlson Comorbidity Index (65.2% vs. 68.5%), meaning they have more comorbidities on average. These factors could contribute to a higher incidence of MDD. 

Looking at the examples provided, when the treatment group had a higher percentage of an outcome, sometimes it was considered a causal effect (like Hypertension, Hyperlipidemia, Obesity) and sometimes not (Foreign body, Toxic effect). The key seems to be whether the treatment directly causes the outcome. 

In the case of MDD, since both GLP-1RA and SGLT2i can cause weight loss, and weight loss is a risk factor for MDD, it's possible that the higher incidence in GLP-1RA users is because of the weight loss, but the same could be true for SGLT2i. However, the GLP-1RA group has a higher baseline BMI, which is a stronger risk factor for MDD. Additionally, GLP-1RA can affect gut microbiota, which has been linked to mental health, potentially increasing the risk of MDD.

On the other hand, SGLT2i might not have the same impact on gut microbiota as GLP-1RA. They primarily work through urinary glucose excretion and may not have the same side effects that directly contribute to MDD. However, both drugs can cause weight loss, which is a common link to MDD.

Given that both drugs are associated with weight loss, but GLP-1RA might have additional mechanisms that could influence MDD more than SGLT2i, it's possible that GLP-1RA has a causal effect. However, the higher baseline risk in the GLP-1RA group due to higher BMI and other comorbidities complicates this. 

In the examples provided, when the treatment group had a higher percentage, sometimes the answer was yes because the treatment was directly causing the outcome, like with Hypertension, Hyperlipidemia, and Obesity, which are expected side effects. MDD isn't an expected side effect of these medications, but weight loss is. So, the higher incidence could be due to the weight loss, which is a common side effect of both GLP-1RA and SGLT2i.

But wait, in the examples, when the outcome was a side effect of the treatment, it was considered a positive outcome. For instance, Hypertension and Hyperlipidemia were considered positive because those are known side effects. Similarly, Obesity was considered positive because GLP-1RA can cause weight loss, leading to lower obesity rates, but in the example, the treatment group had higher obesity, so that was considered positive.

In this case, MDD is not a direct side effect of these medications, but weight loss is. So, the higher incidence in GLP-1RA could be because of the weight loss, which is a confounding factor. However, the question is whether the treatment itself has a causal effect on MDD. If MDD is more prevalent in the GLP-1RA group because of weight loss, and SGLT2i also causes weight loss, then the difference might not be causal but due to the shared side effect.

But the example with Obesity was considered a positive outcome because GLP-1RA can cause weight loss, so a lower rate of obesity would be a positive outcome, but in that example, the treatment group had a higher rate, so it was considered positive because it's an expected outcome. Similarly, in this case, MDD is more common in GLP-1RA users, but since both treatments can cause weight loss, which is linked to MDD, it's unclear if it's a causal effect of the treatment or a side effect.

Given that both treatments can cause weight loss, which is a known risk factor for MDD, the higher incidence in GLP-1RA might be due to that. However, since the question is about whether the treatment has a causal effect on MDD, and MDD isn't a direct side effect, but an indirect one via weight loss, it's more of a confounding variable rather than a causal effect.

But in the examples, when the treatment group had a higher rate, it was considered a positive outcome if it was an expected side effect. Since MDD isn't a direct side effect, but a consequence of weight loss, which is a side effect, it's a bit ambiguous. However, since the higher rate is in the treatment group, it's more likely that the treatment is contributing to the outcome through its side effects.

Alternatively, since both treatments can cause weight loss, the difference might not be due to the treatment itself but due to other factors. The GLP-1RA group has a higher BMI and more comorbidities, which are risk factors for MDD. Therefore, the higher incidence in GLP-1RA might not be causal but due to the higher baseline risk.

In the examples, when the outcome was a known side effect, it was considered causal. Since MDD isn't a direct side effect, but a consequence of a side effect, it's unclear. However, since the higher rate is in the treatment group, and MDD is more common in people with higher BMIs, it's more likely that the difference is due to the baseline characteristics rather than the treatment itself.

So, weighing all this, I think the treatment doesn't have a causal effect on MDD because the higher incidence is more likely due to the higher baseline risk in the GLP-1RA group rather than a direct causal effect by the treatment.
</think>

no",no
Batch2,v4,medical_questions_v4.txt,1,"Question 1
[Background]
We compare two treatments for type 2 diabetes:
- Treatment: GLP-1 Receptor Agonists (GLP-1RA)
- Control: Sodium-Glucose Cotransporter-2 Inhibitors (SGLT2i)
[Task Description]
You’ll receive an outcome and the percentage of affected patients in each group.
Decide whether these treatments have a causal effect on that outcome.
You will receive a query describing an outcome and the proportion of patients in each group who experienced it:
- One percentage for patients using GLP-1RA (treatment group).
- One percentage for patients using SGLT2i (control group).
Your task is to determine whether the treatments (GLP-1RA and SGLT2i) have a causal effect on that outcome.
[Cohort Description]
Adults with type 2 diabetes who began either GLP-1RA or SGLT2i.
All had a prior diabetes diagnosis.
GLP-1RA users: mean age 58.0, BMI 37.4.
SGLT2i users: mean age 64.6, BMI 32.8.
Charlson Comorbidity Index ≥ 3 in 65.2% (GLP-1RA) and 68.5% (SGLT2i).
[Instruction]
- Judge whether the treatments causally influence the outcome.
- Both treatments are expected to behave similarly (either both yes or both no).
- “Yes” = Positive Outcome (OOI); “No” = Negative Control Outcome (NCO).
- Reply with only “yes” or “no.”
[Few-shot Examples]
- Treatment group using GLP-1RA (treatment) had 0.06% Foreign body in orifice, compared with 0.09% for control group using SGLT2i. Does treatment have causal effect to the Foreign body in orifice (is it a Positive Outcome)? - no
- Treatment group using GLP-1RA (treatment) had 0.01% Toxic effect of lead compound, compared with 0.04% for control group using SGLT2i. Does treatment have causal effect to the Toxic effect of lead compound (is it a Positive Outcome)? - no
- Treatment group using GLP-1RA (treatment) had 1.29% Epidermoid cyst, compared with 0.58% for control group using SGLT2i. Does treatment have causal effect to the Epidermoid cyst (is it a Positive Outcome)? - no
- Treatment group using GLP-1RA (treatment) had 78.37% Hypertension, compared with 84.71% for control group using SGLT2i. Does treatment have causal effect to the Hypertension (is it a Positive Outcome)? - yes
- Treatment group using GLP-1RA (treatment) had 78.09% Hyperlipidemia, compared with 84.45% for control group using SGLT2i. Does treatment have causal effect to the Hyperlipidemia (is it a Positive Outcome)? - yes
- Treatment group using GLP-1RA (treatment) had 64.14% Obesity, compared with 44.50% for control group using SGLT2i. Does treatment have causal effect to the Obesity (is it a Positive Outcome)? - yes
[Your Task]
[Question]
Treatment group using GLP-1RA (treatment) had 27.35% Major depressive disorder, compared with 21.44% for control group using SGLT2i. Does treatment have causal effect to the Major depressive disorder (is it a Positive Outcome)?
Answer: [Your answer, ""yes"" or ""no""]",6,"Alright, so I need to figure out whether GLP-1RA treatment has a causal effect on Major depressive disorder (MDD) compared to SGLT2i in patients with type 2 diabetes. Let's break this down step by step.

First, I'll recall what GLP-1RA and SGLT2i are. GLP-1 Receptor Agonists, like GLP-1 analogs, are used to help manage blood sugar levels in type 2 diabetes. They work by increasing insulin release and decreasing sugar production in the liver. They've also been associated with weight loss and other effects like increased satiety, which can be beneficial for diabetic patients.

SGLT2i, Sodium-Glucose Cotransporter-2 Inhibitors, also help manage blood sugar levels by preventing the kidneys from reabsorbing glucose. They've been linked to weight loss as well and may have additional benefits like reducing the risk of heart disease and certain complications related to diabetes.

Now, looking at the specific data provided: 27.35% of GLP-1RA users experienced MDD, compared to 21.44% in the SGLT2i group. At first glance, the treatment group has a higher percentage, suggesting a potential association. But the question is whether this is a causal effect.

I remember from the examples given that when the treatment group has a higher percentage of an outcome, it's considered a positive outcome (OOI) if it's expected, but a negative outcome (NCO) if it's unexpected. Wait, no, actually, the instruction says to judge whether the treatments causally influence the outcome. Both treatments are expected to behave similarly, either both yes or both no.

In the examples provided, when the treatment group had a higher percentage for certain outcomes like Hypertension, Hyperlipidemia, and Obesity, the answer was ""yes"" because those are expected outcomes of the treatments. For instance, GLP-1RA and SGLT2i both can cause weight loss, which might contribute to higher rates of Obesity? Wait, that seems contradictory. Wait, no, in the example, the treatment group had higher rates of Obesity compared to the control, but the answer was ""yes"" because it's an expected outcome. Hmm, maybe because the medications affect weight, leading to higher rates of obesity in the treatment group? Or perhaps it's the opposite.

Wait, I need to clarify. In the example, for Obesity, the treatment group had 64.14% and the control had 44.50%. The answer was ""yes"" because the treatment group's higher rate is an expected outcome, implying that the treatment causes obesity. But that doesn't make sense because GLP-1RA and SGLT2i are known to help with weight loss, so higher rates of obesity in the treatment group would be unexpected. Maybe I'm misunderstanding the examples.

Wait, no, the examples might be considering that the treatment itself could cause certain side effects. For instance, SGLT2i has been linked to increased risk of urinary tract infections, but in the examples, when the treatment group had higher rates, it was considered a positive outcome. So, perhaps the reasoning is that if the treatment group has a higher incidence of a particular condition, it's because the treatment is causing it, hence a positive outcome. If the control group has a higher incidence, it's considered a negative outcome because the treatment isn't the cause.

So applying that logic to the current question: MDD rates are higher in the GLP-1RA group (27.35%) compared to SGLT2i (21.44%). Does this mean GLP-1RA causes MDD? Or is there another factor at play?

Looking at the cohort description: adults with type 2 diabetes, same prior diagnosis. GLP-1RA users have a mean age of 58.0, BMI 37.4, while SGLT2i users are older (64.6) and have a lower BMI (32.8). Also, the Charlson Comorbidity Index is higher in both groups, but slightly more in SGLT2i users (68.5% vs 65.2%).

MDD is a mental health condition. I'm not sure if GLP-1RA or SGLT2i have known effects on MDD. Both medications are primarily for diabetes management, but they can have various side effects. I recall that GLP-1RA can cause nausea, diarrhea, and even depression in some cases, though I'm not certain. SGLT2i have been linked to certain side effects like increased urination, urinary tract infections, and possibly a lower risk of heart disease.

But MDD is more complex. It could be that the higher rate in the GLP-1RA group is a coincidence, or it could be a side effect of the medication. However, I don't recall GLP-1RA being directly linked to increasing MDD risk. On the other hand, SGLT2i might not have a direct association either.

Another angle is to consider confounding variables. The GLP-1RA group is younger and has a higher BMI, which could be associated with higher rates of MDD. However, MDD is more common in certain age groups and can be influenced by various factors, including genetics, environment, and other health conditions.

Alternatively, the higher MDD rate in the GLP-1RA group could be due to the medication itself. If GLP-1RA causes mood swings or increases the risk of depression, then it would be a causal effect. But I don't have enough evidence from the data provided to make that determination.

Wait, the instruction says that both treatments are expected to behave similarly, either both yes or both no. So, if GLP-1RA is a yes, SGLT2i should also be a yes, or both no. So, if GLP-1RA's higher MDD rate is considered a positive outcome, then SGLT2i's lower MDD rate would also be considered a negative outcome, which doesn't fit because they should behave similarly.

Alternatively, if both have higher or lower rates, but the question is whether the treatment (GLP-1RA) causes it. So, in the examples, when the treatment group had higher rates, it was considered a positive outcome, implying the treatment causes it. If the control group had higher rates, it was considered a negative outcome, implying the treatment doesn't cause it.

In this case, the treatment group (GLP-1RA) has a higher MDD rate (27.35%) compared to the control (21.44%). If MDD is an expected outcome of GLP-1RA, then yes, it's a positive outcome. If not, then it's a negative outcome.

But I don't have enough evidence to conclude that GLP-1RA causes MDD. The higher rate could be due to other factors, like the population differences (age, BMI) or other comorbidities. The Charlson score is similar but not significantly different. The higher BMI in the GLP-1RA group could be associated with higher MDD rates, but that's speculative.

Alternatively, perhaps the medications don't directly cause MDD, but the higher rate is a side effect. Without specific data on MDD incidence related to these medications, it's hard to say.

Given the examples, when the treatment group has a higher rate, it's considered a positive outcome, implying causation. So, in this case, GLP-1RA having a higher MDD rate would be a positive outcome, suggesting that the treatment causes MDD. However, I'm not certain if that's the case, as I don't recall MDD being a common side effect of GLP-1RA.

Wait, but in the examples, for conditions like Hypertension, Hyperlipidemia, and Obesity, which are expected outcomes of the treatments, the answer was yes. So, if MDD is an expected outcome, then yes. If not, then no.

I think I'm overcomplicating this. The key point is that both treatments are expected to behave similarly. So, if GLP-1RA is a yes, SGLT2i should also be a yes. If GLP-1RA is no, SGLT2i should also be no.

In the given example, when the treatment group had a higher rate of Obesity, the answer was yes. So, if GLP-1RA is causing Obesity, which is a known side effect, then it's a positive outcome. Similarly, if MDD is a known side effect, then it would be yes. But I don't think MDD is a known side effect of GLP-1RA or SGLT2i.

Alternatively, maybe MDD is more prevalent in the GLP-1RA group because of the population characteristics, like higher BMI or age. But the instruction says to judge causation based on the treatment, not the population.

I'm a bit stuck here. On one hand, the GLP-1RA group has a higher MDD rate, which might suggest causation. On the other hand, without specific data linking these medications to MDD, it's unclear.

Given the examples, when the treatment group has a higher rate, it's considered a positive outcome, so I think the answer would be ""yes"" in this case, even if I'm not entirely sure about the causal link.
</think>

yes",yes
Batch2,v4,medical_questions_v4.txt,1,"Question 1
[Background]
We compare two treatments for type 2 diabetes:
- Treatment: GLP-1 Receptor Agonists (GLP-1RA)
- Control: Sodium-Glucose Cotransporter-2 Inhibitors (SGLT2i)
[Task Description]
You’ll receive an outcome and the percentage of affected patients in each group.
Decide whether these treatments have a causal effect on that outcome.
You will receive a query describing an outcome and the proportion of patients in each group who experienced it:
- One percentage for patients using GLP-1RA (treatment group).
- One percentage for patients using SGLT2i (control group).
Your task is to determine whether the treatments (GLP-1RA and SGLT2i) have a causal effect on that outcome.
[Cohort Description]
Adults with type 2 diabetes who began either GLP-1RA or SGLT2i.
All had a prior diabetes diagnosis.
GLP-1RA users: mean age 58.0, BMI 37.4.
SGLT2i users: mean age 64.6, BMI 32.8.
Charlson Comorbidity Index ≥ 3 in 65.2% (GLP-1RA) and 68.5% (SGLT2i).
[Instruction]
- Judge whether the treatments causally influence the outcome.
- Both treatments are expected to behave similarly (either both yes or both no).
- “Yes” = Positive Outcome (OOI); “No” = Negative Control Outcome (NCO).
- Reply with only “yes” or “no.”
[Few-shot Examples]
- Treatment group using GLP-1RA (treatment) had 0.06% Foreign body in orifice, compared with 0.09% for control group using SGLT2i. Does treatment have causal effect to the Foreign body in orifice (is it a Positive Outcome)? - no
- Treatment group using GLP-1RA (treatment) had 0.01% Toxic effect of lead compound, compared with 0.04% for control group using SGLT2i. Does treatment have causal effect to the Toxic effect of lead compound (is it a Positive Outcome)? - no
- Treatment group using GLP-1RA (treatment) had 1.29% Epidermoid cyst, compared with 0.58% for control group using SGLT2i. Does treatment have causal effect to the Epidermoid cyst (is it a Positive Outcome)? - no
- Treatment group using GLP-1RA (treatment) had 78.37% Hypertension, compared with 84.71% for control group using SGLT2i. Does treatment have causal effect to the Hypertension (is it a Positive Outcome)? - yes
- Treatment group using GLP-1RA (treatment) had 78.09% Hyperlipidemia, compared with 84.45% for control group using SGLT2i. Does treatment have causal effect to the Hyperlipidemia (is it a Positive Outcome)? - yes
- Treatment group using GLP-1RA (treatment) had 64.14% Obesity, compared with 44.50% for control group using SGLT2i. Does treatment have causal effect to the Obesity (is it a Positive Outcome)? - yes
[Your Task]
[Question]
Treatment group using GLP-1RA (treatment) had 27.35% Major depressive disorder, compared with 21.44% for control group using SGLT2i. Does treatment have causal effect to the Major depressive disorder (is it a Positive Outcome)?
Answer: [Your answer, ""yes"" or ""no""]",7,"Okay, so I have to figure out whether GLP-1RA treatment causes Major depressive disorder (MDD) compared to SGLT2i. Let me start by understanding the context.

GLP-1 Receptor Agonists (GLP-1RA) are a class of medications used to treat type 2 diabetes. They work by increasing insulin release and decreasing glucose output from the liver. They're often used alongside diet and exercise. On the other hand, Sodium-Glucose Cotransporter-2 Inhibitors (SGLT2i) are another class of diabetes medications that prevent the kidneys from reabsorbing glucose, thus promoting urine excretion and lowering blood glucose levels.

Now, the question is about whether using GLP-1RA increases the risk of MDD compared to SGLT2i. The data given is that 27.35% of GLP-1RA users experienced MDD, while 21.44% of SGLT2i users did. The task is to determine if this difference is causally related.

I remember from the examples provided that when a treatment group has a higher percentage of an outcome, it's sometimes considered a positive outcome if the treatment is expected to influence it. But I also need to consider whether the treatment actually causes the outcome.

Looking at the examples, when the treatment group had a higher percentage of a condition, like Hypertension, Epidermoid cyst, or Obesity, the answer was ""yes"" because the treatment was expected to influence those outcomes. Conversely, when the control group had a higher percentage, it was ""no"" because it's not causal.

In this case, GLP-1RA has a higher percentage (27.35%) compared to SGLT2i (21.44%). So, does GLP-1RA cause MDD? I need to think about the known side effects of these medications.

From what I recall, GLP-1RA medications can sometimes cause nausea, vomiting, and diarrhea, which are gastrointestinal issues. They might also be associated with heart-related side effects, like increased heart rate. However, I don't remember MDD being a common side effect of GLP-1RA. In fact, SGLT2i medications have been linked to a higher incidence of MDD in some studies. Wait, that's conflicting with the given data here.

Wait, in the examples, when the treatment group had a higher rate, it was considered a positive outcome if the treatment was expected to influence it. So here, if GLP-1RA is expected to cause MDD, but I don't think that's the case. On the other hand, SGLT2i might be more associated with MDD, but in this case, the GLP-1RA group has a higher rate. So maybe the causal effect is that GLP-1RA doesn't cause MDD, but SGLT2i does, but since the question is about whether GLP-1RA causes it, it's ""no"".

Alternatively, perhaps there's no causal relationship because both drugs are not known to directly cause MDD. MDD is a mental health condition, and these medications are for diabetes, so they might not have a direct impact on mental health. However, in the examples, the answer was ""yes"" when the treatment group had a higher rate, assuming the treatment influences that outcome. But here, the treatment group (GLP-1RA) has a higher rate, so if we assume that treatment could influence it, it's ""yes"". But I'm not sure if GLP-1RA actually does influence MDD.

Wait, I think SGLT2i might be linked to MDD. I remember reading that SGLT2 inhibitors have been associated with an increased risk of depression, possibly due to mechanisms like increased glucagon production or other effects on the brain. GLP-1RA, on the other hand, doesn't have the same association. So in this case, the control group (SGLT2i) actually has a higher rate of MDD (21.44%) compared to GLP-1RA (27.35%), which is lower. Wait, no, 27.35% is higher than 21.44%. So the treatment group (GLP-1RA) has a higher rate, but if SGLT2i is known to cause MDD, then the control group should have a higher rate. But here, the treatment group has a higher rate, which contradicts that. So perhaps in this case, the higher rate in the treatment group suggests that GLP-1RA is causing MDD, but I don't think that's the case because GLP-1RA isn't known for causing MDD. So maybe the correct answer is ""no"", because even though the treatment group has a higher rate, it's not causally related because the treatment doesn't cause MDD. Alternatively, maybe the higher rate is a coincidence or due to other factors, so it's not causal.

Wait, the instruction says that both treatments are expected to behave similarly, either both yes or both no. So if GLP-1RA has a higher rate, and SGLT2i has a lower rate, and if GLP-1RA doesn't cause MDD, then the answer would be ""no"" because there's no causal effect. But if GLP-1RA does cause MDD, then ""yes"". But I think GLP-1RA doesn't cause MDD, so the answer is ""no"".
</think>

no",no
Batch2,v4,medical_questions_v4.txt,1,"Question 1
[Background]
We compare two treatments for type 2 diabetes:
- Treatment: GLP-1 Receptor Agonists (GLP-1RA)
- Control: Sodium-Glucose Cotransporter-2 Inhibitors (SGLT2i)
[Task Description]
You’ll receive an outcome and the percentage of affected patients in each group.
Decide whether these treatments have a causal effect on that outcome.
You will receive a query describing an outcome and the proportion of patients in each group who experienced it:
- One percentage for patients using GLP-1RA (treatment group).
- One percentage for patients using SGLT2i (control group).
Your task is to determine whether the treatments (GLP-1RA and SGLT2i) have a causal effect on that outcome.
[Cohort Description]
Adults with type 2 diabetes who began either GLP-1RA or SGLT2i.
All had a prior diabetes diagnosis.
GLP-1RA users: mean age 58.0, BMI 37.4.
SGLT2i users: mean age 64.6, BMI 32.8.
Charlson Comorbidity Index ≥ 3 in 65.2% (GLP-1RA) and 68.5% (SGLT2i).
[Instruction]
- Judge whether the treatments causally influence the outcome.
- Both treatments are expected to behave similarly (either both yes or both no).
- “Yes” = Positive Outcome (OOI); “No” = Negative Control Outcome (NCO).
- Reply with only “yes” or “no.”
[Few-shot Examples]
- Treatment group using GLP-1RA (treatment) had 0.06% Foreign body in orifice, compared with 0.09% for control group using SGLT2i. Does treatment have causal effect to the Foreign body in orifice (is it a Positive Outcome)? - no
- Treatment group using GLP-1RA (treatment) had 0.01% Toxic effect of lead compound, compared with 0.04% for control group using SGLT2i. Does treatment have causal effect to the Toxic effect of lead compound (is it a Positive Outcome)? - no
- Treatment group using GLP-1RA (treatment) had 1.29% Epidermoid cyst, compared with 0.58% for control group using SGLT2i. Does treatment have causal effect to the Epidermoid cyst (is it a Positive Outcome)? - no
- Treatment group using GLP-1RA (treatment) had 78.37% Hypertension, compared with 84.71% for control group using SGLT2i. Does treatment have causal effect to the Hypertension (is it a Positive Outcome)? - yes
- Treatment group using GLP-1RA (treatment) had 78.09% Hyperlipidemia, compared with 84.45% for control group using SGLT2i. Does treatment have causal effect to the Hyperlipidemia (is it a Positive Outcome)? - yes
- Treatment group using GLP-1RA (treatment) had 64.14% Obesity, compared with 44.50% for control group using SGLT2i. Does treatment have causal effect to the Obesity (is it a Positive Outcome)? - yes
[Your Task]
[Question]
Treatment group using GLP-1RA (treatment) had 27.35% Major depressive disorder, compared with 21.44% for control group using SGLT2i. Does treatment have causal effect to the Major depressive disorder (is it a Positive Outcome)?
Answer: [Your answer, ""yes"" or ""no""]",8,"Okay, so I need to figure out whether GLP-1RA treatments have a causal effect on Major depressive disorder (MDD) based on the given data. The treatment group using GLP-1RA had a 27.35% incidence of MDD, while the control group using SGLT2i had 21.44%. 

First, I should understand what GLP-1RA and SGLT2i are. GLP-1 Receptor Agonists are medications that help with weight loss and are often used in the treatment of type 2 diabetes. They work by increasing the release of insulin and reducing appetite. SGLT2 inhibitors, on the other hand, are also diabetes medications that help the kidneys remove glucose through urine, thus lowering blood sugar levels. They are known to have effects beyond just glucose control, such as reducing the risk of cardiovascular events and possibly affecting other metabolic factors.

Now, looking at the percentages of MDD in each group: 27.35% in GLP-1RA vs. 21.44% in SGLT2i. At first glance, the GLP-1RA group has a higher percentage, suggesting that maybe using GLP-1RA increases the risk of MDD. But wait, the question is whether this is a causal effect.

I need to consider whether there's a known association between GLP-1RA use and MDD. From what I know, GLP-1RAs are more about managing weight and blood sugar. They might affect mood indirectly, perhaps through changes in weight or other metabolic factors, but I don't recall any direct link to MDD. On the other hand, SGLT2i have been associated with a lower risk of depression in some studies, possibly due to their effects on the kidneys and the gut microbiome, which can influence mental health.

So, if GLP-1RA is associated with a higher incidence of MDD, does that mean it's causal? Or could it be that there's another confounding factor at play? For example, perhaps the patients in the GLP-1RA group have more comorbidities that increase their risk of MDD. The Charlson Comorbidity Index is mentioned as being ≥3 for both groups, but the exact distribution isn't provided. However, since both groups have similar levels of comorbidities, it might not explain the difference in MDD rates.

Another angle is to consider whether the higher MDD rate in GLP-1RA is due to the treatment itself or other factors. Maybe patients on GLP-1RA experience more side effects that contribute to depression, or perhaps the medications affect brain function in a way that increases MDD risk. Conversely, SGLT2i might have mechanisms that protect against MDD, which is why their rate is lower.

Looking at the examples provided, in the case of Hypertension, Hyperlipidemia, and Obesity, the treatment group had higher percentages, and the answer was ""yes"" for all, indicating that the treatment had a causal effect on these outcomes. So, following that pattern, if the treatment group has a higher rate, it's considered a positive outcome, implying a causal effect.

However, I should question whether all outcomes are equally influenced by the treatments. MDD is a mental health condition, while the other examples are metabolic or cardiovascular. It's possible that MDD is influenced more by other factors, like lifestyle changes or comorbidities, rather than the medication itself.

Wait, but in the examples, even for Epidermoid cyst and Foreign body in orifice, which are unrelated, the answer was ""no,"" meaning no causal effect. So, the task is to determine if the treatment specifically causes the outcome. If the outcome is not directly related to the mechanism of the treatment, or if there's no established causal link, the answer is ""no.""

In this case, MDD is a mental health condition. While GLP-1RA might affect weight and metabolism, which can have indirect effects on mental health, there's no direct causal link established in the medical literature as far as I know. On the other hand, SGLT2i might have some protective effects against depression, which would explain the lower rate in their group.

So, considering all this, it's possible that the higher MDD rate in GLP-1RA is not causally related to the treatment but rather due to other factors. Therefore, the answer would be ""no,"" meaning GLP-1RA does not causally influence MDD in this context.
</think>

no",no
Batch2,v4,medical_questions_v4.txt,1,"Question 1
[Background]
We compare two treatments for type 2 diabetes:
- Treatment: GLP-1 Receptor Agonists (GLP-1RA)
- Control: Sodium-Glucose Cotransporter-2 Inhibitors (SGLT2i)
[Task Description]
You’ll receive an outcome and the percentage of affected patients in each group.
Decide whether these treatments have a causal effect on that outcome.
You will receive a query describing an outcome and the proportion of patients in each group who experienced it:
- One percentage for patients using GLP-1RA (treatment group).
- One percentage for patients using SGLT2i (control group).
Your task is to determine whether the treatments (GLP-1RA and SGLT2i) have a causal effect on that outcome.
[Cohort Description]
Adults with type 2 diabetes who began either GLP-1RA or SGLT2i.
All had a prior diabetes diagnosis.
GLP-1RA users: mean age 58.0, BMI 37.4.
SGLT2i users: mean age 64.6, BMI 32.8.
Charlson Comorbidity Index ≥ 3 in 65.2% (GLP-1RA) and 68.5% (SGLT2i).
[Instruction]
- Judge whether the treatments causally influence the outcome.
- Both treatments are expected to behave similarly (either both yes or both no).
- “Yes” = Positive Outcome (OOI); “No” = Negative Control Outcome (NCO).
- Reply with only “yes” or “no.”
[Few-shot Examples]
- Treatment group using GLP-1RA (treatment) had 0.06% Foreign body in orifice, compared with 0.09% for control group using SGLT2i. Does treatment have causal effect to the Foreign body in orifice (is it a Positive Outcome)? - no
- Treatment group using GLP-1RA (treatment) had 0.01% Toxic effect of lead compound, compared with 0.04% for control group using SGLT2i. Does treatment have causal effect to the Toxic effect of lead compound (is it a Positive Outcome)? - no
- Treatment group using GLP-1RA (treatment) had 1.29% Epidermoid cyst, compared with 0.58% for control group using SGLT2i. Does treatment have causal effect to the Epidermoid cyst (is it a Positive Outcome)? - no
- Treatment group using GLP-1RA (treatment) had 78.37% Hypertension, compared with 84.71% for control group using SGLT2i. Does treatment have causal effect to the Hypertension (is it a Positive Outcome)? - yes
- Treatment group using GLP-1RA (treatment) had 78.09% Hyperlipidemia, compared with 84.45% for control group using SGLT2i. Does treatment have causal effect to the Hyperlipidemia (is it a Positive Outcome)? - yes
- Treatment group using GLP-1RA (treatment) had 64.14% Obesity, compared with 44.50% for control group using SGLT2i. Does treatment have causal effect to the Obesity (is it a Positive Outcome)? - yes
[Your Task]
[Question]
Treatment group using GLP-1RA (treatment) had 27.35% Major depressive disorder, compared with 21.44% for control group using SGLT2i. Does treatment have causal effect to the Major depressive disorder (is it a Positive Outcome)?
Answer: [Your answer, ""yes"" or ""no""]",9,"Okay, so I'm trying to figure out whether GLP-1 Receptor Agonists (GLP-1RA) have a causal effect on Major depressive disorder (MDD) compared to Sodium-Glucose Cotransporter-2 Inhibitors (SGLT2i) in patients with type 2 diabetes. I've been given some background information about the two treatments and their user demographics, and the specific percentages of patients experiencing MDD in each group.

First, I need to understand what the data shows. The treatment group using GLP-1RA had 27.35% of patients diagnosed with MDD, while the control group using SGLT2i had 21.44%. So, MDD is more prevalent in the GLP-1RA group.

Now, the task is to determine if this difference is causally related to the treatment. The instructions mention that both treatments should behave similarly—either both have a causal effect or neither does. So, if GLP-1RA increases MDD, I should check if SGLT2i would do the same, but since the percentages are lower in SGLT2i, maybe the opposite is happening.

Looking at the few-shot examples provided, it seems that when the treatment group has a higher rate of an outcome, it's considered a Positive Outcome (OOI) if the treatment is causal. Conversely, if the control group has a higher rate, it's a Negative Control Outcome (NCO). So, in the given examples, when the treatment group's percentage is higher, it's often a yes, implying causation. When the control group's is higher, it's a no, meaning the treatment doesn't cause it.

In the current question, GLP-1RA group has a higher percentage (27.35%) than SGLT2i (21.44%). According to the examples, when the treatment group has a higher rate, it's considered a positive outcome, implying the treatment causes it. So, does GLP-1RA cause MDD? Or is there another factor at play?

I should consider the comorbidities. The Charlson Comorbidity Index is higher in SGLT2i users (68.5% vs. 65.2% in GLP-1RA). A higher index indicates more comorbid conditions, which could influence MDD rates. But both groups have similar comorbidity levels, so that might not explain the difference.

Looking at the other characteristics: age is higher in SGLT2i users (64.6 vs. 58.0). MDD is more common in older adults, so the SGLT2i group's higher age might contribute to the lower MDD rate. Wait, no, because the GLP-1RA group is younger, and they have a higher MDD rate. That doesn't align with the age-MDD relationship. Maybe that's a confounder.

BMI is also higher in GLP-1RA users (37.4 vs. 32.8). Obese individuals are more likely to have MDD, so that could contribute to the higher rate in GLP-1RA. But then, why wouldn't SGLT2i, with a lower BMI, have higher MDD rates? It's conflicting.

The examples given include outcomes like hypertension, hyperlipidemia, and obesity, which are all common comorbidities in diabetes. In those cases, when the treatment group had higher rates, it was considered a positive outcome, implying the treatment caused it. But MDD is a mental health condition, not a typical diabetes comorbidity.

I need to think about whether GLP-1RA medications are known to cause or influence MDD. GLP-1RA drugs are often associated with weight loss, which can improve glycemic control. They might also affect incretin hormones, which could have effects beyond glucose control. However, I'm not sure if they directly cause MDD. Conversely, SGLT2i are sometimes linked to heart-related benefits but don't directly link to MDD either.

Another angle is to consider that both treatments are used for type 2 diabetes, and MDD could be a side effect of either. If GLP-1RA is causing more MDD, then the higher percentage would imply causation. But if the higher percentage is coincidental, maybe due to other factors like age or comorbidities, then it might not be causal.

Given the data provided, the GLP-1RA group has a higher incidence of MDD, but I don't have information on whether MDD is a known side effect of these medications. Without such evidence, it's hard to conclude causation. However, following the examples, the pattern suggests that when the treatment group has a higher rate, it's considered a positive outcome, implying causation.

So, based on the given data and the pattern from examples, I think the answer would be ""yes,"" meaning GLP-1RA has a causal effect on MDD in this context.
</think>

yes",yes
Batch2,v4,medical_questions_v4.txt,1,"Question 1
[Background]
We compare two treatments for type 2 diabetes:
- Treatment: GLP-1 Receptor Agonists (GLP-1RA)
- Control: Sodium-Glucose Cotransporter-2 Inhibitors (SGLT2i)
[Task Description]
You’ll receive an outcome and the percentage of affected patients in each group.
Decide whether these treatments have a causal effect on that outcome.
You will receive a query describing an outcome and the proportion of patients in each group who experienced it:
- One percentage for patients using GLP-1RA (treatment group).
- One percentage for patients using SGLT2i (control group).
Your task is to determine whether the treatments (GLP-1RA and SGLT2i) have a causal effect on that outcome.
[Cohort Description]
Adults with type 2 diabetes who began either GLP-1RA or SGLT2i.
All had a prior diabetes diagnosis.
GLP-1RA users: mean age 58.0, BMI 37.4.
SGLT2i users: mean age 64.6, BMI 32.8.
Charlson Comorbidity Index ≥ 3 in 65.2% (GLP-1RA) and 68.5% (SGLT2i).
[Instruction]
- Judge whether the treatments causally influence the outcome.
- Both treatments are expected to behave similarly (either both yes or both no).
- “Yes” = Positive Outcome (OOI); “No” = Negative Control Outcome (NCO).
- Reply with only “yes” or “no.”
[Few-shot Examples]
- Treatment group using GLP-1RA (treatment) had 0.06% Foreign body in orifice, compared with 0.09% for control group using SGLT2i. Does treatment have causal effect to the Foreign body in orifice (is it a Positive Outcome)? - no
- Treatment group using GLP-1RA (treatment) had 0.01% Toxic effect of lead compound, compared with 0.04% for control group using SGLT2i. Does treatment have causal effect to the Toxic effect of lead compound (is it a Positive Outcome)? - no
- Treatment group using GLP-1RA (treatment) had 1.29% Epidermoid cyst, compared with 0.58% for control group using SGLT2i. Does treatment have causal effect to the Epidermoid cyst (is it a Positive Outcome)? - no
- Treatment group using GLP-1RA (treatment) had 78.37% Hypertension, compared with 84.71% for control group using SGLT2i. Does treatment have causal effect to the Hypertension (is it a Positive Outcome)? - yes
- Treatment group using GLP-1RA (treatment) had 78.09% Hyperlipidemia, compared with 84.45% for control group using SGLT2i. Does treatment have causal effect to the Hyperlipidemia (is it a Positive Outcome)? - yes
- Treatment group using GLP-1RA (treatment) had 64.14% Obesity, compared with 44.50% for control group using SGLT2i. Does treatment have causal effect to the Obesity (is it a Positive Outcome)? - yes
[Your Task]
[Question]
Treatment group using GLP-1RA (treatment) had 27.35% Major depressive disorder, compared with 21.44% for control group using SGLT2i. Does treatment have causal effect to the Major depressive disorder (is it a Positive Outcome)?
Answer: [Your answer, ""yes"" or ""no""]",10,"Okay, so I'm trying to figure out whether GLP-1 Receptor Agonists (GLP-1RA) have a causal effect on Major depressive disorder (MDD) compared to Sodium-Glucose Cotransporter-2 Inhibitors (SGLT2i) in type 2 diabetes patients. 

First, I need to understand the data given. The treatment group using GLP-1RA had 27.35% of patients experiencing MDD, while the control group using SGLT2i had 21.44%. So, more patients in the GLP-1RA group had MDD compared to the SGLT2i group.

But wait, the question is about causality. Just because one group has a higher percentage doesn't automatically mean the treatment caused it. It could be that there's another factor at play. The groups might have different characteristics beyond just the treatment. Let me check the cohort description provided.

GLP-1RA users have a mean age of 58.0 and a BMI of 37.4, while SGLT2i users are older (64.6) and have a lower BMI (32.8). Also, the Charlson Comorbidity Index, which measures the risk of complications, is higher in both groups but slightly more so in the SGLT2i group (68.5% vs. 65.2%).

MDD is a mental health condition, and diabetes itself can be associated with depression. I wonder if the higher BMI in the GLP-1RA group could contribute to mental health issues. Lower BMI might be linked to better mental health, or perhaps higher BMI is associated with other factors that influence MDD. Also, age plays a role; older patients might be more prone to depression, but the GLP-1RA group is younger on average.

Another factor is the comorbidity index. Both groups have a high Charlson score, which suggests more health issues. This could mean more patients in both groups have other conditions that might also contribute to MDD, like cardiovascular issues or other chronic illnesses.

Looking at the examples provided, the task seems to be about determining whether the treatment directly causes the outcome. In some cases, like with foreign bodies or toxic effects, it's clear that the treatment doesn't cause those issues, so the answer is no. But for outcomes like hypertension, hyperlipidemia, and obesity, the treatment does have a causal effect because those are known side effects or expected outcomes of the medications.

MDD is a mental health condition, and I'm not sure if it's a known side effect of GLP-1RA or SGLT2i. I know that GLP-1RA can sometimes cause anxiety or mood changes, but I'm not certain about MDD specifically. Maybe it's more about the overall health of the patients rather than the treatment itself.

Considering the differences in age and BMI between the groups, it's possible that the higher incidence of MDD in the GLP-1RA group is because of the younger age or lower BMI. Alternatively, it could be that SGLT2i is associated with better mental health, but that doesn't necessarily mean GLP-1RA causes MDD.

I also need to consider that the study might be observing a confounding factor. For example, if MDD is more prevalent in younger, higher BMI patients, then GLP-1RA's group might naturally have more cases of MDD because of these characteristics, not because of the treatment.

In the examples given, when the treatment group had a higher percentage of an outcome, it was considered a positive outcome if it was an expected effect. For MDD, since it's a mental health issue and not a typical side effect, it's more likely that the higher percentage is due to other factors rather than the treatment.

So, putting it all together, the higher percentage in the GLP-1RA group doesn't necessarily mean the treatment causes MDD. It's more likely a result of other differences between the groups, such as age and BMI. Therefore, the causal effect is probably not due to the treatment itself.
</think>

no",no
Batch2,v4,medical_questions_v4.txt,2,"Question 2
[Background]
We compare two treatments for type 2 diabetes:
- Treatment: GLP-1 Receptor Agonists (GLP-1RA)
- Control: Sodium-Glucose Cotransporter-2 Inhibitors (SGLT2i)
[Task Description]
You’ll receive an outcome and the percentage of affected patients in each group.
Decide whether these treatments have a causal effect on that outcome.
You will receive a query describing an outcome and the proportion of patients in each group who experienced it:
- One percentage for patients using GLP-1RA (treatment group).
- One percentage for patients using SGLT2i (control group).
Your task is to determine whether the treatments (GLP-1RA and SGLT2i) have a causal effect on that outcome.
[Cohort Description]
Adults with type 2 diabetes who began either GLP-1RA or SGLT2i.
All had a prior diabetes diagnosis.
GLP-1RA users: mean age 58.0, BMI 37.4.
SGLT2i users: mean age 64.6, BMI 32.8.
Charlson Comorbidity Index ≥ 3 in 65.2% (GLP-1RA) and 68.5% (SGLT2i).
[Instruction]
- Judge whether the treatments causally influence the outcome.
- Both treatments are expected to behave similarly (either both yes or both no).
- “Yes” = Positive Outcome (OOI); “No” = Negative Control Outcome (NCO).
- Reply with only “yes” or “no.”
[Few-shot examples]
- Treatment group using GLP-1RA (treatment) had 0.06% Foreign body in orifice, compared with 0.09% for control group using SGLT2i. Does treatment have causal effect to the Foreign body in orifice (is it a Positive Outcome)? - no
- Treatment group using GLP-1RA (treatment) had 0.01% Toxic effect of lead compound, compared with 0.04% for control group using SGLT2i. Does treatment have causal effect to the Toxic effect of lead compound (is it a Positive Outcome)? - no
- Treatment group using GLP-1RA (treatment) had 1.29% Epidermoid cyst, compared with 0.58% for control group using SGLT2i. Does treatment have causal effect to the Epidermoid cyst (is it a Positive Outcome)? - no
- Treatment group using GLP-1RA (treatment) had 78.37% Hypertension, compared with 84.71% for control group using SGLT2i. Does treatment have causal effect to the Hypertension (is it a Positive Outcome)? - yes
- Treatment group using GLP-1RA (treatment) had 78.09% Hyperlipidemia, compared with 84.45% for control group using SGLT2i. Does treatment have causal effect to the Hyperlipidemia (is it a Positive Outcome)? - yes
- Treatment group using GLP-1RA (treatment) had 64.14% Obesity, compared with 44.50% for control group using SGLT2i. Does treatment have causal effect to the Obesity (is it a Positive Outcome)? - yes
[Your Task]
[Question]
Treatment group using GLP-1RA (treatment) had 0.00% Bizarre personal appearance, compared with 0.00% for control group using SGLT2i. Does treatment have causal effect to the Bizarre personal appearance (is it a Positive Outcome)?
Answer: [Your answer, ""yes"" or ""no""]",1,"Okay, so I need to figure out whether GLP-1RA treatments have a causal effect on the outcome of ""Bizarre personal appearance."" The data provided is that both treatment groups (GLP-1RA and SGLT2i) had 0.00% of patients experiencing this outcome. 

First, I should understand what ""Bizarre personal appearance"" means. It likely refers to some kind of physical characteristic that is unusual or striking. Now, GLP-1RA is a class of medications used to treat type 2 diabetes. They work by stimulating the GLP-1 receptors, which help with glucose control and can also lead to weight loss. SGLT2i inhibitors are another class used for diabetes management, often associated with reducing the risk of cardiovascular events and also aiding in weight loss.

Looking at the examples provided, there's a pattern where if the treatment group has a lower percentage of an outcome compared to the control, it's considered a positive outcome. For instance, in the case of obesity, the treatment group had a higher percentage (64.14%) compared to the control (44.50%), so it was considered a positive outcome. Conversely, when the treatment group had lower percentages, like in the foreign body example, it was negative.

In this case, both groups have exactly the same percentage for ""Bizarre personal appearance."" Since the outcome is zero in both groups, there's no difference between them. The instructions mention that both treatments should behave similarly, either both yes or both no. If the outcome is zero in both, it's unlikely that the treatment caused it because there's no difference to attribute to the treatment.

Also, considering that both treatments are used for diabetes management and don't typically have side effects related to physical appearance, a bizarre personal appearance isn't a known adverse effect of either GLP-1RA or SGLT2i. Therefore, it's improbable that either treatment would cause this outcome.

So, putting it all together, since both groups have the same rate and the treatments don't have a known link to this outcome, there's no causal effect here. Therefore, the answer should be ""no.""
</think>

no",no
Batch2,v4,medical_questions_v4.txt,2,"Question 2
[Background]
We compare two treatments for type 2 diabetes:
- Treatment: GLP-1 Receptor Agonists (GLP-1RA)
- Control: Sodium-Glucose Cotransporter-2 Inhibitors (SGLT2i)
[Task Description]
You’ll receive an outcome and the percentage of affected patients in each group.
Decide whether these treatments have a causal effect on that outcome.
You will receive a query describing an outcome and the proportion of patients in each group who experienced it:
- One percentage for patients using GLP-1RA (treatment group).
- One percentage for patients using SGLT2i (control group).
Your task is to determine whether the treatments (GLP-1RA and SGLT2i) have a causal effect on that outcome.
[Cohort Description]
Adults with type 2 diabetes who began either GLP-1RA or SGLT2i.
All had a prior diabetes diagnosis.
GLP-1RA users: mean age 58.0, BMI 37.4.
SGLT2i users: mean age 64.6, BMI 32.8.
Charlson Comorbidity Index ≥ 3 in 65.2% (GLP-1RA) and 68.5% (SGLT2i).
[Instruction]
- Judge whether the treatments causally influence the outcome.
- Both treatments are expected to behave similarly (either both yes or both no).
- “Yes” = Positive Outcome (OOI); “No” = Negative Control Outcome (NCO).
- Reply with only “yes” or “no.”
[Few-shot examples]
- Treatment group using GLP-1RA (treatment) had 0.06% Foreign body in orifice, compared with 0.09% for control group using SGLT2i. Does treatment have causal effect to the Foreign body in orifice (is it a Positive Outcome)? - no
- Treatment group using GLP-1RA (treatment) had 0.01% Toxic effect of lead compound, compared with 0.04% for control group using SGLT2i. Does treatment have causal effect to the Toxic effect of lead compound (is it a Positive Outcome)? - no
- Treatment group using GLP-1RA (treatment) had 1.29% Epidermoid cyst, compared with 0.58% for control group using SGLT2i. Does treatment have causal effect to the Epidermoid cyst (is it a Positive Outcome)? - no
- Treatment group using GLP-1RA (treatment) had 78.37% Hypertension, compared with 84.71% for control group using SGLT2i. Does treatment have causal effect to the Hypertension (is it a Positive Outcome)? - yes
- Treatment group using GLP-1RA (treatment) had 78.09% Hyperlipidemia, compared with 84.45% for control group using SGLT2i. Does treatment have causal effect to the Hyperlipidemia (is it a Positive Outcome)? - yes
- Treatment group using GLP-1RA (treatment) had 64.14% Obesity, compared with 44.50% for control group using SGLT2i. Does treatment have causal effect to the Obesity (is it a Positive Outcome)? - yes
[Your Task]
[Question]
Treatment group using GLP-1RA (treatment) had 0.00% Bizarre personal appearance, compared with 0.00% for control group using SGLT2i. Does treatment have causal effect to the Bizarre personal appearance (is it a Positive Outcome)?
Answer: [Your answer, ""yes"" or ""no""]",2,"Okay, so I'm trying to figure out whether GLP-1 Receptor Agonists (GLP-1RA) have a causal effect on the outcome of ""Bizarre personal appearance"" compared to Sodium-Glucose Cotransporter-2 Inhibitors (SGLT2i). The data provided shows that both treatment groups had 0.00% of patients experiencing this outcome. 

First, I need to understand what ""bizarre personal appearance"" means in this context. It seems like a medical condition or a side effect that might be related to the treatments. However, both GLP-1RA and SGLT2i are medications used for type 2 diabetes, and I'm not immediately aware of either being linked to causing a bizarre appearance. 

Looking at the examples provided, the user gave several cases where the treatment group had a certain percentage of patients experiencing an outcome, and it was determined whether there was a causal effect. In those examples, the reasoning often hinged on whether the treatment's mechanism of action would plausibly cause the outcome. For instance, if the treatment affects blood pressure or weight, it might influence related conditions like hypertension or obesity. 

In this case, both GLP-1RA and SGLT2i are used for diabetes, but they work differently. GLP-1RA mimics the incretin hormones, which help in glucose regulation and can also affect appetite, leading to weight loss. SGLT2i inhibits the kidneys' ability to reabsorb glucose, which also helps lower blood sugar but might have other effects like reducing the risk of heart disease or affecting urination. 

Now, considering the outcome ""bizarre personal appearance,"" I'm trying to think if either of these medications is known to cause such a condition. From what I know, GLP-1RA can sometimes cause side effects like nausea, diarrhea, and in rare cases, pancreatitis. SGLT2i might cause urinary tract infections or increased urination, but again, nothing related to a bizarre appearance. 

Since both groups had the same percentage (0%) of patients reporting this outcome, it's possible that this is a very rare or non-existent occurrence in both treatment groups. If it's a side effect, it's likely that it's not caused by either treatment, as neither is known to produce such a condition. Therefore, the fact that both groups have the same rate suggests that neither treatment is causally related to this outcome. 

Additionally, the instruction mentions that both treatments should be expected to behave similarly in terms of causal effects—either both have an effect or neither does. In this case, since the outcome is the same for both, it's more likely that neither treatment is causing it. 

So, putting it all together, I don't see a causal link between GLP-1RA or SGLT2i and ""bizarre personal appearance."" Therefore, the answer should be ""no.""
</think>

no",no
Batch2,v4,medical_questions_v4.txt,2,"Question 2
[Background]
We compare two treatments for type 2 diabetes:
- Treatment: GLP-1 Receptor Agonists (GLP-1RA)
- Control: Sodium-Glucose Cotransporter-2 Inhibitors (SGLT2i)
[Task Description]
You’ll receive an outcome and the percentage of affected patients in each group.
Decide whether these treatments have a causal effect on that outcome.
You will receive a query describing an outcome and the proportion of patients in each group who experienced it:
- One percentage for patients using GLP-1RA (treatment group).
- One percentage for patients using SGLT2i (control group).
Your task is to determine whether the treatments (GLP-1RA and SGLT2i) have a causal effect on that outcome.
[Cohort Description]
Adults with type 2 diabetes who began either GLP-1RA or SGLT2i.
All had a prior diabetes diagnosis.
GLP-1RA users: mean age 58.0, BMI 37.4.
SGLT2i users: mean age 64.6, BMI 32.8.
Charlson Comorbidity Index ≥ 3 in 65.2% (GLP-1RA) and 68.5% (SGLT2i).
[Instruction]
- Judge whether the treatments causally influence the outcome.
- Both treatments are expected to behave similarly (either both yes or both no).
- “Yes” = Positive Outcome (OOI); “No” = Negative Control Outcome (NCO).
- Reply with only “yes” or “no.”
[Few-shot examples]
- Treatment group using GLP-1RA (treatment) had 0.06% Foreign body in orifice, compared with 0.09% for control group using SGLT2i. Does treatment have causal effect to the Foreign body in orifice (is it a Positive Outcome)? - no
- Treatment group using GLP-1RA (treatment) had 0.01% Toxic effect of lead compound, compared with 0.04% for control group using SGLT2i. Does treatment have causal effect to the Toxic effect of lead compound (is it a Positive Outcome)? - no
- Treatment group using GLP-1RA (treatment) had 1.29% Epidermoid cyst, compared with 0.58% for control group using SGLT2i. Does treatment have causal effect to the Epidermoid cyst (is it a Positive Outcome)? - no
- Treatment group using GLP-1RA (treatment) had 78.37% Hypertension, compared with 84.71% for control group using SGLT2i. Does treatment have causal effect to the Hypertension (is it a Positive Outcome)? - yes
- Treatment group using GLP-1RA (treatment) had 78.09% Hyperlipidemia, compared with 84.45% for control group using SGLT2i. Does treatment have causal effect to the Hyperlipidemia (is it a Positive Outcome)? - yes
- Treatment group using GLP-1RA (treatment) had 64.14% Obesity, compared with 44.50% for control group using SGLT2i. Does treatment have causal effect to the Obesity (is it a Positive Outcome)? - yes
[Your Task]
[Question]
Treatment group using GLP-1RA (treatment) had 0.00% Bizarre personal appearance, compared with 0.00% for control group using SGLT2i. Does treatment have causal effect to the Bizarre personal appearance (is it a Positive Outcome)?
Answer: [Your answer, ""yes"" or ""no""]",3,"Okay, so I'm trying to figure out whether GLP-1RA treatments have a causal effect on the outcome of ""Bizarre personal appearance."" The data given is that both treatment groups (GLP-1RA and SGLT2i) had 0% of patients experiencing this outcome. 

First, I need to understand what ""Bizarre personal appearance"" means in this context. It could refer to something like unusual physical features, maybe related to weight changes or other metabolic effects of diabetes treatments. GLP-1RA medications are known to promote weight loss because they help with weight management by increasing feelings of fullness and reducing appetite. On the other hand, SGLT2i medications are also known to help with weight loss but perhaps through different mechanisms.

Since both treatments are expected to behave similarly, as per the instructions, they both should either have a causal effect or not. The task is to determine if the treatment (GLP-1RA) causes this specific outcome.

Now, looking at the percentages: both groups have 0% for ""Bizarre personal appearance."" So, there's no difference in the occurrence of this outcome between the two treatments. If both groups have the same rate, it's hard to establish causation because there's no variation to analyze. 

In the examples provided, when the percentages were the same or similar, the answer was often ""no,"" unless the outcome was something that both treatments were known to affect. For instance, in the case of Hypertension, both had higher percentages, and it was considered a positive outcome because the treatments might influence blood pressure.

But in this case, since both groups have 0%, there's no evidence that either treatment is causing it. It could be that this outcome is rare in this population, or it's not influenced by these treatments at all. Without a difference in occurrence, we can't conclude that GLP-1RA is causing it. Therefore, the answer should be ""no.""
</think>

no",no
Batch2,v4,medical_questions_v4.txt,2,"Question 2
[Background]
We compare two treatments for type 2 diabetes:
- Treatment: GLP-1 Receptor Agonists (GLP-1RA)
- Control: Sodium-Glucose Cotransporter-2 Inhibitors (SGLT2i)
[Task Description]
You’ll receive an outcome and the percentage of affected patients in each group.
Decide whether these treatments have a causal effect on that outcome.
You will receive a query describing an outcome and the proportion of patients in each group who experienced it:
- One percentage for patients using GLP-1RA (treatment group).
- One percentage for patients using SGLT2i (control group).
Your task is to determine whether the treatments (GLP-1RA and SGLT2i) have a causal effect on that outcome.
[Cohort Description]
Adults with type 2 diabetes who began either GLP-1RA or SGLT2i.
All had a prior diabetes diagnosis.
GLP-1RA users: mean age 58.0, BMI 37.4.
SGLT2i users: mean age 64.6, BMI 32.8.
Charlson Comorbidity Index ≥ 3 in 65.2% (GLP-1RA) and 68.5% (SGLT2i).
[Instruction]
- Judge whether the treatments causally influence the outcome.
- Both treatments are expected to behave similarly (either both yes or both no).
- “Yes” = Positive Outcome (OOI); “No” = Negative Control Outcome (NCO).
- Reply with only “yes” or “no.”
[Few-shot examples]
- Treatment group using GLP-1RA (treatment) had 0.06% Foreign body in orifice, compared with 0.09% for control group using SGLT2i. Does treatment have causal effect to the Foreign body in orifice (is it a Positive Outcome)? - no
- Treatment group using GLP-1RA (treatment) had 0.01% Toxic effect of lead compound, compared with 0.04% for control group using SGLT2i. Does treatment have causal effect to the Toxic effect of lead compound (is it a Positive Outcome)? - no
- Treatment group using GLP-1RA (treatment) had 1.29% Epidermoid cyst, compared with 0.58% for control group using SGLT2i. Does treatment have causal effect to the Epidermoid cyst (is it a Positive Outcome)? - no
- Treatment group using GLP-1RA (treatment) had 78.37% Hypertension, compared with 84.71% for control group using SGLT2i. Does treatment have causal effect to the Hypertension (is it a Positive Outcome)? - yes
- Treatment group using GLP-1RA (treatment) had 78.09% Hyperlipidemia, compared with 84.45% for control group using SGLT2i. Does treatment have causal effect to the Hyperlipidemia (is it a Positive Outcome)? - yes
- Treatment group using GLP-1RA (treatment) had 64.14% Obesity, compared with 44.50% for control group using SGLT2i. Does treatment have causal effect to the Obesity (is it a Positive Outcome)? - yes
[Your Task]
[Question]
Treatment group using GLP-1RA (treatment) had 0.00% Bizarre personal appearance, compared with 0.00% for control group using SGLT2i. Does treatment have causal effect to the Bizarre personal appearance (is it a Positive Outcome)?
Answer: [Your answer, ""yes"" or ""no""]",4,"Okay, so I need to figure out whether GLP-1RA or SGLT2i treatments have a causal effect on Bizarre personal appearance. Both treatments are being compared, and the outcome is 0% for both groups. 

First, I should understand what GLP-1RA and SGLT2i do. GLP-1 Receptor Agonists, like exenatide or liraglutide, are used to help control blood sugar in type 2 diabetes. They work by promoting insulin release and suppressing glucagon secretion. They can also have weight loss effects because they make people feel full, which reduces appetite.

SGLT2 inhibitors, like empagliflozin or dapagliflozin, work by inhibiting the kidneys' reabsorption of glucose, thus increasing urine glucose excretion and lowering blood sugar levels. They've also been shown to have benefits beyond glucose control, such as reducing the risk of cardiovascular events.

Now, the outcome here is Bizarre personal appearance, which is a pretty specific and unusual condition. It's something that's not typically associated with diabetes treatments. Both GLP-1RA and SGLT2i are medications that are generally well-tolerated, but they can have side effects. 

Looking at the examples provided, when the percentages are similar or when there's no difference, it's often considered a Negative Control Outcome (NCO). For instance, in the first example, both groups had 0.06% and 0.09% for foreign body in orifice, and the answer was ""no"". Similarly, when the percentages are low and similar, it's more likely that there's no causal effect.

In this case, both groups have 0% for Bizarre personal appearance. That means neither treatment is causing this outcome because both groups are at the same baseline. It's also unlikely that either treatment is directly causing this condition, as it's not a known side effect of either GLP-1RA or SGLT2i. These medications don't typically cause bizarre physical appearances; instead, they might cause more common side effects like nausea, diarrhea, or in the case of SGLT2i, increased urination.

Additionally, the instruction mentions that both treatments are expected to behave similarly in terms of causality—either both have a causal effect or neither does. Since there's no difference in the outcome between the two groups, it's more reasonable to conclude that neither treatment is causally related to Bizarre personal appearance.

Therefore, the answer should be ""no"" because there's no evidence of a causal effect in either group.
</think>

no",no
Batch2,v4,medical_questions_v4.txt,2,"Question 2
[Background]
We compare two treatments for type 2 diabetes:
- Treatment: GLP-1 Receptor Agonists (GLP-1RA)
- Control: Sodium-Glucose Cotransporter-2 Inhibitors (SGLT2i)
[Task Description]
You’ll receive an outcome and the percentage of affected patients in each group.
Decide whether these treatments have a causal effect on that outcome.
You will receive a query describing an outcome and the proportion of patients in each group who experienced it:
- One percentage for patients using GLP-1RA (treatment group).
- One percentage for patients using SGLT2i (control group).
Your task is to determine whether the treatments (GLP-1RA and SGLT2i) have a causal effect on that outcome.
[Cohort Description]
Adults with type 2 diabetes who began either GLP-1RA or SGLT2i.
All had a prior diabetes diagnosis.
GLP-1RA users: mean age 58.0, BMI 37.4.
SGLT2i users: mean age 64.6, BMI 32.8.
Charlson Comorbidity Index ≥ 3 in 65.2% (GLP-1RA) and 68.5% (SGLT2i).
[Instruction]
- Judge whether the treatments causally influence the outcome.
- Both treatments are expected to behave similarly (either both yes or both no).
- “Yes” = Positive Outcome (OOI); “No” = Negative Control Outcome (NCO).
- Reply with only “yes” or “no.”
[Few-shot examples]
- Treatment group using GLP-1RA (treatment) had 0.06% Foreign body in orifice, compared with 0.09% for control group using SGLT2i. Does treatment have causal effect to the Foreign body in orifice (is it a Positive Outcome)? - no
- Treatment group using GLP-1RA (treatment) had 0.01% Toxic effect of lead compound, compared with 0.04% for control group using SGLT2i. Does treatment have causal effect to the Toxic effect of lead compound (is it a Positive Outcome)? - no
- Treatment group using GLP-1RA (treatment) had 1.29% Epidermoid cyst, compared with 0.58% for control group using SGLT2i. Does treatment have causal effect to the Epidermoid cyst (is it a Positive Outcome)? - no
- Treatment group using GLP-1RA (treatment) had 78.37% Hypertension, compared with 84.71% for control group using SGLT2i. Does treatment have causal effect to the Hypertension (is it a Positive Outcome)? - yes
- Treatment group using GLP-1RA (treatment) had 78.09% Hyperlipidemia, compared with 84.45% for control group using SGLT2i. Does treatment have causal effect to the Hyperlipidemia (is it a Positive Outcome)? - yes
- Treatment group using GLP-1RA (treatment) had 64.14% Obesity, compared with 44.50% for control group using SGLT2i. Does treatment have causal effect to the Obesity (is it a Positive Outcome)? - yes
[Your Task]
[Question]
Treatment group using GLP-1RA (treatment) had 0.00% Bizarre personal appearance, compared with 0.00% for control group using SGLT2i. Does treatment have causal effect to the Bizarre personal appearance (is it a Positive Outcome)?
Answer: [Your answer, ""yes"" or ""no""]",5,"Okay, let's try to figure out whether GLP-1RA treatments have a causal effect on the outcome of ""Bizarre personal appearance."" So, the question gives me that both treatment groups (GLP-1RA and SGLT2i) had 0.00% of their patients experience this outcome. 

First, I need to understand what ""Bizarre personal appearance"" means in this context. It could refer to physical characteristics that are unusual or striking. But considering the context of type 2 diabetes and the medications involved, I'm thinking this might be a rare or unexpected side effect.

GLP-1 Receptor Agonists (GLP-1RA) are usually associated with common side effects like nausea, diarrhea, and sometimes weight loss because they help with weight management. On the other hand, SGLT2 inhibitors (SGLT2i) are known for preventing weight gain and can sometimes lead to weight loss as well, but they're also linked to other side effects like urinary tract infections and hypoglycemia when used with other diabetes medications.

Now, both treatments had 0% incidence of ""Bizarre personal appearance."" That's interesting because if either treatment actually caused this side effect, we might expect a higher incidence in one group compared to the other. Since both groups have the same percentage, it suggests that neither treatment is causing this specific outcome.

Looking at the examples provided, when the percentages are the same or the outcome is equally present in both groups, the answer is often ""no."" For instance, in the examples with hypertension and hyperlipidemia, the treatment group had a lower percentage, leading to ""yes,"" but when the percentages were similar, like in the case of foreign body or toxic effect, the answer was ""no.""

In this case, since both groups have 0%, there's no difference. So, it's unlikely that either treatment is causing the bizarre personal appearance. It could be that this is a very rare side effect or that neither treatment is associated with it. Therefore, there's no causal effect here.
</think>

no",no
Batch2,v4,medical_questions_v4.txt,2,"Question 2
[Background]
We compare two treatments for type 2 diabetes:
- Treatment: GLP-1 Receptor Agonists (GLP-1RA)
- Control: Sodium-Glucose Cotransporter-2 Inhibitors (SGLT2i)
[Task Description]
You’ll receive an outcome and the percentage of affected patients in each group.
Decide whether these treatments have a causal effect on that outcome.
You will receive a query describing an outcome and the proportion of patients in each group who experienced it:
- One percentage for patients using GLP-1RA (treatment group).
- One percentage for patients using SGLT2i (control group).
Your task is to determine whether the treatments (GLP-1RA and SGLT2i) have a causal effect on that outcome.
[Cohort Description]
Adults with type 2 diabetes who began either GLP-1RA or SGLT2i.
All had a prior diabetes diagnosis.
GLP-1RA users: mean age 58.0, BMI 37.4.
SGLT2i users: mean age 64.6, BMI 32.8.
Charlson Comorbidity Index ≥ 3 in 65.2% (GLP-1RA) and 68.5% (SGLT2i).
[Instruction]
- Judge whether the treatments causally influence the outcome.
- Both treatments are expected to behave similarly (either both yes or both no).
- “Yes” = Positive Outcome (OOI); “No” = Negative Control Outcome (NCO).
- Reply with only “yes” or “no.”
[Few-shot examples]
- Treatment group using GLP-1RA (treatment) had 0.06% Foreign body in orifice, compared with 0.09% for control group using SGLT2i. Does treatment have causal effect to the Foreign body in orifice (is it a Positive Outcome)? - no
- Treatment group using GLP-1RA (treatment) had 0.01% Toxic effect of lead compound, compared with 0.04% for control group using SGLT2i. Does treatment have causal effect to the Toxic effect of lead compound (is it a Positive Outcome)? - no
- Treatment group using GLP-1RA (treatment) had 1.29% Epidermoid cyst, compared with 0.58% for control group using SGLT2i. Does treatment have causal effect to the Epidermoid cyst (is it a Positive Outcome)? - no
- Treatment group using GLP-1RA (treatment) had 78.37% Hypertension, compared with 84.71% for control group using SGLT2i. Does treatment have causal effect to the Hypertension (is it a Positive Outcome)? - yes
- Treatment group using GLP-1RA (treatment) had 78.09% Hyperlipidemia, compared with 84.45% for control group using SGLT2i. Does treatment have causal effect to the Hyperlipidemia (is it a Positive Outcome)? - yes
- Treatment group using GLP-1RA (treatment) had 64.14% Obesity, compared with 44.50% for control group using SGLT2i. Does treatment have causal effect to the Obesity (is it a Positive Outcome)? - yes
[Your Task]
[Question]
Treatment group using GLP-1RA (treatment) had 0.00% Bizarre personal appearance, compared with 0.00% for control group using SGLT2i. Does treatment have causal effect to the Bizarre personal appearance (is it a Positive Outcome)?
Answer: [Your answer, ""yes"" or ""no""]",6,"Okay, so I have this question about whether GLP-1 Receptor Agonists (GLP-1RA) have a causal effect on Bizarre personal appearance compared to Sodium-Glucose Cotransporter-2 Inhibitors (SGLT2i) in type 2 diabetes patients. Let me try to break this down step by step.

First, I need to understand what the question is asking. It's giving me the percentage of patients in each group who experienced the outcome, which in this case is ""Bizarre personal appearance."" Both groups have 0.00% for this outcome. So, the treatment group (GLP-1RA) and the control group (SGLT2i) had the same rate of this condition.

Now, the task is to determine if the treatments have a causal effect on this outcome. The instructions mention that both treatments should behave similarly, meaning if one doesn't have a causal effect, the other likely doesn't either. The options are ""yes"" (indicating a positive outcome) or ""no"" (negative control outcome).

Looking at the examples provided, I see that when the treatment and control groups have similar percentages for an outcome, the answer is often ""no."" For instance, the first three examples where the percentages are 0.06% vs. 0.09%, 0.01% vs. 0.04%, and 1.29% vs. 0.58%, the answers are ""no."" The fourth example where the treatment group had 78.37% and the control 84.71%, the answer was ""yes,"" but that's because the treatment group had a lower percentage, suggesting a positive outcome. Similarly, for the fifth and sixth examples, when the treatment group had higher percentages, it was ""yes.""

In this case, both groups have exactly the same 0.00% for Bizarre personal appearance. Since there's no difference, it's unlikely that either treatment is causing this outcome. Both treatments don't seem to influence this particular condition, as both groups are equally unaffected.

Therefore, based on the pattern of examples and the reasoning, the answer should be ""no"" because there's no causal effect; both groups have the same rate.
</think>

no",no
Batch2,v4,medical_questions_v4.txt,2,"Question 2
[Background]
We compare two treatments for type 2 diabetes:
- Treatment: GLP-1 Receptor Agonists (GLP-1RA)
- Control: Sodium-Glucose Cotransporter-2 Inhibitors (SGLT2i)
[Task Description]
You’ll receive an outcome and the percentage of affected patients in each group.
Decide whether these treatments have a causal effect on that outcome.
You will receive a query describing an outcome and the proportion of patients in each group who experienced it:
- One percentage for patients using GLP-1RA (treatment group).
- One percentage for patients using SGLT2i (control group).
Your task is to determine whether the treatments (GLP-1RA and SGLT2i) have a causal effect on that outcome.
[Cohort Description]
Adults with type 2 diabetes who began either GLP-1RA or SGLT2i.
All had a prior diabetes diagnosis.
GLP-1RA users: mean age 58.0, BMI 37.4.
SGLT2i users: mean age 64.6, BMI 32.8.
Charlson Comorbidity Index ≥ 3 in 65.2% (GLP-1RA) and 68.5% (SGLT2i).
[Instruction]
- Judge whether the treatments causally influence the outcome.
- Both treatments are expected to behave similarly (either both yes or both no).
- “Yes” = Positive Outcome (OOI); “No” = Negative Control Outcome (NCO).
- Reply with only “yes” or “no.”
[Few-shot examples]
- Treatment group using GLP-1RA (treatment) had 0.06% Foreign body in orifice, compared with 0.09% for control group using SGLT2i. Does treatment have causal effect to the Foreign body in orifice (is it a Positive Outcome)? - no
- Treatment group using GLP-1RA (treatment) had 0.01% Toxic effect of lead compound, compared with 0.04% for control group using SGLT2i. Does treatment have causal effect to the Toxic effect of lead compound (is it a Positive Outcome)? - no
- Treatment group using GLP-1RA (treatment) had 1.29% Epidermoid cyst, compared with 0.58% for control group using SGLT2i. Does treatment have causal effect to the Epidermoid cyst (is it a Positive Outcome)? - no
- Treatment group using GLP-1RA (treatment) had 78.37% Hypertension, compared with 84.71% for control group using SGLT2i. Does treatment have causal effect to the Hypertension (is it a Positive Outcome)? - yes
- Treatment group using GLP-1RA (treatment) had 78.09% Hyperlipidemia, compared with 84.45% for control group using SGLT2i. Does treatment have causal effect to the Hyperlipidemia (is it a Positive Outcome)? - yes
- Treatment group using GLP-1RA (treatment) had 64.14% Obesity, compared with 44.50% for control group using SGLT2i. Does treatment have causal effect to the Obesity (is it a Positive Outcome)? - yes
[Your Task]
[Question]
Treatment group using GLP-1RA (treatment) had 0.00% Bizarre personal appearance, compared with 0.00% for control group using SGLT2i. Does treatment have causal effect to the Bizarre personal appearance (is it a Positive Outcome)?
Answer: [Your answer, ""yes"" or ""no""]",7,"Okay, so I need to figure out whether GLP-1RA treatment has a causal effect on the outcome of ""Bizarre personal appearance."" The data given is that both treatment groups (GLP-1RA and SGLT2i) had 0.00% of patients reporting this outcome. 

First, I should understand what ""Bizarre personal appearance"" means. It could refer to physical characteristics that are unusual or striking, maybe something like a deformity or a noticeable trait. Now, I need to determine if using GLP-1RA would cause this. 

GLP-1RA medications are usually used to help with weight loss and blood sugar control in type 2 diabetes. They work by promoting the release of glucagon-like peptide-1, which helps with appetite and insulin secretion. They can also have side effects like nausea, diarrhea, and, in rare cases, pancreatitis. But I don't recall any common side effects related to physical appearance. 

SGLT2i inhibitors, on the other hand, are also used for type 2 diabetes, often for weight loss as well. They work by inhibiting the kidneys' reabsorption of glucose, which leads to more urine output and weight loss. They can also have side effects like urinary tract infections and increased uric acid levels. Again, I don't think they're associated with bizarre personal appearances either.

Looking at the percentages, both treatments have 0.00% for this outcome. That means neither treatment is causing this to happen. Since both groups are at 0%, there's no difference between them. If one group had a higher percentage than the other, it might suggest a causal effect, but here they're the same. 

Also, considering the examples provided, when the percentages are the same, the answer is usually ""no."" For instance, in the foreign body example, both groups had similar low percentages, and the answer was ""no."" Similarly, for the toxic effect and epidermoid cyst, same or similar low percentages led to ""no."" Only when one group had a higher incidence than the other was the answer ""yes."" 

So, in this case, since both groups are at 0%, there's no evidence to suggest that GLP-1RA causes ""Bizarre personal appearance."" Therefore, the answer should be ""no.""
</think>

no",no
Batch2,v4,medical_questions_v4.txt,2,"Question 2
[Background]
We compare two treatments for type 2 diabetes:
- Treatment: GLP-1 Receptor Agonists (GLP-1RA)
- Control: Sodium-Glucose Cotransporter-2 Inhibitors (SGLT2i)
[Task Description]
You’ll receive an outcome and the percentage of affected patients in each group.
Decide whether these treatments have a causal effect on that outcome.
You will receive a query describing an outcome and the proportion of patients in each group who experienced it:
- One percentage for patients using GLP-1RA (treatment group).
- One percentage for patients using SGLT2i (control group).
Your task is to determine whether the treatments (GLP-1RA and SGLT2i) have a causal effect on that outcome.
[Cohort Description]
Adults with type 2 diabetes who began either GLP-1RA or SGLT2i.
All had a prior diabetes diagnosis.
GLP-1RA users: mean age 58.0, BMI 37.4.
SGLT2i users: mean age 64.6, BMI 32.8.
Charlson Comorbidity Index ≥ 3 in 65.2% (GLP-1RA) and 68.5% (SGLT2i).
[Instruction]
- Judge whether the treatments causally influence the outcome.
- Both treatments are expected to behave similarly (either both yes or both no).
- “Yes” = Positive Outcome (OOI); “No” = Negative Control Outcome (NCO).
- Reply with only “yes” or “no.”
[Few-shot examples]
- Treatment group using GLP-1RA (treatment) had 0.06% Foreign body in orifice, compared with 0.09% for control group using SGLT2i. Does treatment have causal effect to the Foreign body in orifice (is it a Positive Outcome)? - no
- Treatment group using GLP-1RA (treatment) had 0.01% Toxic effect of lead compound, compared with 0.04% for control group using SGLT2i. Does treatment have causal effect to the Toxic effect of lead compound (is it a Positive Outcome)? - no
- Treatment group using GLP-1RA (treatment) had 1.29% Epidermoid cyst, compared with 0.58% for control group using SGLT2i. Does treatment have causal effect to the Epidermoid cyst (is it a Positive Outcome)? - no
- Treatment group using GLP-1RA (treatment) had 78.37% Hypertension, compared with 84.71% for control group using SGLT2i. Does treatment have causal effect to the Hypertension (is it a Positive Outcome)? - yes
- Treatment group using GLP-1RA (treatment) had 78.09% Hyperlipidemia, compared with 84.45% for control group using SGLT2i. Does treatment have causal effect to the Hyperlipidemia (is it a Positive Outcome)? - yes
- Treatment group using GLP-1RA (treatment) had 64.14% Obesity, compared with 44.50% for control group using SGLT2i. Does treatment have causal effect to the Obesity (is it a Positive Outcome)? - yes
[Your Task]
[Question]
Treatment group using GLP-1RA (treatment) had 0.00% Bizarre personal appearance, compared with 0.00% for control group using SGLT2i. Does treatment have causal effect to the Bizarre personal appearance (is it a Positive Outcome)?
Answer: [Your answer, ""yes"" or ""no""]",8,"Okay, so I need to figure out whether GLP-1RA treatment has a causal effect on Bizarre personal appearance in type 2 diabetes patients. Let me start by understanding the problem.

First, the background says we're comparing two treatments: GLP-1 Receptor Agonists (GLP-1RA) and Sodium-Glucose Cotransporter-2 Inhibitors (SGLT2i). Both are used to manage type 2 diabetes. The task is to determine if the treatment (GLP-1RA) causes a specific outcome mentioned in each query, considering that both treatments should behave similarly—either both have a causal effect or neither does.

Looking at the examples provided:

1. When the treatment group (GLP-1RA) had a lower percentage of a certain outcome compared to the control (SGLT2i), the answer was ""no."" For instance, Foreign body in orifice and Toxic effect of lead compound were both ""no.""
2. When the treatment group had a higher percentage of a certain outcome, like Hypertension, Hyperlipidemia, or Obesity, the answer was ""yes.""

In the examples, the reasoning seems to be that if the treatment group has a higher incidence of an outcome, it's considered a positive outcome (causal effect), and if they have a lower incidence, it's a negative outcome. However, I should question if that's always the case or if it depends on the specific outcome.

In the current question, both groups have 0.00% Bizarre personal appearance. So, the treatment group (GLP-1RA) has the same percentage as the control group (SGLT2i). 

Now, I need to decide if this indicates a causal effect. Since both groups have the same rate, there's no difference. In the examples, when there's no difference (like the first three examples), the answer was ""no."" However, in the cases where the treatment group had a higher percentage, it was ""yes.""

But wait, in this case, both groups have the same outcome. Does that mean neither treatment is causally related to Bizarre personal appearance? Because if the treatment didn't increase or decrease the occurrence, there's no evidence of a causal effect either way.

Alternatively, maybe it's a negative control outcome because there's no difference, so the treatment doesn't influence it. That aligns with the examples where when there was no difference, the answer was ""no.""

So, putting it all together, since both groups have the same percentage for Bizarre personal appearance, the treatment (GLP-1RA) doesn't have a causal effect. Therefore, the answer should be ""no.""
</think>

no",no
Batch2,v4,medical_questions_v4.txt,2,"Question 2
[Background]
We compare two treatments for type 2 diabetes:
- Treatment: GLP-1 Receptor Agonists (GLP-1RA)
- Control: Sodium-Glucose Cotransporter-2 Inhibitors (SGLT2i)
[Task Description]
You’ll receive an outcome and the percentage of affected patients in each group.
Decide whether these treatments have a causal effect on that outcome.
You will receive a query describing an outcome and the proportion of patients in each group who experienced it:
- One percentage for patients using GLP-1RA (treatment group).
- One percentage for patients using SGLT2i (control group).
Your task is to determine whether the treatments (GLP-1RA and SGLT2i) have a causal effect on that outcome.
[Cohort Description]
Adults with type 2 diabetes who began either GLP-1RA or SGLT2i.
All had a prior diabetes diagnosis.
GLP-1RA users: mean age 58.0, BMI 37.4.
SGLT2i users: mean age 64.6, BMI 32.8.
Charlson Comorbidity Index ≥ 3 in 65.2% (GLP-1RA) and 68.5% (SGLT2i).
[Instruction]
- Judge whether the treatments causally influence the outcome.
- Both treatments are expected to behave similarly (either both yes or both no).
- “Yes” = Positive Outcome (OOI); “No” = Negative Control Outcome (NCO).
- Reply with only “yes” or “no.”
[Few-shot examples]
- Treatment group using GLP-1RA (treatment) had 0.06% Foreign body in orifice, compared with 0.09% for control group using SGLT2i. Does treatment have causal effect to the Foreign body in orifice (is it a Positive Outcome)? - no
- Treatment group using GLP-1RA (treatment) had 0.01% Toxic effect of lead compound, compared with 0.04% for control group using SGLT2i. Does treatment have causal effect to the Toxic effect of lead compound (is it a Positive Outcome)? - no
- Treatment group using GLP-1RA (treatment) had 1.29% Epidermoid cyst, compared with 0.58% for control group using SGLT2i. Does treatment have causal effect to the Epidermoid cyst (is it a Positive Outcome)? - no
- Treatment group using GLP-1RA (treatment) had 78.37% Hypertension, compared with 84.71% for control group using SGLT2i. Does treatment have causal effect to the Hypertension (is it a Positive Outcome)? - yes
- Treatment group using GLP-1RA (treatment) had 78.09% Hyperlipidemia, compared with 84.45% for control group using SGLT2i. Does treatment have causal effect to the Hyperlipidemia (is it a Positive Outcome)? - yes
- Treatment group using GLP-1RA (treatment) had 64.14% Obesity, compared with 44.50% for control group using SGLT2i. Does treatment have causal effect to the Obesity (is it a Positive Outcome)? - yes
[Your Task]
[Question]
Treatment group using GLP-1RA (treatment) had 0.00% Bizarre personal appearance, compared with 0.00% for control group using SGLT2i. Does treatment have causal effect to the Bizarre personal appearance (is it a Positive Outcome)?
Answer: [Your answer, ""yes"" or ""no""]",9,"Okay, so I'm trying to figure out whether GLP-1 Receptor Agonists (GLP-1RA) have a causal effect on the outcome of ""Bizarre personal appearance"" compared to Sodium-Glucose Cotransporter-2 Inhibitors (SGLT2i). The data given is that both treatment groups had 0.00% of their patients experiencing this outcome. 

First, I need to understand what ""Bizarre personal appearance"" means in this context. It's a bit vague, but I'm guessing it refers to some kind of physical characteristic that's unusual or striking. Now, the task is to determine if the treatment caused this outcome. 

Both treatments are medications used for type 2 diabetes. GLP-1RA works by mimicking the action of GLP-1, which helps in glucose control and can promote weight loss. SGLT2i inhibits SGLT2, which also helps in lowering blood glucose and can lead to weight loss as well. Both are often used in the management of type 2 diabetes.

Looking at the percentages, since both groups have 0% for this outcome, it suggests that neither treatment is causing this particular side effect. If one treatment had a higher percentage than the other, it might indicate a causal relationship, but since they're the same, it's more likely that neither is responsible.

Additionally, the examples provided earlier show that when one treatment has a higher rate than the other for a specific outcome, the answer is ""yes"" if the treatment's rate is higher, implying a possible causal effect. Conversely, if the control group has a higher rate, the answer is ""no."" But in this case, both are zero, so there's no difference to speak of.

Another point to consider is the characteristics of these medications. Do GLP-1RA or SGLT2i have known side effects that could lead to a bizarre personal appearance? From what I know, both can cause weight loss, which might affect appearance, but weight loss is a common side effect and not necessarily ""bizarre."" There might be individual differences, but that's more about personal preference than a medical condition.

Moreover, the comorbidity indices are similar (65.2% vs. 68.5%), so the overall health of the patients isn't drastically different, which might affect the likelihood of side effects.

Considering all this, since both treatments have the same rate (0%) for this outcome, it's unlikely that either treatment is causally related to ""Bizarre personal appearance."" Therefore, the answer should be ""no.""
</think>

no",no
Batch2,v4,medical_questions_v4.txt,2,"Question 2
[Background]
We compare two treatments for type 2 diabetes:
- Treatment: GLP-1 Receptor Agonists (GLP-1RA)
- Control: Sodium-Glucose Cotransporter-2 Inhibitors (SGLT2i)
[Task Description]
You’ll receive an outcome and the percentage of affected patients in each group.
Decide whether these treatments have a causal effect on that outcome.
You will receive a query describing an outcome and the proportion of patients in each group who experienced it:
- One percentage for patients using GLP-1RA (treatment group).
- One percentage for patients using SGLT2i (control group).
Your task is to determine whether the treatments (GLP-1RA and SGLT2i) have a causal effect on that outcome.
[Cohort Description]
Adults with type 2 diabetes who began either GLP-1RA or SGLT2i.
All had a prior diabetes diagnosis.
GLP-1RA users: mean age 58.0, BMI 37.4.
SGLT2i users: mean age 64.6, BMI 32.8.
Charlson Comorbidity Index ≥ 3 in 65.2% (GLP-1RA) and 68.5% (SGLT2i).
[Instruction]
- Judge whether the treatments causally influence the outcome.
- Both treatments are expected to behave similarly (either both yes or both no).
- “Yes” = Positive Outcome (OOI); “No” = Negative Control Outcome (NCO).
- Reply with only “yes” or “no.”
[Few-shot examples]
- Treatment group using GLP-1RA (treatment) had 0.06% Foreign body in orifice, compared with 0.09% for control group using SGLT2i. Does treatment have causal effect to the Foreign body in orifice (is it a Positive Outcome)? - no
- Treatment group using GLP-1RA (treatment) had 0.01% Toxic effect of lead compound, compared with 0.04% for control group using SGLT2i. Does treatment have causal effect to the Toxic effect of lead compound (is it a Positive Outcome)? - no
- Treatment group using GLP-1RA (treatment) had 1.29% Epidermoid cyst, compared with 0.58% for control group using SGLT2i. Does treatment have causal effect to the Epidermoid cyst (is it a Positive Outcome)? - no
- Treatment group using GLP-1RA (treatment) had 78.37% Hypertension, compared with 84.71% for control group using SGLT2i. Does treatment have causal effect to the Hypertension (is it a Positive Outcome)? - yes
- Treatment group using GLP-1RA (treatment) had 78.09% Hyperlipidemia, compared with 84.45% for control group using SGLT2i. Does treatment have causal effect to the Hyperlipidemia (is it a Positive Outcome)? - yes
- Treatment group using GLP-1RA (treatment) had 64.14% Obesity, compared with 44.50% for control group using SGLT2i. Does treatment have causal effect to the Obesity (is it a Positive Outcome)? - yes
[Your Task]
[Question]
Treatment group using GLP-1RA (treatment) had 0.00% Bizarre personal appearance, compared with 0.00% for control group using SGLT2i. Does treatment have causal effect to the Bizarre personal appearance (is it a Positive Outcome)?
Answer: [Your answer, ""yes"" or ""no""]",10,"Okay, so I need to determine whether GLP-1RA treatment has a causal effect on the outcome of ""Bizarre personal appearance."" The data provided shows that both treatment groups (GLP-1RA and SGLT2i) had 0.00% of their patients experiencing this outcome. 

First, I should understand what ""Bizarre personal appearance"" means. It refers to a condition where a person's appearance is unusual or striking, perhaps due to a medical condition or treatment side effect. Now, I need to see if either treatment is associated with this outcome.

Looking at the examples provided, it seems that if the treatment group has a higher percentage of an outcome compared to the control, it's considered a positive outcome. Conversely, if the control group has a higher percentage, it's a negative outcome. But in this case, both groups have the same percentage (0.00%).

Since both groups had the same rate, there's no evidence to suggest that GLP-1RA caused the outcome. It's also noted that both treatments are expected to behave similarly, meaning if one doesn't have a causal effect, the other likely doesn't either. Therefore, the outcome is not influenced causally by GLP-1RA.
</think>

no",no
Batch2,v4,medical_questions_v4.txt,3,"Question 3
[Background]
We compare two treatments for type 2 diabetes:
- Treatment: GLP-1 Receptor Agonists (GLP-1RA)
- Control: Sodium-Glucose Cotransporter-2 Inhibitors (SGLT2i)
[Task Description]
You’ll receive an outcome and the percentage of affected patients in each group.
Decide whether these treatments have a causal effect on that outcome.
You will receive a query describing an outcome and the proportion of patients in each group who experienced it:
- One percentage for patients using GLP-1RA (treatment group).
- One percentage for patients using SGLT2i (control group).
Your task is to determine whether the treatments (GLP-1RA and SGLT2i) have a causal effect on that outcome.
[Cohort Description]
Adults with type 2 diabetes who began either GLP-1RA or SGLT2i.
All had a prior diabetes diagnosis.
GLP-1RA users: mean age 58.0, BMI 37.4.
SGLT2i users: mean age 64.6, BMI 32.8.
Charlson Comorbidity Index ≥ 3 in 65.2% (GLP-1RA) and 68.5% (SGLT2i).
[Instruction]
- Judge whether the treatments causally influence the outcome.
- Both treatments are expected to behave similarly (either both yes or both no).
- “Yes” = Positive Outcome (OOI); “No” = Negative Control Outcome (NCO).
- Reply with only “yes” or “no.”
[Few-shot Examples]
- Treatment group using GLP-1RA (treatment) had 0.06% Foreign body in orifice, compared with 0.09% for control group using SGLT2i. Does treatment have causal effect to the Foreign body in orifice (is it a Positive Outcome)? - no
- Treatment group using GLP-1RA (treatment) had 0.01% Toxic effect of lead compound, compared with 0.04% for control group using SGLT2i. Does treatment have causal effect to the Toxic effect of lead compound (is it a Positive Outcome)? - no
- Treatment group using GLP-1RA (treatment) had 1.29% Epidermoid cyst, compared with 0.58% for control group using SGLT2i. Does treatment have causal effect to the Epidermoid cyst (is it a Positive Outcome)? - no
- Treatment group using GLP-1RA (treatment) had 78.37% Hypertension, compared with 84.71% for control group using SGLT2i. Does treatment have causal effect to the Hypertension (is it a Positive Outcome)? - yes
- Treatment group using GLP-1RA (treatment) had 78.09% Hyperlipidemia, compared with 84.45% for control group using SGLT2i. Does treatment have causal effect to the Hyperlipidemia (is it a Positive Outcome)? - yes
- Treatment group using GLP-1RA (treatment) had 64.14% Obesity, compared with 44.50% for control group using SGLT2i. Does treatment have causal effect to the Obesity (is it a Positive Outcome)? - yes
[Your Task]
[Question]
Treatment group using GLP-1RA (treatment) had 0.93% Schizophrenia, compared with 0.99% for control group using SGLT2i. Does treatment have causal effect to the Schizophrenia (is it a Positive Outcome)?
Answer: [Your answer, ""yes"" or ""no""]",1,"Okay, so I'm trying to figure out whether GLP-1 Receptor Agonists (GLP-1RA) have a causal effect on Schizophrenia, based on the given percentages of patients experiencing this outcome in both the treatment and control groups.

First, I need to understand the context. Both GLP-1RA and SGLT2i are medications used to treat type 2 diabetes. The study includes adults with type 2 diabetes who started either of these treatments. The background also provides some demographic details, like age, BMI, and the Charlson Comorbidity Index, which might influence the results.

The question gives me specific percentages: 0.93% for the GLP-1RA group and 0.99% for the SGLT2i group. I need to determine if this difference is significant enough to suggest a causal relationship.

I recall that in the examples provided, when the treatment group had a lower percentage than the control group, it was often considered a positive outcome. For instance, in the case of Hypertension, the treatment group had 78.37% versus 84.71% in the control, which was seen as a positive outcome because it suggested the treatment might be causing or influencing the condition.

However, I should also consider whether the outcome in question is something that the treatments are known to affect. Schizophrenia is a mental health disorder, and GLP-1RA and SGLT2i are primarily used for diabetes. There's no direct link between these medications and schizophrenia that I'm aware of. Both medications work on glucose metabolism, so their effects are usually related to blood sugar levels and diabetes management.

Looking at the percentages given, 0.93% versus 0.99% is a very small difference. Both are quite low, so it's unclear if this difference is statistically significant or if it's just due to random chance. Also, since both groups are using different medications, any difference might be due to other factors, like the underlying comorbidities or other health conditions of the patients.

Additionally, the Charlson Comorbidity Index is higher in the SGLT2i group (68.5%) compared to the GLP-1RA group (65.2%). This suggests that the SGLT2i users might have more comorbidities, which could influence the occurrence of schizophrenia. However, since the treatment groups are distinct (one using GLP-1RA and the other SGLT2i), it's hard to attribute the difference in schizophrenia rates directly to the medications.

Furthermore, the age and BMI differences between the groups could also play a role. The GLP-1RA users are younger (mean age 58.0 vs. 64.6) and have a higher BMI (37.4 vs. 32.8). These factors might influence the prevalence of schizophrenia, but again, they're not directly related to the medications.

In the examples given, when the treatment group had a lower occurrence of an outcome compared to the control, it was sometimes considered a positive outcome, but only if the treatment was known to influence that outcome. Since schizophrenia isn't a known side effect or related condition for these diabetes medications, the small difference in percentages doesn't seem causally related.

Moreover, both medications have different mechanisms of action, so it's unlikely that one would cause schizophrenia while the other doesn't. SGLT2i inhibits the kidneys' reabsorption of glucose, while GLP-1RA mimics the hormone GLP-1 to help with glucose control and appetite. There's no overlap in mechanisms that would link either to schizophrenia.

Considering all these factors—the lack of known causal relationship, the small and inconsistent percentage difference, and the differences in comorbidities and demographics—it seems unlikely that GLP-1RA has a causal effect on schizophrenia in this context.
</think>

no",no
Batch2,v4,medical_questions_v4.txt,3,"Question 3
[Background]
We compare two treatments for type 2 diabetes:
- Treatment: GLP-1 Receptor Agonists (GLP-1RA)
- Control: Sodium-Glucose Cotransporter-2 Inhibitors (SGLT2i)
[Task Description]
You’ll receive an outcome and the percentage of affected patients in each group.
Decide whether these treatments have a causal effect on that outcome.
You will receive a query describing an outcome and the proportion of patients in each group who experienced it:
- One percentage for patients using GLP-1RA (treatment group).
- One percentage for patients using SGLT2i (control group).
Your task is to determine whether the treatments (GLP-1RA and SGLT2i) have a causal effect on that outcome.
[Cohort Description]
Adults with type 2 diabetes who began either GLP-1RA or SGLT2i.
All had a prior diabetes diagnosis.
GLP-1RA users: mean age 58.0, BMI 37.4.
SGLT2i users: mean age 64.6, BMI 32.8.
Charlson Comorbidity Index ≥ 3 in 65.2% (GLP-1RA) and 68.5% (SGLT2i).
[Instruction]
- Judge whether the treatments causally influence the outcome.
- Both treatments are expected to behave similarly (either both yes or both no).
- “Yes” = Positive Outcome (OOI); “No” = Negative Control Outcome (NCO).
- Reply with only “yes” or “no.”
[Few-shot Examples]
- Treatment group using GLP-1RA (treatment) had 0.06% Foreign body in orifice, compared with 0.09% for control group using SGLT2i. Does treatment have causal effect to the Foreign body in orifice (is it a Positive Outcome)? - no
- Treatment group using GLP-1RA (treatment) had 0.01% Toxic effect of lead compound, compared with 0.04% for control group using SGLT2i. Does treatment have causal effect to the Toxic effect of lead compound (is it a Positive Outcome)? - no
- Treatment group using GLP-1RA (treatment) had 1.29% Epidermoid cyst, compared with 0.58% for control group using SGLT2i. Does treatment have causal effect to the Epidermoid cyst (is it a Positive Outcome)? - no
- Treatment group using GLP-1RA (treatment) had 78.37% Hypertension, compared with 84.71% for control group using SGLT2i. Does treatment have causal effect to the Hypertension (is it a Positive Outcome)? - yes
- Treatment group using GLP-1RA (treatment) had 78.09% Hyperlipidemia, compared with 84.45% for control group using SGLT2i. Does treatment have causal effect to the Hyperlipidemia (is it a Positive Outcome)? - yes
- Treatment group using GLP-1RA (treatment) had 64.14% Obesity, compared with 44.50% for control group using SGLT2i. Does treatment have causal effect to the Obesity (is it a Positive Outcome)? - yes
[Your Task]
[Question]
Treatment group using GLP-1RA (treatment) had 0.93% Schizophrenia, compared with 0.99% for control group using SGLT2i. Does treatment have causal effect to the Schizophrenia (is it a Positive Outcome)?
Answer: [Your answer, ""yes"" or ""no""]",2,"Okay, so I'm trying to figure out whether GLP-1 Receptor Agonists (GLP-1RA) have a causal effect on schizophrenia in the given scenario. Let's break this down step by step.

First, I know that GLP-1RA is a type of medication used to treat type 2 diabetes. It works by helping the pancreas release insulin and reducing the release of glucose. They're also sometimes used for weight loss because they can suppress appetite. On the other hand, SGLT2i (Sodium-Glucose Cotransporter-2 Inhibitors) are another class of diabetes medications that work by preventing the kidneys from reabsorbing glucose, thus promoting urine output and reducing blood sugar levels.

The question provides the percentages of patients in each group who experienced schizophrenia. The treatment group using GLP-1RA had 0.93%, and the control group using SGLT2i had 0.99%. The task is to determine if the treatment (GLP-1RA) has a causal effect on schizophrenia, considering it as a positive outcome.

I remember from the examples that if the treatment group has a lower percentage of the outcome than the control group, it might indicate a protective effect. For instance, in the case of hypertension and hyperlipidemia, the treatment group had lower percentages, so it was considered a positive outcome because the treatment was effective in reducing those conditions.

In this case, the GLP-1RA group has a slightly lower percentage (0.93%) compared to the SGLT2i group (0.99%). That suggests that maybe GLP-1RA is associated with a lower incidence of schizophrenia. However, I need to consider whether this difference is statistically significant. But the percentages are very close—only 0.06% difference—so it's a small effect size.

Another factor to consider is the background information provided. Both groups are adults with type 2 diabetes, and they have similar characteristics in terms of age, BMI, and comorbidities. The Charlson Comorbidity Index is slightly higher in the SGLT2i group, which might mean more comorbidities, but it's not directly related to schizophrenia.

Schizophrenia is a mental health condition, and diabetes is a metabolic disorder. There's some research suggesting a potential association between diabetes and schizophrenia, but it's often bidirectional. People with schizophrenia may have higher rates of diabetes due to factors like metabolic disturbances, lifestyle, or medications. Conversely, having diabetes might increase the risk of schizophrenia, though the evidence isn't strong.

GLP-1RA medications are not known to have significant effects on mental health outcomes. They primarily affect glucose and appetite. SGLT2i medications might have some effects on cardiovascular health, but again, not directly on mental health conditions like schizophrenia.

Looking at the examples provided, when the treatment group had a lower percentage of an outcome, it was considered a positive outcome because the treatment was effective in reducing it. For instance, in the case of obesity, the treatment group had a much lower incidence, so it was yes. Similarly, for hypertension and hyperlipidemia, the treatment group had lower rates, leading to yes.

In this case, the GLP-1RA group has a slightly lower rate of schizophrenia than the SGLT2i group. However, the difference is minimal (0.06%) and could be due to random chance or other confounding factors. Given that both treatments are diabetes medications and not psychotropic drugs, it's unlikely that GLP-1RA would directly cause schizophrenia. Instead, the lower rate might be coincidental or influenced by other factors, such as better monitoring or different patient populations.

Additionally, schizophrenia is not a typical side effect of GLP-1RA medications. The primary side effects include nausea, vomiting, diarrhea, and weight loss, but not mental health issues. Therefore, it's more plausible that the lower rate is not a causal effect of the medication but a result of other variables.

So, considering all these points, the difference is too small and likely not causally related to the treatment. Therefore, the answer should be no.
</think>

no",no
Batch2,v4,medical_questions_v4.txt,3,"Question 3
[Background]
We compare two treatments for type 2 diabetes:
- Treatment: GLP-1 Receptor Agonists (GLP-1RA)
- Control: Sodium-Glucose Cotransporter-2 Inhibitors (SGLT2i)
[Task Description]
You’ll receive an outcome and the percentage of affected patients in each group.
Decide whether these treatments have a causal effect on that outcome.
You will receive a query describing an outcome and the proportion of patients in each group who experienced it:
- One percentage for patients using GLP-1RA (treatment group).
- One percentage for patients using SGLT2i (control group).
Your task is to determine whether the treatments (GLP-1RA and SGLT2i) have a causal effect on that outcome.
[Cohort Description]
Adults with type 2 diabetes who began either GLP-1RA or SGLT2i.
All had a prior diabetes diagnosis.
GLP-1RA users: mean age 58.0, BMI 37.4.
SGLT2i users: mean age 64.6, BMI 32.8.
Charlson Comorbidity Index ≥ 3 in 65.2% (GLP-1RA) and 68.5% (SGLT2i).
[Instruction]
- Judge whether the treatments causally influence the outcome.
- Both treatments are expected to behave similarly (either both yes or both no).
- “Yes” = Positive Outcome (OOI); “No” = Negative Control Outcome (NCO).
- Reply with only “yes” or “no.”
[Few-shot Examples]
- Treatment group using GLP-1RA (treatment) had 0.06% Foreign body in orifice, compared with 0.09% for control group using SGLT2i. Does treatment have causal effect to the Foreign body in orifice (is it a Positive Outcome)? - no
- Treatment group using GLP-1RA (treatment) had 0.01% Toxic effect of lead compound, compared with 0.04% for control group using SGLT2i. Does treatment have causal effect to the Toxic effect of lead compound (is it a Positive Outcome)? - no
- Treatment group using GLP-1RA (treatment) had 1.29% Epidermoid cyst, compared with 0.58% for control group using SGLT2i. Does treatment have causal effect to the Epidermoid cyst (is it a Positive Outcome)? - no
- Treatment group using GLP-1RA (treatment) had 78.37% Hypertension, compared with 84.71% for control group using SGLT2i. Does treatment have causal effect to the Hypertension (is it a Positive Outcome)? - yes
- Treatment group using GLP-1RA (treatment) had 78.09% Hyperlipidemia, compared with 84.45% for control group using SGLT2i. Does treatment have causal effect to the Hyperlipidemia (is it a Positive Outcome)? - yes
- Treatment group using GLP-1RA (treatment) had 64.14% Obesity, compared with 44.50% for control group using SGLT2i. Does treatment have causal effect to the Obesity (is it a Positive Outcome)? - yes
[Your Task]
[Question]
Treatment group using GLP-1RA (treatment) had 0.93% Schizophrenia, compared with 0.99% for control group using SGLT2i. Does treatment have causal effect to the Schizophrenia (is it a Positive Outcome)?
Answer: [Your answer, ""yes"" or ""no""]",3,"Alright, let me try to work through this problem step by step. So, the question is about determining whether GLP-1RA treatments have a causal effect on schizophrenia in patients with type 2 diabetes. 

First, I need to understand the context. We're comparing two diabetes treatments: GLP-1 Receptor Agonists (GLP-1RA) and Sodium-Glucose Cotransporter-2 Inhibitors (SGLT2i). The task is to decide if either of these treatments causes a specific outcome, which in this case is schizophrenia. 

The data provided includes the percentage of patients in each group who experienced schizophrenia. The treatment group (GLP-1RA) had 0.93%, and the control group (SGLT2i) had 0.99%. 

Now, I need to consider whether these percentages indicate a causal relationship. One thing that comes to mind is that both percentages are quite low—less than 1%. That suggests that schizophrenia, while a possible outcome, isn't a very common occurrence in these patients. 

Next, I should think about the typical effects of these medications. GLP-1RA medications, like exenatide or liraglutide, are often used to help with weight loss and lower blood glucose levels. They work by increasing insulin release and reducing sugar absorption. They're generally well-tolerated, but I'm not aware of any direct link between GLP-1RA use and schizophrenia. 

Similarly, SGLT2i medications, such as empagliflozin or dapagliflozin, are also used for type 2 diabetes management. They work by inhibiting the kidneys' reabsorption of glucose, thus promoting urine output and lowering blood sugar. These drugs have been associated with a lower risk of heart disease and other cardiovascular events, but again, no known connection to schizophrenia as a side effect. 

Schizophrenia is a mental health disorder that typically presents with symptoms like hallucinations, delusions, disorganized thinking, and social withdrawal. It's a complex condition with multiple potential causes, including genetic factors, environmental influences, and sometimes medications. However, there's no established link between diabetes medications like GLP-1RA or SGLT2i and the development of schizophrenia. 

Looking at the percentages provided, since both groups have similar rates (0.93% vs. 0.99%), it's possible that this outcome is more influenced by factors other than the medications themselves. For instance, it could be a chance finding, a confounding variable not accounted for, or a rare side effect that's not well-documented. 

Another consideration is the characteristics of the patients in each group. The GLP-1RA group has a slightly younger mean age (58.0 vs. 64.6) and a higher BMI (37.4 vs. 32.8). The Charlson Comorbidity Index, which measures the risk of complications or comorbidities, is higher in both groups, but slightly more so in the SGLT2i group. These differences might mean that the patient populations are somewhat distinct, which could affect the likelihood of developing schizophrenia. 

However, even with these differences, there's no direct evidence that GLP-1RA or SGLT2i would cause schizophrenia. Both medications are not known to have psychiatric side effects. 

It's also important to note that the percentages are very low, suggesting that schizophrenia is not a common occurrence in these diabetes patients, regardless of the treatment they receive. This low incidence makes it less likely that the treatment itself is the causal factor. 

Moreover, in the examples provided, when the treatment group had a lower percentage than the control group for certain outcomes, it was considered a negative control outcome, implying no causal effect. Conversely, when the treatment group had a higher percentage, it was considered a positive outcome. In this case, GLP-1RA has a slightly lower rate (0.93%) compared to SGLT2i (0.99%), which would fall into the negative control outcome category. 

Therefore, based on the data provided and the known effects of these medications, it doesn't seem that GLP-1RA has a causal effect on schizophrenia in this context. The low percentages and the lack of any established link between the medications and schizophrenia support this conclusion.
</think>

no",no
Batch2,v4,medical_questions_v4.txt,3,"Question 3
[Background]
We compare two treatments for type 2 diabetes:
- Treatment: GLP-1 Receptor Agonists (GLP-1RA)
- Control: Sodium-Glucose Cotransporter-2 Inhibitors (SGLT2i)
[Task Description]
You’ll receive an outcome and the percentage of affected patients in each group.
Decide whether these treatments have a causal effect on that outcome.
You will receive a query describing an outcome and the proportion of patients in each group who experienced it:
- One percentage for patients using GLP-1RA (treatment group).
- One percentage for patients using SGLT2i (control group).
Your task is to determine whether the treatments (GLP-1RA and SGLT2i) have a causal effect on that outcome.
[Cohort Description]
Adults with type 2 diabetes who began either GLP-1RA or SGLT2i.
All had a prior diabetes diagnosis.
GLP-1RA users: mean age 58.0, BMI 37.4.
SGLT2i users: mean age 64.6, BMI 32.8.
Charlson Comorbidity Index ≥ 3 in 65.2% (GLP-1RA) and 68.5% (SGLT2i).
[Instruction]
- Judge whether the treatments causally influence the outcome.
- Both treatments are expected to behave similarly (either both yes or both no).
- “Yes” = Positive Outcome (OOI); “No” = Negative Control Outcome (NCO).
- Reply with only “yes” or “no.”
[Few-shot Examples]
- Treatment group using GLP-1RA (treatment) had 0.06% Foreign body in orifice, compared with 0.09% for control group using SGLT2i. Does treatment have causal effect to the Foreign body in orifice (is it a Positive Outcome)? - no
- Treatment group using GLP-1RA (treatment) had 0.01% Toxic effect of lead compound, compared with 0.04% for control group using SGLT2i. Does treatment have causal effect to the Toxic effect of lead compound (is it a Positive Outcome)? - no
- Treatment group using GLP-1RA (treatment) had 1.29% Epidermoid cyst, compared with 0.58% for control group using SGLT2i. Does treatment have causal effect to the Epidermoid cyst (is it a Positive Outcome)? - no
- Treatment group using GLP-1RA (treatment) had 78.37% Hypertension, compared with 84.71% for control group using SGLT2i. Does treatment have causal effect to the Hypertension (is it a Positive Outcome)? - yes
- Treatment group using GLP-1RA (treatment) had 78.09% Hyperlipidemia, compared with 84.45% for control group using SGLT2i. Does treatment have causal effect to the Hyperlipidemia (is it a Positive Outcome)? - yes
- Treatment group using GLP-1RA (treatment) had 64.14% Obesity, compared with 44.50% for control group using SGLT2i. Does treatment have causal effect to the Obesity (is it a Positive Outcome)? - yes
[Your Task]
[Question]
Treatment group using GLP-1RA (treatment) had 0.93% Schizophrenia, compared with 0.99% for control group using SGLT2i. Does treatment have causal effect to the Schizophrenia (is it a Positive Outcome)?
Answer: [Your answer, ""yes"" or ""no""]",4,"Okay, so I have this question about whether GLP-1RA treatments for type 2 diabetes have a causal effect on schizophrenia. The data given is that 0.93% of GLP-1RA users experienced schizophrenia, while 0.99% of SGLT2i users did. I need to decide if the treatment caused this outcome.

First, I should consider what I know about GLP-1RA and SGLT2i. GLP-1 receptor agonists are medications that help with weight loss and blood sugar control in type 2 diabetes. They work by increasing insulin release and slowing glucose absorption. SGLT2 inhibitors, on the other hand, prevent the kidneys from reabsorbing glucose, which also helps lower blood sugar levels and can aid in weight loss.

Now, the question is about schizophrenia, which is a mental health disorder characterized by symptoms like delusions, hallucinations, and disorganized thinking. I don't recall any direct link between GLP-1RA or SGLT2i and schizophrenia in my medical knowledge. Both medications are primarily for managing diabetes, not for mental health conditions.

Looking at the percentages, GLP-1RA has a slightly lower percentage of patients with schizophrenia (0.93%) compared to SGLT2i (0.99%). At first glance, this might suggest that GLP-1RA could be protective, but I need to be cautious here. The percentages are very low—less than 1% in both groups. Schizophrenia is relatively rare, so even a small difference might not be statistically significant or indicative of a causal relationship.

Moreover, both treatments are used in similar patient populations—adults with type 2 diabetes. The study cohorts have slight differences in age, BMI, and comorbidity indices, but these factors don't directly relate to schizophrenia. There's no indication that one treatment is more likely to cause schizophrenia than the other based on these characteristics.

Another thing to consider is the nature of the outcomes. Schizophrenia is a complex mental health condition with multifactorial causes, including genetic, environmental, and other medical factors. The medications in question don't have known mechanisms that would cause schizophrenia. If anything, they might help manage weight or blood sugar, which could indirectly affect mental health, but there's no evidence that they would increase the risk of schizophrenia.

I should also think about how often these medications are associated with serious side effects. Both GLP-1RA and SGLT2i have been linked to some side effects, but not schizophrenia. For example, GLP-1RA can cause nausea, diarrhea, and sometimes pancreatitis, while SGLT2i might cause urinary tract infections or increased urination. There's no known link between these side effects and schizophrenia.

Given all this, the small percentage difference is more likely due to chance or confounding factors rather than a causal effect. The treatments are not designed to influence mental health conditions like schizophrenia, so it's unlikely that either GLP-1RA or SGLT2i has a causal effect on it.

In conclusion, based on the lack of any known causal relationship between these diabetes medications and schizophrenia, and the small and similar percentages in both groups, I don't think either treatment has a causal effect on schizophrenia.
</think>

no",no
Batch2,v4,medical_questions_v4.txt,3,"Question 3
[Background]
We compare two treatments for type 2 diabetes:
- Treatment: GLP-1 Receptor Agonists (GLP-1RA)
- Control: Sodium-Glucose Cotransporter-2 Inhibitors (SGLT2i)
[Task Description]
You’ll receive an outcome and the percentage of affected patients in each group.
Decide whether these treatments have a causal effect on that outcome.
You will receive a query describing an outcome and the proportion of patients in each group who experienced it:
- One percentage for patients using GLP-1RA (treatment group).
- One percentage for patients using SGLT2i (control group).
Your task is to determine whether the treatments (GLP-1RA and SGLT2i) have a causal effect on that outcome.
[Cohort Description]
Adults with type 2 diabetes who began either GLP-1RA or SGLT2i.
All had a prior diabetes diagnosis.
GLP-1RA users: mean age 58.0, BMI 37.4.
SGLT2i users: mean age 64.6, BMI 32.8.
Charlson Comorbidity Index ≥ 3 in 65.2% (GLP-1RA) and 68.5% (SGLT2i).
[Instruction]
- Judge whether the treatments causally influence the outcome.
- Both treatments are expected to behave similarly (either both yes or both no).
- “Yes” = Positive Outcome (OOI); “No” = Negative Control Outcome (NCO).
- Reply with only “yes” or “no.”
[Few-shot Examples]
- Treatment group using GLP-1RA (treatment) had 0.06% Foreign body in orifice, compared with 0.09% for control group using SGLT2i. Does treatment have causal effect to the Foreign body in orifice (is it a Positive Outcome)? - no
- Treatment group using GLP-1RA (treatment) had 0.01% Toxic effect of lead compound, compared with 0.04% for control group using SGLT2i. Does treatment have causal effect to the Toxic effect of lead compound (is it a Positive Outcome)? - no
- Treatment group using GLP-1RA (treatment) had 1.29% Epidermoid cyst, compared with 0.58% for control group using SGLT2i. Does treatment have causal effect to the Epidermoid cyst (is it a Positive Outcome)? - no
- Treatment group using GLP-1RA (treatment) had 78.37% Hypertension, compared with 84.71% for control group using SGLT2i. Does treatment have causal effect to the Hypertension (is it a Positive Outcome)? - yes
- Treatment group using GLP-1RA (treatment) had 78.09% Hyperlipidemia, compared with 84.45% for control group using SGLT2i. Does treatment have causal effect to the Hyperlipidemia (is it a Positive Outcome)? - yes
- Treatment group using GLP-1RA (treatment) had 64.14% Obesity, compared with 44.50% for control group using SGLT2i. Does treatment have causal effect to the Obesity (is it a Positive Outcome)? - yes
[Your Task]
[Question]
Treatment group using GLP-1RA (treatment) had 0.93% Schizophrenia, compared with 0.99% for control group using SGLT2i. Does treatment have causal effect to the Schizophrenia (is it a Positive Outcome)?
Answer: [Your answer, ""yes"" or ""no""]",5,"Okay, so I need to figure out whether GLP-1RA treatments have a causal effect on schizophrenia when compared to SGLT2i controls. The data given is that 0.93% of GLP-1RA users experienced schizophrenia, while 0.99% of SGLT2i users did. 

First, I should recall what GLP-1RA and SGLT2i are. GLP-1 Receptor Agonists are a class of medications used to treat type 2 diabetes. They work by helping the body release more insulin and reducing the release of glucose into the blood. They are often used alongside other diabetes medications. SGLT2i, on the other hand, are Sodium-Glucose Cotransporter-2 Inhibitors, which also help manage blood glucose levels by preventing the kidneys from reabsorbing glucose.

Now, looking at the outcome, schizophrenia. Schizophrenia is a mental health disorder that affects about 1% of the population, with symptoms like delusions, hallucinations, and disorganized thinking. It's a serious mental health condition, and I know that it's usually caused by a combination of genetic, environmental, and psychological factors. 

The question is whether GLP-1RA causes schizophrenia. To determine causality, I need to see if there's a logical reason why GLP-1RA would cause schizophrenia. Both GLP-1RA and SGLT2i are diabetes medications. I don't recall any direct link between these medications and schizophrenia. They primarily affect blood sugar levels and are not known to have significant effects on the brain or mental health.

Looking at the percentages, GLP-1RA has a slightly lower percentage (0.93%) compared to SGLT2i (0.99%). So, in the treatment group, fewer patients experienced schizophrenia. Does this mean that GLP-1RA is protective against schizophrenia? Or is there no causal relationship?

I should consider whether these medications could influence schizophrenia. Since both are diabetes medications, perhaps there's a confounding factor. Maybe patients with schizophrenia are more likely to have type 2 diabetes, so they might be more likely to be prescribed these medications. That would mean the higher prevalence in one group might be due to the underlying condition rather than the medication itself.

The instruction also mentions that both treatments are expected to behave similarly, either both yes or both no. So, if GLP-1RA doesn't cause schizophrenia, neither should SGLT2i. The example given earlier, like hypertension, was considered a positive outcome because both groups had higher rates, but the task was to decide if the treatment caused it. In that case, the answer was yes, implying that the treatment (GLP-1RA) caused the outcome.

In the case of schizophrenia, both groups have very similar low percentages, 0.93% vs. 0.99%. The difference is small, and it's not statistically significant. Also, considering that schizophrenia is not linked to diabetes medications, it's unlikely that either treatment is causing schizophrenia. Therefore, neither treatment has a causal effect on schizophrenia. So, the answer should be no.
</think>

no",no
Batch2,v4,medical_questions_v4.txt,3,"Question 3
[Background]
We compare two treatments for type 2 diabetes:
- Treatment: GLP-1 Receptor Agonists (GLP-1RA)
- Control: Sodium-Glucose Cotransporter-2 Inhibitors (SGLT2i)
[Task Description]
You’ll receive an outcome and the percentage of affected patients in each group.
Decide whether these treatments have a causal effect on that outcome.
You will receive a query describing an outcome and the proportion of patients in each group who experienced it:
- One percentage for patients using GLP-1RA (treatment group).
- One percentage for patients using SGLT2i (control group).
Your task is to determine whether the treatments (GLP-1RA and SGLT2i) have a causal effect on that outcome.
[Cohort Description]
Adults with type 2 diabetes who began either GLP-1RA or SGLT2i.
All had a prior diabetes diagnosis.
GLP-1RA users: mean age 58.0, BMI 37.4.
SGLT2i users: mean age 64.6, BMI 32.8.
Charlson Comorbidity Index ≥ 3 in 65.2% (GLP-1RA) and 68.5% (SGLT2i).
[Instruction]
- Judge whether the treatments causally influence the outcome.
- Both treatments are expected to behave similarly (either both yes or both no).
- “Yes” = Positive Outcome (OOI); “No” = Negative Control Outcome (NCO).
- Reply with only “yes” or “no.”
[Few-shot Examples]
- Treatment group using GLP-1RA (treatment) had 0.06% Foreign body in orifice, compared with 0.09% for control group using SGLT2i. Does treatment have causal effect to the Foreign body in orifice (is it a Positive Outcome)? - no
- Treatment group using GLP-1RA (treatment) had 0.01% Toxic effect of lead compound, compared with 0.04% for control group using SGLT2i. Does treatment have causal effect to the Toxic effect of lead compound (is it a Positive Outcome)? - no
- Treatment group using GLP-1RA (treatment) had 1.29% Epidermoid cyst, compared with 0.58% for control group using SGLT2i. Does treatment have causal effect to the Epidermoid cyst (is it a Positive Outcome)? - no
- Treatment group using GLP-1RA (treatment) had 78.37% Hypertension, compared with 84.71% for control group using SGLT2i. Does treatment have causal effect to the Hypertension (is it a Positive Outcome)? - yes
- Treatment group using GLP-1RA (treatment) had 78.09% Hyperlipidemia, compared with 84.45% for control group using SGLT2i. Does treatment have causal effect to the Hyperlipidemia (is it a Positive Outcome)? - yes
- Treatment group using GLP-1RA (treatment) had 64.14% Obesity, compared with 44.50% for control group using SGLT2i. Does treatment have causal effect to the Obesity (is it a Positive Outcome)? - yes
[Your Task]
[Question]
Treatment group using GLP-1RA (treatment) had 0.93% Schizophrenia, compared with 0.99% for control group using SGLT2i. Does treatment have causal effect to the Schizophrenia (is it a Positive Outcome)?
Answer: [Your answer, ""yes"" or ""no""]",6,"Alright, so I'm trying to figure out whether GLP-1RA treatments have a causal effect on schizophrenia compared to SGLT2i in type 2 diabetes patients. Let me break down the information given.

First, the background says we're comparing two treatments: GLP-1 Receptor Agonists (GLP-1RA) and Sodium-Glucose Cotransporter-2 Inhibitors (SGLT2i). Both are used for type 2 diabetes, but they work differently. GLP-1RA helps with glucose control and can aid in weight loss by increasing feelings of fullness. SGLT2i also helps with glucose control but might have additional effects like reducing cardiovascular risks.

The task is to determine if these treatments have a causal effect on a specific outcome, which in this case is schizophrenia. The question provides that 0.93% of GLP-1RA users experienced schizophrenia, compared to 0.99% in the SGLT2i group. The instruction is to decide whether the treatment causes this outcome, and to answer with ""yes"" or ""no"".

Looking at the cohort description, both groups have adults with type 2 diabetes, with similar prior diagnoses. The GLP-1RA group has a mean age of 58.0 and BMI of 37.4, while the SGLT2i group is older (64.6) and has a lower BMI (32.8). The Charlson Comorbidity Index, which measures the risk of complications, is similar, with both groups having around 65-68% with an index ≥3.

Now, the few-shot examples provided can help guide the decision. For instance, in cases where the treatment group has a lower percentage of an outcome than the control, the answer is ""no"". Conversely, when the treatment group has a higher percentage, it's ""yes"". This suggests that the reasoning is based on whether the treatment is linked to an increase or decrease in the outcome.

In this question, the GLP-1RA group has a slightly lower percentage (0.93%) compared to SGLT2i (0.99%). Following the examples, when the treatment group has a lower rate, the effect is considered negative. So, if the outcome is lower in the treatment group, it suggests that the treatment doesn't cause the outcome, or perhaps even reduces the risk.

Moreover, schizophrenia is a mental health condition, which is not directly related to the typical effects of GLP-1RA or SGLT2i. Both treatments are primarily focused on metabolic and glucose control. There's no known causal link between these medications and schizophrenia. In fact, antipsychotics are more commonly used to treat schizophrenia, and there's no indication that GLP-1RA or SGLT2i would either cause or prevent schizophrenia.

Additionally, considering the differences in the cohort, the GLP-1RA group is younger and more obese, while the SGLT2i group is older and less obese. Schizophrenia can have a later onset, so the younger age in the GLP-1RA group might influence the incidence. However, the question is specifically about the causal effect of the treatments, not the natural history of schizophrenia.

Given that both treatments are glucose-lowering medications and there's no established connection between them and schizophrenia, it's unlikely that GLP-1RA causes schizophrenia. The slightly lower rate in the GLP-1RA group, while counterintuitive, doesn't support causation but might reflect other factors, such as the demographic differences.

So, putting it all together, there's no evidence to suggest that GLP-1RA causes schizophrenia, and the lower percentage in the treatment group aligns with the examples where the answer was ""no"".
</think>

no",no
Batch2,v4,medical_questions_v4.txt,3,"Question 3
[Background]
We compare two treatments for type 2 diabetes:
- Treatment: GLP-1 Receptor Agonists (GLP-1RA)
- Control: Sodium-Glucose Cotransporter-2 Inhibitors (SGLT2i)
[Task Description]
You’ll receive an outcome and the percentage of affected patients in each group.
Decide whether these treatments have a causal effect on that outcome.
You will receive a query describing an outcome and the proportion of patients in each group who experienced it:
- One percentage for patients using GLP-1RA (treatment group).
- One percentage for patients using SGLT2i (control group).
Your task is to determine whether the treatments (GLP-1RA and SGLT2i) have a causal effect on that outcome.
[Cohort Description]
Adults with type 2 diabetes who began either GLP-1RA or SGLT2i.
All had a prior diabetes diagnosis.
GLP-1RA users: mean age 58.0, BMI 37.4.
SGLT2i users: mean age 64.6, BMI 32.8.
Charlson Comorbidity Index ≥ 3 in 65.2% (GLP-1RA) and 68.5% (SGLT2i).
[Instruction]
- Judge whether the treatments causally influence the outcome.
- Both treatments are expected to behave similarly (either both yes or both no).
- “Yes” = Positive Outcome (OOI); “No” = Negative Control Outcome (NCO).
- Reply with only “yes” or “no.”
[Few-shot Examples]
- Treatment group using GLP-1RA (treatment) had 0.06% Foreign body in orifice, compared with 0.09% for control group using SGLT2i. Does treatment have causal effect to the Foreign body in orifice (is it a Positive Outcome)? - no
- Treatment group using GLP-1RA (treatment) had 0.01% Toxic effect of lead compound, compared with 0.04% for control group using SGLT2i. Does treatment have causal effect to the Toxic effect of lead compound (is it a Positive Outcome)? - no
- Treatment group using GLP-1RA (treatment) had 1.29% Epidermoid cyst, compared with 0.58% for control group using SGLT2i. Does treatment have causal effect to the Epidermoid cyst (is it a Positive Outcome)? - no
- Treatment group using GLP-1RA (treatment) had 78.37% Hypertension, compared with 84.71% for control group using SGLT2i. Does treatment have causal effect to the Hypertension (is it a Positive Outcome)? - yes
- Treatment group using GLP-1RA (treatment) had 78.09% Hyperlipidemia, compared with 84.45% for control group using SGLT2i. Does treatment have causal effect to the Hyperlipidemia (is it a Positive Outcome)? - yes
- Treatment group using GLP-1RA (treatment) had 64.14% Obesity, compared with 44.50% for control group using SGLT2i. Does treatment have causal effect to the Obesity (is it a Positive Outcome)? - yes
[Your Task]
[Question]
Treatment group using GLP-1RA (treatment) had 0.93% Schizophrenia, compared with 0.99% for control group using SGLT2i. Does treatment have causal effect to the Schizophrenia (is it a Positive Outcome)?
Answer: [Your answer, ""yes"" or ""no""]",7,"Okay, so I need to figure out whether GLP-1RA treatments have a causal effect on schizophrenia in the given scenario. Let me start by understanding the problem.

First, the question provides data on two treatments: GLP-1 Receptor Agonists (GLP-1RA) and Sodium-Glucose Cotransporter-2 Inhibitors (SGLT2i). Both are used in adults with type 2 diabetes. The data includes the percentages of patients in each group who experienced schizophrenia, which is the outcome in question.

The treatment group (GLP-1RA) had 0.93% schizophrenia, and the control group (SGLT2i) had 0.99%. So, the treatment group actually has a slightly lower percentage of patients with schizophrenia.

Now, I need to determine if this difference is causally related. The instructions mention that both treatments should behave similarly, meaning if one has a causal effect, the other likely does too. So, if GLP-1RA reduces the risk of schizophrenia, SGLT2i would probably do the same. But if neither has an effect, both would be the same.

Looking at the examples provided, when the treatment group had a lower percentage of an outcome compared to the control, it was considered a positive outcome. For instance, in the case of hypertension and hyperlipidemia, the treatment group had lower percentages, so the answer was ""yes."" Similarly, for obesity, the treatment group had a much lower percentage, so it was also ""yes.""

In contrast, when the treatment group had a higher percentage, like in foreign body in orifice or toxic effect, the answer was ""no."" The reasoning seems to be that if the treatment group has a worse outcome, it's not causally related in a positive way.

Applying this to the current question: the treatment group (GLP-1RA) has 0.93%, which is slightly lower than the control group's 0.99%. This suggests that GLP-1RA might be reducing the risk of schizophrenia compared to SGLT2i. Since both treatments are expected to behave similarly, if GLP-1RA is effective, SGLT2i would likely show a similar effect. But in this case, GLP-1RA is better, so it's a positive outcome.

Wait, but I need to be careful. The examples where the treatment was better led to ""yes,"" but I should consider whether the outcome is something that would be expected to be influenced by these medications. Schizophrenia isn't a typical outcome associated with these treatments. Both GLP-1RA and SGLT2i are used for managing type 2 diabetes, not for mental health conditions. So, maybe the presence of schizophrenia in these patients is a confounding factor or a pre-existing condition.

The cohort description mentions that all patients had a prior diabetes diagnosis and were adults. The Charlson Comorbidity Index is higher in both groups, but it's not clear if schizophrenia is included in that index. If schizophrenia is a comorbidity, it might affect the analysis.

However, the data provided specifically for schizophrenia shows a slightly lower percentage in the GLP-1RA group. If both groups are similar in other ways, but GLP-1RA is showing a lower percentage, it could be that GLP-1RA is protective. But since the outcome is not directly related to the treatments, it's possible that this difference is coincidental or due to other factors, like better monitoring or population differences.

But according to the examples, the reasoning is based purely on the percentages. Since GLP-1RA has a lower percentage, it's considered a positive outcome. Therefore, the answer would be ""yes.""
</think>

yes",yes
Batch2,v4,medical_questions_v4.txt,3,"Question 3
[Background]
We compare two treatments for type 2 diabetes:
- Treatment: GLP-1 Receptor Agonists (GLP-1RA)
- Control: Sodium-Glucose Cotransporter-2 Inhibitors (SGLT2i)
[Task Description]
You’ll receive an outcome and the percentage of affected patients in each group.
Decide whether these treatments have a causal effect on that outcome.
You will receive a query describing an outcome and the proportion of patients in each group who experienced it:
- One percentage for patients using GLP-1RA (treatment group).
- One percentage for patients using SGLT2i (control group).
Your task is to determine whether the treatments (GLP-1RA and SGLT2i) have a causal effect on that outcome.
[Cohort Description]
Adults with type 2 diabetes who began either GLP-1RA or SGLT2i.
All had a prior diabetes diagnosis.
GLP-1RA users: mean age 58.0, BMI 37.4.
SGLT2i users: mean age 64.6, BMI 32.8.
Charlson Comorbidity Index ≥ 3 in 65.2% (GLP-1RA) and 68.5% (SGLT2i).
[Instruction]
- Judge whether the treatments causally influence the outcome.
- Both treatments are expected to behave similarly (either both yes or both no).
- “Yes” = Positive Outcome (OOI); “No” = Negative Control Outcome (NCO).
- Reply with only “yes” or “no.”
[Few-shot Examples]
- Treatment group using GLP-1RA (treatment) had 0.06% Foreign body in orifice, compared with 0.09% for control group using SGLT2i. Does treatment have causal effect to the Foreign body in orifice (is it a Positive Outcome)? - no
- Treatment group using GLP-1RA (treatment) had 0.01% Toxic effect of lead compound, compared with 0.04% for control group using SGLT2i. Does treatment have causal effect to the Toxic effect of lead compound (is it a Positive Outcome)? - no
- Treatment group using GLP-1RA (treatment) had 1.29% Epidermoid cyst, compared with 0.58% for control group using SGLT2i. Does treatment have causal effect to the Epidermoid cyst (is it a Positive Outcome)? - no
- Treatment group using GLP-1RA (treatment) had 78.37% Hypertension, compared with 84.71% for control group using SGLT2i. Does treatment have causal effect to the Hypertension (is it a Positive Outcome)? - yes
- Treatment group using GLP-1RA (treatment) had 78.09% Hyperlipidemia, compared with 84.45% for control group using SGLT2i. Does treatment have causal effect to the Hyperlipidemia (is it a Positive Outcome)? - yes
- Treatment group using GLP-1RA (treatment) had 64.14% Obesity, compared with 44.50% for control group using SGLT2i. Does treatment have causal effect to the Obesity (is it a Positive Outcome)? - yes
[Your Task]
[Question]
Treatment group using GLP-1RA (treatment) had 0.93% Schizophrenia, compared with 0.99% for control group using SGLT2i. Does treatment have causal effect to the Schizophrenia (is it a Positive Outcome)?
Answer: [Your answer, ""yes"" or ""no""]",8,"Okay, so I have this question about whether GLP-1RA treatments for type 2 diabetes causally affect schizophrenia. The numbers given are 0.93% in the treatment group and 0.99% in the control group using SGLT2i. I need to figure out if the treatment causes schizophrenia.

First, I should understand what GLP-1RA and SGLT2i do. GLP-1 Receptor Agonists are medications that help with blood sugar control by increasing insulin release and decreasing sugar production. They're also known to have weight loss effects because they make people feel full. SGLT2 inhibitors work by preventing the kidneys from reabsorbing glucose, which also helps lower blood sugar and can lead to weight loss as well. Both are used in the management of type 2 diabetes.

Now, the outcome here is schizophrenia, which is a mental health disorder characterized by positive symptoms like hallucinations and delusions, and negative symptoms like social withdrawal. It's a serious mental health condition, but I don't know of any direct link between diabetes medications and schizophrenia.

Looking at the percentages, the treatment group (GLP-1RA) has a slightly lower percentage of schizophrenia cases at 0.93%, compared to the control group's 0.99%. So, in the treatment group, fewer patients experienced schizophrenia. Does this mean that GLP-1RA causes schizophrenia? Or is it a coincidence?

I should consider if there's any known causal relationship between these medications and schizophrenia. From what I recall, there's no established link. In fact, some studies suggest that antipsychotic drugs are used to treat schizophrenia, but these are different from GLP-1RA and SGLT2i. The medications in question are for diabetes, not mental health.

Another angle is to think about whether the medications might affect the brain in a way that causes schizophrenia. GLP-1RA affects the gut and brain, but primarily through glucose regulation. There's some research suggesting that GLP-1R agonists can influence appetite and mood, but not directly causing schizophrenia. Similarly, SGLT2i can cause some side effects, but again, schizophrenia isn't a known side effect.

Looking at the examples provided, when the treatment group had a lower percentage of an outcome, it was often considered a negative outcome, like a side effect, but in those cases, the outcome was something like foreign body or toxicity, which are clear negatives. In the examples where the outcome was a positive outcome, like hypertension or hyperlipidemia, the treatment group had higher percentages, which made sense because the medications could cause those issues.

In this case, schizophrenia is a serious condition, but it's not a typical side effect of these diabetes medications. The fact that the treatment group has a slightly lower percentage doesn't indicate causation. It's possible that there's a confounding factor, like the patients in the treatment group being more health-conscious or having other differences, but the question is about causation based on the given data.

Since both treatments are diabetes medications and there's no known causal relationship between them and schizophrenia, it's more likely that the lower percentage in the treatment group is coincidental or due to other factors, not causation. Therefore, the treatment does not have a causal effect on schizophrenia.
</think>

no",no
Batch2,v4,medical_questions_v4.txt,3,"Question 3
[Background]
We compare two treatments for type 2 diabetes:
- Treatment: GLP-1 Receptor Agonists (GLP-1RA)
- Control: Sodium-Glucose Cotransporter-2 Inhibitors (SGLT2i)
[Task Description]
You’ll receive an outcome and the percentage of affected patients in each group.
Decide whether these treatments have a causal effect on that outcome.
You will receive a query describing an outcome and the proportion of patients in each group who experienced it:
- One percentage for patients using GLP-1RA (treatment group).
- One percentage for patients using SGLT2i (control group).
Your task is to determine whether the treatments (GLP-1RA and SGLT2i) have a causal effect on that outcome.
[Cohort Description]
Adults with type 2 diabetes who began either GLP-1RA or SGLT2i.
All had a prior diabetes diagnosis.
GLP-1RA users: mean age 58.0, BMI 37.4.
SGLT2i users: mean age 64.6, BMI 32.8.
Charlson Comorbidity Index ≥ 3 in 65.2% (GLP-1RA) and 68.5% (SGLT2i).
[Instruction]
- Judge whether the treatments causally influence the outcome.
- Both treatments are expected to behave similarly (either both yes or both no).
- “Yes” = Positive Outcome (OOI); “No” = Negative Control Outcome (NCO).
- Reply with only “yes” or “no.”
[Few-shot Examples]
- Treatment group using GLP-1RA (treatment) had 0.06% Foreign body in orifice, compared with 0.09% for control group using SGLT2i. Does treatment have causal effect to the Foreign body in orifice (is it a Positive Outcome)? - no
- Treatment group using GLP-1RA (treatment) had 0.01% Toxic effect of lead compound, compared with 0.04% for control group using SGLT2i. Does treatment have causal effect to the Toxic effect of lead compound (is it a Positive Outcome)? - no
- Treatment group using GLP-1RA (treatment) had 1.29% Epidermoid cyst, compared with 0.58% for control group using SGLT2i. Does treatment have causal effect to the Epidermoid cyst (is it a Positive Outcome)? - no
- Treatment group using GLP-1RA (treatment) had 78.37% Hypertension, compared with 84.71% for control group using SGLT2i. Does treatment have causal effect to the Hypertension (is it a Positive Outcome)? - yes
- Treatment group using GLP-1RA (treatment) had 78.09% Hyperlipidemia, compared with 84.45% for control group using SGLT2i. Does treatment have causal effect to the Hyperlipidemia (is it a Positive Outcome)? - yes
- Treatment group using GLP-1RA (treatment) had 64.14% Obesity, compared with 44.50% for control group using SGLT2i. Does treatment have causal effect to the Obesity (is it a Positive Outcome)? - yes
[Your Task]
[Question]
Treatment group using GLP-1RA (treatment) had 0.93% Schizophrenia, compared with 0.99% for control group using SGLT2i. Does treatment have causal effect to the Schizophrenia (is it a Positive Outcome)?
Answer: [Your answer, ""yes"" or ""no""]",9,"Okay, so I need to figure out whether GLP-1RA treatment has a causal effect on schizophrenia in this context. Let me start by understanding the problem.

First, the background mentions two treatments being compared: GLP-1 Receptor Agonists (GLP-1RA) and Sodium-Glucose Cotransporter-2 Inhibitors (SGLT2i). The task is to determine if either of these treatments causally influences a specific outcome, which in this case is schizophrenia.

The data provided is about the percentage of patients in each group who experienced schizophrenia. The treatment group (GLP-1RA) had 0.93% incidence, and the control group (SGLT2i) had 0.99%. The question is whether this difference is causally related, meaning does using GLP-1RA actually cause schizophrenia?

I should consider the few-shot examples given to see how similar situations are handled. For instance, in the examples where the outcome was a foreign body or a toxic effect, the answer was ""no."" Those outcomes are unrelated to the treatments, so it's logical that the treatments don't cause them. On the other hand, when the outcome was hypertension, hyperlipidemia, or obesity, the answer was ""yes."" These are conditions that are known to be influenced by the treatments.

GLP-1RA is known to help with weight loss and manage blood sugar levels. Schizophrenia, however, is a mental health disorder characterized by positive and negative symptoms like delusions, hallucinations, etc. There's no direct link between GLP-1RA and schizophrenia in terms of causation. In fact, SGLT2i is also used for diabetes and might have similar or different effects on other conditions.

Looking at the percentages, GLP-1RA has a slightly lower incidence (0.93%) compared to SGLT2i (0.99%). This suggests that GLP-1RA might be associated with a lower risk of schizophrenia, but does that mean it causes it? Or is it just a coincidental finding?

Another point to consider is the comorbidity indices. Both groups have a high Charlson Comorbidity Index, which indicates that patients have other health issues. Schizophrenia is a chronic condition, and it's possible that the patient population in both treatment groups might have higher rates of other mental health issues, which could influence the incidence of schizophrenia.

Also, the examples provided show that when the outcome is an expected side effect or related condition (like hypertension), the treatment is considered causal. Since schizophrenia isn't a known side effect of GLP-1RA, it's more likely that the difference in incidence is coincidental or due to other factors, such as the underlying diabetes or other comorbidities.

In the examples where the treatment was causal, the outcomes were directly related to the treatments' mechanisms. For instance, GLP-1RA can affect weight and blood pressure, leading to hypertension and hyperlipidemia. Schizophrenia isn't linked to these mechanisms, so there's no reason to believe GLP-1RA causes it.

Therefore, based on the data and the examples, it's more plausible that the difference in schizophrenia rates is not causally related to the treatment. The lower rate in the GLP-1RA group might be a random finding or due to other confounding factors, but not because the treatment causes schizophrenia.
</think>

no",no
Batch2,v4,medical_questions_v4.txt,3,"Question 3
[Background]
We compare two treatments for type 2 diabetes:
- Treatment: GLP-1 Receptor Agonists (GLP-1RA)
- Control: Sodium-Glucose Cotransporter-2 Inhibitors (SGLT2i)
[Task Description]
You’ll receive an outcome and the percentage of affected patients in each group.
Decide whether these treatments have a causal effect on that outcome.
You will receive a query describing an outcome and the proportion of patients in each group who experienced it:
- One percentage for patients using GLP-1RA (treatment group).
- One percentage for patients using SGLT2i (control group).
Your task is to determine whether the treatments (GLP-1RA and SGLT2i) have a causal effect on that outcome.
[Cohort Description]
Adults with type 2 diabetes who began either GLP-1RA or SGLT2i.
All had a prior diabetes diagnosis.
GLP-1RA users: mean age 58.0, BMI 37.4.
SGLT2i users: mean age 64.6, BMI 32.8.
Charlson Comorbidity Index ≥ 3 in 65.2% (GLP-1RA) and 68.5% (SGLT2i).
[Instruction]
- Judge whether the treatments causally influence the outcome.
- Both treatments are expected to behave similarly (either both yes or both no).
- “Yes” = Positive Outcome (OOI); “No” = Negative Control Outcome (NCO).
- Reply with only “yes” or “no.”
[Few-shot Examples]
- Treatment group using GLP-1RA (treatment) had 0.06% Foreign body in orifice, compared with 0.09% for control group using SGLT2i. Does treatment have causal effect to the Foreign body in orifice (is it a Positive Outcome)? - no
- Treatment group using GLP-1RA (treatment) had 0.01% Toxic effect of lead compound, compared with 0.04% for control group using SGLT2i. Does treatment have causal effect to the Toxic effect of lead compound (is it a Positive Outcome)? - no
- Treatment group using GLP-1RA (treatment) had 1.29% Epidermoid cyst, compared with 0.58% for control group using SGLT2i. Does treatment have causal effect to the Epidermoid cyst (is it a Positive Outcome)? - no
- Treatment group using GLP-1RA (treatment) had 78.37% Hypertension, compared with 84.71% for control group using SGLT2i. Does treatment have causal effect to the Hypertension (is it a Positive Outcome)? - yes
- Treatment group using GLP-1RA (treatment) had 78.09% Hyperlipidemia, compared with 84.45% for control group using SGLT2i. Does treatment have causal effect to the Hyperlipidemia (is it a Positive Outcome)? - yes
- Treatment group using GLP-1RA (treatment) had 64.14% Obesity, compared with 44.50% for control group using SGLT2i. Does treatment have causal effect to the Obesity (is it a Positive Outcome)? - yes
[Your Task]
[Question]
Treatment group using GLP-1RA (treatment) had 0.93% Schizophrenia, compared with 0.99% for control group using SGLT2i. Does treatment have causal effect to the Schizophrenia (is it a Positive Outcome)?
Answer: [Your answer, ""yes"" or ""no""]",10,"Okay, so I need to determine whether GLP-1RA treatments have a causal effect on schizophrenia in this scenario. The question gives me the percentages of patients in each group experiencing schizophrenia. The treatment group (GLP-1RA) has 0.93%, and the control group (SGLT2i) has 0.99%. 

First, I remember from the background that GLP-1RA and SGLT2i are both diabetes medications, but they work differently. GLP-1RA agonists help with glucose control by increasing insulin and decreasing appetite, while SGLT2i inhibitors also help with glucose control but might have different side effects.

The task is to decide if the treatments causally influence the outcome, which in this case is schizophrenia. I need to consider whether the percentages of patients with schizophrenia in each group indicate a causal relationship. 

Looking at the examples provided, when the treatment group had a lower percentage than the control group, the answer was often ""no."" For instance, in the foreign body example, the treatment group had 0.06% versus 0.09% in control, and the answer was ""no."" Similarly, in the toxic effect and epidermoid cyst examples, the treatment group had lower percentages, and the answer was also ""no."" 

In the cases where the treatment group had higher percentages, like hypertension and hyperlipidemia, the answer was ""yes."" But that might be because those conditions are expected side effects of the medications, whereas schizophrenia isn't typically associated with diabetes medications.

Schizophrenia is a mental health disorder, not a direct side effect of diabetes medications. Both GLP-1RA and SGLT2i are glucose-lowering agents, and they don't have schizophrenia as a known side effect. Therefore, the slight difference in percentages (0.93% vs. 0.99%) is likely due to random chance or other factors, not a causal effect of the medication.

Also, considering the comorbidity indices, both groups have high Charlson scores, but that doesn't directly relate to schizophrenia. The age and BMI differences might influence other health issues, but not schizophrenia specifically.

So, putting it all together, the slight difference in schizophrenia rates is probably not causally related to the treatment. Therefore, the answer should be ""no.""
</think>

no",no
Batch2,v4,medical_questions_v4.txt,4,"Question 4
[Background]
We compare two treatments for type 2 diabetes:
- Treatment: GLP-1 Receptor Agonists (GLP-1RA)
- Control: Sodium-Glucose Cotransporter-2 Inhibitors (SGLT2i)
[Task Description]
You’ll receive an outcome and the percentage of affected patients in each group.
Decide whether these treatments have a causal effect on that outcome.
You will receive a query describing an outcome and the proportion of patients in each group who experienced it:
- One percentage for patients using GLP-1RA (treatment group).
- One percentage for patients using SGLT2i (control group).
Your task is to determine whether the treatments (GLP-1RA and SGLT2i) have a causal effect on that outcome.
[Cohort Description]
Adults with type 2 diabetes who began either GLP-1RA or SGLT2i.
All had a prior diabetes diagnosis.
GLP-1RA users: mean age 58.0, BMI 37.4.
SGLT2i users: mean age 64.6, BMI 32.8.
Charlson Comorbidity Index ≥ 3 in 65.2% (GLP-1RA) and 68.5% (SGLT2i).
[Instruction]
- Judge whether the treatments causally influence the outcome.
- Both treatments are expected to behave similarly (either both yes or both no).
- “Yes” = Positive Outcome (OOI); “No” = Negative Control Outcome (NCO).
- Reply with only “yes” or “no.”
[Few-shot Examples]
- Treatment group using GLP-1RA (treatment) had 0.06% Foreign body in orifice, compared with 0.09% for control group using SGLT2i. Does treatment have causal effect to the Foreign body in orifice (is it a Positive Outcome)? - no
- Treatment group using GLP-1RA (treatment) had 0.01% Toxic effect of lead compound, compared with 0.04% for control group using SGLT2i. Does treatment have causal effect to the Toxic effect of lead compound (is it a Positive Outcome)? - no
- Treatment group using GLP-1RA (treatment) had 1.29% Epidermoid cyst, compared with 0.58% for control group using SGLT2i. Does treatment have causal effect to the Epidermoid cyst (is it a Positive Outcome)? - no
- Treatment group using GLP-1RA (treatment) had 78.37% Hypertension, compared with 84.71% for control group using SGLT2i. Does treatment have causal effect to the Hypertension (is it a Positive Outcome)? - yes
- Treatment group using GLP-1RA (treatment) had 78.09% Hyperlipidemia, compared with 84.45% for control group using SGLT2i. Does treatment have causal effect to the Hyperlipidemia (is it a Positive Outcome)? - yes
- Treatment group using GLP-1RA (treatment) had 64.14% Obesity, compared with 44.50% for control group using SGLT2i. Does treatment have causal effect to the Obesity (is it a Positive Outcome)? - yes
[Your Task]
[Question]
Treatment group using GLP-1RA (treatment) had 3.70% Bipolar disorder, compared with 2.40% for control group using SGLT2i. Does treatment have causal effect to the Bipolar disorder (is it a Positive Outcome)?
Answer: [Your answer, ""yes"" or ""no""]",1,"Okay, so I'm trying to figure out whether GLP-1RA treatments causally affect Bipolar Disorder in patients with type 2 diabetes. The data given is that 3.70% of GLP-1RA users experienced Bipolar Disorder, compared to 2.40% in the SGLT2i group. 

First, I need to understand what GLP-1RA and SGLT2i are. GLP-1 Receptor Agonists are medications that help with weight loss and lowering blood glucose by increasing insulin release and reducing appetite. They're often used in treating type 2 diabetes. SGLT2i, on the other hand, are inhibitors of the sodium-glucose co-transporter 2, which also help in lowering blood glucose by preventing the kidneys from reabsorbing glucose. Both are common diabetes medications, but they work differently.

Now, the question is about the occurrence of Bipolar Disorder. Bipolar Disorder is a mental health condition characterized by extreme mood swings, typically involving mania and depression. It's a mental health issue, while GLP-1RA and SGLT2i are medications for diabetes. So, the first thing that comes to mind is whether these diabetes medications could directly cause Bipolar Disorder.

I know that some medications can have side effects that affect mental health. For example, some antidepressants can increase the risk of mania in bipolar disorder patients. However, GLP-1RA and SGLT2i are not typically associated with causing Bipolar Disorder. They are more about managing blood sugar levels. 

Looking at the percentages, GLP-1RA users have a slightly higher rate of Bipolar Disorder (3.70%) compared to SGLT2i users (2.40%). But the difference is small—only about 1.3 percentage points. Considering the overall patient populations, which are both adults with type 2 diabetes, the absolute numbers might be small, but the relative difference is worth noting.

However, correlation does not imply causation. Just because one group has a higher percentage doesn't mean the treatment is causing it. Other factors could be at play, such as the underlying health of the patients, their lifestyles, or other comorbid conditions. The Charlson Comorbidity Index given is similar for both groups (around 65% and 68%), which suggests that both groups have significant comorbidities, but it doesn't directly link to Bipolar Disorder.

Also, the example provided in the few-shot examples shows that when the treatment group has a higher percentage for a specific outcome, the answer was often ""yes,"" but in reality, that might not always be the case. It depends on whether the treatment is a known cause of that outcome. For instance, in the example with hypertension and hyperlipidemia, the answer was ""yes"" because these are known side effects of certain medications, including GLP-1RA.

But Bipolar Disorder isn't a known side effect of GLP-1RA or SGLT2i. These medications are more about managing blood sugar and weight, not mental health conditions. Therefore, it's unlikely that using GLP-1RA would cause Bipolar Disorder. The higher percentage in the treatment group could be a coincidence, a result of other factors, or perhaps the control group is more carefully monitored for mental health issues, but that's speculative.

In the examples given, when the outcome was something the treatment is known to affect, like weight-related issues (obesity), the answer was ""yes."" But Bipolar Disorder isn't directly related to diabetes treatments. Therefore, the answer should be ""no"" because there's no established causal link between GLP-1RA use and Bipolar Disorder.
</think>

no",no
Batch2,v4,medical_questions_v4.txt,4,"Question 4
[Background]
We compare two treatments for type 2 diabetes:
- Treatment: GLP-1 Receptor Agonists (GLP-1RA)
- Control: Sodium-Glucose Cotransporter-2 Inhibitors (SGLT2i)
[Task Description]
You’ll receive an outcome and the percentage of affected patients in each group.
Decide whether these treatments have a causal effect on that outcome.
You will receive a query describing an outcome and the proportion of patients in each group who experienced it:
- One percentage for patients using GLP-1RA (treatment group).
- One percentage for patients using SGLT2i (control group).
Your task is to determine whether the treatments (GLP-1RA and SGLT2i) have a causal effect on that outcome.
[Cohort Description]
Adults with type 2 diabetes who began either GLP-1RA or SGLT2i.
All had a prior diabetes diagnosis.
GLP-1RA users: mean age 58.0, BMI 37.4.
SGLT2i users: mean age 64.6, BMI 32.8.
Charlson Comorbidity Index ≥ 3 in 65.2% (GLP-1RA) and 68.5% (SGLT2i).
[Instruction]
- Judge whether the treatments causally influence the outcome.
- Both treatments are expected to behave similarly (either both yes or both no).
- “Yes” = Positive Outcome (OOI); “No” = Negative Control Outcome (NCO).
- Reply with only “yes” or “no.”
[Few-shot Examples]
- Treatment group using GLP-1RA (treatment) had 0.06% Foreign body in orifice, compared with 0.09% for control group using SGLT2i. Does treatment have causal effect to the Foreign body in orifice (is it a Positive Outcome)? - no
- Treatment group using GLP-1RA (treatment) had 0.01% Toxic effect of lead compound, compared with 0.04% for control group using SGLT2i. Does treatment have causal effect to the Toxic effect of lead compound (is it a Positive Outcome)? - no
- Treatment group using GLP-1RA (treatment) had 1.29% Epidermoid cyst, compared with 0.58% for control group using SGLT2i. Does treatment have causal effect to the Epidermoid cyst (is it a Positive Outcome)? - no
- Treatment group using GLP-1RA (treatment) had 78.37% Hypertension, compared with 84.71% for control group using SGLT2i. Does treatment have causal effect to the Hypertension (is it a Positive Outcome)? - yes
- Treatment group using GLP-1RA (treatment) had 78.09% Hyperlipidemia, compared with 84.45% for control group using SGLT2i. Does treatment have causal effect to the Hyperlipidemia (is it a Positive Outcome)? - yes
- Treatment group using GLP-1RA (treatment) had 64.14% Obesity, compared with 44.50% for control group using SGLT2i. Does treatment have causal effect to the Obesity (is it a Positive Outcome)? - yes
[Your Task]
[Question]
Treatment group using GLP-1RA (treatment) had 3.70% Bipolar disorder, compared with 2.40% for control group using SGLT2i. Does treatment have causal effect to the Bipolar disorder (is it a Positive Outcome)?
Answer: [Your answer, ""yes"" or ""no""]",2,"Okay, so I'm trying to figure out whether GLP-1RA treatments causally affect the outcome of Bipolar disorder in patients. I have the percentages from the treatment and control groups. Treatment group (GLP-1RA) has 3.70% Bipolar disorder, and the control group (SGLT2i) has 2.40%. 

First, I should consider what GLP-1RA and SGLT2i do. GLP-1 Receptor Agonists are medications used to help manage type 2 diabetes by aiding in weight loss, reducing appetite, and promoting insulin secretion. They're often associated with improvements in glycemic control and sometimes with cardiovascular benefits. On the other hand, SGLT2i inhibitors work by inhibiting the kidneys' reabsorption of glucose, thereby increasing urine glucose excretion and lowering blood glucose levels. They are also known to have benefits beyond just glucose control, such as reducing the risk of cardiovascular events and potentially aiding in weight loss.

Now, looking at the outcome, Bipolar disorder is a mental health condition characterized by extreme mood swings. It's not directly related to diabetes or its treatments. However, it's important to consider if any medications used in diabetes management could have psychological effects or influence mental health conditions.

I should think about whether GLP-1RA or SGLT2i could cause Bipolar disorder. From what I know, both classes of drugs are generally well-tolerated and not associated with an increased risk of Bipolar disorder. In fact, some studies suggest that GLP-1RA might have a role in managing mood disorders, but it's not a primary indication for them. Similarly, SGLT2i are also not known to cause Bipolar disorder.

Looking at the percentages, the treatment group has a slightly higher incidence of Bipolar disorder (3.70%) compared to the control group (2.40%). This might suggest that GLP-1RA could be associated with an increased risk, but I need to be cautious here. It's possible that this difference is due to other factors, like the population differences in the study.

Wait, the cohort description mentions that GLP-1RA users have a lower BMI (37.4) compared to SGLT2i users (32.8). Lower BMI is associated with a lower risk of certain comorbidities, but I'm not sure how it relates to Bipolar disorder. Maybe the lower BMI in GLP-1RA users could be a confounding factor. Alternatively, maybe the age difference (GLP-1RA users are younger) could play a role.

The Charlson Comorbidity Index is also higher in both groups, but it's the same for both, so that might not affect the comparison.

I should also consider whether Bipolar disorder is more prevalent in one group due to other health factors or medications. But both drugs are not known to cause Bipolar disorder. In fact, neither is associated with an increased risk of Bipolar disorder. Therefore, the slight increase in the treatment group might be a coincidence or due to another factor, like a higher tendency for GLP-1RA users to be diagnosed, but that's speculative.

Another angle is to look at the examples provided. In the examples, when the treatment group had a higher percentage for an outcome, it was sometimes considered a causal effect, but only if the outcome was expected to be influenced by the treatment. For instance, Hypertension, Hyperlipidemia, and Obesity were considered Positive Outcomes because they are related to the effects of GLP-1RA and SGLT2i.

But Bipolar disorder isn't an expected outcome of these treatments. Therefore, even though the treatment group has a higher percentage, it's not a Positive Outcome because the treatment shouldn't cause Bipolar disorder.

So, putting it all together, despite the higher percentage in the GLP-1RA group, the treatment doesn't causally influence Bipolar disorder. Therefore, the answer should be ""no.""
</think>

no",no
Batch2,v4,medical_questions_v4.txt,4,"Question 4
[Background]
We compare two treatments for type 2 diabetes:
- Treatment: GLP-1 Receptor Agonists (GLP-1RA)
- Control: Sodium-Glucose Cotransporter-2 Inhibitors (SGLT2i)
[Task Description]
You’ll receive an outcome and the percentage of affected patients in each group.
Decide whether these treatments have a causal effect on that outcome.
You will receive a query describing an outcome and the proportion of patients in each group who experienced it:
- One percentage for patients using GLP-1RA (treatment group).
- One percentage for patients using SGLT2i (control group).
Your task is to determine whether the treatments (GLP-1RA and SGLT2i) have a causal effect on that outcome.
[Cohort Description]
Adults with type 2 diabetes who began either GLP-1RA or SGLT2i.
All had a prior diabetes diagnosis.
GLP-1RA users: mean age 58.0, BMI 37.4.
SGLT2i users: mean age 64.6, BMI 32.8.
Charlson Comorbidity Index ≥ 3 in 65.2% (GLP-1RA) and 68.5% (SGLT2i).
[Instruction]
- Judge whether the treatments causally influence the outcome.
- Both treatments are expected to behave similarly (either both yes or both no).
- “Yes” = Positive Outcome (OOI); “No” = Negative Control Outcome (NCO).
- Reply with only “yes” or “no.”
[Few-shot Examples]
- Treatment group using GLP-1RA (treatment) had 0.06% Foreign body in orifice, compared with 0.09% for control group using SGLT2i. Does treatment have causal effect to the Foreign body in orifice (is it a Positive Outcome)? - no
- Treatment group using GLP-1RA (treatment) had 0.01% Toxic effect of lead compound, compared with 0.04% for control group using SGLT2i. Does treatment have causal effect to the Toxic effect of lead compound (is it a Positive Outcome)? - no
- Treatment group using GLP-1RA (treatment) had 1.29% Epidermoid cyst, compared with 0.58% for control group using SGLT2i. Does treatment have causal effect to the Epidermoid cyst (is it a Positive Outcome)? - no
- Treatment group using GLP-1RA (treatment) had 78.37% Hypertension, compared with 84.71% for control group using SGLT2i. Does treatment have causal effect to the Hypertension (is it a Positive Outcome)? - yes
- Treatment group using GLP-1RA (treatment) had 78.09% Hyperlipidemia, compared with 84.45% for control group using SGLT2i. Does treatment have causal effect to the Hyperlipidemia (is it a Positive Outcome)? - yes
- Treatment group using GLP-1RA (treatment) had 64.14% Obesity, compared with 44.50% for control group using SGLT2i. Does treatment have causal effect to the Obesity (is it a Positive Outcome)? - yes
[Your Task]
[Question]
Treatment group using GLP-1RA (treatment) had 3.70% Bipolar disorder, compared with 2.40% for control group using SGLT2i. Does treatment have causal effect to the Bipolar disorder (is it a Positive Outcome)?
Answer: [Your answer, ""yes"" or ""no""]",3,"Okay, so I'm trying to figure out whether GLP-1RA treatments have a causal effect on Bipolar disorder in this scenario. Let me start by understanding the problem.

We have two treatments being compared: GLP-1 Receptor Agonists (GLP-1RA) and Sodium-Glucose Cotransporter-2 Inhibitors (SGLT2i). The question provides some data about the occurrence of Bipolar disorder in patients using each treatment. Specifically, 3.70% of GLP-1RA users experienced Bipolar disorder, compared to 2.40% in the SGLT2i group. 

First, I need to determine if this difference is significant enough to suggest causation. Causation is tricky because it requires more than just an association. Just because one group has a higher rate doesn't automatically mean the treatment causes it. There could be other factors at play.

Looking at the background information, both groups are adults with type 2 diabetes. They have similar characteristics in terms of age, BMI, and comorbidity indices. The GLP-1RA group has a mean age of 58.0 and BMI of 37.4, while the SGLT2i group has a mean age of 64.6 and BMI of 32.8. The Charlson Comorbidity Index is slightly higher in the SGLT2i group, but not by a huge margin.

Bipolar disorder is a mental health condition, which is different from diabetes. I'm wondering if there's any known link between GLP-1RA or SGLT2i and Bipolar disorder. GLP-1RA is commonly used for weight loss and blood sugar control, but I don't recall any direct connection to mental health issues like Bipolar disorder. Similarly, SGLT2i is primarily used for lowering blood glucose, and I don't think it's associated with Bipolar disorder either.

The percentages given are quite low—only about 3.7% and 2.4% respectively. This suggests that Bipolar disorder is not a common occurrence in these patient populations. Given that, it's possible that the difference is due to other factors rather than the treatments themselves.

Another consideration is whether the study design supports causal inference. If the data comes from a randomized controlled trial with proper allocation, it's easier to make causal claims. However, if it's an observational study, there could be unmeasured confounders that affect both treatment assignment and the outcome. Since the question doesn't specify the study design, I might assume it's an observational cohort study, which introduces some uncertainty.

Additionally, both treatments are expected to behave similarly in terms of causal effects. If one treatment had a higher rate, but the other didn't, that might be a red flag. However, in this case, the GLP-1RA group has a slightly higher rate, but the difference isn't massive.

I also think about the concept of positive outcome. The question defines a ""Positive Outcome"" as one where the treatment has a causal effect leading to the outcome. If the outcome is something the treatment is intended to affect, that might make it more likely to be causal. But Bipolar disorder isn't an expected side effect of either treatment.

Moreover, the examples provided in the few-shot section might offer some guidance. In those examples, when the treatment group had a lower percentage, it was considered a negative control outcome (NCO). Conversely, when the treatment group had a higher percentage, it was considered a positive outcome (OOI). But in those examples, the outcomes were more aligned with what the treatments were intended for (like weight-related issues) or perhaps more directly related to the treatment's mechanism.

In this case, Bipolar disorder is a mental health issue, which isn't directly related to the primary functions of GLP-1RA or SGLT2i. Therefore, even if there's a slight difference, it's unlikely that the treatments are causing Bipolar disorder.

Furthermore, the comorbidity indices are similar between the groups, so it's unlikely that the higher comorbidity in SGLT2i is confounding the results in a way that would cause Bipolar disorder. Also, the age difference between the groups isn't huge, so that might not be a significant factor either.

In summary, while there's a slight difference in the incidence of Bipolar disorder between the treatment groups, it's not substantial enough to suggest causation. Both treatments are not known to cause Bipolar disorder, and the condition doesn't align with their intended uses. Therefore, it's more plausible that the difference is due to other factors or random chance rather than a causal effect of the treatments.
</think>

no",no
Batch2,v4,medical_questions_v4.txt,4,"Question 4
[Background]
We compare two treatments for type 2 diabetes:
- Treatment: GLP-1 Receptor Agonists (GLP-1RA)
- Control: Sodium-Glucose Cotransporter-2 Inhibitors (SGLT2i)
[Task Description]
You’ll receive an outcome and the percentage of affected patients in each group.
Decide whether these treatments have a causal effect on that outcome.
You will receive a query describing an outcome and the proportion of patients in each group who experienced it:
- One percentage for patients using GLP-1RA (treatment group).
- One percentage for patients using SGLT2i (control group).
Your task is to determine whether the treatments (GLP-1RA and SGLT2i) have a causal effect on that outcome.
[Cohort Description]
Adults with type 2 diabetes who began either GLP-1RA or SGLT2i.
All had a prior diabetes diagnosis.
GLP-1RA users: mean age 58.0, BMI 37.4.
SGLT2i users: mean age 64.6, BMI 32.8.
Charlson Comorbidity Index ≥ 3 in 65.2% (GLP-1RA) and 68.5% (SGLT2i).
[Instruction]
- Judge whether the treatments causally influence the outcome.
- Both treatments are expected to behave similarly (either both yes or both no).
- “Yes” = Positive Outcome (OOI); “No” = Negative Control Outcome (NCO).
- Reply with only “yes” or “no.”
[Few-shot Examples]
- Treatment group using GLP-1RA (treatment) had 0.06% Foreign body in orifice, compared with 0.09% for control group using SGLT2i. Does treatment have causal effect to the Foreign body in orifice (is it a Positive Outcome)? - no
- Treatment group using GLP-1RA (treatment) had 0.01% Toxic effect of lead compound, compared with 0.04% for control group using SGLT2i. Does treatment have causal effect to the Toxic effect of lead compound (is it a Positive Outcome)? - no
- Treatment group using GLP-1RA (treatment) had 1.29% Epidermoid cyst, compared with 0.58% for control group using SGLT2i. Does treatment have causal effect to the Epidermoid cyst (is it a Positive Outcome)? - no
- Treatment group using GLP-1RA (treatment) had 78.37% Hypertension, compared with 84.71% for control group using SGLT2i. Does treatment have causal effect to the Hypertension (is it a Positive Outcome)? - yes
- Treatment group using GLP-1RA (treatment) had 78.09% Hyperlipidemia, compared with 84.45% for control group using SGLT2i. Does treatment have causal effect to the Hyperlipidemia (is it a Positive Outcome)? - yes
- Treatment group using GLP-1RA (treatment) had 64.14% Obesity, compared with 44.50% for control group using SGLT2i. Does treatment have causal effect to the Obesity (is it a Positive Outcome)? - yes
[Your Task]
[Question]
Treatment group using GLP-1RA (treatment) had 3.70% Bipolar disorder, compared with 2.40% for control group using SGLT2i. Does treatment have causal effect to the Bipolar disorder (is it a Positive Outcome)?
Answer: [Your answer, ""yes"" or ""no""]",4,"Okay, so I have this question about whether GLP-1RA treatments cause bipolar disorder compared to SGLT2i. Let me try to break this down step by step.

First, I remember that GLP-1 Receptor Agonists (GLP-1RA) are a type of medication used to treat type 2 diabetes. They help with blood sugar control and can also aid in weight loss because they make you feel full. They work by increasing the release of insulin and decreasing the production of glucose in the liver. 

On the other hand, Sodium-Glucose Cotransporter-2 Inhibitors (SGLT2i) are also used for type 2 diabetes. They prevent the kidneys from reabsorbing glucose, thus promoting urine output and lowering blood sugar levels. They've also been linked to weight loss and may have benefits beyond just blood sugar control, like reducing the risk of cardiovascular events.

The question here is about the occurrence of bipolar disorder in patients using each treatment. The treatment group (GLP-1RA) had 3.70% of patients experiencing bipolar disorder, while the control group (SGLT2i) had 2.40%. So, the treatment group actually has a slightly higher incidence of bipolar disorder compared to the control.

Now, I need to determine if this difference is causally related. In other words, does using GLP-1RA cause bipolar disorder, or is there another factor at play? 

I recall that both GLP-1RA and SGLT2i are associated with weight loss. Since bipolar disorder can sometimes be linked to underlying mental health issues, I wonder if the weight loss from these medications could be a contributing factor. However, I'm not sure if there's any direct link between these medications and bipolar disorder.

I should also consider the comorbidity indices. The GLP-1RA group had a Charlson Comorbidity Index of 65.2%, meaning many patients had other health issues, which might increase the risk of bipolar disorder. Similarly, the SGLT2i group had 68.5%. So, the higher comorbidity in SGLT2i might mean that their patients are more likely to have other mental health issues, but since the GLP-1RA group has a higher rate of bipolar disorder, it's not clear if it's due to the treatment or other factors.

Looking at the few-shot examples provided, I see that when the treatment group has a higher rate than the control, it's considered a positive outcome if it's expected. For instance, in cases where the treatment leads to a desired effect like weight loss or better blood sugar control, a higher rate is positive. However, for side effects or unrelated conditions, a higher rate might not necessarily be causal.

In this case, bipolar disorder is a mental health condition. I'm not aware of any studies linking GLP-1RA or SGLT2i directly to an increased risk of bipolar disorder. Both medications are primarily focused on metabolic issues, not mental health. Therefore, the higher rate in the GLP-1RA group might just be a coincidence, possibly due to other factors like the population characteristics or underlying conditions.

Additionally, the age and BMI differences between the groups could play a role. The GLP-1RA users are younger (mean age 58.0 vs. 64.6 for SGLT2i) and have a higher BMI (37.4 vs. 32.8). Younger age might be associated with a higher prevalence of bipolar disorder in the general population, and higher BMI could be linked to other mental health issues. However, without specific data on how these factors influence bipolar disorder, it's hard to say for sure.

Another angle is whether the medications affect the central nervous system in a way that could contribute to mental health conditions. GLP-1RA works in the gastrointestinal tract, so it's less likely to have significant central nervous system effects compared to some other diabetes medications like sulfonylureas or insulin, which can affect weight gain and mood. SGLT2i can sometimes cause urinary tract infections or other side effects, but again, there's no direct link to bipolar disorder that I'm aware of.

Considering all this, it seems unlikely that GLP-1RA is causing bipolar disorder. The difference in incidence might be due to other factors, such as the characteristics of the patients using each treatment, rather than the medications themselves. Therefore, the treatment (GLP-1RA) doesn't have a causal effect on bipolar disorder in this context.
</think>

no",no
Batch2,v4,medical_questions_v4.txt,4,"Question 4
[Background]
We compare two treatments for type 2 diabetes:
- Treatment: GLP-1 Receptor Agonists (GLP-1RA)
- Control: Sodium-Glucose Cotransporter-2 Inhibitors (SGLT2i)
[Task Description]
You’ll receive an outcome and the percentage of affected patients in each group.
Decide whether these treatments have a causal effect on that outcome.
You will receive a query describing an outcome and the proportion of patients in each group who experienced it:
- One percentage for patients using GLP-1RA (treatment group).
- One percentage for patients using SGLT2i (control group).
Your task is to determine whether the treatments (GLP-1RA and SGLT2i) have a causal effect on that outcome.
[Cohort Description]
Adults with type 2 diabetes who began either GLP-1RA or SGLT2i.
All had a prior diabetes diagnosis.
GLP-1RA users: mean age 58.0, BMI 37.4.
SGLT2i users: mean age 64.6, BMI 32.8.
Charlson Comorbidity Index ≥ 3 in 65.2% (GLP-1RA) and 68.5% (SGLT2i).
[Instruction]
- Judge whether the treatments causally influence the outcome.
- Both treatments are expected to behave similarly (either both yes or both no).
- “Yes” = Positive Outcome (OOI); “No” = Negative Control Outcome (NCO).
- Reply with only “yes” or “no.”
[Few-shot Examples]
- Treatment group using GLP-1RA (treatment) had 0.06% Foreign body in orifice, compared with 0.09% for control group using SGLT2i. Does treatment have causal effect to the Foreign body in orifice (is it a Positive Outcome)? - no
- Treatment group using GLP-1RA (treatment) had 0.01% Toxic effect of lead compound, compared with 0.04% for control group using SGLT2i. Does treatment have causal effect to the Toxic effect of lead compound (is it a Positive Outcome)? - no
- Treatment group using GLP-1RA (treatment) had 1.29% Epidermoid cyst, compared with 0.58% for control group using SGLT2i. Does treatment have causal effect to the Epidermoid cyst (is it a Positive Outcome)? - no
- Treatment group using GLP-1RA (treatment) had 78.37% Hypertension, compared with 84.71% for control group using SGLT2i. Does treatment have causal effect to the Hypertension (is it a Positive Outcome)? - yes
- Treatment group using GLP-1RA (treatment) had 78.09% Hyperlipidemia, compared with 84.45% for control group using SGLT2i. Does treatment have causal effect to the Hyperlipidemia (is it a Positive Outcome)? - yes
- Treatment group using GLP-1RA (treatment) had 64.14% Obesity, compared with 44.50% for control group using SGLT2i. Does treatment have causal effect to the Obesity (is it a Positive Outcome)? - yes
[Your Task]
[Question]
Treatment group using GLP-1RA (treatment) had 3.70% Bipolar disorder, compared with 2.40% for control group using SGLT2i. Does treatment have causal effect to the Bipolar disorder (is it a Positive Outcome)?
Answer: [Your answer, ""yes"" or ""no""]",5,"Okay, so I'm trying to figure out whether GLP-1RA treatment has a causal effect on Bipolar Disorder in this scenario. Let's break it down step by step.

First, I know that GLP-1 Receptor Agonists (GLP-1RA) are medications used to treat type 2 diabetes. They work by helping the body release insulin and slow down glucose absorption, which helps lower blood sugar levels. They might also have some effect on weight loss because they can increase feelings of fullness, which can lead to reduced food intake.

On the other hand, Sodium-Glucose Cotransporter-2 Inhibitors (SGLT2i) are also diabetes medications, but they work differently. They prevent the kidneys from reabsorbing glucose, which helps the body get rid of excess glucose through urine, thereby lowering blood sugar levels. SGLT2i have also been associated with weight loss and other health benefits.

Now, looking at the specific question, the treatment group using GLP-1RA had a 3.70% incidence of Bipolar Disorder, while the control group using SGLT2i had a 2.40% incidence. The task is to determine if this difference suggests a causal effect of GLP-1RA on Bipolar Disorder.

I should consider whether there's any known link between GLP-1RA medications and Bipolar Disorder. From what I recall, GLP-1RA are typically used for diabetes and weight management. They don't have a direct association with bipolar disorder. Bipolar disorder is a mental health condition characterized by extreme mood swings, typically affecting the brain and requiring psychiatric treatment, not something that's directly influenced by diabetes medications.

Additionally, the percentages here are quite low (only 3.7% and 2.4%), which suggests that Bipolar Disorder isn't a common occurrence in these patients. Given that both groups are using different diabetes medications, and there's no established causal relationship between these drugs and Bipolar Disorder, it's unlikely that GLP-1RA is causing Bipolar Disorder.

Moreover, the instruction mentions that both treatments are expected to behave similarly, either both having a causal effect or neither. Since SGLT2i isn't known to have a causal link with Bipolar Disorder either, and the incidence is actually lower in the control group, it doesn't support the idea that either treatment is causing the condition.

Therefore, based on the lack of known causal relationship and the similarity in treatment effects, it's more plausible that the difference in Bipolar Disorder incidence is due to other factors not related to the treatments, such as underlying patient characteristics or other health conditions.
</think>

no",no
Batch2,v4,medical_questions_v4.txt,4,"Question 4
[Background]
We compare two treatments for type 2 diabetes:
- Treatment: GLP-1 Receptor Agonists (GLP-1RA)
- Control: Sodium-Glucose Cotransporter-2 Inhibitors (SGLT2i)
[Task Description]
You’ll receive an outcome and the percentage of affected patients in each group.
Decide whether these treatments have a causal effect on that outcome.
You will receive a query describing an outcome and the proportion of patients in each group who experienced it:
- One percentage for patients using GLP-1RA (treatment group).
- One percentage for patients using SGLT2i (control group).
Your task is to determine whether the treatments (GLP-1RA and SGLT2i) have a causal effect on that outcome.
[Cohort Description]
Adults with type 2 diabetes who began either GLP-1RA or SGLT2i.
All had a prior diabetes diagnosis.
GLP-1RA users: mean age 58.0, BMI 37.4.
SGLT2i users: mean age 64.6, BMI 32.8.
Charlson Comorbidity Index ≥ 3 in 65.2% (GLP-1RA) and 68.5% (SGLT2i).
[Instruction]
- Judge whether the treatments causally influence the outcome.
- Both treatments are expected to behave similarly (either both yes or both no).
- “Yes” = Positive Outcome (OOI); “No” = Negative Control Outcome (NCO).
- Reply with only “yes” or “no.”
[Few-shot Examples]
- Treatment group using GLP-1RA (treatment) had 0.06% Foreign body in orifice, compared with 0.09% for control group using SGLT2i. Does treatment have causal effect to the Foreign body in orifice (is it a Positive Outcome)? - no
- Treatment group using GLP-1RA (treatment) had 0.01% Toxic effect of lead compound, compared with 0.04% for control group using SGLT2i. Does treatment have causal effect to the Toxic effect of lead compound (is it a Positive Outcome)? - no
- Treatment group using GLP-1RA (treatment) had 1.29% Epidermoid cyst, compared with 0.58% for control group using SGLT2i. Does treatment have causal effect to the Epidermoid cyst (is it a Positive Outcome)? - no
- Treatment group using GLP-1RA (treatment) had 78.37% Hypertension, compared with 84.71% for control group using SGLT2i. Does treatment have causal effect to the Hypertension (is it a Positive Outcome)? - yes
- Treatment group using GLP-1RA (treatment) had 78.09% Hyperlipidemia, compared with 84.45% for control group using SGLT2i. Does treatment have causal effect to the Hyperlipidemia (is it a Positive Outcome)? - yes
- Treatment group using GLP-1RA (treatment) had 64.14% Obesity, compared with 44.50% for control group using SGLT2i. Does treatment have causal effect to the Obesity (is it a Positive Outcome)? - yes
[Your Task]
[Question]
Treatment group using GLP-1RA (treatment) had 3.70% Bipolar disorder, compared with 2.40% for control group using SGLT2i. Does treatment have causal effect to the Bipolar disorder (is it a Positive Outcome)?
Answer: [Your answer, ""yes"" or ""no""]",6,"Okay, so I need to figure out whether GLP-1RA treatments have a causal effect on Bipolar disorder in patients with type 2 diabetes. The data given is that 3.70% of GLP-1RA users experienced Bipolar disorder, compared to 2.40% in the SGLT2i group. 

First, I remember that both GLP-1RA and SGLT2i are medications used to manage type 2 diabetes, but they work differently. GLP-1RA helps with glucose control by increasing insulin release and decreasing sugar production, while SGLT2i inhibits the kidneys from reabsorbing glucose, thus promoting excretion.

Now, the question is about Bipolar disorder. Bipolar disorder is a mental health condition, not a direct consequence of diabetes or its treatment. Both GLP-1RA and SGLT2i are medications that don't directly affect the brain or mental health. However, sometimes medications can have side effects, but Bipolar disorder is a serious mental health condition that typically requires specific treatments like mood stabilizers or antidepressants.

Looking at the percentages, GLP-1RA has a slightly higher rate (3.7%) compared to SGLT2i (2.4%). The user wants to know if this difference is causal. Since both drugs are being compared, if one had a higher incidence, it doesn't necessarily mean it's causing the condition. It could be a coincidence due to other factors, like the underlying health of the patients.

The user also mentioned that both treatments are expected to behave similarly regarding whether they cause an outcome. So, if GLP-1RA had a higher rate, it might suggest a causal effect, but only if we have evidence that the medication is known to cause Bipolar disorder. Otherwise, it's more likely a statistical fluke or a different underlying factor.

I don't recall any studies linking GLP-1RA or SGLT2i to an increased risk of Bipolar disorder. These medications are primarily used for diabetes management and don't have known effects on bipolar disorder. Therefore, the higher percentage in the GLP-1RA group might be due to other factors, like the comorbidities mentioned in the cohort description.

The Charlson Comorbidity Index is higher for both groups, but more so for SGLT2i (68.5% vs. 65.2% for GLP-1RA). This means that patients in both groups have significant comorbidities, which could influence the incidence of Bipolar disorder. It's possible that the higher rate in GLP-1RA is due to other health issues rather than the medication itself.

In the examples provided, when the treatment group had a slightly higher rate than the control, it was considered a ""No"" for causal effect. For instance, in the case of Foreign body in orifice, the treatment group had 0.06% vs. 0.09% in control, and it was determined that treatment didn't cause it. Similarly, for Toxic effect of lead compound, the treatment group had 0.01% vs. 0.04%, and it was also a ""No.""

Applying the same logic here, the GLP-1RA group having a slightly higher rate (3.7% vs. 2.4%) doesn't necessarily mean it's causing Bipolar disorder. It's more likely that the difference is due to other factors, such as the patients' overall health or other medications they might be taking. Since there's no known causal link between GLP-1RA or SGLT2i and Bipolar disorder, the answer should be ""no.""
</think>

no",no
Batch2,v4,medical_questions_v4.txt,4,"Question 4
[Background]
We compare two treatments for type 2 diabetes:
- Treatment: GLP-1 Receptor Agonists (GLP-1RA)
- Control: Sodium-Glucose Cotransporter-2 Inhibitors (SGLT2i)
[Task Description]
You’ll receive an outcome and the percentage of affected patients in each group.
Decide whether these treatments have a causal effect on that outcome.
You will receive a query describing an outcome and the proportion of patients in each group who experienced it:
- One percentage for patients using GLP-1RA (treatment group).
- One percentage for patients using SGLT2i (control group).
Your task is to determine whether the treatments (GLP-1RA and SGLT2i) have a causal effect on that outcome.
[Cohort Description]
Adults with type 2 diabetes who began either GLP-1RA or SGLT2i.
All had a prior diabetes diagnosis.
GLP-1RA users: mean age 58.0, BMI 37.4.
SGLT2i users: mean age 64.6, BMI 32.8.
Charlson Comorbidity Index ≥ 3 in 65.2% (GLP-1RA) and 68.5% (SGLT2i).
[Instruction]
- Judge whether the treatments causally influence the outcome.
- Both treatments are expected to behave similarly (either both yes or both no).
- “Yes” = Positive Outcome (OOI); “No” = Negative Control Outcome (NCO).
- Reply with only “yes” or “no.”
[Few-shot Examples]
- Treatment group using GLP-1RA (treatment) had 0.06% Foreign body in orifice, compared with 0.09% for control group using SGLT2i. Does treatment have causal effect to the Foreign body in orifice (is it a Positive Outcome)? - no
- Treatment group using GLP-1RA (treatment) had 0.01% Toxic effect of lead compound, compared with 0.04% for control group using SGLT2i. Does treatment have causal effect to the Toxic effect of lead compound (is it a Positive Outcome)? - no
- Treatment group using GLP-1RA (treatment) had 1.29% Epidermoid cyst, compared with 0.58% for control group using SGLT2i. Does treatment have causal effect to the Epidermoid cyst (is it a Positive Outcome)? - no
- Treatment group using GLP-1RA (treatment) had 78.37% Hypertension, compared with 84.71% for control group using SGLT2i. Does treatment have causal effect to the Hypertension (is it a Positive Outcome)? - yes
- Treatment group using GLP-1RA (treatment) had 78.09% Hyperlipidemia, compared with 84.45% for control group using SGLT2i. Does treatment have causal effect to the Hyperlipidemia (is it a Positive Outcome)? - yes
- Treatment group using GLP-1RA (treatment) had 64.14% Obesity, compared with 44.50% for control group using SGLT2i. Does treatment have causal effect to the Obesity (is it a Positive Outcome)? - yes
[Your Task]
[Question]
Treatment group using GLP-1RA (treatment) had 3.70% Bipolar disorder, compared with 2.40% for control group using SGLT2i. Does treatment have causal effect to the Bipolar disorder (is it a Positive Outcome)?
Answer: [Your answer, ""yes"" or ""no""]",7,"Okay, so I need to determine whether GLP-1RA treatments have a causal effect on Bipolar disorder in patients with type 2 diabetes. The data given is that 3.70% of GLP-1RA users experienced Bipolar disorder, compared to 2.40% in the SGLT2i group. 

First, I should recall what GLP-1RA and SGLT2i are. GLP-1 receptor agonists are medications that help with weight loss and glucose control, often used alongside metformin. They work by increasing insulin release and slowing down glucose absorption. SGLT2 inhibitors, on the other hand, also help with glucose control by preventing the kidneys from reabsorbing glucose. They've been linked to cardiovascular benefits and weight loss as well.

Now, the question is about Bipolar disorder. Bipolar disorder is a mental health condition characterized by extreme mood swings, typically involving mania and depression. It's a mental health issue, not a physical one directly related to diabetes or its treatments. 

I should consider whether GLP-1RA or SGLT2i could cause Bipolar disorder. Both medications are generally well-tolerated, but they can have side effects. However, Bipolar disorder is a mental health condition, and there's no direct link between these diabetes medications and the development of Bipolar disorder. 

Looking at the examples provided, when the outcome was a physical or medical condition like foreign body or toxic effect, the answer was often ""no."" In cases where the outcome was a condition that could be influenced by the treatment, like Hypertension, Hyperlipidemia, or Obesity, the answer was ""yes."" 

In this case, Bipolar disorder is a mental health issue. The percentages are 3.70% vs. 2.40%. Since both treatments are diabetes medications, it's unlikely that either would cause Bipolar disorder. The lower percentage in the SGLT2i group might suggest a protective effect, but without a clear causal mechanism, it's hard to say. 

Additionally, the comorbidity indices are similar between the groups, so the difference in Bipolar disorder rates might be due to other factors, like differences in healthcare utilization or other confounding variables, rather than the medications themselves causing the condition.

Therefore, it's more plausible that the difference is coincidental rather than causally related. So, the treatment with GLP-1RA does not have a causal effect on Bipolar disorder.
</think>

no",no
Batch2,v4,medical_questions_v4.txt,4,"Question 4
[Background]
We compare two treatments for type 2 diabetes:
- Treatment: GLP-1 Receptor Agonists (GLP-1RA)
- Control: Sodium-Glucose Cotransporter-2 Inhibitors (SGLT2i)
[Task Description]
You’ll receive an outcome and the percentage of affected patients in each group.
Decide whether these treatments have a causal effect on that outcome.
You will receive a query describing an outcome and the proportion of patients in each group who experienced it:
- One percentage for patients using GLP-1RA (treatment group).
- One percentage for patients using SGLT2i (control group).
Your task is to determine whether the treatments (GLP-1RA and SGLT2i) have a causal effect on that outcome.
[Cohort Description]
Adults with type 2 diabetes who began either GLP-1RA or SGLT2i.
All had a prior diabetes diagnosis.
GLP-1RA users: mean age 58.0, BMI 37.4.
SGLT2i users: mean age 64.6, BMI 32.8.
Charlson Comorbidity Index ≥ 3 in 65.2% (GLP-1RA) and 68.5% (SGLT2i).
[Instruction]
- Judge whether the treatments causally influence the outcome.
- Both treatments are expected to behave similarly (either both yes or both no).
- “Yes” = Positive Outcome (OOI); “No” = Negative Control Outcome (NCO).
- Reply with only “yes” or “no.”
[Few-shot Examples]
- Treatment group using GLP-1RA (treatment) had 0.06% Foreign body in orifice, compared with 0.09% for control group using SGLT2i. Does treatment have causal effect to the Foreign body in orifice (is it a Positive Outcome)? - no
- Treatment group using GLP-1RA (treatment) had 0.01% Toxic effect of lead compound, compared with 0.04% for control group using SGLT2i. Does treatment have causal effect to the Toxic effect of lead compound (is it a Positive Outcome)? - no
- Treatment group using GLP-1RA (treatment) had 1.29% Epidermoid cyst, compared with 0.58% for control group using SGLT2i. Does treatment have causal effect to the Epidermoid cyst (is it a Positive Outcome)? - no
- Treatment group using GLP-1RA (treatment) had 78.37% Hypertension, compared with 84.71% for control group using SGLT2i. Does treatment have causal effect to the Hypertension (is it a Positive Outcome)? - yes
- Treatment group using GLP-1RA (treatment) had 78.09% Hyperlipidemia, compared with 84.45% for control group using SGLT2i. Does treatment have causal effect to the Hyperlipidemia (is it a Positive Outcome)? - yes
- Treatment group using GLP-1RA (treatment) had 64.14% Obesity, compared with 44.50% for control group using SGLT2i. Does treatment have causal effect to the Obesity (is it a Positive Outcome)? - yes
[Your Task]
[Question]
Treatment group using GLP-1RA (treatment) had 3.70% Bipolar disorder, compared with 2.40% for control group using SGLT2i. Does treatment have causal effect to the Bipolar disorder (is it a Positive Outcome)?
Answer: [Your answer, ""yes"" or ""no""]",8,"Okay, so I need to figure out whether GLP-1RA treatment has a causal effect on Bipolar disorder based on the given percentages. Let me start by understanding the context.

GLP-1RA stands for GLP-1 Receptor Agonists, which are a class of medications used to treat type 2 diabetes. They work by helping the body release glucose and by slowing down the stomach emptying, which helps lower blood sugar levels. They're also sometimes used for weight loss because they can suppress appetite.

SGLT2i, or Sodium-Glucose Cotransporter-2 Inhibitors, are another class of diabetes medications. They work by preventing the kidneys from reabsorbing glucose, which also helps lower blood sugar levels. They've been linked to benefits beyond glucose control, like reducing the risk of heart disease and helping with weight loss.

Both treatments are being compared in a cohort of adults with type 2 diabetes who started either GLP-1RA or SGLT2i. The groups have different demographics: GLP-1RA users are slightly younger (mean age 58.0 vs. 64.6), have a higher BMI (37.4 vs. 32.8), and have a similar Charlson Comorbidity Index, which measures the risk of having other diseases.

The question is about Bipolar disorder. The treatment group using GLP-1RA had a 3.70% incidence, while the control group using SGLT2i had 2.40%. The task is to determine if this difference suggests a causal effect of GLP-1RA on Bipolar disorder.

First, I should consider whether Bipolar disorder is a common comorbidity in type 2 diabetes patients. Studies have shown an association between diabetes and Bipolar disorder, possibly due to shared genetic factors, inflammation, or other metabolic factors. However, the medications used to treat diabetes, like GLP-1RA and SGLT2i, are not typically known to cause Bipolar disorder.

GLP-1RA medications are generally well-tolerated, but they can cause side effects like nausea, diarrhea, and in rare cases, pancreatitis. They don't have a known association with mental health conditions like Bipolar disorder. Similarly, SGLT2i medications have side effects like urinary tract infections and increased risk of hypoglycemia when used with other diabetes medications, but again, no known link to Bipolar disorder.

The percentages given are quite low (around 2-4%), which suggests that Bipolar disorder is not a common occurrence in this population. The difference between the two groups is small (3.70% vs. 2.40%), which is a 1.3% absolute difference. This isn't a very large effect size, especially considering that the overall study population is people with type 2 diabetes, who may already have a higher risk of certain mental health issues.

Another consideration is whether there's a confounding factor, like the higher BMI in the GLP-1RA group. Bipolar disorder is more common in individuals with higher BMIs or those with more severe metabolic syndrome, but the GLP-1RA group has a higher BMI, which might explain the higher incidence of Bipolar disorder in that group. However, the control group also has a higher age, which could be a confounding factor as older age might be associated with higher rates of Bipolar disorder.

But the main point is that neither GLP-1RA nor SGLT2i are known to cause Bipolar disorder. Therefore, the difference in incidence is likely due to other factors, such as the underlying characteristics of the patients in each group rather than a causal effect of the medications themselves.

Also, looking at the examples provided, when the treatment group had a higher percentage of an outcome, it was considered a positive outcome if it was expected to be caused by the treatment. However, in those examples, the outcomes were things like hypertension, hyperlipidemia, and obesity, which are known side effects or expected outcomes of the treatments. Bipolar disorder isn't an expected side effect of these medications.

Therefore, I don't think there's a causal effect of GLP-1RA on Bipolar disorder in this context. The difference in incidence is probably due to other factors related to the patients, such as their underlying health conditions or other co-morbidities, rather than the treatment itself.
</think>

no",no
Batch2,v4,medical_questions_v4.txt,4,"Question 4
[Background]
We compare two treatments for type 2 diabetes:
- Treatment: GLP-1 Receptor Agonists (GLP-1RA)
- Control: Sodium-Glucose Cotransporter-2 Inhibitors (SGLT2i)
[Task Description]
You’ll receive an outcome and the percentage of affected patients in each group.
Decide whether these treatments have a causal effect on that outcome.
You will receive a query describing an outcome and the proportion of patients in each group who experienced it:
- One percentage for patients using GLP-1RA (treatment group).
- One percentage for patients using SGLT2i (control group).
Your task is to determine whether the treatments (GLP-1RA and SGLT2i) have a causal effect on that outcome.
[Cohort Description]
Adults with type 2 diabetes who began either GLP-1RA or SGLT2i.
All had a prior diabetes diagnosis.
GLP-1RA users: mean age 58.0, BMI 37.4.
SGLT2i users: mean age 64.6, BMI 32.8.
Charlson Comorbidity Index ≥ 3 in 65.2% (GLP-1RA) and 68.5% (SGLT2i).
[Instruction]
- Judge whether the treatments causally influence the outcome.
- Both treatments are expected to behave similarly (either both yes or both no).
- “Yes” = Positive Outcome (OOI); “No” = Negative Control Outcome (NCO).
- Reply with only “yes” or “no.”
[Few-shot Examples]
- Treatment group using GLP-1RA (treatment) had 0.06% Foreign body in orifice, compared with 0.09% for control group using SGLT2i. Does treatment have causal effect to the Foreign body in orifice (is it a Positive Outcome)? - no
- Treatment group using GLP-1RA (treatment) had 0.01% Toxic effect of lead compound, compared with 0.04% for control group using SGLT2i. Does treatment have causal effect to the Toxic effect of lead compound (is it a Positive Outcome)? - no
- Treatment group using GLP-1RA (treatment) had 1.29% Epidermoid cyst, compared with 0.58% for control group using SGLT2i. Does treatment have causal effect to the Epidermoid cyst (is it a Positive Outcome)? - no
- Treatment group using GLP-1RA (treatment) had 78.37% Hypertension, compared with 84.71% for control group using SGLT2i. Does treatment have causal effect to the Hypertension (is it a Positive Outcome)? - yes
- Treatment group using GLP-1RA (treatment) had 78.09% Hyperlipidemia, compared with 84.45% for control group using SGLT2i. Does treatment have causal effect to the Hyperlipidemia (is it a Positive Outcome)? - yes
- Treatment group using GLP-1RA (treatment) had 64.14% Obesity, compared with 44.50% for control group using SGLT2i. Does treatment have causal effect to the Obesity (is it a Positive Outcome)? - yes
[Your Task]
[Question]
Treatment group using GLP-1RA (treatment) had 3.70% Bipolar disorder, compared with 2.40% for control group using SGLT2i. Does treatment have causal effect to the Bipolar disorder (is it a Positive Outcome)?
Answer: [Your answer, ""yes"" or ""no""]",9,"Okay, so I have this question about whether GLP-1RA treatments cause Bipolar Disorder compared to SGLT2i. Let me try to break this down step by step.

First, I need to understand the context. Both GLP-1RA and SGLT2i are medications used to treat type 2 diabetes. They work differently: GLP-1RA stimulates the release of insulin and slows digestion, while SGLT2i inhibits glucose reabsorption, helping the kidneys remove sugar through urine.

The question provides data on the incidence of Bipolar Disorder in both treatment groups. The treatment group (GLP-1RA) has a 3.70% incidence, and the control group (SGLT2i) has 2.40%. The task is to determine if this difference is due to a causal effect of the treatment on Bipolar Disorder.

I remember from the examples that when the treatment group has a higher incidence of an outcome, it's considered a positive outcome, and the answer is ""yes."" Conversely, if the control group has a higher rate, it's a negative outcome, and the answer is ""no.""

In this case, the treatment group has a slightly higher percentage (3.70%) compared to the control group (2.40%). So, following the examples, I should check if the higher percentage means the treatment causes the outcome. The examples show that when the treatment group has a higher rate, it's a ""yes."" For instance, in the case of Hypertension, the treatment group had 78.37% versus 84.71% in control, and the answer was ""yes.""

But wait, Bipolar Disorder is a mental health condition, not a typical diabetes-related complication like hypoglycemia or weight gain. I'm not sure if GLP-1RA or SGLT2i are known to cause Bipolar Disorder. From what I know, these medications are not associated with an increased risk of Bipolar Disorder. They're more about managing blood sugar levels.

So, maybe the higher percentage in the GLP-1RA group is just a coincidence or due to other factors, not causation. For example, maybe the study groups had different baseline characteristics, like comorbidities or other conditions, which could affect the incidence of Bipolar Disorder.

Looking at the cohort description, both groups have similar comorbidities (Charlson Index around 65-68%). The GLP-1RA group is slightly younger and has a higher BMI, which might be related to obesity-related conditions. SGLT2i users are older but have a lower BMI. Bipolar Disorder can be influenced by various factors, including genetics, environmental factors, and other health conditions.

Since the example with Obesity showed that GLP-1RA had a higher incidence (64.14% vs 44.50%), and the answer was ""yes,"" implying causation, maybe the same logic applies here. But Bipolar Disorder is a different type of outcome. I'm not sure if the same causal reasoning applies because the mechanisms for Bipolar Disorder aren't tied directly to diabetes medications like weight gain or hypoglycemia.

In the examples provided, when the treatment group had a higher rate, it was considered a positive outcome. So, following that, the answer here should be ""yes."" But I'm a bit hesitant because Bipolar Disorder isn't a typical side effect of these medications. Maybe the answer is ""no"" because there's no known causal link, despite the higher percentage.

I'm a bit confused. On one hand, the data shows higher in treatment group, so ""yes"" per examples. On the other hand, medical knowledge suggests no causal link. But the task is to base it on the data, not on prior knowledge. So, perhaps I should stick with the data pattern.

In the examples, when treatment group had higher, it was ""yes."" So, even if the outcome isn't expected, the answer is based on the observed data. Therefore, I should answer ""yes.""
</think>

yes",yes
Batch2,v4,medical_questions_v4.txt,4,"Question 4
[Background]
We compare two treatments for type 2 diabetes:
- Treatment: GLP-1 Receptor Agonists (GLP-1RA)
- Control: Sodium-Glucose Cotransporter-2 Inhibitors (SGLT2i)
[Task Description]
You’ll receive an outcome and the percentage of affected patients in each group.
Decide whether these treatments have a causal effect on that outcome.
You will receive a query describing an outcome and the proportion of patients in each group who experienced it:
- One percentage for patients using GLP-1RA (treatment group).
- One percentage for patients using SGLT2i (control group).
Your task is to determine whether the treatments (GLP-1RA and SGLT2i) have a causal effect on that outcome.
[Cohort Description]
Adults with type 2 diabetes who began either GLP-1RA or SGLT2i.
All had a prior diabetes diagnosis.
GLP-1RA users: mean age 58.0, BMI 37.4.
SGLT2i users: mean age 64.6, BMI 32.8.
Charlson Comorbidity Index ≥ 3 in 65.2% (GLP-1RA) and 68.5% (SGLT2i).
[Instruction]
- Judge whether the treatments causally influence the outcome.
- Both treatments are expected to behave similarly (either both yes or both no).
- “Yes” = Positive Outcome (OOI); “No” = Negative Control Outcome (NCO).
- Reply with only “yes” or “no.”
[Few-shot Examples]
- Treatment group using GLP-1RA (treatment) had 0.06% Foreign body in orifice, compared with 0.09% for control group using SGLT2i. Does treatment have causal effect to the Foreign body in orifice (is it a Positive Outcome)? - no
- Treatment group using GLP-1RA (treatment) had 0.01% Toxic effect of lead compound, compared with 0.04% for control group using SGLT2i. Does treatment have causal effect to the Toxic effect of lead compound (is it a Positive Outcome)? - no
- Treatment group using GLP-1RA (treatment) had 1.29% Epidermoid cyst, compared with 0.58% for control group using SGLT2i. Does treatment have causal effect to the Epidermoid cyst (is it a Positive Outcome)? - no
- Treatment group using GLP-1RA (treatment) had 78.37% Hypertension, compared with 84.71% for control group using SGLT2i. Does treatment have causal effect to the Hypertension (is it a Positive Outcome)? - yes
- Treatment group using GLP-1RA (treatment) had 78.09% Hyperlipidemia, compared with 84.45% for control group using SGLT2i. Does treatment have causal effect to the Hyperlipidemia (is it a Positive Outcome)? - yes
- Treatment group using GLP-1RA (treatment) had 64.14% Obesity, compared with 44.50% for control group using SGLT2i. Does treatment have causal effect to the Obesity (is it a Positive Outcome)? - yes
[Your Task]
[Question]
Treatment group using GLP-1RA (treatment) had 3.70% Bipolar disorder, compared with 2.40% for control group using SGLT2i. Does treatment have causal effect to the Bipolar disorder (is it a Positive Outcome)?
Answer: [Your answer, ""yes"" or ""no""]",10,"Okay, so I'm trying to figure out whether GLP-1RA treatments have a causal effect on Bipolar disorder in patients with type 2 diabetes. The data given is that 3.70% of GLP-1RA users experienced Bipolar disorder, compared to 2.40% in the SGLT2i group. 

First, I need to understand what GLP-1RA and SGLT2i do. GLP-1 receptor agonists are medications that help with weight loss, lower blood glucose, and might help with heart health. They are often used in type 2 diabetes. SGLT2 inhibitors also help lower blood glucose by preventing the kidneys from reabsorbing glucose. Both are used in treating diabetes, but they have different side effects.

Now, Bipolar disorder is a mental health condition characterized by extreme mood swings, typically involving mania and depression. I know that some medications can increase the risk of mental health issues, but I'm not sure about GLP-1RA or SGLT2i specifically.

Looking at the percentages, GLP-1RA users have a slightly higher incidence of Bipolar disorder (3.7%) compared to SGLT2i users (2.4%). The question is whether this difference is causal, meaning that GLP-1RA causes Bipolar disorder.

I should consider whether there's a known link between these medications and Bipolar disorder. From what I remember, GLP-1RA is generally well-tolerated, but I'm not aware of any direct link to Bipolar disorder. SGLT2i might have fewer side effects related to mental health compared to other diabetes medications like sulfonylureas, which can sometimes cause mood issues.

Another angle is to look at the characteristics of the patients. The GLP-1RA group is younger (mean age 58) compared to the SGLT2i group (mean age 64.6), and they have a higher BMI (37.4 vs. 32.8). They also have higher comorbidity indices, which might mean more underlying health issues. However, Bipolar disorder is a mental health condition, so comorbidities like cardiovascular issues might not directly cause Bipolar disorder.

Since both treatments are diabetes medications, it's possible that the higher incidence in GLP-1RA is due to another factor, like the population differences. The GLP-1RA users are more likely to have other health issues, which might include mental health conditions. Alternatively, it could be a coincidence or a statistical fluke.

Given that both treatments are supposed to behave similarly in terms of causality (either both have an effect or neither does), and considering the examples provided, where a higher percentage in treatment didn't always mean causation, I think the same applies here. The slight increase in Bipolar disorder in GLP-1RA users doesn't necessarily mean it's caused by the treatment. There could be other factors at play, like the population differences or other health conditions they have.

Therefore, it's more likely that the difference is coincidental or due to other factors rather than a causal effect of the treatment itself.
</think>

no",no
Batch2,v4,medical_questions_v4.txt,5,"Question 5
[Background]
We compare two treatments for type 2 diabetes:
- Treatment: GLP-1 Receptor Agonists (GLP-1RA)
- Control: Sodium-Glucose Cotransporter-2 Inhibitors (SGLT2i)
[Task Description]
You’ll receive an outcome and the percentage of affected patients in each group.
Decide whether these treatments have a causal effect on that outcome.
You will receive a query describing an outcome and the proportion of patients in each group who experienced it:
- One percentage for patients using GLP-1RA (treatment group).
- One percentage for patients using SGLT2i (control group).
Your task is to determine whether the treatments (GLP-1RA and SGLT2i) have a causal effect on that outcome.
[Cohort Description]
Adults with type 2 diabetes who began either GLP-1RA or SGLT2i.
All had a prior diabetes diagnosis.
GLP-1RA users: mean age 58.0, BMI 37.4.
SGLT2i users: mean age 64.6, BMI 32.8.
Charlson Comorbidity Index ≥ 3 in 65.2% (GLP-1RA) and 68.5% (SGLT2i).
[Instruction]
- Judge whether the treatments causally influence the outcome.
- Both treatments are expected to behave similarly (either both yes or both no).
- “Yes” = Positive Outcome (OOI); “No” = Negative Control Outcome (NCO).
- Reply with only “yes” or “no.”
[Few-shot examples]
- Treatment group using GLP-1RA (treatment) had 0.06% Foreign body in orifice, compared with 0.09% for control group using SGLT2i. Does treatment have causal effect to the Foreign body in orifice (is it a Positive Outcome)? - no
- Treatment group using GLP-1RA (treatment) had 0.01% Toxic effect of lead compound, compared with 0.04% for control group using SGLT2i. Does treatment have causal effect to the Toxic effect of lead compound (is it a Positive Outcome)? - no
- Treatment group using GLP-1RA (treatment) had 1.29% Epidermoid cyst, compared with 0.58% for control group using SGLT2i. Does treatment have causal effect to the Epidermoid cyst (is it a Positive Outcome)? - no
- Treatment group using GLP-1RA (treatment) had 78.37% Hypertension, compared with 84.71% for control group using SGLT2i. Does treatment have causal effect to the Hypertension (is it a Positive Outcome)? - yes
- Treatment group using GLP-1RA (treatment) had 78.09% Hyperlipidemia, compared with 84.45% for control group using SGLT2i. Does treatment have causal effect to the Hyperlipidemia (is it a Positive Outcome)? - yes
- Treatment group using GLP-1RA (treatment) had 64.14% Obesity, compared with 44.50% for control group using SGLT2i. Does treatment have causal effect to the Obesity (is it a Positive Outcome)? - yes
[Your Task]
[Question]
Treatment group using GLP-1RA (treatment) had 0.06% Malingering, compared with 0.04% for control group using SGLT2i. Does treatment have causal effect to the Malingering (is it a Positive Outcome)?
Answer: [Your answer, ""yes"" or ""no""]",1,"Alright, let's tackle this question. So, the task is to determine whether GLP-1RA treatment has a causal effect on malingering in patients with type 2 diabetes. The data provided shows that 0.06% of GLP-1RA users experienced malingering, while 0.04% of SGLT2i users did so.

First, I need to understand what malingering is. Malingering is a condition where a person intentionally exaggerates or feigns symptoms of a disorder for various reasons, such as attention-seeking or secondary gain. It's a behavioral condition, not a physical one.

Now, considering the treatments: GLP-1RA (GLucagon-Like Peptide-1 Receptor Agonists) are typically used to manage blood glucose levels in type 2 diabetes. They help in weight loss and can reduce the risk of cardiovascular events. On the other hand, SGLT2i (Sodium-Glucose Cotransporter-2 Inhibitors) are also used for managing type 2 diabetes, often leading to weight loss and a reduction in cardiovascular death.

Looking at the percentages, GLP-1RA users have a slightly higher rate of malingering (0.06%) compared to SGLT2i users (0.04%). But, given that both are used for similar conditions, it's possible that the higher rate in GLP-1RA could be a coincidence or due to some other factor, not necessarily causation.

I should also consider the comorbidity indices. Both groups have a high Charlson score, which suggests they have significant comorbidities. Malingering could be influenced by various factors, such as psychological stress, underlying mental health issues, or the effectiveness of the treatment itself. If GLP-1RA is more effective, patients might be more satisfied, but it's also possible that it doesn't directly cause malingering.

Another angle is to look at the examples provided. In the examples, when the treatment group had a higher rate, it was sometimes considered a positive outcome, but only if the outcome was expected to be influenced by the treatment. For instance, hypertension and hyperlipidemia, which are common in diabetic patients, were considered positive outcomes because the treatments are known to affect these conditions.

However, malingering isn't a direct outcome of diabetes treatment. It's more of a behavioral or psychological issue. Therefore, it's unlikely that either GLP-1RA or SGLT2i would directly cause malingering. The small percentage difference might be due to random chance, especially since both treatments have small percentages.

Also, considering that both treatments are used in similar patient populations, any differences in the incidence of malingering are more likely due to other variables, like the psychological health of the patients or other underlying conditions, rather than the specific medication used.

In summary, the data doesn't provide strong evidence that GLP-1RA causes malingering. The small percentages and the nature of malingering suggest that it's not a direct causal effect of the treatment.
</think>

no",no
Batch2,v4,medical_questions_v4.txt,5,"Question 5
[Background]
We compare two treatments for type 2 diabetes:
- Treatment: GLP-1 Receptor Agonists (GLP-1RA)
- Control: Sodium-Glucose Cotransporter-2 Inhibitors (SGLT2i)
[Task Description]
You’ll receive an outcome and the percentage of affected patients in each group.
Decide whether these treatments have a causal effect on that outcome.
You will receive a query describing an outcome and the proportion of patients in each group who experienced it:
- One percentage for patients using GLP-1RA (treatment group).
- One percentage for patients using SGLT2i (control group).
Your task is to determine whether the treatments (GLP-1RA and SGLT2i) have a causal effect on that outcome.
[Cohort Description]
Adults with type 2 diabetes who began either GLP-1RA or SGLT2i.
All had a prior diabetes diagnosis.
GLP-1RA users: mean age 58.0, BMI 37.4.
SGLT2i users: mean age 64.6, BMI 32.8.
Charlson Comorbidity Index ≥ 3 in 65.2% (GLP-1RA) and 68.5% (SGLT2i).
[Instruction]
- Judge whether the treatments causally influence the outcome.
- Both treatments are expected to behave similarly (either both yes or both no).
- “Yes” = Positive Outcome (OOI); “No” = Negative Control Outcome (NCO).
- Reply with only “yes” or “no.”
[Few-shot examples]
- Treatment group using GLP-1RA (treatment) had 0.06% Foreign body in orifice, compared with 0.09% for control group using SGLT2i. Does treatment have causal effect to the Foreign body in orifice (is it a Positive Outcome)? - no
- Treatment group using GLP-1RA (treatment) had 0.01% Toxic effect of lead compound, compared with 0.04% for control group using SGLT2i. Does treatment have causal effect to the Toxic effect of lead compound (is it a Positive Outcome)? - no
- Treatment group using GLP-1RA (treatment) had 1.29% Epidermoid cyst, compared with 0.58% for control group using SGLT2i. Does treatment have causal effect to the Epidermoid cyst (is it a Positive Outcome)? - no
- Treatment group using GLP-1RA (treatment) had 78.37% Hypertension, compared with 84.71% for control group using SGLT2i. Does treatment have causal effect to the Hypertension (is it a Positive Outcome)? - yes
- Treatment group using GLP-1RA (treatment) had 78.09% Hyperlipidemia, compared with 84.45% for control group using SGLT2i. Does treatment have causal effect to the Hyperlipidemia (is it a Positive Outcome)? - yes
- Treatment group using GLP-1RA (treatment) had 64.14% Obesity, compared with 44.50% for control group using SGLT2i. Does treatment have causal effect to the Obesity (is it a Positive Outcome)? - yes
[Your Task]
[Question]
Treatment group using GLP-1RA (treatment) had 0.06% Malingering, compared with 0.04% for control group using SGLT2i. Does treatment have causal effect to the Malingering (is it a Positive Outcome)?
Answer: [Your answer, ""yes"" or ""no""]",2,"Alright, let's try to figure out whether GLP-1RA treatment has a causal effect on malingering in this scenario. So, from the question, we have two groups: one using GLP-1RA and the other using SGLT2i. The outcome is malingering, with 0.06% in the treatment group and 0.04% in the control group. 

First, I need to understand what malingering is. Malingering is when someone intentionally exaggerates or feigns symptoms for various motives, like attention-seeking or financial gain. It's more common in certain settings, like personal injury cases, but can also occur in other contexts.

Now, looking at the context of the patients: they're adults with type 2 diabetes who started either GLP-1RA or SGLT2i. Both treatments are used for managing blood sugar levels. GLP-1RA works by increasing insulin release and decreasing glucose production, while SGLT2i inhibits glucose reabsorption, promoting excretion.

The question is whether these medications cause malingering. The percentages are quite low—0.06% versus 0.04%. That's a small difference. I wonder if such a small difference is significant or if it's just a coincidence.

The instruction says that both treatments are expected to behave similarly, either both yes or both no. So, if GLP-1RA has a causal effect on malingering, then SGLT2i should too. But I need to determine if there's a causal link.

Causality in medical research often involves understanding whether one factor directly leads to another. Here, the outcome is malingering, which is a behavioral issue, not a physical condition. The treatments are medications for diabetes. I don't recall diabetes medications causing behavioral changes like malingering. In fact, both GLP-1RA and SGLT2i are generally well-tolerated and don't have known side effects related to malingering.

Moreover, the comorbidity indices are similar—65.2% vs. 68.5%—so there's no major difference in the health status of the patients that would immediately link the treatments to malingering. The age and BMI also aren't drastically different, though GLP-1RA users are slightly younger and have a higher BMI, which might be relevant, but malingering isn't directly tied to BMI or age.

Looking at the examples provided, for instance, the Foreign body in orifice and Toxic effect of lead compound had low percentages and were deemed negative outcomes. The same with Epidermoid cyst. For positive outcomes like Hypertension and Hyperlipidemia, the treatment group had higher rates, but those are actual medical conditions, which makes sense for diabetes medications.

Malingering, however, is different. It's a condition where patients may report symptoms for secondary gain, but it's not a direct physical outcome of a treatment. Therefore, even though the treatment group has a slightly higher incidence, it's unlikely that the medication caused it. The behavior is more related to psychological factors or potential secondary gains rather than the pharmacological effects of the diabetes drugs.

Also, considering the low percentages, 0.06% is very rare. Both groups are rare in experiencing malingering, so it's hard to draw a strong conclusion from such small numbers. Without more data or a stronger association, it's safer to assume there's no causal effect.

So, putting it all together, GLP-1RA and SGLT2i are diabetes medications that don't typically cause malingering. The small difference in percentages is likely a coincidence or due to other factors not accounted for in the data provided. Therefore, the treatment does not have a causal effect on malingering.
</think>

no",no
Batch2,v4,medical_questions_v4.txt,5,"Question 5
[Background]
We compare two treatments for type 2 diabetes:
- Treatment: GLP-1 Receptor Agonists (GLP-1RA)
- Control: Sodium-Glucose Cotransporter-2 Inhibitors (SGLT2i)
[Task Description]
You’ll receive an outcome and the percentage of affected patients in each group.
Decide whether these treatments have a causal effect on that outcome.
You will receive a query describing an outcome and the proportion of patients in each group who experienced it:
- One percentage for patients using GLP-1RA (treatment group).
- One percentage for patients using SGLT2i (control group).
Your task is to determine whether the treatments (GLP-1RA and SGLT2i) have a causal effect on that outcome.
[Cohort Description]
Adults with type 2 diabetes who began either GLP-1RA or SGLT2i.
All had a prior diabetes diagnosis.
GLP-1RA users: mean age 58.0, BMI 37.4.
SGLT2i users: mean age 64.6, BMI 32.8.
Charlson Comorbidity Index ≥ 3 in 65.2% (GLP-1RA) and 68.5% (SGLT2i).
[Instruction]
- Judge whether the treatments causally influence the outcome.
- Both treatments are expected to behave similarly (either both yes or both no).
- “Yes” = Positive Outcome (OOI); “No” = Negative Control Outcome (NCO).
- Reply with only “yes” or “no.”
[Few-shot examples]
- Treatment group using GLP-1RA (treatment) had 0.06% Foreign body in orifice, compared with 0.09% for control group using SGLT2i. Does treatment have causal effect to the Foreign body in orifice (is it a Positive Outcome)? - no
- Treatment group using GLP-1RA (treatment) had 0.01% Toxic effect of lead compound, compared with 0.04% for control group using SGLT2i. Does treatment have causal effect to the Toxic effect of lead compound (is it a Positive Outcome)? - no
- Treatment group using GLP-1RA (treatment) had 1.29% Epidermoid cyst, compared with 0.58% for control group using SGLT2i. Does treatment have causal effect to the Epidermoid cyst (is it a Positive Outcome)? - no
- Treatment group using GLP-1RA (treatment) had 78.37% Hypertension, compared with 84.71% for control group using SGLT2i. Does treatment have causal effect to the Hypertension (is it a Positive Outcome)? - yes
- Treatment group using GLP-1RA (treatment) had 78.09% Hyperlipidemia, compared with 84.45% for control group using SGLT2i. Does treatment have causal effect to the Hyperlipidemia (is it a Positive Outcome)? - yes
- Treatment group using GLP-1RA (treatment) had 64.14% Obesity, compared with 44.50% for control group using SGLT2i. Does treatment have causal effect to the Obesity (is it a Positive Outcome)? - yes
[Your Task]
[Question]
Treatment group using GLP-1RA (treatment) had 0.06% Malingering, compared with 0.04% for control group using SGLT2i. Does treatment have causal effect to the Malingering (is it a Positive Outcome)?
Answer: [Your answer, ""yes"" or ""no""]",3,"Okay, so I'm trying to figure out whether GLP-1 Receptor Agonists (GLP-1RA) have a causal effect on malingering in patients with type 2 diabetes compared to Sodium-Glucose Cotransporter-2 Inhibitors (SGLT2i). 

First, I need to understand what malingering is. From what I know, malingering is when someone intentionally exaggerates or feign symptoms of a condition for various reasons, like to obtain medical attention or avoid responsibilities. It's a behavioral issue, not a physical condition.

The data given is that 0.06% of GLP-1RA users experienced malingering, while 0.04% of SGLT2i users did. So, the treatment group has a slightly higher percentage of malingering cases. 

Now, I should consider whether this difference is significant enough to suggest causation. Both drugs are used to manage type 2 diabetes, but they work differently. GLP-1RA helps in glucose regulation by increasing insulin and decreasing glucagon, while SGLT2i inhibits the kidneys from reabsorbing glucose, thus promoting excretion. 

Malingering is more of a psychological or behavioral issue. I'm not sure how diabetes treatments directly influence malingering. It could be that patients with certain comorbidities are more likely to malinger, regardless of their treatment. 

Looking at the cohort description, both groups have similar baseline characteristics in terms of age, BMI, and comorbidity indices. The GLP-1RA group is slightly younger and has a higher BMI, but that doesn't directly point to malingering. 

In the examples provided, when the treatment group had a higher percentage of an outcome, it was considered a positive outcome only if it was expected to be caused by the treatment. For instance, hypertension and hyperlipidemia were considered positive because they are known side effects of diabetes medications. 

However, malingering isn't a typical side effect of these medications. It's more about patient behavior. So, even though GLP-1RA users have a slightly higher incidence, it's unclear if this is causally related to the treatment. 

Moreover, the instruction says that both treatments should behave similarly, either both yes or both no. Since malingering isn't directly related to the mechanisms of these drugs, it's more likely that neither treatment causes malingering. 

Therefore, I think the answer should be ""no"" because there's no causal link between the treatments and malingering.
</think>

no",no
Batch2,v4,medical_questions_v4.txt,5,"Question 5
[Background]
We compare two treatments for type 2 diabetes:
- Treatment: GLP-1 Receptor Agonists (GLP-1RA)
- Control: Sodium-Glucose Cotransporter-2 Inhibitors (SGLT2i)
[Task Description]
You’ll receive an outcome and the percentage of affected patients in each group.
Decide whether these treatments have a causal effect on that outcome.
You will receive a query describing an outcome and the proportion of patients in each group who experienced it:
- One percentage for patients using GLP-1RA (treatment group).
- One percentage for patients using SGLT2i (control group).
Your task is to determine whether the treatments (GLP-1RA and SGLT2i) have a causal effect on that outcome.
[Cohort Description]
Adults with type 2 diabetes who began either GLP-1RA or SGLT2i.
All had a prior diabetes diagnosis.
GLP-1RA users: mean age 58.0, BMI 37.4.
SGLT2i users: mean age 64.6, BMI 32.8.
Charlson Comorbidity Index ≥ 3 in 65.2% (GLP-1RA) and 68.5% (SGLT2i).
[Instruction]
- Judge whether the treatments causally influence the outcome.
- Both treatments are expected to behave similarly (either both yes or both no).
- “Yes” = Positive Outcome (OOI); “No” = Negative Control Outcome (NCO).
- Reply with only “yes” or “no.”
[Few-shot examples]
- Treatment group using GLP-1RA (treatment) had 0.06% Foreign body in orifice, compared with 0.09% for control group using SGLT2i. Does treatment have causal effect to the Foreign body in orifice (is it a Positive Outcome)? - no
- Treatment group using GLP-1RA (treatment) had 0.01% Toxic effect of lead compound, compared with 0.04% for control group using SGLT2i. Does treatment have causal effect to the Toxic effect of lead compound (is it a Positive Outcome)? - no
- Treatment group using GLP-1RA (treatment) had 1.29% Epidermoid cyst, compared with 0.58% for control group using SGLT2i. Does treatment have causal effect to the Epidermoid cyst (is it a Positive Outcome)? - no
- Treatment group using GLP-1RA (treatment) had 78.37% Hypertension, compared with 84.71% for control group using SGLT2i. Does treatment have causal effect to the Hypertension (is it a Positive Outcome)? - yes
- Treatment group using GLP-1RA (treatment) had 78.09% Hyperlipidemia, compared with 84.45% for control group using SGLT2i. Does treatment have causal effect to the Hyperlipidemia (is it a Positive Outcome)? - yes
- Treatment group using GLP-1RA (treatment) had 64.14% Obesity, compared with 44.50% for control group using SGLT2i. Does treatment have causal effect to the Obesity (is it a Positive Outcome)? - yes
[Your Task]
[Question]
Treatment group using GLP-1RA (treatment) had 0.06% Malingering, compared with 0.04% for control group using SGLT2i. Does treatment have causal effect to the Malingering (is it a Positive Outcome)?
Answer: [Your answer, ""yes"" or ""no""]",4,"Okay, so I need to figure out whether GLP-1 Receptor Agonists (GLP-1RA) have a causal effect on malingering, based on the given percentages of patients experiencing it in each treatment group.

First, I should understand the context. Both GLP-1RA and SGLT2i are diabetes treatments. The question gives me the percentage of patients in each group who developed malingering. The treatment group (GLP-1RA) had 0.06%, and the control group (SGLT2i) had 0.04%. 

I remember from the examples provided that if the treatment group has a higher percentage than the control, it's considered a positive outcome, and the treatment might have a causal effect. Conversely, if the treatment group has a lower percentage, it's a negative outcome, meaning no causal effect.

In this case, GLP-1RA is the treatment, and their rate is 0.06%, while the control is 0.04%. So the treatment group has a higher rate. According to the examples, this would suggest that the treatment might have a causal effect on malingering. 

But wait, I should consider other factors. The instruction says that both treatments are expected to behave similarly, either both yes or both no. So if GLP-1RA is yes, SGLT2i should also be yes. However, in this specific question, I'm only focusing on whether GLP-1RA has a causal effect on malingering, not the other way around.

Also, the example where the treatment had a higher rate for hypertension and hyperlipidemia was considered yes, and the same for obesity. So it seems consistent that a higher rate in the treatment group indicates a positive outcome.

I should also think about the context of the outcome. Malingering is a condition where patients feign or exaggerate symptoms for various reasons, like attention-seeking or secondary gain. Is there a known link between diabetes treatments and malingering? From what I know, diabetes medications like GLP-1RA and SGLT2i are not typically associated with malingering. They are used to manage blood sugar levels. 

However, the question is framed as a hypothetical scenario where malingering occurs, and I need to determine causation based purely on the given data. The example questions treated it as a statistical association without considering real-world medical knowledge.

In the examples provided, the answer was yes when the treatment group had a higher rate, even if the outcome seemed unrelated to the treatment. So, following that logic, since 0.06% is higher than 0.04%, the answer should be yes.

I should also consider the other factors mentioned, like age, BMI, and comorbidities. The treatment group (GLP-1RA) had a mean age of 58.0, BMI 37.4, and a Charlson score of 3. GLP-1RA users are younger, have higher BMI, and more comorbidities than SGLT2i users. However, the outcome in question is malingering, which is not directly related to these factors. Therefore, these differences might not influence the causal effect on malingering.

So, putting it all together, since the treatment group has a higher rate of malingering, and the examples indicate that a higher rate in the treatment group implies a positive outcome, the answer should be yes.
</think>

yes",yes
Batch2,v4,medical_questions_v4.txt,5,"Question 5
[Background]
We compare two treatments for type 2 diabetes:
- Treatment: GLP-1 Receptor Agonists (GLP-1RA)
- Control: Sodium-Glucose Cotransporter-2 Inhibitors (SGLT2i)
[Task Description]
You’ll receive an outcome and the percentage of affected patients in each group.
Decide whether these treatments have a causal effect on that outcome.
You will receive a query describing an outcome and the proportion of patients in each group who experienced it:
- One percentage for patients using GLP-1RA (treatment group).
- One percentage for patients using SGLT2i (control group).
Your task is to determine whether the treatments (GLP-1RA and SGLT2i) have a causal effect on that outcome.
[Cohort Description]
Adults with type 2 diabetes who began either GLP-1RA or SGLT2i.
All had a prior diabetes diagnosis.
GLP-1RA users: mean age 58.0, BMI 37.4.
SGLT2i users: mean age 64.6, BMI 32.8.
Charlson Comorbidity Index ≥ 3 in 65.2% (GLP-1RA) and 68.5% (SGLT2i).
[Instruction]
- Judge whether the treatments causally influence the outcome.
- Both treatments are expected to behave similarly (either both yes or both no).
- “Yes” = Positive Outcome (OOI); “No” = Negative Control Outcome (NCO).
- Reply with only “yes” or “no.”
[Few-shot examples]
- Treatment group using GLP-1RA (treatment) had 0.06% Foreign body in orifice, compared with 0.09% for control group using SGLT2i. Does treatment have causal effect to the Foreign body in orifice (is it a Positive Outcome)? - no
- Treatment group using GLP-1RA (treatment) had 0.01% Toxic effect of lead compound, compared with 0.04% for control group using SGLT2i. Does treatment have causal effect to the Toxic effect of lead compound (is it a Positive Outcome)? - no
- Treatment group using GLP-1RA (treatment) had 1.29% Epidermoid cyst, compared with 0.58% for control group using SGLT2i. Does treatment have causal effect to the Epidermoid cyst (is it a Positive Outcome)? - no
- Treatment group using GLP-1RA (treatment) had 78.37% Hypertension, compared with 84.71% for control group using SGLT2i. Does treatment have causal effect to the Hypertension (is it a Positive Outcome)? - yes
- Treatment group using GLP-1RA (treatment) had 78.09% Hyperlipidemia, compared with 84.45% for control group using SGLT2i. Does treatment have causal effect to the Hyperlipidemia (is it a Positive Outcome)? - yes
- Treatment group using GLP-1RA (treatment) had 64.14% Obesity, compared with 44.50% for control group using SGLT2i. Does treatment have causal effect to the Obesity (is it a Positive Outcome)? - yes
[Your Task]
[Question]
Treatment group using GLP-1RA (treatment) had 0.06% Malingering, compared with 0.04% for control group using SGLT2i. Does treatment have causal effect to the Malingering (is it a Positive Outcome)?
Answer: [Your answer, ""yes"" or ""no""]",5,"Okay, so I have this question about whether GLP-1 Receptor Agonists (GLP-1RA) have a causal effect on malingering compared to Sodium-Glucose Cotransporter-2 Inhibitors (SGLT2i) in type 2 diabetes patients. The data given is that 0.06% of GLP-1RA users experienced malingering, while 0.04% of SGLT2i users did. 

First, I need to understand what malingering is. Malingering is the intentional production of false or exaggerated physical symptoms, usually for secondary gain, like attention or financial compensation. It's a behavioral condition, not a physical one. Now, in the context of diabetes treatments, I'm wondering if either GLP-1RA or SGLT2i would cause malingering. 

GLP-1RA is a class of medications that help with weight loss and glucose control by increasing insulin release and reducing appetite. SGLT2i works by inhibiting the kidneys' reabsorption of glucose, thus promoting urine excretion and lowering blood sugar. Both are used to manage type 2 diabetes, but they have different side effects. 

I know that GLP-1RA can sometimes cause digestive issues like nausea, vomiting, and diarrhea, which might be unpleasant for patients. However, malingering is more about behavioral aspects rather than physical symptoms. On the other hand, SGLT2i can cause urinary tract infections or increased urination, which are physical but not directly related to behavioral conditions. 

Looking at the percentages, GLP-1RA has a slightly higher rate of malingering (0.06%) compared to SGLT2i (0.04%). The question is whether this difference suggests a causal effect. 

Now, considering the instruction, both treatments should behave similarly in terms of whether they cause the outcome. If GLP-1RA is causing malingering, SGLT2i should also have a similar effect, either both increasing or both decreasing the rate. Here, GLP-1RA has a higher rate, but SGLT2i has a lower one. This could indicate that GLP-1RA might be associated with malingering, but I need to be cautious because the absolute rates are very low (0.06% vs. 0.04%), meaning the effect size is tiny. 

Moreover, the context is that these are diabetes medications. Malingering is rare, and it's more common in certain psychological conditions. I'm not sure if diabetes medications directly cause malingering. It's possible that the difference is a coincidence, especially given the low percentages. 

Another point is the cohort description. The patients in both groups have similar characteristics, but GLP-1RA users are slightly younger and have a higher BMI. Obesity is a risk factor for malingering, but the SGLT2i group also has a lower BMI. However, the Charlson Comorbidity Index is slightly higher in both groups, but that's more about comorbidities rather than directly causing malingering. 

Looking at the examples provided, the assistant often says ""no"" when the effect is too small or when the outcome isn't something the treatment would typically affect. For instance, in the case of foreign body in the orifice, the assistant concluded ""no"" because it's unrelated. Similarly, for toxic effects, it was ""no."" 

In the case of Hypertension, Hyperlipidemia, and Obesity, the assistant said ""yes"" because those are known side effects of GLP-1RA, which can affect the same outcomes. However, malingering isn't a known side effect of these medications. 

Therefore, considering all this, it's unlikely that GLP-1RA is causally related to malingering. The small difference in percentages might just be a coincidence, especially since malingering rates are extremely low. So, the answer should be ""no.""
</think>

no",no
Batch2,v4,medical_questions_v4.txt,5,"Question 5
[Background]
We compare two treatments for type 2 diabetes:
- Treatment: GLP-1 Receptor Agonists (GLP-1RA)
- Control: Sodium-Glucose Cotransporter-2 Inhibitors (SGLT2i)
[Task Description]
You’ll receive an outcome and the percentage of affected patients in each group.
Decide whether these treatments have a causal effect on that outcome.
You will receive a query describing an outcome and the proportion of patients in each group who experienced it:
- One percentage for patients using GLP-1RA (treatment group).
- One percentage for patients using SGLT2i (control group).
Your task is to determine whether the treatments (GLP-1RA and SGLT2i) have a causal effect on that outcome.
[Cohort Description]
Adults with type 2 diabetes who began either GLP-1RA or SGLT2i.
All had a prior diabetes diagnosis.
GLP-1RA users: mean age 58.0, BMI 37.4.
SGLT2i users: mean age 64.6, BMI 32.8.
Charlson Comorbidity Index ≥ 3 in 65.2% (GLP-1RA) and 68.5% (SGLT2i).
[Instruction]
- Judge whether the treatments causally influence the outcome.
- Both treatments are expected to behave similarly (either both yes or both no).
- “Yes” = Positive Outcome (OOI); “No” = Negative Control Outcome (NCO).
- Reply with only “yes” or “no.”
[Few-shot examples]
- Treatment group using GLP-1RA (treatment) had 0.06% Foreign body in orifice, compared with 0.09% for control group using SGLT2i. Does treatment have causal effect to the Foreign body in orifice (is it a Positive Outcome)? - no
- Treatment group using GLP-1RA (treatment) had 0.01% Toxic effect of lead compound, compared with 0.04% for control group using SGLT2i. Does treatment have causal effect to the Toxic effect of lead compound (is it a Positive Outcome)? - no
- Treatment group using GLP-1RA (treatment) had 1.29% Epidermoid cyst, compared with 0.58% for control group using SGLT2i. Does treatment have causal effect to the Epidermoid cyst (is it a Positive Outcome)? - no
- Treatment group using GLP-1RA (treatment) had 78.37% Hypertension, compared with 84.71% for control group using SGLT2i. Does treatment have causal effect to the Hypertension (is it a Positive Outcome)? - yes
- Treatment group using GLP-1RA (treatment) had 78.09% Hyperlipidemia, compared with 84.45% for control group using SGLT2i. Does treatment have causal effect to the Hyperlipidemia (is it a Positive Outcome)? - yes
- Treatment group using GLP-1RA (treatment) had 64.14% Obesity, compared with 44.50% for control group using SGLT2i. Does treatment have causal effect to the Obesity (is it a Positive Outcome)? - yes
[Your Task]
[Question]
Treatment group using GLP-1RA (treatment) had 0.06% Malingering, compared with 0.04% for control group using SGLT2i. Does treatment have causal effect to the Malingering (is it a Positive Outcome)?
Answer: [Your answer, ""yes"" or ""no""]",6,"Alright, so I need to figure out whether GLP-1RA treatment has a causal effect on malingering in patients with type 2 diabetes. Let's break down the information given.

First, the background says we're comparing GLP-1 Receptor Agonists (GLP-1RA) and Sodium-Glucose Cotransporter-2 Inhibitors (SGLT2i) for type 2 diabetes. The task is to determine if these treatments causally influence a specific outcome, which in this case is malingering.

The data provided is that 0.06% of GLP-1RA users experienced malingering, while 0.04% of SGLT2i users did. So, the treatment group has a slightly higher percentage of malingering cases.

Now, I need to decide if this difference is causal. The instruction mentions that both treatments should behave similarly—either both have a causal effect or neither does. So, if GLP-1RA had a causal effect on malingering, SGLT2i should also have a similar effect. But if neither does, then the difference could be due to other factors.

Looking at the examples given, when the treatment group had a higher percentage for something like hypertension or hyperlipidemia, the answer was ""yes,"" implying a causal effect. Conversely, when the percentages were similar or the treatment group had a lower rate, it was ""no.""

Malingering is a psychological condition where a person intentionally deceives others about a physical or psychological disorder. It's not directly related to diabetes treatment outcomes like weight loss, glycemic control, or cardiovascular effects. GLP-1RA medications are typically used for weight loss and glucose control, not for psychological conditions.

Given that, it's unlikely that GLP-1RA would cause malingering. Moreover, SGLT2i is also used for glucose control but doesn't have a known link to malingering either. Therefore, the higher percentage in the GLP-1RA group might just be a coincidence due to chance or other confounding factors, not a causal effect of the medication.

So, the answer should be ""no"" because neither treatment is expected to cause malingering, and the difference in percentages isn't indicative of a causal relationship.
</think>

no",no
Batch2,v4,medical_questions_v4.txt,5,"Question 5
[Background]
We compare two treatments for type 2 diabetes:
- Treatment: GLP-1 Receptor Agonists (GLP-1RA)
- Control: Sodium-Glucose Cotransporter-2 Inhibitors (SGLT2i)
[Task Description]
You’ll receive an outcome and the percentage of affected patients in each group.
Decide whether these treatments have a causal effect on that outcome.
You will receive a query describing an outcome and the proportion of patients in each group who experienced it:
- One percentage for patients using GLP-1RA (treatment group).
- One percentage for patients using SGLT2i (control group).
Your task is to determine whether the treatments (GLP-1RA and SGLT2i) have a causal effect on that outcome.
[Cohort Description]
Adults with type 2 diabetes who began either GLP-1RA or SGLT2i.
All had a prior diabetes diagnosis.
GLP-1RA users: mean age 58.0, BMI 37.4.
SGLT2i users: mean age 64.6, BMI 32.8.
Charlson Comorbidity Index ≥ 3 in 65.2% (GLP-1RA) and 68.5% (SGLT2i).
[Instruction]
- Judge whether the treatments causally influence the outcome.
- Both treatments are expected to behave similarly (either both yes or both no).
- “Yes” = Positive Outcome (OOI); “No” = Negative Control Outcome (NCO).
- Reply with only “yes” or “no.”
[Few-shot examples]
- Treatment group using GLP-1RA (treatment) had 0.06% Foreign body in orifice, compared with 0.09% for control group using SGLT2i. Does treatment have causal effect to the Foreign body in orifice (is it a Positive Outcome)? - no
- Treatment group using GLP-1RA (treatment) had 0.01% Toxic effect of lead compound, compared with 0.04% for control group using SGLT2i. Does treatment have causal effect to the Toxic effect of lead compound (is it a Positive Outcome)? - no
- Treatment group using GLP-1RA (treatment) had 1.29% Epidermoid cyst, compared with 0.58% for control group using SGLT2i. Does treatment have causal effect to the Epidermoid cyst (is it a Positive Outcome)? - no
- Treatment group using GLP-1RA (treatment) had 78.37% Hypertension, compared with 84.71% for control group using SGLT2i. Does treatment have causal effect to the Hypertension (is it a Positive Outcome)? - yes
- Treatment group using GLP-1RA (treatment) had 78.09% Hyperlipidemia, compared with 84.45% for control group using SGLT2i. Does treatment have causal effect to the Hyperlipidemia (is it a Positive Outcome)? - yes
- Treatment group using GLP-1RA (treatment) had 64.14% Obesity, compared with 44.50% for control group using SGLT2i. Does treatment have causal effect to the Obesity (is it a Positive Outcome)? - yes
[Your Task]
[Question]
Treatment group using GLP-1RA (treatment) had 0.06% Malingering, compared with 0.04% for control group using SGLT2i. Does treatment have causal effect to the Malingering (is it a Positive Outcome)?
Answer: [Your answer, ""yes"" or ""no""]",7,"Okay, so I'm trying to figure out whether GLP-1RA treatments have a causal effect on malingering compared to SGLT2i in type 2 diabetes patients. Let's break this down step by step.

First, I remember that malingering is when someone intentionally exaggerates or feign symptoms for various reasons, like attention-seeking or secondary gain. It's not a common outcome in diabetes treatment, as far as I know. The question gives me the percentages of patients experiencing malingering in each group. The treatment group (GLP-1RA) has 0.06%, and the control group (SGLT2i) has 0.04%. 

Wait, so that means more patients on GLP-1RA are reporting malingering than those on SGLT2i. But does that mean GLP-1RA causes malingering? Or is there another factor at play here?

I need to consider the baseline characteristics of both groups. The GLP-1RA users are slightly younger (mean age 58.0 vs. 64.6), have a higher BMI (37.4 vs. 32.8), and have a similar comorbidity index (65.2% vs. 68.5%). These differences could influence the outcome.

Malingering is a behavioral issue, not a direct medical complication of diabetes or its treatments. So, I wonder if the higher incidence in GLP-1RA users is due to the medication itself or some other factor, like how the patients are being monitored or the support they receive.

Another thought: perhaps the way malingering is being assessed differs between the two groups. Maybe the SGLT2i group is more closely monitored, leading to fewer cases being reported, or vice versa.

Also, considering the examples provided, when the treatment group had a lower percentage for a specific outcome, the answer was ""no,"" implying that a higher percentage in the control group might indicate a causal effect. But in those examples, the outcomes were more directly related to the treatments, like hypertension or hyperlipidemia, which are expected side effects.

Malingering isn't a typical side effect of GLP-1RA or SGLT2i. These medications are more about blood sugar control and weight loss, not influencing behavior like malingering. So, the higher percentage in the treatment group might be a coincidence or due to other factors, not causation.

Additionally, both medications have different mechanisms. GLP-1RA helps with glucose control and can cause weight loss, while SGLT2i also helps with glucose but may have different side effects. If malingering is influenced by weight loss or other factors, maybe the GLP-1RA group's higher BMI plays a role, but that's speculative.

I should also think about the comorbidity index. Both groups have high comorbidities, but they don't directly relate to malingering. Malingering is more psychological, so the higher comorbidity in SGLT2i might not be a factor here.

Another angle: perhaps the patients on GLP-1RA are more likely to report any symptoms, leading to more malingering reports, but that seems less likely. Malingering is about exaggeration, not just reporting any symptoms.

In the given examples, when the outcome was a side effect of the treatment, like hypertension or hyperlipidemia, the answer was ""yes."" But malingering isn't a known side effect of these medications, so it's more of a control outcome. Therefore, if the treatment group has a higher percentage, it might mean that the treatment doesn't cause it, and the control group is better, so the answer would be ""no.""

Wait, in the examples provided, when the treatment group had a lower percentage, the answer was ""no,"" implying that the treatment wasn't causing the outcome. So in this case, GLP-1RA has a higher percentage (0.06%) compared to SGLT2i (0.04%). Since the outcome is malingering, which isn't a treatment effect, and the treatment group has a higher percentage, it suggests that the treatment isn't causing it. Therefore, the causal effect would be ""no.""
</think>

no",no
Batch2,v4,medical_questions_v4.txt,5,"Question 5
[Background]
We compare two treatments for type 2 diabetes:
- Treatment: GLP-1 Receptor Agonists (GLP-1RA)
- Control: Sodium-Glucose Cotransporter-2 Inhibitors (SGLT2i)
[Task Description]
You’ll receive an outcome and the percentage of affected patients in each group.
Decide whether these treatments have a causal effect on that outcome.
You will receive a query describing an outcome and the proportion of patients in each group who experienced it:
- One percentage for patients using GLP-1RA (treatment group).
- One percentage for patients using SGLT2i (control group).
Your task is to determine whether the treatments (GLP-1RA and SGLT2i) have a causal effect on that outcome.
[Cohort Description]
Adults with type 2 diabetes who began either GLP-1RA or SGLT2i.
All had a prior diabetes diagnosis.
GLP-1RA users: mean age 58.0, BMI 37.4.
SGLT2i users: mean age 64.6, BMI 32.8.
Charlson Comorbidity Index ≥ 3 in 65.2% (GLP-1RA) and 68.5% (SGLT2i).
[Instruction]
- Judge whether the treatments causally influence the outcome.
- Both treatments are expected to behave similarly (either both yes or both no).
- “Yes” = Positive Outcome (OOI); “No” = Negative Control Outcome (NCO).
- Reply with only “yes” or “no.”
[Few-shot examples]
- Treatment group using GLP-1RA (treatment) had 0.06% Foreign body in orifice, compared with 0.09% for control group using SGLT2i. Does treatment have causal effect to the Foreign body in orifice (is it a Positive Outcome)? - no
- Treatment group using GLP-1RA (treatment) had 0.01% Toxic effect of lead compound, compared with 0.04% for control group using SGLT2i. Does treatment have causal effect to the Toxic effect of lead compound (is it a Positive Outcome)? - no
- Treatment group using GLP-1RA (treatment) had 1.29% Epidermoid cyst, compared with 0.58% for control group using SGLT2i. Does treatment have causal effect to the Epidermoid cyst (is it a Positive Outcome)? - no
- Treatment group using GLP-1RA (treatment) had 78.37% Hypertension, compared with 84.71% for control group using SGLT2i. Does treatment have causal effect to the Hypertension (is it a Positive Outcome)? - yes
- Treatment group using GLP-1RA (treatment) had 78.09% Hyperlipidemia, compared with 84.45% for control group using SGLT2i. Does treatment have causal effect to the Hyperlipidemia (is it a Positive Outcome)? - yes
- Treatment group using GLP-1RA (treatment) had 64.14% Obesity, compared with 44.50% for control group using SGLT2i. Does treatment have causal effect to the Obesity (is it a Positive Outcome)? - yes
[Your Task]
[Question]
Treatment group using GLP-1RA (treatment) had 0.06% Malingering, compared with 0.04% for control group using SGLT2i. Does treatment have causal effect to the Malingering (is it a Positive Outcome)?
Answer: [Your answer, ""yes"" or ""no""]",8,"Okay, so I need to figure out whether GLP-1RA treatment has a causal effect on malingering in type 2 diabetes patients. Let's break this down step by step.

First, I'll recall what GLP-1RA and SGLT2i are. GLP-1 Receptor Agonists, like exenatide or liraglutide, are medications that help lower blood glucose by increasing insulin release and decreasing sugar production. They also have side effects like nausea and diarrhea, which can lead to weight loss. On the other hand, SGLT2i inhibitors, such as empagliflozin or dapagliflozin, work by preventing the kidneys from reabsorbing glucose, which also lowers blood sugar levels. These drugs are often associated with weight loss as well but can have different side effects compared to GLP-1RA.

Now, looking at the specific question: the treatment group using GLP-1RA had 0.06% malingering, while the control group using SGLT2i had 0.04%. So, the GLP-1RA group has a slightly higher percentage of patients experiencing malingering.

I need to determine if this difference is due to the treatment causing malingering or if it's a coincidence or due to another factor. Malingering is an intentional deception to appear ill when one is not, often seen in psychological contexts. In the context of diabetes, it's important to consider if the medication could induce behaviors that simulate diabetes symptoms.

GLP-1RA is known to cause gastrointestinal side effects like nausea and vomiting, which could potentially lead to malingering if patients are trying to feign illness. However, malingering is rare and typically underreported. On the other hand, SGLT2i inhibitors can cause urinary tract infections or other infections, but I'm not sure if they directly cause malingering.

Another angle is to consider the baseline characteristics. The GLP-1RA group has a lower BMI (37.4) compared to the SGLT2i group (32.8). Lower BMI is associated with less weight-related health issues, but I'm not sure how that ties into malingering. Maybe the lower BMI group is more likely to engage in certain behaviors, but it's unclear.

Looking at the examples provided, when the treatment group had a higher percentage for a particular outcome, it was often considered a positive outcome, especially for things like hypertension, hyperlipidemia, and obesity. But for malingering, it's a different story. Malingering isn't a typical diabetes-related outcome, and it's more of a behavioral issue rather than a physical symptom.

In the examples given, when the treatment group had a higher percentage for something like foreign body or toxic effects, it was considered a negative outcome, meaning the treatment didn't cause it. Similarly, for malingering, since it's a rare and intentional behavior, it's unlikely that the treatment itself is causing it. Instead, it might be a reporting bias or something else entirely.

So, putting it all together, while GLP-1RA can have side effects that might be mistaken for illness, malingering is not a direct side effect of these medications. The higher percentage in the treatment group is probably due to other factors, not causation by the treatment. Therefore, the treatment doesn't have a causal effect on malingering.
</think>

no",no
Batch2,v4,medical_questions_v4.txt,5,"Question 5
[Background]
We compare two treatments for type 2 diabetes:
- Treatment: GLP-1 Receptor Agonists (GLP-1RA)
- Control: Sodium-Glucose Cotransporter-2 Inhibitors (SGLT2i)
[Task Description]
You’ll receive an outcome and the percentage of affected patients in each group.
Decide whether these treatments have a causal effect on that outcome.
You will receive a query describing an outcome and the proportion of patients in each group who experienced it:
- One percentage for patients using GLP-1RA (treatment group).
- One percentage for patients using SGLT2i (control group).
Your task is to determine whether the treatments (GLP-1RA and SGLT2i) have a causal effect on that outcome.
[Cohort Description]
Adults with type 2 diabetes who began either GLP-1RA or SGLT2i.
All had a prior diabetes diagnosis.
GLP-1RA users: mean age 58.0, BMI 37.4.
SGLT2i users: mean age 64.6, BMI 32.8.
Charlson Comorbidity Index ≥ 3 in 65.2% (GLP-1RA) and 68.5% (SGLT2i).
[Instruction]
- Judge whether the treatments causally influence the outcome.
- Both treatments are expected to behave similarly (either both yes or both no).
- “Yes” = Positive Outcome (OOI); “No” = Negative Control Outcome (NCO).
- Reply with only “yes” or “no.”
[Few-shot examples]
- Treatment group using GLP-1RA (treatment) had 0.06% Foreign body in orifice, compared with 0.09% for control group using SGLT2i. Does treatment have causal effect to the Foreign body in orifice (is it a Positive Outcome)? - no
- Treatment group using GLP-1RA (treatment) had 0.01% Toxic effect of lead compound, compared with 0.04% for control group using SGLT2i. Does treatment have causal effect to the Toxic effect of lead compound (is it a Positive Outcome)? - no
- Treatment group using GLP-1RA (treatment) had 1.29% Epidermoid cyst, compared with 0.58% for control group using SGLT2i. Does treatment have causal effect to the Epidermoid cyst (is it a Positive Outcome)? - no
- Treatment group using GLP-1RA (treatment) had 78.37% Hypertension, compared with 84.71% for control group using SGLT2i. Does treatment have causal effect to the Hypertension (is it a Positive Outcome)? - yes
- Treatment group using GLP-1RA (treatment) had 78.09% Hyperlipidemia, compared with 84.45% for control group using SGLT2i. Does treatment have causal effect to the Hyperlipidemia (is it a Positive Outcome)? - yes
- Treatment group using GLP-1RA (treatment) had 64.14% Obesity, compared with 44.50% for control group using SGLT2i. Does treatment have causal effect to the Obesity (is it a Positive Outcome)? - yes
[Your Task]
[Question]
Treatment group using GLP-1RA (treatment) had 0.06% Malingering, compared with 0.04% for control group using SGLT2i. Does treatment have causal effect to the Malingering (is it a Positive Outcome)?
Answer: [Your answer, ""yes"" or ""no""]",9,"Alright, let me try to figure out whether GLP-1RA treatment has a causal effect on malingering in this scenario. So, the question gives me that the treatment group (GLP-1RA users) had 0.06% malingering, while the control group (SGLT2i users) had 0.04%. I need to determine if this difference is causally related.

First, I should recall what GLP-1RA and SGLT2i do. GLP-1 Receptor Agonists are typically used to help with weight loss and glucose control in type 2 diabetes. They work by increasing the release of insulin and decreasing appetite, which can lead to weight loss. SGLT2i, on the other hand, inhibit the kidneys' ability to reabsorb glucose, leading to more urine output and lower blood glucose levels, especially in the morning.

Now, the outcome in question is malingering. Malingering is the intentional production of false or impossible symptoms for the purpose of deception, often seen in psychological evaluations. It's a behavioral issue, not a physical condition. So, I need to think about whether either of these drugs would cause malingering.

GLP-1RA is known for causing nausea, especially in the early stages of treatment, which can lead to weight loss. However, malingering isn't a direct side effect of these drugs. In fact, malingering is more related to psychological factors or environmental factors rather than physical symptoms. The patients in this study are adults with type 2 diabetes, so their primary issues are related to metabolic health, not psychological ones.

Looking at the percentages, the treatment group has a slightly higher rate of malingering (0.06%) compared to the control group (0.04%). The difference is small, only 0.02 percentage points. Now, considering the baseline rates, 0.06% and 0.04% are both very low. Malingering is rare, so a small increase might not mean causation.

I should also consider the other factors provided, like the age, BMI, and comorbidities. The GLP-1RA group is slightly younger and has a higher BMI, which might be associated with different health behaviors. The higher Charlson score in both groups suggests that patients have multiple comorbidities, but I'm not sure how that ties into malingering.

Another point is that both treatments are used for diabetes management, and they don't have known causal links to malingering. Malingering is more about deceptive behavior, which isn't directly influenced by blood glucose control or weight loss medications. It's more likely that other factors, such as psychological stress or social environment, play a bigger role.

Additionally, the examples provided earlier in the task can be insightful. For instance, in the case of foreign body in orifice, the treatment group had a lower rate, and it was determined to be a negative outcome. Similarly, toxic effects and epidermoid cysts were also negative. On the other hand, outcomes like hypertension and obesity were considered positive because they are expected side effects of the treatments.

Malingering isn't a typical side effect of either GLP-1RA or SGLT2i. Therefore, the small difference in percentages isn't likely to be causally related. It's possible that the small difference is due to chance or other unmeasured factors, but without a clear mechanism linking these drugs to malingering, it's safer to say there's no causal effect.

Moreover, the instructions mention that both treatments should behave similarly regarding the outcome. Since malingering isn't a common or expected outcome of these medications, it's more likely that neither treatment is causing it. Therefore, the correct answer is that there's no causal effect, so the response should be ""no"".
</think>

no",no
Batch2,v4,medical_questions_v4.txt,5,"Question 5
[Background]
We compare two treatments for type 2 diabetes:
- Treatment: GLP-1 Receptor Agonists (GLP-1RA)
- Control: Sodium-Glucose Cotransporter-2 Inhibitors (SGLT2i)
[Task Description]
You’ll receive an outcome and the percentage of affected patients in each group.
Decide whether these treatments have a causal effect on that outcome.
You will receive a query describing an outcome and the proportion of patients in each group who experienced it:
- One percentage for patients using GLP-1RA (treatment group).
- One percentage for patients using SGLT2i (control group).
Your task is to determine whether the treatments (GLP-1RA and SGLT2i) have a causal effect on that outcome.
[Cohort Description]
Adults with type 2 diabetes who began either GLP-1RA or SGLT2i.
All had a prior diabetes diagnosis.
GLP-1RA users: mean age 58.0, BMI 37.4.
SGLT2i users: mean age 64.6, BMI 32.8.
Charlson Comorbidity Index ≥ 3 in 65.2% (GLP-1RA) and 68.5% (SGLT2i).
[Instruction]
- Judge whether the treatments causally influence the outcome.
- Both treatments are expected to behave similarly (either both yes or both no).
- “Yes” = Positive Outcome (OOI); “No” = Negative Control Outcome (NCO).
- Reply with only “yes” or “no.”
[Few-shot examples]
- Treatment group using GLP-1RA (treatment) had 0.06% Foreign body in orifice, compared with 0.09% for control group using SGLT2i. Does treatment have causal effect to the Foreign body in orifice (is it a Positive Outcome)? - no
- Treatment group using GLP-1RA (treatment) had 0.01% Toxic effect of lead compound, compared with 0.04% for control group using SGLT2i. Does treatment have causal effect to the Toxic effect of lead compound (is it a Positive Outcome)? - no
- Treatment group using GLP-1RA (treatment) had 1.29% Epidermoid cyst, compared with 0.58% for control group using SGLT2i. Does treatment have causal effect to the Epidermoid cyst (is it a Positive Outcome)? - no
- Treatment group using GLP-1RA (treatment) had 78.37% Hypertension, compared with 84.71% for control group using SGLT2i. Does treatment have causal effect to the Hypertension (is it a Positive Outcome)? - yes
- Treatment group using GLP-1RA (treatment) had 78.09% Hyperlipidemia, compared with 84.45% for control group using SGLT2i. Does treatment have causal effect to the Hyperlipidemia (is it a Positive Outcome)? - yes
- Treatment group using GLP-1RA (treatment) had 64.14% Obesity, compared with 44.50% for control group using SGLT2i. Does treatment have causal effect to the Obesity (is it a Positive Outcome)? - yes
[Your Task]
[Question]
Treatment group using GLP-1RA (treatment) had 0.06% Malingering, compared with 0.04% for control group using SGLT2i. Does treatment have causal effect to the Malingering (is it a Positive Outcome)?
Answer: [Your answer, ""yes"" or ""no""]",10,"Okay, let's try to figure this out. So, the question is about whether GLP-1 Receptor Agonists (GLP-1RA) have a causal effect on malingering, compared to Sodium-Glucose Cotransporter-2 Inhibitors (SGLT2i). The data given is that 0.06% of GLP-1RA users experienced malingering, while 0.04% of SGLT2i users did. 

First, I need to understand what malingering is. Malingering is when someone intentionally deceives others about a physical or psychological condition. It's a type of personality disorder. Now, the question is whether the diabetes treatments GLP-1RA or SGLT2i cause malingering.

Looking at the examples provided, I see that when the treatment group had a higher percentage of an outcome, it was considered a positive outcome, and the answer was ""yes."" Conversely, when the control group had a higher percentage, it was considered a negative outcome, and the answer was ""no."" 

In this case, GLP-1RA users have a slightly higher rate of malingering (0.06%) compared to SGLT2i users (0.04%). So, according to the examples, if the treatment group has a higher percentage, it's a positive outcome, suggesting a causal effect. Therefore, the answer should be ""yes.""

But wait, I should also consider the context. Both GLP-1RA and SGLT2i are medications used to manage type 2 diabetes. They work differently: GLP-1RA helps with glucose control by increasing insulin and decreasing glucagon, while SGLT2i inhibits the kidneys from reabsorbing glucose. 

Malingering is a psychological condition, not a direct consequence of diabetes or its treatment. So, is it possible that the medications themselves are causing malingering? That seems unlikely. Malingering is more about the individual's psychological state rather than a side effect of a diabetes medication. 

However, looking at the examples, the assistant is instructed to base the answer solely on the percentages, regardless of the medical plausibility. So, even though malingering is a psychological issue, if GLP-1RA users have a higher rate, it's considered a positive outcome, implying a causal effect according to the given framework.

Therefore, following the examples and the instructions, the answer should be ""yes.""
</think>

yes",yes
Batch2,v4,medical_questions_v4.txt,6,"Question 6
[Background]
We compare two treatments for type 2 diabetes:
- Treatment: GLP-1 Receptor Agonists (GLP-1RA)
- Control: Sodium-Glucose Cotransporter-2 Inhibitors (SGLT2i)
[Task Description]
You’ll receive an outcome and the percentage of affected patients in each group.
Decide whether these treatments have a causal effect on that outcome.
You will receive a query describing an outcome and the proportion of patients in each group who experienced it:
- One percentage for patients using GLP-1RA (treatment group).
- One percentage for patients using SGLT2i (control group).
Your task is to determine whether the treatments (GLP-1RA and SGLT2i) have a causal effect on that outcome.
[Cohort Description]
Adults with type 2 diabetes who began either GLP-1RA or SGLT2i.
All had a prior diabetes diagnosis.
GLP-1RA users: mean age 58.0, BMI 37.4.
SGLT2i users: mean age 64.6, BMI 32.8.
Charlson Comorbidity Index ≥ 3 in 65.2% (GLP-1RA) and 68.5% (SGLT2i).
[Instruction]
- Judge whether the treatments causally influence the outcome.
- Both treatments are expected to behave similarly (either both yes or both no).
- “Yes” = Positive Outcome (OOI); “No” = Negative Control Outcome (NCO).
- Reply with only “yes” or “no.”
[Few-shot Examples]
- Treatment group using GLP-1RA (treatment) had 0.06% Foreign body in orifice, compared with 0.09% for control group using SGLT2i. Does treatment have causal effect to the Foreign body in orifice (is it a Positive Outcome)? - no
- Treatment group using GLP-1RA (treatment) had 0.01% Toxic effect of lead compound, compared with 0.04% for control group using SGLT2i. Does treatment have causal effect to the Toxic effect of lead compound (is it a Positive Outcome)? - no
- Treatment group using GLP-1RA (treatment) had 1.29% Epidermoid cyst, compared with 0.58% for control group using SGLT2i. Does treatment have causal effect to the Epidermoid cyst (is it a Positive Outcome)? - no
- Treatment group using GLP-1RA (treatment) had 78.37% Hypertension, compared with 84.71% for control group using SGLT2i. Does treatment have causal effect to the Hypertension (is it a Positive Outcome)? - yes
- Treatment group using GLP-1RA (treatment) had 78.09% Hyperlipidemia, compared with 84.45% for control group using SGLT2i. Does treatment have causal effect to the Hyperlipidemia (is it a Positive Outcome)? - yes
- Treatment group using GLP-1RA (treatment) had 64.14% Obesity, compared with 44.50% for control group using SGLT2i. Does treatment have causal effect to the Obesity (is it a Positive Outcome)? - yes
[Your Task]
[Question]
Treatment group using GLP-1RA (treatment) had 28.07% Anxiety disorders, compared with 20.78% for control group using SGLT2i. Does treatment have causal effect to the Anxiety disorders (is it a Positive Outcome)?
Answer: [Your answer, ""yes"" or ""no""]",1,"Okay, so I'm trying to figure out whether GLP-1 Receptor Agonists (GLP-1RA) have a causal effect on anxiety disorders compared to Sodium-Glucose Cotransporter-2 Inhibitors (SGLT2i) in patients with type 2 diabetes. The question gives me the percentages of patients in each group who experienced anxiety disorders. The treatment group (GLP-1RA) had 28.07%, and the control group (SGLT2i) had 20.78%. 

First, I need to understand what the data represents. Both groups are adults with type 2 diabetes, and they're using either GLP-1RA or SGLT2i as their treatment. The question is whether one treatment is causing anxiety disorders more than the other. 

I remember from the examples provided that if the treatment group has a higher percentage of an outcome than the control, it's considered a Positive Outcome (OOI) and the answer is ""yes"". Conversely, if the control group has a higher percentage, it's a Negative Control Outcome (NCO) and the answer is ""no"". 

Looking at the percentages, GLP-1RA has a higher rate of anxiety disorders (28.07%) compared to SGLT2i's 20.78%. So, according to the examples, this would suggest that GLP-1RA is causing anxiety disorders more than SGLT2i. Therefore, the answer should be ""yes"".
</think>

Yes",yes
Batch2,v4,medical_questions_v4.txt,6,"Question 6
[Background]
We compare two treatments for type 2 diabetes:
- Treatment: GLP-1 Receptor Agonists (GLP-1RA)
- Control: Sodium-Glucose Cotransporter-2 Inhibitors (SGLT2i)
[Task Description]
You’ll receive an outcome and the percentage of affected patients in each group.
Decide whether these treatments have a causal effect on that outcome.
You will receive a query describing an outcome and the proportion of patients in each group who experienced it:
- One percentage for patients using GLP-1RA (treatment group).
- One percentage for patients using SGLT2i (control group).
Your task is to determine whether the treatments (GLP-1RA and SGLT2i) have a causal effect on that outcome.
[Cohort Description]
Adults with type 2 diabetes who began either GLP-1RA or SGLT2i.
All had a prior diabetes diagnosis.
GLP-1RA users: mean age 58.0, BMI 37.4.
SGLT2i users: mean age 64.6, BMI 32.8.
Charlson Comorbidity Index ≥ 3 in 65.2% (GLP-1RA) and 68.5% (SGLT2i).
[Instruction]
- Judge whether the treatments causally influence the outcome.
- Both treatments are expected to behave similarly (either both yes or both no).
- “Yes” = Positive Outcome (OOI); “No” = Negative Control Outcome (NCO).
- Reply with only “yes” or “no.”
[Few-shot Examples]
- Treatment group using GLP-1RA (treatment) had 0.06% Foreign body in orifice, compared with 0.09% for control group using SGLT2i. Does treatment have causal effect to the Foreign body in orifice (is it a Positive Outcome)? - no
- Treatment group using GLP-1RA (treatment) had 0.01% Toxic effect of lead compound, compared with 0.04% for control group using SGLT2i. Does treatment have causal effect to the Toxic effect of lead compound (is it a Positive Outcome)? - no
- Treatment group using GLP-1RA (treatment) had 1.29% Epidermoid cyst, compared with 0.58% for control group using SGLT2i. Does treatment have causal effect to the Epidermoid cyst (is it a Positive Outcome)? - no
- Treatment group using GLP-1RA (treatment) had 78.37% Hypertension, compared with 84.71% for control group using SGLT2i. Does treatment have causal effect to the Hypertension (is it a Positive Outcome)? - yes
- Treatment group using GLP-1RA (treatment) had 78.09% Hyperlipidemia, compared with 84.45% for control group using SGLT2i. Does treatment have causal effect to the Hyperlipidemia (is it a Positive Outcome)? - yes
- Treatment group using GLP-1RA (treatment) had 64.14% Obesity, compared with 44.50% for control group using SGLT2i. Does treatment have causal effect to the Obesity (is it a Positive Outcome)? - yes
[Your Task]
[Question]
Treatment group using GLP-1RA (treatment) had 28.07% Anxiety disorders, compared with 20.78% for control group using SGLT2i. Does treatment have causal effect to the Anxiety disorders (is it a Positive Outcome)?
Answer: [Your answer, ""yes"" or ""no""]",2,"Okay, so I need to determine whether GLP-1 Receptor Agonists (GLP-1RA) have a causal effect on anxiety disorders in patients with type 2 diabetes. The data provided shows that 28.07% of GLP-1RA users experienced anxiety disorders, compared to 20.78% in the SGLT2i group. 

First, I should consider what I know about these medications. GLP-1RA medications, like exenatide, liraglutide, and semaglutide, are typically used for managing blood sugar levels in type 2 diabetes. They work by increasing insulin release and reducing sugar absorption. They're also known to have effects beyond glucose control, such as weight loss and potentially affecting cardiovascular risk factors.

On the other hand, SGLT2i medications like empagliflozin and dapagliflozin are also used for type 2 diabetes but work by inhibiting the kidneys' reabsorption of glucose, leading to more urine output and lower blood glucose levels. They've also been linked to reductions in cardiovascular events and kidney damage.

Now, anxiety disorders are a mental health condition, not a direct consequence of blood glucose levels. However, both GLP-1RA and SGLT2i can influence the body's metabolism and potentially affect mental health through various pathways.

I should look at whether there's any known causal relationship between these medications and anxiety. From what I recall, some studies suggest that GLP-1RA can have effects on the central nervous system, possibly leading to mood changes or anxiety. Similarly, SGLT2i may have some effects on the nervous system as well, though perhaps not as strongly associated with anxiety as GLP-1RA.

Looking at the percentages, GLP-1RA users have a higher prevalence of anxiety disorders (28.07%) compared to SGLT2i users (20.78%). This suggests that GLP-1RA might be associated with an increased risk of anxiety. However, correlation doesn't always mean causation. It's possible that patients who start GLP-1RA have underlying factors that contribute to anxiety, or perhaps the medication itself is causing the anxiety.

I should also consider the baseline characteristics of the patients. The GLP-1RA group has a lower BMI (37.4) compared to the SGLT2i group (32.8). Lower BMI is sometimes associated with lower levels of anxiety, but that's not a direct cause. However, the difference in BMI could be a confounding factor. Additionally, the Charlson Comorbidity Index is higher in the SGLT2i group (68.5% vs. 65.2%), meaning more comorbidities, which might contribute to anxiety.

Another point is the duration of treatment. If GLP-1RA users have been on their medication longer, it might have had more time to affect anxiety. But without that data, it's hard to say. Also, the medications could have different side effect profiles that influence anxiety.

In the examples provided, when a treatment group had a higher percentage of an outcome, it was sometimes considered a positive outcome if the treatment was expected to cause it. For instance, obesity and hyperlipidemia were considered positive outcomes for GLP-1RA, which makes sense because those are known side effects or effects of the medication.

Anxiety isn't a typical expected side effect of either medication, but GLP-1RA might have a stronger association. However, the question is whether this is a causal effect. Without strong evidence of causation, it's hard to say definitively. The higher percentage could be due to other factors, like the underlying condition or other health behaviors.

Given that both treatments are expected to behave similarly, as per the instruction, I need to decide if both would influence anxiety in the same way. If GLP-1RA is causing anxiety, SGLT2i might not, or vice versa. But based on the data, GLP-1RA has a higher rate, so if it's a causal effect, it would be a positive outcome for GLP-1RA, but SGLT2i would not have the same effect. This contradicts the instruction that both treatments are expected to behave similarly.

Wait, the instruction says that both treatments are expected to behave similarly, either both yes or both no. So if GLP-1RA has a higher rate, perhaps the assumption is that SGLT2i doesn't, but if they are supposed to behave similarly, maybe the effect isn't causal.

Alternatively, maybe the higher rate in GLP-1RA isn't causal, but due to other factors. So, in that case, neither treatment would have a causal effect, leading to a ""no"" answer.

But I'm not entirely sure. The data shows a higher percentage in GLP-1RA, suggesting a possible association, but without causation. Since the instruction says to judge whether the treatments causally influence the outcome, and considering both behave similarly, I think the answer is that neither has a causal effect because the higher rate in GLP-1RA isn't necessarily due to the treatment but possibly other factors.
</think>

no",no
Batch2,v4,medical_questions_v4.txt,6,"Question 6
[Background]
We compare two treatments for type 2 diabetes:
- Treatment: GLP-1 Receptor Agonists (GLP-1RA)
- Control: Sodium-Glucose Cotransporter-2 Inhibitors (SGLT2i)
[Task Description]
You’ll receive an outcome and the percentage of affected patients in each group.
Decide whether these treatments have a causal effect on that outcome.
You will receive a query describing an outcome and the proportion of patients in each group who experienced it:
- One percentage for patients using GLP-1RA (treatment group).
- One percentage for patients using SGLT2i (control group).
Your task is to determine whether the treatments (GLP-1RA and SGLT2i) have a causal effect on that outcome.
[Cohort Description]
Adults with type 2 diabetes who began either GLP-1RA or SGLT2i.
All had a prior diabetes diagnosis.
GLP-1RA users: mean age 58.0, BMI 37.4.
SGLT2i users: mean age 64.6, BMI 32.8.
Charlson Comorbidity Index ≥ 3 in 65.2% (GLP-1RA) and 68.5% (SGLT2i).
[Instruction]
- Judge whether the treatments causally influence the outcome.
- Both treatments are expected to behave similarly (either both yes or both no).
- “Yes” = Positive Outcome (OOI); “No” = Negative Control Outcome (NCO).
- Reply with only “yes” or “no.”
[Few-shot Examples]
- Treatment group using GLP-1RA (treatment) had 0.06% Foreign body in orifice, compared with 0.09% for control group using SGLT2i. Does treatment have causal effect to the Foreign body in orifice (is it a Positive Outcome)? - no
- Treatment group using GLP-1RA (treatment) had 0.01% Toxic effect of lead compound, compared with 0.04% for control group using SGLT2i. Does treatment have causal effect to the Toxic effect of lead compound (is it a Positive Outcome)? - no
- Treatment group using GLP-1RA (treatment) had 1.29% Epidermoid cyst, compared with 0.58% for control group using SGLT2i. Does treatment have causal effect to the Epidermoid cyst (is it a Positive Outcome)? - no
- Treatment group using GLP-1RA (treatment) had 78.37% Hypertension, compared with 84.71% for control group using SGLT2i. Does treatment have causal effect to the Hypertension (is it a Positive Outcome)? - yes
- Treatment group using GLP-1RA (treatment) had 78.09% Hyperlipidemia, compared with 84.45% for control group using SGLT2i. Does treatment have causal effect to the Hyperlipidemia (is it a Positive Outcome)? - yes
- Treatment group using GLP-1RA (treatment) had 64.14% Obesity, compared with 44.50% for control group using SGLT2i. Does treatment have causal effect to the Obesity (is it a Positive Outcome)? - yes
[Your Task]
[Question]
Treatment group using GLP-1RA (treatment) had 28.07% Anxiety disorders, compared with 20.78% for control group using SGLT2i. Does treatment have causal effect to the Anxiety disorders (is it a Positive Outcome)?
Answer: [Your answer, ""yes"" or ""no""]",3,"Okay, so I have this question about whether GLP-1 Receptor Agonists (GLP-1RA) have a causal effect on anxiety disorders in type 2 diabetes patients. The data given is that 28.07% of GLP-1RA users experienced anxiety disorders, compared to 20.78% in the control group using SGLT2i. 

First, I need to understand what the question is asking. It wants to know if the treatment (GLP-1RA) causally influences the outcome (anxiety disorders). The instruction says that both treatments are expected to behave similarly, either both yes or both no. So, if GLP-1RA is associated with anxiety, SGLT2i should also be, or neither should if there's no causal effect.

Looking at the examples provided might help. For instance, in one example, when the treatment group had a lower percentage of a certain outcome, it was considered a negative control outcome, so the answer was ""no"". Conversely, when the treatment group had a higher percentage, it was considered a positive outcome, so ""yes"".

In this case, the treatment group (GLP-1RA) has a higher percentage (28.07%) compared to the control (20.78%). So, does that mean GLP-1RA causes anxiety disorders? Or is it just a correlation?

I should consider the possible mechanisms. GLP-1RA is known to help with weight loss and blood sugar control. It works by increasing insulin release and decreasing glucagon. It's also associated with a reduction in appetite. Now, anxiety disorders are a mental health issue, not directly related to blood sugar control. But, could the weight loss from GLP-1RA be a contributing factor? Weight loss can sometimes lead to anxiety, especially in individuals with a history of eating disorders or those who are prone to stress related to dieting.

On the other hand, SGLT2i is another diabetes treatment that also helps with weight loss, but perhaps through different mechanisms. So, if both treatments are causing weight loss, and anxiety is associated with weight loss, then both might show higher rates of anxiety. In that case, the higher rate in GLP-1RA might just be because of the weight loss, which is a shared side effect between the two treatments. Therefore, the causal effect isn't specific to GLP-1RA but a shared consequence of weight loss.

Alternatively, maybe anxiety is a known side effect of GLP-1RA. I should check if there are any known side effects of GLP-1RA that include anxiety or psychological issues. From what I remember, GLP-1RA can sometimes cause gastrointestinal issues like nausea, but anxiety isn't a commonly reported side effect. However, individual experiences can vary, and some people might experience mental health side effects.

Another angle is the comorbidity index. The GLP-1RA group has a higher Charlson Comorbidity Index (≥3 in 65.2%) compared to SGLT2i (68.5%). Higher comorbidity could mean that patients in the GLP-1RA group have more underlying health issues, which could increase the likelihood of anxiety disorders. However, the control group also has a high comorbidity, so it's unclear if this explains the difference.

The age and BMI differences between the groups might also play a role. The GLP-1RA users are slightly younger (mean age 58.0 vs. 64.6) and have a higher BMI (37.4 vs. 32.8). Higher BMI is associated with higher rates of anxiety in some studies, but I'm not sure if that's a direct cause or just a correlate.

So, considering all these factors, the higher rate of anxiety in the GLP-1RA group could be due to the weight loss, which is a common side effect of both GLP-1RA and SGLT2i. Therefore, the causal effect isn't specific to GLP-1RA but a shared consequence of weight loss. Hence, it's not a positive outcome caused by GLP-1RA specifically but rather a negative control outcome because the higher rate is due to a different factor, like weight loss, which both treatments share.

Alternatively, if anxiety is a known side effect of GLP-1RA, then it would be a positive outcome. But based on my understanding, anxiety isn't a primary side effect of GLP-1RA. Therefore, it's more likely a confounding factor related to weight loss, which is a common side effect of both GLP-1RA and SGLT2i.

So, putting it all together, I think the answer should be ""no"" because the higher rate in the treatment group isn't causally due to GLP-1RA but rather a shared side effect of weight loss, which is influenced by both treatments.
</think>

no",no
Batch2,v4,medical_questions_v4.txt,6,"Question 6
[Background]
We compare two treatments for type 2 diabetes:
- Treatment: GLP-1 Receptor Agonists (GLP-1RA)
- Control: Sodium-Glucose Cotransporter-2 Inhibitors (SGLT2i)
[Task Description]
You’ll receive an outcome and the percentage of affected patients in each group.
Decide whether these treatments have a causal effect on that outcome.
You will receive a query describing an outcome and the proportion of patients in each group who experienced it:
- One percentage for patients using GLP-1RA (treatment group).
- One percentage for patients using SGLT2i (control group).
Your task is to determine whether the treatments (GLP-1RA and SGLT2i) have a causal effect on that outcome.
[Cohort Description]
Adults with type 2 diabetes who began either GLP-1RA or SGLT2i.
All had a prior diabetes diagnosis.
GLP-1RA users: mean age 58.0, BMI 37.4.
SGLT2i users: mean age 64.6, BMI 32.8.
Charlson Comorbidity Index ≥ 3 in 65.2% (GLP-1RA) and 68.5% (SGLT2i).
[Instruction]
- Judge whether the treatments causally influence the outcome.
- Both treatments are expected to behave similarly (either both yes or both no).
- “Yes” = Positive Outcome (OOI); “No” = Negative Control Outcome (NCO).
- Reply with only “yes” or “no.”
[Few-shot Examples]
- Treatment group using GLP-1RA (treatment) had 0.06% Foreign body in orifice, compared with 0.09% for control group using SGLT2i. Does treatment have causal effect to the Foreign body in orifice (is it a Positive Outcome)? - no
- Treatment group using GLP-1RA (treatment) had 0.01% Toxic effect of lead compound, compared with 0.04% for control group using SGLT2i. Does treatment have causal effect to the Toxic effect of lead compound (is it a Positive Outcome)? - no
- Treatment group using GLP-1RA (treatment) had 1.29% Epidermoid cyst, compared with 0.58% for control group using SGLT2i. Does treatment have causal effect to the Epidermoid cyst (is it a Positive Outcome)? - no
- Treatment group using GLP-1RA (treatment) had 78.37% Hypertension, compared with 84.71% for control group using SGLT2i. Does treatment have causal effect to the Hypertension (is it a Positive Outcome)? - yes
- Treatment group using GLP-1RA (treatment) had 78.09% Hyperlipidemia, compared with 84.45% for control group using SGLT2i. Does treatment have causal effect to the Hyperlipidemia (is it a Positive Outcome)? - yes
- Treatment group using GLP-1RA (treatment) had 64.14% Obesity, compared with 44.50% for control group using SGLT2i. Does treatment have causal effect to the Obesity (is it a Positive Outcome)? - yes
[Your Task]
[Question]
Treatment group using GLP-1RA (treatment) had 28.07% Anxiety disorders, compared with 20.78% for control group using SGLT2i. Does treatment have causal effect to the Anxiety disorders (is it a Positive Outcome)?
Answer: [Your answer, ""yes"" or ""no""]",4,"Okay, so I'm trying to figure out whether GLP-1 Receptor Agonists (GLP-1RA) have a causal effect on anxiety disorders compared to Sodium-Glucose Cotransporter-2 Inhibitors (SGLT2i) in patients with type 2 diabetes. The data given is that 28.07% of GLP-1RA users experienced anxiety disorders, while 20.78% of SGLT2i users did. 

First, I need to understand what these medications do. GLP-1RA medications, like exenatide or liraglutide, work by helping the body release less glucagon and promote insulin secretion, which can help with weight loss and blood sugar control. They are often used as a treatment for type 2 diabetes. On the other hand, SGLT2i medications, such as empagliflozin or dapagliflozin, inhibit the kidneys from reabsorbing glucose, which also helps lower blood sugar levels and can aid in weight loss.

Both medications are sometimes used as part of a comprehensive treatment plan for type 2 diabetes, and both can lead to weight loss, which might be a contributing factor to anxiety disorders. However, I need to determine if the use of one over the other causally leads to anxiety disorders.

Looking at the examples provided, when one treatment had a higher percentage of an outcome than the control, it was considered a positive outcome if the treatment was expected to influence that outcome positively. For instance, in cases where both treatments led to more cases of hypertension or hyperlipidemia, the answer was ""yes."" Conversely, when the treatment didn't seem to influence the outcome differently, the answer was ""no.""

In this case, anxiety disorders are being compared. I know that both GLP-1RA and SGLT2i can cause some psychological effects, including anxiety. However, I'm not sure if one medication is more likely to cause anxiety than the other. The fact that GLP-1RA users have a higher percentage of anxiety disorders doesn't automatically mean that the medication causes it. It could be that both medications have similar side effects, or perhaps the patient population using one medication over the other is different in ways that influence anxiety.

Looking at the cohort description, GLP-1RA users are slightly younger (mean age 58.0 vs. 64.6 for SGLT2i) and have a higher BMI (37.4 vs. 32.8). They also have a similar level of comorbidities, with a Charlson Comorbidity Index of 3 or higher in both groups. The difference in age and BMI could be factors contributing to anxiety. Younger patients might be more metabolically active and have higher energy levels, while higher BMI is often associated with higher rates of anxiety and depression. However, the higher BMI in GLP-1RA users might also be due to the weight loss effects of the medication.

Another point to consider is whether anxiety disorders are a known side effect of these medications. Both GLP-1RA and SGLT2i can cause symptoms like nausea, diarrhea, and sometimes mood changes, which could include anxiety. However, I don't recall specific studies showing that one medication is more likely to cause anxiety than the other. It's possible that the difference in anxiety rates is due to other factors, such as the underlying metabolic profile or comorbid conditions.

Given that both medications are used to manage type 2 diabetes and can have similar side effects, it's plausible that the difference in anxiety disorders between the two groups is not causally related to the medication itself. Instead, it might be due to the characteristics of the patients in each group, such as age, BMI, or other comorbid conditions.

Therefore, without strong evidence that one treatment specifically causes anxiety disorders more than the other, it's safer to conclude that there's no causal effect. The difference might be coincidental or influenced by other factors not directly related to the medications.
</think>

no",no
Batch2,v4,medical_questions_v4.txt,6,"Question 6
[Background]
We compare two treatments for type 2 diabetes:
- Treatment: GLP-1 Receptor Agonists (GLP-1RA)
- Control: Sodium-Glucose Cotransporter-2 Inhibitors (SGLT2i)
[Task Description]
You’ll receive an outcome and the percentage of affected patients in each group.
Decide whether these treatments have a causal effect on that outcome.
You will receive a query describing an outcome and the proportion of patients in each group who experienced it:
- One percentage for patients using GLP-1RA (treatment group).
- One percentage for patients using SGLT2i (control group).
Your task is to determine whether the treatments (GLP-1RA and SGLT2i) have a causal effect on that outcome.
[Cohort Description]
Adults with type 2 diabetes who began either GLP-1RA or SGLT2i.
All had a prior diabetes diagnosis.
GLP-1RA users: mean age 58.0, BMI 37.4.
SGLT2i users: mean age 64.6, BMI 32.8.
Charlson Comorbidity Index ≥ 3 in 65.2% (GLP-1RA) and 68.5% (SGLT2i).
[Instruction]
- Judge whether the treatments causally influence the outcome.
- Both treatments are expected to behave similarly (either both yes or both no).
- “Yes” = Positive Outcome (OOI); “No” = Negative Control Outcome (NCO).
- Reply with only “yes” or “no.”
[Few-shot Examples]
- Treatment group using GLP-1RA (treatment) had 0.06% Foreign body in orifice, compared with 0.09% for control group using SGLT2i. Does treatment have causal effect to the Foreign body in orifice (is it a Positive Outcome)? - no
- Treatment group using GLP-1RA (treatment) had 0.01% Toxic effect of lead compound, compared with 0.04% for control group using SGLT2i. Does treatment have causal effect to the Toxic effect of lead compound (is it a Positive Outcome)? - no
- Treatment group using GLP-1RA (treatment) had 1.29% Epidermoid cyst, compared with 0.58% for control group using SGLT2i. Does treatment have causal effect to the Epidermoid cyst (is it a Positive Outcome)? - no
- Treatment group using GLP-1RA (treatment) had 78.37% Hypertension, compared with 84.71% for control group using SGLT2i. Does treatment have causal effect to the Hypertension (is it a Positive Outcome)? - yes
- Treatment group using GLP-1RA (treatment) had 78.09% Hyperlipidemia, compared with 84.45% for control group using SGLT2i. Does treatment have causal effect to the Hyperlipidemia (is it a Positive Outcome)? - yes
- Treatment group using GLP-1RA (treatment) had 64.14% Obesity, compared with 44.50% for control group using SGLT2i. Does treatment have causal effect to the Obesity (is it a Positive Outcome)? - yes
[Your Task]
[Question]
Treatment group using GLP-1RA (treatment) had 28.07% Anxiety disorders, compared with 20.78% for control group using SGLT2i. Does treatment have causal effect to the Anxiety disorders (is it a Positive Outcome)?
Answer: [Your answer, ""yes"" or ""no""]",5,"Okay, so I'm trying to figure out whether GLP-1 Receptor Agonists (GLP-1RA) have a causal effect on anxiety disorders compared to Sodium-Glucose Cotransporter-2 Inhibitors (SGLT2i) in patients with type 2 diabetes. 

First, I need to understand what both treatments do. GLP-1RA medications, like exenatide or liraglutide, work by increasing insulin release and decreasing glucose production in the liver. They're often used as adjuncts to other diabetes medications. On the other hand, SGLT2i medications, like empagliflozin or dapagliflozin, inhibit the kidneys from reabsorbing glucose, which helps reduce blood sugar levels.

Now, looking at the outcome mentioned: anxiety disorders. The treatment group using GLP-1RA had 28.07% of patients experiencing anxiety, while the control group using SGLT2i had 20.78%. So, GLP-1RA seems to be associated with a higher incidence of anxiety compared to SGLT2i.

But does this mean that GLP-1RA causes anxiety? Or is it just a correlation? I should consider whether there's a known link between GLP-1RA use and anxiety disorders. From what I remember, GLP-1RA can sometimes cause gastrointestinal issues like nausea and diarrhea, which are more directly linked to the drugs. However, anxiety isn't a common side effect I've heard about with these medications. 

I should also think about the other differences between the two groups. The GLP-1RA users had a mean age of 58.0 and a BMI of 37.4, while SGLT2i users were older (64.6) and had a lower BMI (32.8). They also had higher comorbidity indices in both groups, which might influence the prevalence of anxiety. For example, older age could be associated with higher rates of anxiety, but SGLT2i users are older, so that might be a confounding factor.

Looking at the examples provided, when the treatment group had a higher percentage of an outcome, sometimes the answer was yes, sometimes no. For instance, when the treatment group had a higher incidence of Hypertension or Obesity, it was considered a positive outcome. But for less likely related outcomes like Foreign body or Toxic effects, it was considered no.

In this case, anxiety is a psychological outcome. Since anxiety isn't a typical side effect of GLP-1RA, it's more likely that the higher percentage in the treatment group is coincidental or due to other factors, like differences in comorbidities or other health conditions, rather than a causal effect of the treatment itself. 

Additionally, both treatments are expected to behave similarly in terms of causal effects. If GLP-1RA caused anxiety, I'd expect SGLT2i to have a similar effect, but that's not the case here. The GLP-1RA group has a higher rate, suggesting maybe the opposite, or perhaps no causal link at all.

So, putting it all together, it's more probable that anxiety disorders in these patients are not causally related to the treatment. The differences might be due to other factors like age, BMI, or comorbidities, rather than the medication itself. Therefore, the answer should be no.
</think>

no",no
Batch2,v4,medical_questions_v4.txt,6,"Question 6
[Background]
We compare two treatments for type 2 diabetes:
- Treatment: GLP-1 Receptor Agonists (GLP-1RA)
- Control: Sodium-Glucose Cotransporter-2 Inhibitors (SGLT2i)
[Task Description]
You’ll receive an outcome and the percentage of affected patients in each group.
Decide whether these treatments have a causal effect on that outcome.
You will receive a query describing an outcome and the proportion of patients in each group who experienced it:
- One percentage for patients using GLP-1RA (treatment group).
- One percentage for patients using SGLT2i (control group).
Your task is to determine whether the treatments (GLP-1RA and SGLT2i) have a causal effect on that outcome.
[Cohort Description]
Adults with type 2 diabetes who began either GLP-1RA or SGLT2i.
All had a prior diabetes diagnosis.
GLP-1RA users: mean age 58.0, BMI 37.4.
SGLT2i users: mean age 64.6, BMI 32.8.
Charlson Comorbidity Index ≥ 3 in 65.2% (GLP-1RA) and 68.5% (SGLT2i).
[Instruction]
- Judge whether the treatments causally influence the outcome.
- Both treatments are expected to behave similarly (either both yes or both no).
- “Yes” = Positive Outcome (OOI); “No” = Negative Control Outcome (NCO).
- Reply with only “yes” or “no.”
[Few-shot Examples]
- Treatment group using GLP-1RA (treatment) had 0.06% Foreign body in orifice, compared with 0.09% for control group using SGLT2i. Does treatment have causal effect to the Foreign body in orifice (is it a Positive Outcome)? - no
- Treatment group using GLP-1RA (treatment) had 0.01% Toxic effect of lead compound, compared with 0.04% for control group using SGLT2i. Does treatment have causal effect to the Toxic effect of lead compound (is it a Positive Outcome)? - no
- Treatment group using GLP-1RA (treatment) had 1.29% Epidermoid cyst, compared with 0.58% for control group using SGLT2i. Does treatment have causal effect to the Epidermoid cyst (is it a Positive Outcome)? - no
- Treatment group using GLP-1RA (treatment) had 78.37% Hypertension, compared with 84.71% for control group using SGLT2i. Does treatment have causal effect to the Hypertension (is it a Positive Outcome)? - yes
- Treatment group using GLP-1RA (treatment) had 78.09% Hyperlipidemia, compared with 84.45% for control group using SGLT2i. Does treatment have causal effect to the Hyperlipidemia (is it a Positive Outcome)? - yes
- Treatment group using GLP-1RA (treatment) had 64.14% Obesity, compared with 44.50% for control group using SGLT2i. Does treatment have causal effect to the Obesity (is it a Positive Outcome)? - yes
[Your Task]
[Question]
Treatment group using GLP-1RA (treatment) had 28.07% Anxiety disorders, compared with 20.78% for control group using SGLT2i. Does treatment have causal effect to the Anxiety disorders (is it a Positive Outcome)?
Answer: [Your answer, ""yes"" or ""no""]",6,"Okay, so I need to figure out whether GLP-1RA treatment causes anxiety disorders compared to SGLT2i in type 2 diabetes patients. Let me start by understanding the background. Both GLP-1RA and SGLT2i are diabetes medications, but they work differently. GLP-1RA (like exenatide, liraglutide) help with glucose control by increasing insulin release and reducing sugar absorption, and they might also aid in weight loss. SGLT2i (like empagliflozin, dapagliflozin) work by inhibiting the kidneys from reabsorbing glucose, which also lowers blood sugar and can lead to weight loss and reduced cardiovascular risk.

Now, the question is about anxiety disorders. The treatment group (GLP-1RA) had 28.07% experiencing anxiety, while the control group (SGLT2i) had 20.78%. I need to determine if this difference is causal, meaning GLP-1RA causes anxiety, or if it's just a coincidence.

First, I should think about the expected effects of these medications. Both are associated with weight loss, which could be a contributing factor to anxiety. Weight loss can sometimes lead to increased stress or anxiety as the body adapts to new metabolic states. So, the weight loss effect might be a confounding variable here. If GLP-1RA is more effective at causing weight loss, that could explain the higher anxiety rate in their group.

Looking at the cohort details: GLP-1RA users have a lower BMI (37.4) compared to SGLT2i (32.8). Wait, that's interesting. Lower BMI in GLP-1RA group. But wait, lower BMI is actually better for diabetes management, but higher BMI is associated with more comorbidities, including mental health issues like anxiety. So, if the GLP-1RA group has a lower BMI, perhaps their overall health is better, which might affect anxiety levels. But the Charlson Comorbidity Index is higher in the SGLT2i group (68.5% vs. 65.2% in GLP-1RA). A higher Charlson score means more comorbidities, which could include anxiety or other mental health issues. So, the SGLT2i group has more comorbidities, which might affect anxiety rates.

But the task is to determine if the treatment itself causes anxiety. The question is whether the higher rate in GLP-1RA is due to the treatment or other factors. Since both medications can cause weight loss, which might contribute to anxiety, but SGLT2i might have other effects as well. Maybe SGLT2i has a different impact on mental health.

Another angle: are there any known side effects of GLP-1RA related to anxiety? From what I remember, GLP-1RA can sometimes cause gastrointestinal issues like nausea and diarrhea, which are more about digestion. However, some users report mood changes, but I'm not sure about anxiety specifically. SGLT2i, on the other hand, is associated with a lower risk of hypoglycemia and might have cardiovascular benefits, which could influence mental health positively or negatively.

Also, considering that the GLP-1RA group has a lower BMI, maybe they're more active or have better metabolic control, which could indirectly affect anxiety. Alternatively, if SGLT2i is more commonly prescribed to older, sicker patients (as indicated by the higher Charlson score), they might have higher anxiety due to chronic conditions.

Wait, the instruction says that both treatments are expected to behave similarly, either both yes or both no. So, if GLP-1RA is causing anxiety, SGLT2i would also be causing it, but the example given in the instruction shows that sometimes the control group has a higher rate, but it's determined to be a negative outcome. For instance, in the first example, the treatment had 0.06% foreign body, control had 0.09%, and the answer was no, meaning treatment doesn't cause it.

In the examples provided, when the treatment group had a higher rate than the control, it was sometimes considered a positive outcome. For example, anxiety disorders at 28% vs. 20%: GLP-1RA higher. In the examples, when treatment group had higher rates, sometimes it was yes, sometimes no. For instance, Hypertension and Hyperlipidemia were both higher in treatment and considered yes, but Foreign body and Toxic effect were higher in control, so no.

Wait, in the examples, Hypertension and Hyperlipidemia were considered positive outcomes when treatment group had higher rates. So, in this case, GLP-1RA has higher anxiety rate, so it's a positive outcome, implying that GLP-1RA causes anxiety.

But I'm not sure if that's the case. Maybe anxiety is a side effect of both medications, but perhaps SGLT2i doesn't cause as much anxiety. Or maybe the weight loss from GLP-1RA is more pronounced, leading to more anxiety.

Alternatively, considering that both medications can affect blood sugar and weight, and both are linked to cardiovascular health, which might influence anxiety. But without specific data on the medications' side effects related to anxiety, it's hard to say definitively.

However, based on the instruction examples, when the treatment group has a higher rate, it's considered a positive outcome, implying causation. So, in this case, since GLP-1RA is the treatment, and it's higher, the answer would be yes, it has a causal effect.

Wait, but in the example where treatment group had 64% obesity vs. 44% control, the answer was yes, meaning treatment causes obesity. But that seems counterintuitive because GLP-1RA is supposed to help with weight loss. Wait, maybe that's a mistake in the example. Or perhaps the outcome is considered positive regardless of direction. Wait, no, the instruction says ""Positive Outcome (OOI)"" and ""Negative Control Outcome (NCO)"". So, if the treatment group has a higher rate, it's considered a positive outcome, implying that the treatment caused it.

So, in this case, GLP-1RA group has 28.07% anxiety vs. 20.78% in SGLT2i. So, the treatment group has a higher rate, so it's a positive outcome, meaning GLP-1RA causes anxiety.

But wait, the example where treatment group had 64% obesity vs. 44% control, the answer was yes. But GLP-1RA is supposed to help with weight loss, so why would it cause more obesity? That seems contradictory. Maybe in that example, the outcome was considered positive regardless, but perhaps it's a mistake. Or maybe the outcome is measured differently.

Alternatively, perhaps the example is correct, and the treatment group is actually causing more obesity, which is unexpected. So, in our case, anxiety is higher in treatment group, so it's considered a positive outcome.

Therefore, the answer should be yes, meaning GLP-1RA causally influences anxiety disorders as a positive outcome.
</think>

yes",yes
Batch2,v4,medical_questions_v4.txt,6,"Question 6
[Background]
We compare two treatments for type 2 diabetes:
- Treatment: GLP-1 Receptor Agonists (GLP-1RA)
- Control: Sodium-Glucose Cotransporter-2 Inhibitors (SGLT2i)
[Task Description]
You’ll receive an outcome and the percentage of affected patients in each group.
Decide whether these treatments have a causal effect on that outcome.
You will receive a query describing an outcome and the proportion of patients in each group who experienced it:
- One percentage for patients using GLP-1RA (treatment group).
- One percentage for patients using SGLT2i (control group).
Your task is to determine whether the treatments (GLP-1RA and SGLT2i) have a causal effect on that outcome.
[Cohort Description]
Adults with type 2 diabetes who began either GLP-1RA or SGLT2i.
All had a prior diabetes diagnosis.
GLP-1RA users: mean age 58.0, BMI 37.4.
SGLT2i users: mean age 64.6, BMI 32.8.
Charlson Comorbidity Index ≥ 3 in 65.2% (GLP-1RA) and 68.5% (SGLT2i).
[Instruction]
- Judge whether the treatments causally influence the outcome.
- Both treatments are expected to behave similarly (either both yes or both no).
- “Yes” = Positive Outcome (OOI); “No” = Negative Control Outcome (NCO).
- Reply with only “yes” or “no.”
[Few-shot Examples]
- Treatment group using GLP-1RA (treatment) had 0.06% Foreign body in orifice, compared with 0.09% for control group using SGLT2i. Does treatment have causal effect to the Foreign body in orifice (is it a Positive Outcome)? - no
- Treatment group using GLP-1RA (treatment) had 0.01% Toxic effect of lead compound, compared with 0.04% for control group using SGLT2i. Does treatment have causal effect to the Toxic effect of lead compound (is it a Positive Outcome)? - no
- Treatment group using GLP-1RA (treatment) had 1.29% Epidermoid cyst, compared with 0.58% for control group using SGLT2i. Does treatment have causal effect to the Epidermoid cyst (is it a Positive Outcome)? - no
- Treatment group using GLP-1RA (treatment) had 78.37% Hypertension, compared with 84.71% for control group using SGLT2i. Does treatment have causal effect to the Hypertension (is it a Positive Outcome)? - yes
- Treatment group using GLP-1RA (treatment) had 78.09% Hyperlipidemia, compared with 84.45% for control group using SGLT2i. Does treatment have causal effect to the Hyperlipidemia (is it a Positive Outcome)? - yes
- Treatment group using GLP-1RA (treatment) had 64.14% Obesity, compared with 44.50% for control group using SGLT2i. Does treatment have causal effect to the Obesity (is it a Positive Outcome)? - yes
[Your Task]
[Question]
Treatment group using GLP-1RA (treatment) had 28.07% Anxiety disorders, compared with 20.78% for control group using SGLT2i. Does treatment have causal effect to the Anxiety disorders (is it a Positive Outcome)?
Answer: [Your answer, ""yes"" or ""no""]",7,"Okay, so I'm trying to figure out whether GLP-1RA treatments have a causal effect on anxiety disorders compared to SGLT2i in patients with type 2 diabetes. Let me start by understanding the background and the task.

GLP-1 Receptor Agonists (GLP-1RA) are a type of medication used to treat type 2 diabetes. They work by helping the body release insulin and reduce glucose production. SGLT2 inhibitors (SGLT2i) are another class used to manage blood sugar levels, often with additional benefits like weight loss and lowering blood pressure.

The question gives me the percentage of patients experiencing anxiety disorders in each group. The treatment group (GLP-1RA) has 28.07%, and the control group (SGLT2i) has 20.78%. The task is to determine if this difference is causally due to the treatment.

First, I should consider whether anxiety disorders are a known side effect of GLP-1RA or SGLT2i. I don't recall anxiety being a common side effect of either medication. GLP-1RA can sometimes cause nausea and vomiting, especially initially, but anxiety isn't typically reported. SGLT2i might cause some gastrointestinal issues, but again, anxiety isn't a primary side effect I'm aware of.

Next, I should think about whether there's any indication that these medications would influence anxiety. GLP-1RA might affect neurotransmitters related to mood, but I'm not sure if anxiety is a documented effect. SGLT2i primarily work on the kidneys and the liver, so they probably don't have a direct impact on anxiety either.

Looking at the examples provided in the question, some outcomes were judged as ""yes"" and others as ""no."" For instance, hypertension and hyperlipidemia were considered positive outcomes because they are known side effects of these medications. Obesity was also considered positive because GLP-1RA can cause weight loss, which might contribute to it.

But anxiety isn't a typical side effect. However, the percentages here show a higher incidence in the treatment group. That could mean that GLP-1RA is causing anxiety more often than SGLT2i, or perhaps there's another confounding factor. The problem is, the question is whether the treatment itself is causing the anxiety. Without evidence that GLP-1RA causes anxiety, it's hard to say yes.

Also, considering the comorbidity indices, both groups have a high percentage of patients with multiple health issues. The GLP-1RA group has a Charlson score of 3 or higher in 65.2%, and the SGLT2i group has 68.5%. This could mean that patients in both groups have other conditions that might contribute to anxiety, making it harder to attribute the anxiety solely to the treatment.

Another point is that both treatments are expected to behave similarly. If GLP-1RA were causing anxiety, then SGLT2i might not, or vice versa. But since both are showing a difference, it's more likely that there's a third factor at play, like differences in the patient populations or other medications they're taking.

In the examples, when the outcome was a known side effect, it was considered a positive outcome. Since anxiety isn't a known side effect of these medications, it's more likely that the difference is due to other factors, not causation by the treatment.

So, putting it all together, I don't have enough evidence to suggest that GLP-1RA is causing anxiety disorders in these patients. The higher percentage could be a coincidence, a result of other differences between the groups, or due to other medications or health issues. Therefore, I think the answer should be ""no.""
</think>

no",no
Batch2,v4,medical_questions_v4.txt,6,"Question 6
[Background]
We compare two treatments for type 2 diabetes:
- Treatment: GLP-1 Receptor Agonists (GLP-1RA)
- Control: Sodium-Glucose Cotransporter-2 Inhibitors (SGLT2i)
[Task Description]
You’ll receive an outcome and the percentage of affected patients in each group.
Decide whether these treatments have a causal effect on that outcome.
You will receive a query describing an outcome and the proportion of patients in each group who experienced it:
- One percentage for patients using GLP-1RA (treatment group).
- One percentage for patients using SGLT2i (control group).
Your task is to determine whether the treatments (GLP-1RA and SGLT2i) have a causal effect on that outcome.
[Cohort Description]
Adults with type 2 diabetes who began either GLP-1RA or SGLT2i.
All had a prior diabetes diagnosis.
GLP-1RA users: mean age 58.0, BMI 37.4.
SGLT2i users: mean age 64.6, BMI 32.8.
Charlson Comorbidity Index ≥ 3 in 65.2% (GLP-1RA) and 68.5% (SGLT2i).
[Instruction]
- Judge whether the treatments causally influence the outcome.
- Both treatments are expected to behave similarly (either both yes or both no).
- “Yes” = Positive Outcome (OOI); “No” = Negative Control Outcome (NCO).
- Reply with only “yes” or “no.”
[Few-shot Examples]
- Treatment group using GLP-1RA (treatment) had 0.06% Foreign body in orifice, compared with 0.09% for control group using SGLT2i. Does treatment have causal effect to the Foreign body in orifice (is it a Positive Outcome)? - no
- Treatment group using GLP-1RA (treatment) had 0.01% Toxic effect of lead compound, compared with 0.04% for control group using SGLT2i. Does treatment have causal effect to the Toxic effect of lead compound (is it a Positive Outcome)? - no
- Treatment group using GLP-1RA (treatment) had 1.29% Epidermoid cyst, compared with 0.58% for control group using SGLT2i. Does treatment have causal effect to the Epidermoid cyst (is it a Positive Outcome)? - no
- Treatment group using GLP-1RA (treatment) had 78.37% Hypertension, compared with 84.71% for control group using SGLT2i. Does treatment have causal effect to the Hypertension (is it a Positive Outcome)? - yes
- Treatment group using GLP-1RA (treatment) had 78.09% Hyperlipidemia, compared with 84.45% for control group using SGLT2i. Does treatment have causal effect to the Hyperlipidemia (is it a Positive Outcome)? - yes
- Treatment group using GLP-1RA (treatment) had 64.14% Obesity, compared with 44.50% for control group using SGLT2i. Does treatment have causal effect to the Obesity (is it a Positive Outcome)? - yes
[Your Task]
[Question]
Treatment group using GLP-1RA (treatment) had 28.07% Anxiety disorders, compared with 20.78% for control group using SGLT2i. Does treatment have causal effect to the Anxiety disorders (is it a Positive Outcome)?
Answer: [Your answer, ""yes"" or ""no""]",8,"Okay, so I'm trying to figure out whether GLP-1 Receptor Agonists (GLP-1RA) have a causal effect on anxiety disorders compared to Sodium-Glucose Cotransporter-2 Inhibitors (SGLT2i) in patients with type 2 diabetes. Let's break this down step by step.

First, I need to understand what the question is asking. It provides the percentage of patients in each treatment group who experienced anxiety disorders. The treatment group using GLP-1RA had 28.07%, and the control group using SGLT2i had 20.78%. The task is to determine if this difference is due to a causal effect of the treatment on the outcome, which in this case is anxiety disorders.

I remember from the background that both treatments are being compared in adults with type 2 diabetes who started either GLP-1RA or SGLT2i. The patients have similar characteristics in terms of prior diabetes diagnosis, age, BMI, and Charlson Comorbidity Index. So, the groups are somewhat comparable except for the treatment they receive.

Looking at the examples provided, I see that when the treatment group had a higher percentage of an outcome, it was considered a positive outcome (e.g., Hypertension, Hyperlipidemia, Obesity). Conversely, when the treatment group had a lower percentage, it was considered a negative outcome (e.g., Foreign body in orifice, Toxic effect of lead compound). 

In this case, the treatment group (GLP-1RA) has a higher percentage (28.07%) compared to the control group (20.78%). According to the examples, if the treatment group has a higher rate, it's considered a positive outcome, implying a causal effect. However, I need to be cautious because correlation doesn't always mean causation. 

I should consider if there are other factors that might explain this difference. For instance, the GLP-1RA group has a slightly lower mean age (58.0 vs. 64.6) and a higher BMI (37.4 vs. 32.8). These factors could be associated with higher anxiety disorders. The Charlson Comorbidity Index is also higher in both groups, but it's not clear how that affects anxiety specifically.

Another consideration is the mechanism of action of these medications. GLP-1RA typically work by increasing insulin secretion and reducing glucose output from the liver. They can also cause weight loss, which might be linked to improved mental health, but anxiety is a different outcome. SGLT2i, on the other hand, are known to reduce cardiovascular death and have benefits beyond just glucose control, possibly affecting mental health as well.

I should also think about potential side effects of these drugs that might contribute to anxiety. GLP-1RA can sometimes cause gastrointestinal issues, but I'm not sure if they're linked to anxiety. SGLT2i have been associated with urinary tract infections and other issues, but again, the connection to anxiety isn't clear.

Since both treatments are expected to behave similarly (either both yes or both no), I need to decide if the difference in anxiety disorders is due to the treatment or other factors. Given that the treatment group has a higher rate, and considering the examples provided, it's likely that the question is testing whether the higher rate in GLP-1RA indicates a positive outcome, hence a causal effect.

However, I should also consider if anxiety disorders are a known side effect or if there's any literature suggesting that one treatment leads to more anxiety than the other. From what I recall, GLP-1RA might be associated with a slight increase in anxiety due to their effects on the central nervous system, but I'm not certain. Conversely, SGLT2i might not have the same association.

Given the lack of specific information about the treatments' effects on anxiety, but based on the provided examples, I think the answer would lean towards considering it a positive outcome, meaning GLP-1RA has a causal effect on anxiety disorders in this context.
</think>

The treatment group using GLP-1RA had a higher percentage of anxiety disorders compared to the control group using SGLT2i. Based on the provided examples, when the treatment group has a higher rate, it's considered a positive outcome, suggesting a causal effect. While there are potential confounding factors like age and BMI, the question implies that the difference is due to the treatments. Therefore, it is likely that GLP-1RA has a causal effect on anxiety disorders in this context.

Answer: yes",
Batch2,v4,medical_questions_v4.txt,6,"Question 6
[Background]
We compare two treatments for type 2 diabetes:
- Treatment: GLP-1 Receptor Agonists (GLP-1RA)
- Control: Sodium-Glucose Cotransporter-2 Inhibitors (SGLT2i)
[Task Description]
You’ll receive an outcome and the percentage of affected patients in each group.
Decide whether these treatments have a causal effect on that outcome.
You will receive a query describing an outcome and the proportion of patients in each group who experienced it:
- One percentage for patients using GLP-1RA (treatment group).
- One percentage for patients using SGLT2i (control group).
Your task is to determine whether the treatments (GLP-1RA and SGLT2i) have a causal effect on that outcome.
[Cohort Description]
Adults with type 2 diabetes who began either GLP-1RA or SGLT2i.
All had a prior diabetes diagnosis.
GLP-1RA users: mean age 58.0, BMI 37.4.
SGLT2i users: mean age 64.6, BMI 32.8.
Charlson Comorbidity Index ≥ 3 in 65.2% (GLP-1RA) and 68.5% (SGLT2i).
[Instruction]
- Judge whether the treatments causally influence the outcome.
- Both treatments are expected to behave similarly (either both yes or both no).
- “Yes” = Positive Outcome (OOI); “No” = Negative Control Outcome (NCO).
- Reply with only “yes” or “no.”
[Few-shot Examples]
- Treatment group using GLP-1RA (treatment) had 0.06% Foreign body in orifice, compared with 0.09% for control group using SGLT2i. Does treatment have causal effect to the Foreign body in orifice (is it a Positive Outcome)? - no
- Treatment group using GLP-1RA (treatment) had 0.01% Toxic effect of lead compound, compared with 0.04% for control group using SGLT2i. Does treatment have causal effect to the Toxic effect of lead compound (is it a Positive Outcome)? - no
- Treatment group using GLP-1RA (treatment) had 1.29% Epidermoid cyst, compared with 0.58% for control group using SGLT2i. Does treatment have causal effect to the Epidermoid cyst (is it a Positive Outcome)? - no
- Treatment group using GLP-1RA (treatment) had 78.37% Hypertension, compared with 84.71% for control group using SGLT2i. Does treatment have causal effect to the Hypertension (is it a Positive Outcome)? - yes
- Treatment group using GLP-1RA (treatment) had 78.09% Hyperlipidemia, compared with 84.45% for control group using SGLT2i. Does treatment have causal effect to the Hyperlipidemia (is it a Positive Outcome)? - yes
- Treatment group using GLP-1RA (treatment) had 64.14% Obesity, compared with 44.50% for control group using SGLT2i. Does treatment have causal effect to the Obesity (is it a Positive Outcome)? - yes
[Your Task]
[Question]
Treatment group using GLP-1RA (treatment) had 28.07% Anxiety disorders, compared with 20.78% for control group using SGLT2i. Does treatment have causal effect to the Anxiety disorders (is it a Positive Outcome)?
Answer: [Your answer, ""yes"" or ""no""]",9,"Okay, so I'm trying to figure out whether GLP-1RA treatment has a causal effect on anxiety disorders compared to SGLT2i in type 2 diabetes patients. Let me break this down step by step.

First, I know that GLP-1 receptor agonists (GLP-1RA) are medications that help with weight loss and blood sugar control in diabetes. They work by mimicking the action of GLP-1, a hormone that promotes insulin secretion and slows digestion, which helps in managing weight. On the other hand, SGLT2 inhibitors (SGLT2i) are another class of diabetes medications that work by blocking the kidneys' reabsorption of glucose, thus promoting urine excretion and lowering blood sugar levels.

Looking at the data provided: 28.07% of GLP-1RA users experienced anxiety disorders, compared to 20.78% in the SGLT2i group. So, more patients in the GLP-1RA group had anxiety. But does this mean that the GLP-1RA caused the anxiety, or is it just a coincidence?

I remember from the examples given that sometimes when one group has a higher percentage of an outcome, it doesn't automatically mean causation. For instance, in the case of foreign body in the orifice, both groups had similar low percentages, so it was concluded that neither treatment was causing it. Similarly, when one group had a higher rate of a condition, it didn't necessarily mean causation unless it's expected based on the treatment's known effects.

Now, anxiety disorders in the context of diabetes. I know that diabetes can be associated with emotional distress, including anxiety, due to the chronic nature of the condition, possible hypoglycemic episodes, weight gain, and other comorbidities. Both GLP-1RA and SGLT2i are associated with weight loss, which might reduce the risk of anxiety related to obesity. Wait, actually, weight loss can sometimes be linked to better mental health, so maybe that's a positive effect.

But in the examples provided, when the treatment group had a higher percentage of an outcome, it was considered a positive outcome. For instance, in the case of obesity, GLP-1RA had a higher rate, which was considered a positive outcome because it's an expected effect of the treatment. Similarly, for hypertension and hyperlipidemia, higher rates were considered positive because those are known side effects or outcomes associated with the treatment.

So, applying that logic here: anxiety disorders. GLP-1RA is known to cause nausea and vomiting as a side effect, which can contribute to anxiety. SGLT2i can also cause nausea, but perhaps not as much as GLP-1RA. So, if more patients on GLP-1RA are experiencing anxiety, it might be because the treatment is causing it directly or indirectly.

Alternatively, it's possible that both treatments could influence anxiety through different mechanisms. For example, weight loss from GLP-1RA might lead to improved mental health, but in this case, the GLP-1RA group has a higher rate of anxiety, so maybe it's not about weight loss. Or perhaps the medications themselves affect the central nervous system more than the other.

Another angle is to consider the baseline characteristics. The GLP-1RA users had a higher BMI (37.4 vs. 32.8) and were younger (58.0 vs. 64.6). They also had a higher Charlson Comorbidity Index (65.2% vs. 68.5%). So, they might have more comorbidities, which could contribute to anxiety. However, the question is about causation from the treatment, not just the underlying conditions.

In the examples, when the treatment group had a higher rate, it was considered a positive outcome if the treatment was expected to cause it. For instance, in the case of anxiety, since GLP-1RA can cause nausea and other gastrointestinal issues, which might indirectly lead to anxiety, it's plausible that the treatment has a causal effect.

On the other hand, SGLT2i can also cause some gastrointestinal side effects, but perhaps not as much as GLP-1RA. So, the higher rate in GLP-1RA could be due to the treatment's specific side effects.

Given all this, I think the correct answer is that GLP-1RA has a causal effect on anxiety disorders in this context, making it a positive outcome.
</think>

yes",yes
Batch2,v4,medical_questions_v4.txt,6,"Question 6
[Background]
We compare two treatments for type 2 diabetes:
- Treatment: GLP-1 Receptor Agonists (GLP-1RA)
- Control: Sodium-Glucose Cotransporter-2 Inhibitors (SGLT2i)
[Task Description]
You’ll receive an outcome and the percentage of affected patients in each group.
Decide whether these treatments have a causal effect on that outcome.
You will receive a query describing an outcome and the proportion of patients in each group who experienced it:
- One percentage for patients using GLP-1RA (treatment group).
- One percentage for patients using SGLT2i (control group).
Your task is to determine whether the treatments (GLP-1RA and SGLT2i) have a causal effect on that outcome.
[Cohort Description]
Adults with type 2 diabetes who began either GLP-1RA or SGLT2i.
All had a prior diabetes diagnosis.
GLP-1RA users: mean age 58.0, BMI 37.4.
SGLT2i users: mean age 64.6, BMI 32.8.
Charlson Comorbidity Index ≥ 3 in 65.2% (GLP-1RA) and 68.5% (SGLT2i).
[Instruction]
- Judge whether the treatments causally influence the outcome.
- Both treatments are expected to behave similarly (either both yes or both no).
- “Yes” = Positive Outcome (OOI); “No” = Negative Control Outcome (NCO).
- Reply with only “yes” or “no.”
[Few-shot Examples]
- Treatment group using GLP-1RA (treatment) had 0.06% Foreign body in orifice, compared with 0.09% for control group using SGLT2i. Does treatment have causal effect to the Foreign body in orifice (is it a Positive Outcome)? - no
- Treatment group using GLP-1RA (treatment) had 0.01% Toxic effect of lead compound, compared with 0.04% for control group using SGLT2i. Does treatment have causal effect to the Toxic effect of lead compound (is it a Positive Outcome)? - no
- Treatment group using GLP-1RA (treatment) had 1.29% Epidermoid cyst, compared with 0.58% for control group using SGLT2i. Does treatment have causal effect to the Epidermoid cyst (is it a Positive Outcome)? - no
- Treatment group using GLP-1RA (treatment) had 78.37% Hypertension, compared with 84.71% for control group using SGLT2i. Does treatment have causal effect to the Hypertension (is it a Positive Outcome)? - yes
- Treatment group using GLP-1RA (treatment) had 78.09% Hyperlipidemia, compared with 84.45% for control group using SGLT2i. Does treatment have causal effect to the Hyperlipidemia (is it a Positive Outcome)? - yes
- Treatment group using GLP-1RA (treatment) had 64.14% Obesity, compared with 44.50% for control group using SGLT2i. Does treatment have causal effect to the Obesity (is it a Positive Outcome)? - yes
[Your Task]
[Question]
Treatment group using GLP-1RA (treatment) had 28.07% Anxiety disorders, compared with 20.78% for control group using SGLT2i. Does treatment have causal effect to the Anxiety disorders (is it a Positive Outcome)?
Answer: [Your answer, ""yes"" or ""no""]",10,"Alright, let's try to figure this out. So, the question is about whether GLP-1RA treatment for type 2 diabetes has a causal effect on anxiety disorders compared to SGLT2i. 

First, I need to understand the context. Both GLP-1RA and SGLT2i are diabetes medications, but they work differently. GLP-1RA helps with glucose control by increasing insulin and decreasing glucagon, and they also have effects on appetite and weight. SGLT2i inhibits the kidneys from reabsorbing glucose, which also helps lower blood sugar.

Now, the question gives me the percentages of patients experiencing anxiety disorders. The treatment group (GLP-1RA) has 28.07%, and the control group (SGLT2i) has 20.78%. The task is to determine if this difference indicates a causal effect.

I remember from the examples that when the treatment group has a higher percentage than the control, it's considered a positive outcome. But I also need to think about whether the treatment actually causes the outcome. For instance, in the examples, if the treatment group had a higher rate of a specific condition, it was considered a positive outcome. However, the reasoning also considered whether the treatment could logically cause that condition.

In the given examples, for conditions like hypertension, hyperlipidemia, and obesity, the treatment group had higher rates, and the answer was ""yes"" because these are known side effects or related conditions of the treatments. For instance, GLP-1RA can sometimes cause weight loss, but in this case, anxiety disorders aren't directly a known side effect.

So, applying that logic here, anxiety disorders aren't typically a known side effect of GLP-1RA or SGLT2i. Both medications are more about blood sugar control. They might affect mental health indirectly, but there's no direct causal link established in the examples provided. The example with anxiety disorders would be similar to the first two examples where the difference in percentages didn't result in a ""yes"" because the outcome wasn't directly caused by the treatment.

Additionally, the comorbidity indices are higher in both groups, but that doesn't directly relate to anxiety disorders. The age and BMI differences between the groups could also be confounding factors, but without specific information on how these factors relate to anxiety disorders, it's hard to say.

Given that anxiety disorders aren't a known outcome of these medications, and the examples don't consider such outcomes as positive unless they're direct side effects, I would lean towards the answer being ""no."" The difference in percentages might just be coincidental or influenced by other factors, not the treatment itself causing anxiety disorders.
</think>

no",no
Batch2,v4,medical_questions_v4.txt,7,"Question 7
[Background]
We compare two treatments for type 2 diabetes:
- Treatment: GLP-1 Receptor Agonists (GLP-1RA)
- Control: Sodium-Glucose Cotransporter-2 Inhibitors (SGLT2i)
[Task Description]
You’ll receive an outcome and the percentage of affected patients in each group.
Decide whether these treatments have a causal effect on that outcome.
You will receive a query describing an outcome and the proportion of patients in each group who experienced it:
- One percentage for patients using GLP-1RA (treatment group).
- One percentage for patients using SGLT2i (control group).
Your task is to determine whether the treatments (GLP-1RA and SGLT2i) have a causal effect on that outcome.
[Cohort Description]
Adults with type 2 diabetes who began either GLP-1RA or SGLT2i.
All had a prior diabetes diagnosis.
GLP-1RA users: mean age 58.0, BMI 37.4.
SGLT2i users: mean age 64.6, BMI 32.8.
Charlson Comorbidity Index ≥ 3 in 65.2% (GLP-1RA) and 68.5% (SGLT2i).
[Instruction]
- Judge whether the treatments causally influence the outcome.
- Both treatments are expected to behave similarly (either both yes or both no).
- “Yes” = Positive Outcome (OOI); “No” = Negative Control Outcome (NCO).
- Reply with only “yes” or “no.”
[Few-shot examples]
- Treatment group using GLP-1RA (treatment) had 0.06% Foreign body in orifice, compared with 0.09% for control group using SGLT2i. Does treatment have causal effect to the Foreign body in orifice (is it a Positive Outcome)? - no
- Treatment group using GLP-1RA (treatment) had 0.01% Toxic effect of lead compound, compared with 0.04% for control group using SGLT2i. Does treatment have causal effect to the Toxic effect of lead compound (is it a Positive Outcome)? - no
- Treatment group using GLP-1RA (treatment) had 1.29% Epidermoid cyst, compared with 0.58% for control group using SGLT2i. Does treatment have causal effect to the Epidermoid cyst (is it a Positive Outcome)? - no
- Treatment group using GLP-1RA (treatment) had 78.37% Hypertension, compared with 84.71% for control group using SGLT2i. Does treatment have causal effect to the Hypertension (is it a Positive Outcome)? - yes
- Treatment group using GLP-1RA (treatment) had 78.09% Hyperlipidemia, compared with 84.45% for control group using SGLT2i. Does treatment have causal effect to the Hyperlipidemia (is it a Positive Outcome)? - yes
- Treatment group using GLP-1RA (treatment) had 64.14% Obesity, compared with 44.50% for control group using SGLT2i. Does treatment have causal effect to the Obesity (is it a Positive Outcome)? - yes
[Your Task]
[Question]
Treatment group using GLP-1RA (treatment) had 0.10% Social exclusion, compared with 0.11% for control group using SGLT2i. Does treatment have causal effect to the Social exclusion (is it a Positive Outcome)?
Answer: [Your answer, ""yes"" or ""no""]",1,"Okay, so I have this question about whether GLP-1RA treatments have a causal effect on social exclusion in patients with type 2 diabetes. Let me try to break this down step by step.

First, I need to understand the context. The question is comparing two diabetes treatments: GLP-1 Receptor Agonists (GLP-1RA) and Sodium-Glucose Cotransporter-2 Inhibitors (SGLT2i). The task is to determine if either of these treatments causes a specific outcome, in this case, social exclusion, based on the percentages of patients experiencing it in each group.

The data provided is that 0.10% of GLP-1RA users experienced social exclusion, compared to 0.11% of SGLT2i users. The question is whether this difference suggests a causal effect.

I remember from the examples given that when the treatment group has a lower percentage of the outcome, it's considered a negative control outcome (NCO), and when it's higher, it's a positive outcome (POI). But I'm a bit confused because in the examples, sometimes the treatment group had a higher percentage, and it was considered a POI, but other times, even if it was lower, it was still NCO.

Wait, in the first two examples, the treatment group had lower percentages than the control, and the answer was ""no"" for both, indicating NCO. In the next two examples, the treatment group had lower percentages for Hypertension and Hyperlipidemia, but the answer was ""yes"" because those are expected positive outcomes. Hmm, that seems contradictory.

Wait, no. Let me check again. The third example had Epidermoid cyst with treatment group higher (1.29%) vs control (0.58%), so it was NCO because the treatment group had more, but the outcome was not expected to be caused by the treatment. So, if the treatment group has a higher percentage, it's NCO, but if the outcome is expected to be a positive effect, then maybe it's POI. Wait, no, the example where treatment had 1.29% and control 0.58% was Epidermoid cyst, and the answer was ""no"", so higher in treatment group but still NCO.

Wait, in the Hypertension example, the treatment group had 78.37% vs control 84.71%, so treatment group lower, but the answer was ""yes"", meaning it's a positive outcome. Similarly, Hyperlipidemia had treatment 78.09% vs control 84.45%, so treatment lower, but answer was ""yes"". Obesity had treatment 64.14% vs control 44.50%, so treatment higher, but answer was ""yes"". So, it seems that if the outcome is something that the treatment should influence, like blood pressure or lipids, then even if the treatment group is lower, it's considered a positive outcome because the treatment is expected to affect it.

So, applying that logic here, social exclusion. I'm not sure if GLP-1RA or SGLT2i are known to affect social exclusion. From what I know, GLP-1RA primarily affect blood glucose and may have effects on weight and heart health, while SGLT2i also affect blood glucose and can have effects on kidney function and heart health. Social exclusion is more of a psychological or social phenomenon, related to how individuals interact with others, stigma, etc. I don't recall any specific connection between these medications and social exclusion.

Given that, both treatments are expected to behave similarly in terms of not causing social exclusion. So, if one group has a slightly lower percentage than the other, it's not indicative of a causal effect because neither treatment is known to cause or prevent social exclusion.

Therefore, in this case, since both groups have very low percentages (0.10% and 0.11%) for social exclusion, and neither treatment is expected to influence it, the difference is negligible and likely due to chance. So, the answer should be ""no"" because there's no causal effect here.
</think>

no",no
Batch2,v4,medical_questions_v4.txt,7,"Question 7
[Background]
We compare two treatments for type 2 diabetes:
- Treatment: GLP-1 Receptor Agonists (GLP-1RA)
- Control: Sodium-Glucose Cotransporter-2 Inhibitors (SGLT2i)
[Task Description]
You’ll receive an outcome and the percentage of affected patients in each group.
Decide whether these treatments have a causal effect on that outcome.
You will receive a query describing an outcome and the proportion of patients in each group who experienced it:
- One percentage for patients using GLP-1RA (treatment group).
- One percentage for patients using SGLT2i (control group).
Your task is to determine whether the treatments (GLP-1RA and SGLT2i) have a causal effect on that outcome.
[Cohort Description]
Adults with type 2 diabetes who began either GLP-1RA or SGLT2i.
All had a prior diabetes diagnosis.
GLP-1RA users: mean age 58.0, BMI 37.4.
SGLT2i users: mean age 64.6, BMI 32.8.
Charlson Comorbidity Index ≥ 3 in 65.2% (GLP-1RA) and 68.5% (SGLT2i).
[Instruction]
- Judge whether the treatments causally influence the outcome.
- Both treatments are expected to behave similarly (either both yes or both no).
- “Yes” = Positive Outcome (OOI); “No” = Negative Control Outcome (NCO).
- Reply with only “yes” or “no.”
[Few-shot examples]
- Treatment group using GLP-1RA (treatment) had 0.06% Foreign body in orifice, compared with 0.09% for control group using SGLT2i. Does treatment have causal effect to the Foreign body in orifice (is it a Positive Outcome)? - no
- Treatment group using GLP-1RA (treatment) had 0.01% Toxic effect of lead compound, compared with 0.04% for control group using SGLT2i. Does treatment have causal effect to the Toxic effect of lead compound (is it a Positive Outcome)? - no
- Treatment group using GLP-1RA (treatment) had 1.29% Epidermoid cyst, compared with 0.58% for control group using SGLT2i. Does treatment have causal effect to the Epidermoid cyst (is it a Positive Outcome)? - no
- Treatment group using GLP-1RA (treatment) had 78.37% Hypertension, compared with 84.71% for control group using SGLT2i. Does treatment have causal effect to the Hypertension (is it a Positive Outcome)? - yes
- Treatment group using GLP-1RA (treatment) had 78.09% Hyperlipidemia, compared with 84.45% for control group using SGLT2i. Does treatment have causal effect to the Hyperlipidemia (is it a Positive Outcome)? - yes
- Treatment group using GLP-1RA (treatment) had 64.14% Obesity, compared with 44.50% for control group using SGLT2i. Does treatment have causal effect to the Obesity (is it a Positive Outcome)? - yes
[Your Task]
[Question]
Treatment group using GLP-1RA (treatment) had 0.10% Social exclusion, compared with 0.11% for control group using SGLT2i. Does treatment have causal effect to the Social exclusion (is it a Positive Outcome)?
Answer: [Your answer, ""yes"" or ""no""]",2,"Alright, so I'm trying to figure out whether GLP-1RA treatment has a causal effect on social exclusion in patients with type 2 diabetes. The data given is that 0.10% of GLP-1RA users experienced social exclusion, compared to 0.11% in the SGLT2i control group. 

First, I need to understand what's being asked. The question is whether the treatment (GLP-1RA) caused an increase or decrease in social exclusion. Social exclusion is a bit abstract, but I think it refers to situations where individuals are excluded from social activities or society, maybe due to stigma, marginalization, or other social factors.

Looking at the percentages, the GLP-1RA group has a slightly lower percentage (0.10%) compared to the SGLT2i group (0.11%). That means fewer GLP-1RA users experienced social exclusion. So, does this mean that GLP-1RA is causing social exclusion, or is it protecting against it?

I should consider the expected behavior of these treatments. Both GLP-1RA and SGLT2i are medications used to manage type 2 diabetes. GLP-1RA works by helping the body release glucose and by slowing digestion, which can lead to weight loss. SGLT2i inhibits the kidneys from reabsorbing glucose, which also helps lower blood sugar and can lead to weight loss as well. Both medications can cause side effects, but I'm not sure if they have any direct link to social exclusion.

Social exclusion is more of a social or psychological issue rather than a direct medical side effect. So, it's possible that the medication itself doesn't cause social exclusion. Instead, maybe the underlying condition, type 2 diabetes, is linked to social exclusion. People with diabetes might face stigma or exclusion due to misconceptions about the disease, or perhaps because of weight-related issues if the diabetes is associated with obesity.

Looking at the examples provided, in some cases the treatment group had lower percentages of certain outcomes, but it was determined that there was no causal effect. For example, foreign body in orifice was 0.06% vs. 0.09%, but the answer was ""no"". Similarly, other outcomes like toxic effects or epidermoid cysts had lower percentages but were also ""no"". 

In the cases where the answer was ""yes"", like hypertension, hyperlipidemia, and obesity, the treatment group had higher percentages, which made sense because those are common side effects of the medications. So, if the treatment group has a higher percentage of an outcome, it's more likely that the treatment is causing it.

In this question, the treatment group has a slightly lower percentage of social exclusion. That suggests that GLP-1RA might be associated with a lower likelihood of social exclusion. But does that mean it's causally related? Or could it be that patients on GLP-1RA have other factors that reduce their social exclusion, like better adherence to treatment, which might improve their social interactions?

I also need to consider the other variables given: age, BMI, and Charlson Comorbidity Index. GLP-1RA users are slightly younger, have a higher BMI, and have a similar comorbidity index to the SGLT2i group. These factors might influence social exclusion. For example, a higher BMI could be associated with more social exclusion due to weight stigma, but the GLP-1RA group has a higher BMI, yet they have a lower percentage of social exclusion. That seems contradictory.

Alternatively, maybe the medications affect the body in ways that indirectly influence social behavior. For instance, GLP-1RA can sometimes cause nausea and vomiting, which might lead to social isolation if patients feel less comfortable engaging in social activities. However, this is speculative, and there's no direct evidence provided.

Another angle is that both medications are used to manage diabetes, which can have various effects on patients' lives. GLP-1RA might lead to better blood sugar control, which in turn could improve mental health and social interactions. Conversely, SGLT2i might not have the same impact on certain aspects of mental health.

But considering the examples given, when the treatment group had a lower percentage, the answer was ""no"". So maybe the trend is that if the treatment group has a lower percentage, it's not considered a positive outcome. In this case, GLP-1RA has a lower percentage of social exclusion, so it's a negative outcome, meaning the treatment doesn't have a causal effect to cause social exclusion.

Wait, but the instruction says that both treatments are expected to behave similarly. So if one group has a lower percentage, it's because of other factors, not the treatment itself. Therefore, the treatment doesn't have a causal effect on the outcome.

So, in this case, since GLP-1RA has a slightly lower percentage of social exclusion, it's not a positive outcome, so the answer would be ""no"".
</think>

no",no
Batch2,v4,medical_questions_v4.txt,7,"Question 7
[Background]
We compare two treatments for type 2 diabetes:
- Treatment: GLP-1 Receptor Agonists (GLP-1RA)
- Control: Sodium-Glucose Cotransporter-2 Inhibitors (SGLT2i)
[Task Description]
You’ll receive an outcome and the percentage of affected patients in each group.
Decide whether these treatments have a causal effect on that outcome.
You will receive a query describing an outcome and the proportion of patients in each group who experienced it:
- One percentage for patients using GLP-1RA (treatment group).
- One percentage for patients using SGLT2i (control group).
Your task is to determine whether the treatments (GLP-1RA and SGLT2i) have a causal effect on that outcome.
[Cohort Description]
Adults with type 2 diabetes who began either GLP-1RA or SGLT2i.
All had a prior diabetes diagnosis.
GLP-1RA users: mean age 58.0, BMI 37.4.
SGLT2i users: mean age 64.6, BMI 32.8.
Charlson Comorbidity Index ≥ 3 in 65.2% (GLP-1RA) and 68.5% (SGLT2i).
[Instruction]
- Judge whether the treatments causally influence the outcome.
- Both treatments are expected to behave similarly (either both yes or both no).
- “Yes” = Positive Outcome (OOI); “No” = Negative Control Outcome (NCO).
- Reply with only “yes” or “no.”
[Few-shot examples]
- Treatment group using GLP-1RA (treatment) had 0.06% Foreign body in orifice, compared with 0.09% for control group using SGLT2i. Does treatment have causal effect to the Foreign body in orifice (is it a Positive Outcome)? - no
- Treatment group using GLP-1RA (treatment) had 0.01% Toxic effect of lead compound, compared with 0.04% for control group using SGLT2i. Does treatment have causal effect to the Toxic effect of lead compound (is it a Positive Outcome)? - no
- Treatment group using GLP-1RA (treatment) had 1.29% Epidermoid cyst, compared with 0.58% for control group using SGLT2i. Does treatment have causal effect to the Epidermoid cyst (is it a Positive Outcome)? - no
- Treatment group using GLP-1RA (treatment) had 78.37% Hypertension, compared with 84.71% for control group using SGLT2i. Does treatment have causal effect to the Hypertension (is it a Positive Outcome)? - yes
- Treatment group using GLP-1RA (treatment) had 78.09% Hyperlipidemia, compared with 84.45% for control group using SGLT2i. Does treatment have causal effect to the Hyperlipidemia (is it a Positive Outcome)? - yes
- Treatment group using GLP-1RA (treatment) had 64.14% Obesity, compared with 44.50% for control group using SGLT2i. Does treatment have causal effect to the Obesity (is it a Positive Outcome)? - yes
[Your Task]
[Question]
Treatment group using GLP-1RA (treatment) had 0.10% Social exclusion, compared with 0.11% for control group using SGLT2i. Does treatment have causal effect to the Social exclusion (is it a Positive Outcome)?
Answer: [Your answer, ""yes"" or ""no""]",3,"Okay, so I'm trying to figure out whether GLP-1RA treatment has a causal effect on social exclusion in type 2 diabetes patients. The question says that 0.10% of GLP-1RA users experienced social exclusion, while 0.11% of SGLT2i users did as well. 

First, I need to understand what social exclusion means in this context. It's about being excluded from social situations, which can be related to mental health issues like depression or anxiety. Now, GLP-1RA medications are known to help with weight loss and can improve blood sugar control. They work by slowing digestion and helping the body release glucagon and suppressing appetite. SGLT2i medications also help with blood sugar control but work differently, often with weight loss benefits as well.

Looking at the examples provided, when the treatment group had a lower percentage of an outcome than the control, like in the first three examples, the answer was ""no."" However, when the treatment group had a higher percentage, like in the last three examples (Hypertension, Hyperlipidemia, Obesity), the answer was ""yes."" So it seems like if the treatment group has a higher rate of an outcome, it's considered a positive outcome, implying a causal effect.

In this case, the GLP-1RA group has 0.10% social exclusion, which is slightly lower than the SGLT2i group's 0.11%. So, following the pattern, since the treatment group has a lower rate, the answer would be ""no,"" meaning no causal effect. But wait, maybe I'm misapplying the pattern. Let me think again.

Wait, in the examples, when the treatment group had a higher percentage, it was considered a positive outcome, implying the treatment caused it. So if the treatment group has a higher rate, it's yes; if lower, it's no. So in this case, since GLP-1RA is 0.10% and SGLT2i is 0.11%, GLP-1RA has a lower rate, so the answer is ""no."" But I should also consider if the outcome is something the treatment should affect.

GLP-1RA is more associated with weight loss and metabolic benefits. Social exclusion is more of a psychological or social issue. I don't know if GLP-1RA directly affects social exclusion. It might be more related to mental health, which isn't directly addressed by these medications. So even though the treatment group has a slightly lower rate, it's not necessarily because of the medication. There could be other factors, like different patient populations or other comorbidities.

Looking at the cohort description, GLP-1RA users are slightly younger (58.0 vs. 64.6) and have a higher BMI (37.4 vs. 32.8). They also have a similar Charlson score. The age difference might mean that the SGLT2i group has older, possibly more comorbid patients. If older age is linked to higher social exclusion, that could explain the difference. Also, the higher BMI in GLP-1RA users might be associated with other factors that influence social exclusion, like body image issues.

So, considering all this, the lower rate in the treatment group doesn't necessarily mean the treatment caused it. It could be due to other factors related to the patient population. Therefore, the answer should be ""no"" because the treatment group doesn't have a higher rate of social exclusion, which would be needed to infer a causal effect.
</think>

no",no
Batch2,v4,medical_questions_v4.txt,7,"Question 7
[Background]
We compare two treatments for type 2 diabetes:
- Treatment: GLP-1 Receptor Agonists (GLP-1RA)
- Control: Sodium-Glucose Cotransporter-2 Inhibitors (SGLT2i)
[Task Description]
You’ll receive an outcome and the percentage of affected patients in each group.
Decide whether these treatments have a causal effect on that outcome.
You will receive a query describing an outcome and the proportion of patients in each group who experienced it:
- One percentage for patients using GLP-1RA (treatment group).
- One percentage for patients using SGLT2i (control group).
Your task is to determine whether the treatments (GLP-1RA and SGLT2i) have a causal effect on that outcome.
[Cohort Description]
Adults with type 2 diabetes who began either GLP-1RA or SGLT2i.
All had a prior diabetes diagnosis.
GLP-1RA users: mean age 58.0, BMI 37.4.
SGLT2i users: mean age 64.6, BMI 32.8.
Charlson Comorbidity Index ≥ 3 in 65.2% (GLP-1RA) and 68.5% (SGLT2i).
[Instruction]
- Judge whether the treatments causally influence the outcome.
- Both treatments are expected to behave similarly (either both yes or both no).
- “Yes” = Positive Outcome (OOI); “No” = Negative Control Outcome (NCO).
- Reply with only “yes” or “no.”
[Few-shot examples]
- Treatment group using GLP-1RA (treatment) had 0.06% Foreign body in orifice, compared with 0.09% for control group using SGLT2i. Does treatment have causal effect to the Foreign body in orifice (is it a Positive Outcome)? - no
- Treatment group using GLP-1RA (treatment) had 0.01% Toxic effect of lead compound, compared with 0.04% for control group using SGLT2i. Does treatment have causal effect to the Toxic effect of lead compound (is it a Positive Outcome)? - no
- Treatment group using GLP-1RA (treatment) had 1.29% Epidermoid cyst, compared with 0.58% for control group using SGLT2i. Does treatment have causal effect to the Epidermoid cyst (is it a Positive Outcome)? - no
- Treatment group using GLP-1RA (treatment) had 78.37% Hypertension, compared with 84.71% for control group using SGLT2i. Does treatment have causal effect to the Hypertension (is it a Positive Outcome)? - yes
- Treatment group using GLP-1RA (treatment) had 78.09% Hyperlipidemia, compared with 84.45% for control group using SGLT2i. Does treatment have causal effect to the Hyperlipidemia (is it a Positive Outcome)? - yes
- Treatment group using GLP-1RA (treatment) had 64.14% Obesity, compared with 44.50% for control group using SGLT2i. Does treatment have causal effect to the Obesity (is it a Positive Outcome)? - yes
[Your Task]
[Question]
Treatment group using GLP-1RA (treatment) had 0.10% Social exclusion, compared with 0.11% for control group using SGLT2i. Does treatment have causal effect to the Social exclusion (is it a Positive Outcome)?
Answer: [Your answer, ""yes"" or ""no""]",4,"Okay, so I need to determine whether GLP-1RA treatments have a causal effect on social exclusion in patients with type 2 diabetes. The data given is that 0.10% of GLP-1RA users experienced social exclusion, while 0.11% of SGLT2i users did. 

First, I should think about what social exclusion means in this context. Social exclusion can refer to situations where individuals are excluded from social interactions or activities due to various factors. In the context of diabetes, it might relate to how managing the disease affects their social life.

GLP-1RA (GLP-1 Receptor Agonists) are medications that help with weight loss and glucose control. They work by increasing the release of insulin and decreasing appetite. SGLT2i (Sodium-Glucose Cotransporter-2 Inhibitors) are also used for type 2 diabetes management but work by preventing the kidneys from reabsorbing glucose, thus promoting urine output and lowering blood sugar levels. They are known to have benefits beyond glucose control, such as reducing the risk of cardiovascular events.

Now, looking at the percentages: GLP-1RA group has 0.10% social exclusion, and SGLT2i has 0.11%. The difference is very small, just 0.01 percentage points. Both percentages are extremely low, indicating that social exclusion is rare in both groups. 

I should consider whether there's a plausible causal relationship between the treatments and social exclusion. Both medications are used for managing diabetes, but they don't directly target social factors. GLP-1RA helps with weight management, which might indirectly affect social interactions, but the connection seems tenuous. SGLT2i has been linked to reducing cardiovascular risks, which could potentially influence social interactions if cardiovascular health affects social outcomes, but again, this is a stretch.

Given that both treatments have very low rates of social exclusion and the difference between them is minimal, it's unlikely that either treatment has a causal effect on social exclusion. The percentages are too low to suggest a meaningful relationship. It's possible that social exclusion is influenced by other factors not related to these medications, such as mental health, socioeconomic status, or other social determinants.

Another angle to consider is the baseline characteristics of the patients. The GLP-1RA group has a younger mean age (58.0 vs. 64.6) and higher BMI (37.4 vs. 32.8). They also have a slightly lower Charlson Comorbidity Index (65.2% vs. 68.5%). These factors might influence social exclusion, but since the rates are so low, it's hard to draw any conclusions.

Looking at the examples provided, for instance, when the treatment group had a higher percentage of an outcome, it was considered a positive outcome, and the causal effect was attributed to the treatment. But in this case, both are very low, and the difference is negligible. It doesn't fit the pattern of one group having a significantly higher rate than the other, which would suggest a causal link.

Therefore, based on the data, there's no strong evidence to suggest that either GLP-1RA or SGLT2i has a causal effect on social exclusion. The percentages are too low, and the difference between the two groups is minimal, making it unlikely that the treatments are the cause of this outcome.
</think>

no",no
Batch2,v4,medical_questions_v4.txt,7,"Question 7
[Background]
We compare two treatments for type 2 diabetes:
- Treatment: GLP-1 Receptor Agonists (GLP-1RA)
- Control: Sodium-Glucose Cotransporter-2 Inhibitors (SGLT2i)
[Task Description]
You’ll receive an outcome and the percentage of affected patients in each group.
Decide whether these treatments have a causal effect on that outcome.
You will receive a query describing an outcome and the proportion of patients in each group who experienced it:
- One percentage for patients using GLP-1RA (treatment group).
- One percentage for patients using SGLT2i (control group).
Your task is to determine whether the treatments (GLP-1RA and SGLT2i) have a causal effect on that outcome.
[Cohort Description]
Adults with type 2 diabetes who began either GLP-1RA or SGLT2i.
All had a prior diabetes diagnosis.
GLP-1RA users: mean age 58.0, BMI 37.4.
SGLT2i users: mean age 64.6, BMI 32.8.
Charlson Comorbidity Index ≥ 3 in 65.2% (GLP-1RA) and 68.5% (SGLT2i).
[Instruction]
- Judge whether the treatments causally influence the outcome.
- Both treatments are expected to behave similarly (either both yes or both no).
- “Yes” = Positive Outcome (OOI); “No” = Negative Control Outcome (NCO).
- Reply with only “yes” or “no.”
[Few-shot examples]
- Treatment group using GLP-1RA (treatment) had 0.06% Foreign body in orifice, compared with 0.09% for control group using SGLT2i. Does treatment have causal effect to the Foreign body in orifice (is it a Positive Outcome)? - no
- Treatment group using GLP-1RA (treatment) had 0.01% Toxic effect of lead compound, compared with 0.04% for control group using SGLT2i. Does treatment have causal effect to the Toxic effect of lead compound (is it a Positive Outcome)? - no
- Treatment group using GLP-1RA (treatment) had 1.29% Epidermoid cyst, compared with 0.58% for control group using SGLT2i. Does treatment have causal effect to the Epidermoid cyst (is it a Positive Outcome)? - no
- Treatment group using GLP-1RA (treatment) had 78.37% Hypertension, compared with 84.71% for control group using SGLT2i. Does treatment have causal effect to the Hypertension (is it a Positive Outcome)? - yes
- Treatment group using GLP-1RA (treatment) had 78.09% Hyperlipidemia, compared with 84.45% for control group using SGLT2i. Does treatment have causal effect to the Hyperlipidemia (is it a Positive Outcome)? - yes
- Treatment group using GLP-1RA (treatment) had 64.14% Obesity, compared with 44.50% for control group using SGLT2i. Does treatment have causal effect to the Obesity (is it a Positive Outcome)? - yes
[Your Task]
[Question]
Treatment group using GLP-1RA (treatment) had 0.10% Social exclusion, compared with 0.11% for control group using SGLT2i. Does treatment have causal effect to the Social exclusion (is it a Positive Outcome)?
Answer: [Your answer, ""yes"" or ""no""]",5,"Okay, so I need to figure out whether GLP-1RA treatments have a causal effect on social exclusion in the given scenario. Let me break this down step by step.

First, the question provides that the treatment group (GLP-1RA) has 0.10% social exclusion, and the control group (SGLT2i) has 0.11%. At first glance, it seems like the treatment group has a slightly lower percentage, which might suggest that GLP-1RA could be reducing social exclusion. However, I should be cautious here because percentages can be misleading, especially when dealing with very small percentages.

I remember from the examples provided earlier that when the treatment group has a lower percentage than the control, it's sometimes considered a positive outcome if the outcome is something we want to reduce. For instance, in the case of hypertension, a lower percentage in the treatment group was seen as a positive outcome because it meant better control. Similarly, for hyperlipidemia and obesity, lower percentages were also seen as positive outcomes.

However, I also need to consider whether the outcome is something that the treatments are known to affect. GLP-1RA medications are typically used for managing type 2 diabetes. They work by helping the body release less glucagon and promoting insulin release, which can help with weight loss and lowering blood glucose. They might also have effects on other comorbidities like hypertension and dyslipidemia, but social exclusion is not a direct consequence of these medications.

Social exclusion is more of a psychological or social outcome rather than a direct medical condition. It's about how people interact with others and their sense of belonging. I'm not aware of any studies linking GLP-1RA medications directly to social exclusion. These drugs are more focused on metabolic and cardiovascular health rather than social behavior.

Moreover, looking at the comorbidity indices, both groups have similar levels of comorbidities, so I don't think that's influencing the outcome here. The age and BMI of the groups are different, but that's about the populations, not the specific outcome of social exclusion.

Another thing to consider is the small percentages involved—0.10% and 0.11%. These are very low rates, which makes me think that this might be a rare outcome. If the treatments didn't significantly affect this, it's possible that social exclusion isn't a common side effect of these medications.

In the examples provided, when the treatment group had a lower percentage than the control, it was considered a positive outcome if the outcome was something like hypertension, which is related to the treatment's effects. However, social exclusion isn't related to the typical effects of GLP-1RA. Therefore, even though the treatment group has a slightly lower percentage, it's not something the treatment is intended to affect.

So, putting this all together, I don't think GLP-1RA treatments have a causal effect on social exclusion. The small difference is likely coincidental or due to other factors not accounted for in the data provided.
</think>

no",no
Batch2,v4,medical_questions_v4.txt,7,"Question 7
[Background]
We compare two treatments for type 2 diabetes:
- Treatment: GLP-1 Receptor Agonists (GLP-1RA)
- Control: Sodium-Glucose Cotransporter-2 Inhibitors (SGLT2i)
[Task Description]
You’ll receive an outcome and the percentage of affected patients in each group.
Decide whether these treatments have a causal effect on that outcome.
You will receive a query describing an outcome and the proportion of patients in each group who experienced it:
- One percentage for patients using GLP-1RA (treatment group).
- One percentage for patients using SGLT2i (control group).
Your task is to determine whether the treatments (GLP-1RA and SGLT2i) have a causal effect on that outcome.
[Cohort Description]
Adults with type 2 diabetes who began either GLP-1RA or SGLT2i.
All had a prior diabetes diagnosis.
GLP-1RA users: mean age 58.0, BMI 37.4.
SGLT2i users: mean age 64.6, BMI 32.8.
Charlson Comorbidity Index ≥ 3 in 65.2% (GLP-1RA) and 68.5% (SGLT2i).
[Instruction]
- Judge whether the treatments causally influence the outcome.
- Both treatments are expected to behave similarly (either both yes or both no).
- “Yes” = Positive Outcome (OOI); “No” = Negative Control Outcome (NCO).
- Reply with only “yes” or “no.”
[Few-shot examples]
- Treatment group using GLP-1RA (treatment) had 0.06% Foreign body in orifice, compared with 0.09% for control group using SGLT2i. Does treatment have causal effect to the Foreign body in orifice (is it a Positive Outcome)? - no
- Treatment group using GLP-1RA (treatment) had 0.01% Toxic effect of lead compound, compared with 0.04% for control group using SGLT2i. Does treatment have causal effect to the Toxic effect of lead compound (is it a Positive Outcome)? - no
- Treatment group using GLP-1RA (treatment) had 1.29% Epidermoid cyst, compared with 0.58% for control group using SGLT2i. Does treatment have causal effect to the Epidermoid cyst (is it a Positive Outcome)? - no
- Treatment group using GLP-1RA (treatment) had 78.37% Hypertension, compared with 84.71% for control group using SGLT2i. Does treatment have causal effect to the Hypertension (is it a Positive Outcome)? - yes
- Treatment group using GLP-1RA (treatment) had 78.09% Hyperlipidemia, compared with 84.45% for control group using SGLT2i. Does treatment have causal effect to the Hyperlipidemia (is it a Positive Outcome)? - yes
- Treatment group using GLP-1RA (treatment) had 64.14% Obesity, compared with 44.50% for control group using SGLT2i. Does treatment have causal effect to the Obesity (is it a Positive Outcome)? - yes
[Your Task]
[Question]
Treatment group using GLP-1RA (treatment) had 0.10% Social exclusion, compared with 0.11% for control group using SGLT2i. Does treatment have causal effect to the Social exclusion (is it a Positive Outcome)?
Answer: [Your answer, ""yes"" or ""no""]",6,"Okay, so I'm trying to figure out whether GLP-1RA treatments have a causal effect on social exclusion in this scenario. The question gives me the percentages of patients experiencing social exclusion in both the treatment group (GLP-1RA) and the control group (SGLT2i). Specifically, the treatment group has 0.10% and the control has 0.11%. 

First, I need to understand what's being asked. The task is to determine if the treatment causes the outcome, which in this case is social exclusion. The instructions say that both treatments are expected to behave similarly, so if one has a positive outcome, the other should too. A ""yes"" would mean the treatment has a causal effect, leading to a positive outcome, and ""no"" would mean it doesn't.

Looking at the percentages, the treatment group has slightly fewer patients experiencing social exclusion (0.10%) compared to the control group (0.11%). So, at first glance, it seems like the GLP-1RA treatment might be reducing the occurrence of social exclusion. But wait, both percentages are extremely low—0.10% and 0.11%. These are very small numbers, so the difference might not be statistically significant. 

I should consider whether such a small difference could be meaningful. In real-world scenarios, such low percentages suggest that social exclusion is a rare outcome in both groups. The fact that the treatment group has a slightly lower percentage doesn't automatically imply causation. It could be a coincidence, especially since the two treatments are for diabetes and their effects on social exclusion might not be directly related.

Also, the examples provided in the background don't have a direct bearing on social exclusion. Most of them involve physical health outcomes like foreign bodies, toxic effects, cysts, hypertension, hyperlipidemia, and obesity. Social exclusion is a social or psychological outcome, which might not be influenced in the same way as these medical conditions.

Another point to consider is the study design. Are these patients from the same population? The cohort description mentions that both groups are adults with type 2 diabetes, but the age and BMI differ slightly. GLP-1RA users are younger and have higher BMIs, while SGLT2i users are older and have lower BMIs. The Charlson Comorbidity Index is higher in both groups, but again, these are general health indicators and not directly related to social exclusion.

The small sample size or low incidence of social exclusion in both groups makes it harder to draw conclusions. Such rare events often lead to unreliable results because statistical power is low. Without a larger sample size, the differences might not be meaningful, and the treatments might not have a causal effect here.

Additionally, the outcomes measured in GLP-1RA and SGLT2i trials usually focus on diabetes-related metrics like glucose control, weight loss, or cardiovascular effects. Social exclusion isn't a typical outcome measured in these trials. If it's being considered here, it might be part of a secondary analysis, which could introduce bias or confounding factors not accounted for.

In the examples provided, when the treatment group had a lower percentage of an outcome, it was often considered a negative control outcome, meaning no causal effect. For instance, the 0.06% foreign body vs. 0.09% control was considered ""no,"" and the same logic applies here. The small difference doesn't necessarily indicate causation.

So, putting it all together, the low percentages, the similarity in treatment groups, and the lack of relevance of social exclusion in typical diabetes treatment outcomes lead me to believe that there's no causal effect here. The difference is too small and likely not statistically significant, so the treatment doesn't causally influence social exclusion.
</think>

no",no
Batch2,v4,medical_questions_v4.txt,7,"Question 7
[Background]
We compare two treatments for type 2 diabetes:
- Treatment: GLP-1 Receptor Agonists (GLP-1RA)
- Control: Sodium-Glucose Cotransporter-2 Inhibitors (SGLT2i)
[Task Description]
You’ll receive an outcome and the percentage of affected patients in each group.
Decide whether these treatments have a causal effect on that outcome.
You will receive a query describing an outcome and the proportion of patients in each group who experienced it:
- One percentage for patients using GLP-1RA (treatment group).
- One percentage for patients using SGLT2i (control group).
Your task is to determine whether the treatments (GLP-1RA and SGLT2i) have a causal effect on that outcome.
[Cohort Description]
Adults with type 2 diabetes who began either GLP-1RA or SGLT2i.
All had a prior diabetes diagnosis.
GLP-1RA users: mean age 58.0, BMI 37.4.
SGLT2i users: mean age 64.6, BMI 32.8.
Charlson Comorbidity Index ≥ 3 in 65.2% (GLP-1RA) and 68.5% (SGLT2i).
[Instruction]
- Judge whether the treatments causally influence the outcome.
- Both treatments are expected to behave similarly (either both yes or both no).
- “Yes” = Positive Outcome (OOI); “No” = Negative Control Outcome (NCO).
- Reply with only “yes” or “no.”
[Few-shot examples]
- Treatment group using GLP-1RA (treatment) had 0.06% Foreign body in orifice, compared with 0.09% for control group using SGLT2i. Does treatment have causal effect to the Foreign body in orifice (is it a Positive Outcome)? - no
- Treatment group using GLP-1RA (treatment) had 0.01% Toxic effect of lead compound, compared with 0.04% for control group using SGLT2i. Does treatment have causal effect to the Toxic effect of lead compound (is it a Positive Outcome)? - no
- Treatment group using GLP-1RA (treatment) had 1.29% Epidermoid cyst, compared with 0.58% for control group using SGLT2i. Does treatment have causal effect to the Epidermoid cyst (is it a Positive Outcome)? - no
- Treatment group using GLP-1RA (treatment) had 78.37% Hypertension, compared with 84.71% for control group using SGLT2i. Does treatment have causal effect to the Hypertension (is it a Positive Outcome)? - yes
- Treatment group using GLP-1RA (treatment) had 78.09% Hyperlipidemia, compared with 84.45% for control group using SGLT2i. Does treatment have causal effect to the Hyperlipidemia (is it a Positive Outcome)? - yes
- Treatment group using GLP-1RA (treatment) had 64.14% Obesity, compared with 44.50% for control group using SGLT2i. Does treatment have causal effect to the Obesity (is it a Positive Outcome)? - yes
[Your Task]
[Question]
Treatment group using GLP-1RA (treatment) had 0.10% Social exclusion, compared with 0.11% for control group using SGLT2i. Does treatment have causal effect to the Social exclusion (is it a Positive Outcome)?
Answer: [Your answer, ""yes"" or ""no""]",7,"Okay, so I need to determine whether GLP-1 Receptor Agonists (GLP-1RA) have a causal effect on the outcome of social exclusion compared to Sodium-Glucose Cotransporter-2 Inhibitors (SGLT2i). The data given is that 0.10% of GLP-1RA users experienced social exclusion, while 0.11% of SGLT2i users did. 

First, I should think about what social exclusion means in this context. It refers to situations where an individual is excluded from social interactions, which can be a result of various social, psychological, or health-related factors. Now, both GLP-1RA and SGLT2i are medications used to manage type 2 diabetes, but they work differently. GLP-1RA mimics the action of GLP-1, a hormone that helps regulate blood sugar, and can also lead to weight loss. SGLT2i inhibits the kidneys' reabsorption of glucose, thereby promoting the excretion of excess glucose through urine, which also helps lower blood sugar and can lead to weight loss as well.

Looking at the percentages, GLP-1RA has a slightly lower rate of social exclusion (0.10%) compared to SGLT2i (0.11%). The task is to decide if this difference is causally related. 

One approach is to consider whether the medications themselves could influence social behavior or mental health, which might lead to social exclusion. However, both medications are primarily focused on managing metabolic aspects of diabetes. There's no direct indication that they would affect social interactions. On the other hand, the small percentage of patients experiencing this outcome suggests that it's a rare occurrence, not a common side effect of either treatment.

Another angle is to consider if there's a confounding factor, such as comorbidities that might influence both the treatment choice and the occurrence of social exclusion. The Charlson Comorbidity Index is provided, but it's quite high in both groups (65.2% for GLP-1RA and 68.5% for SGLT2i), indicating that patients in both treatment groups have significant comorbidities. This makes it harder to pinpoint a direct causal relationship between the treatment and the outcome, as other factors might be at play.

Additionally, the mean ages and BMIs for each group are different. GLP-1RA users are younger (58.0 vs. 64.6 years) and have a higher BMI (37.4 vs. 32.8). Age and BMI can influence social behaviors and mental health states, which might affect the likelihood of social exclusion. So, these differences might mean that the groups are fundamentally different, and the lower social exclusion rate in GLP-1RA users could be due to the demographic factors rather than the treatment itself.

Moreover, the small percentages involved (less than 0.2%) indicate that this is a very rare outcome. It's possible that the difference is due to random chance, especially since the overall sample size isn't specified, but even with a large sample size, such a small absolute difference might not be statistically significant.

In the examples provided, when the treatment group had a slightly lower percentage for an outcome, it was often considered a negative control outcome, meaning no causal effect. For instance, in the case of foreign body in orifice or toxic effect, the lower percentage in the treatment group was deemed not causally related. Similarly, for outcomes like hypertension and hyperlipidemia, when the treatment group had a lower percentage, it was considered a positive outcome because those conditions are known side effects of the medications, so the lower rate might indicate effectiveness in preventing or managing those conditions.

However, in the case of social exclusion, which isn't a typical side effect of these medications, the lower rate in the treatment group doesn't align with known effects. Additionally, as mentioned earlier, the lower rate could be due to other factors like demographics rather than the treatment itself.

Therefore, considering all these points, it's plausible that the difference in social exclusion rates isn't causally related to the treatments but might be due to other factors. Hence, the treatment doesn't have a causal effect on social exclusion.
</think>

no",no
Batch2,v4,medical_questions_v4.txt,7,"Question 7
[Background]
We compare two treatments for type 2 diabetes:
- Treatment: GLP-1 Receptor Agonists (GLP-1RA)
- Control: Sodium-Glucose Cotransporter-2 Inhibitors (SGLT2i)
[Task Description]
You’ll receive an outcome and the percentage of affected patients in each group.
Decide whether these treatments have a causal effect on that outcome.
You will receive a query describing an outcome and the proportion of patients in each group who experienced it:
- One percentage for patients using GLP-1RA (treatment group).
- One percentage for patients using SGLT2i (control group).
Your task is to determine whether the treatments (GLP-1RA and SGLT2i) have a causal effect on that outcome.
[Cohort Description]
Adults with type 2 diabetes who began either GLP-1RA or SGLT2i.
All had a prior diabetes diagnosis.
GLP-1RA users: mean age 58.0, BMI 37.4.
SGLT2i users: mean age 64.6, BMI 32.8.
Charlson Comorbidity Index ≥ 3 in 65.2% (GLP-1RA) and 68.5% (SGLT2i).
[Instruction]
- Judge whether the treatments causally influence the outcome.
- Both treatments are expected to behave similarly (either both yes or both no).
- “Yes” = Positive Outcome (OOI); “No” = Negative Control Outcome (NCO).
- Reply with only “yes” or “no.”
[Few-shot examples]
- Treatment group using GLP-1RA (treatment) had 0.06% Foreign body in orifice, compared with 0.09% for control group using SGLT2i. Does treatment have causal effect to the Foreign body in orifice (is it a Positive Outcome)? - no
- Treatment group using GLP-1RA (treatment) had 0.01% Toxic effect of lead compound, compared with 0.04% for control group using SGLT2i. Does treatment have causal effect to the Toxic effect of lead compound (is it a Positive Outcome)? - no
- Treatment group using GLP-1RA (treatment) had 1.29% Epidermoid cyst, compared with 0.58% for control group using SGLT2i. Does treatment have causal effect to the Epidermoid cyst (is it a Positive Outcome)? - no
- Treatment group using GLP-1RA (treatment) had 78.37% Hypertension, compared with 84.71% for control group using SGLT2i. Does treatment have causal effect to the Hypertension (is it a Positive Outcome)? - yes
- Treatment group using GLP-1RA (treatment) had 78.09% Hyperlipidemia, compared with 84.45% for control group using SGLT2i. Does treatment have causal effect to the Hyperlipidemia (is it a Positive Outcome)? - yes
- Treatment group using GLP-1RA (treatment) had 64.14% Obesity, compared with 44.50% for control group using SGLT2i. Does treatment have causal effect to the Obesity (is it a Positive Outcome)? - yes
[Your Task]
[Question]
Treatment group using GLP-1RA (treatment) had 0.10% Social exclusion, compared with 0.11% for control group using SGLT2i. Does treatment have causal effect to the Social exclusion (is it a Positive Outcome)?
Answer: [Your answer, ""yes"" or ""no""]",8,"Okay, so I need to determine whether GLP-1 Receptor Agonists (GLP-1RA) have a causal effect on social exclusion compared to Sodium-Glucose Cotransporter-2 Inhibitors (SGLT2i) in type 2 diabetes patients. 

First, I'll look at the percentages provided. The treatment group using GLP-1RA had 0.10% social exclusion, while the control group using SGLT2i had 0.11%. The difference between the two groups is very small—just 0.01%. 

Now, considering the context of these medications, GLP-1RA is known to help with weight loss and can improve glucose control. They're often used alongside diet and exercise. SGLT2i, on the other hand, also helps with glucose control but works differently, often leading to weight loss as well but through a different mechanism. Both medications can cause side effects like nausea, vomiting, and diarrhea, but I don't recall any direct link between these drugs and social exclusion.

Social exclusion is more of a psychological or social issue, not a direct physical side effect of these medications. The percentages are extremely low (less than 0.1%), which suggests that social exclusion is a rare occurrence in both groups. Given that both groups have similar rates, it's unlikely that either treatment is causing social exclusion. 

Additionally, the examples provided earlier show that when a treatment has a significant effect on an outcome, the answer is ""yes."" But in this case, the effect is minimal and the outcome is not something directly related to the medications' known side effects. Therefore, it's more plausible that the small difference is due to random chance or other confounding factors, rather than a causal effect of the treatments.

So, putting it all together, the small and similar percentages in both groups don't indicate a causal relationship between the treatments and social exclusion. The answer should be ""no.""
</think>

no",no
Batch2,v4,medical_questions_v4.txt,7,"Question 7
[Background]
We compare two treatments for type 2 diabetes:
- Treatment: GLP-1 Receptor Agonists (GLP-1RA)
- Control: Sodium-Glucose Cotransporter-2 Inhibitors (SGLT2i)
[Task Description]
You’ll receive an outcome and the percentage of affected patients in each group.
Decide whether these treatments have a causal effect on that outcome.
You will receive a query describing an outcome and the proportion of patients in each group who experienced it:
- One percentage for patients using GLP-1RA (treatment group).
- One percentage for patients using SGLT2i (control group).
Your task is to determine whether the treatments (GLP-1RA and SGLT2i) have a causal effect on that outcome.
[Cohort Description]
Adults with type 2 diabetes who began either GLP-1RA or SGLT2i.
All had a prior diabetes diagnosis.
GLP-1RA users: mean age 58.0, BMI 37.4.
SGLT2i users: mean age 64.6, BMI 32.8.
Charlson Comorbidity Index ≥ 3 in 65.2% (GLP-1RA) and 68.5% (SGLT2i).
[Instruction]
- Judge whether the treatments causally influence the outcome.
- Both treatments are expected to behave similarly (either both yes or both no).
- “Yes” = Positive Outcome (OOI); “No” = Negative Control Outcome (NCO).
- Reply with only “yes” or “no.”
[Few-shot examples]
- Treatment group using GLP-1RA (treatment) had 0.06% Foreign body in orifice, compared with 0.09% for control group using SGLT2i. Does treatment have causal effect to the Foreign body in orifice (is it a Positive Outcome)? - no
- Treatment group using GLP-1RA (treatment) had 0.01% Toxic effect of lead compound, compared with 0.04% for control group using SGLT2i. Does treatment have causal effect to the Toxic effect of lead compound (is it a Positive Outcome)? - no
- Treatment group using GLP-1RA (treatment) had 1.29% Epidermoid cyst, compared with 0.58% for control group using SGLT2i. Does treatment have causal effect to the Epidermoid cyst (is it a Positive Outcome)? - no
- Treatment group using GLP-1RA (treatment) had 78.37% Hypertension, compared with 84.71% for control group using SGLT2i. Does treatment have causal effect to the Hypertension (is it a Positive Outcome)? - yes
- Treatment group using GLP-1RA (treatment) had 78.09% Hyperlipidemia, compared with 84.45% for control group using SGLT2i. Does treatment have causal effect to the Hyperlipidemia (is it a Positive Outcome)? - yes
- Treatment group using GLP-1RA (treatment) had 64.14% Obesity, compared with 44.50% for control group using SGLT2i. Does treatment have causal effect to the Obesity (is it a Positive Outcome)? - yes
[Your Task]
[Question]
Treatment group using GLP-1RA (treatment) had 0.10% Social exclusion, compared with 0.11% for control group using SGLT2i. Does treatment have causal effect to the Social exclusion (is it a Positive Outcome)?
Answer: [Your answer, ""yes"" or ""no""]",9,"Okay, so I'm trying to figure out whether GLP-1RA treatment has a causal effect on social exclusion in this study. Let me start by understanding the context.

First, the background says we're comparing two diabetes treatments: GLP-1 Receptor Agonists (GLP-1RA) and Sodium-Glucose Cotransporter-2 Inhibitors (SGLT2i). The task is to determine if these treatments causally influence a given outcome, which in this case is social exclusion. 

The data provided includes the percentages of patients in each group who experienced social exclusion. Specifically, 0.10% in the GLP-1RA group and 0.11% in the SGLT2i group. 

Looking at the examples given, it seems that if the treatment group has a lower percentage of the outcome compared to the control, it's considered a positive outcome. For instance, in the examples with Hypertension, Hyperlipidemia, and Obesity, the treatment group had lower percentages, and the answer was ""yes."" On the other hand, when the treatment group had higher percentages, like in Foreign body or Toxic effect, the answer was ""no.""

So, applying that logic here, the GLP-1RA group has 0.10%, which is slightly lower than the SGLT2i group's 0.11%. According to the previous examples, when the treatment group has a lower percentage of an outcome, it's considered a positive outcome, implying the treatment has a causal effect.

But wait, I should also consider the comorbidities and other factors. The GLP-1RA users have a mean age of 58.0, BMI 37.4, and a Charlson Comorbidity Index ≥3 in 65.2%. The SGLT2i users are older (64.6), have a lower BMI (32.8), and a higher Charlson score (68.5%). 

Social exclusion can be influenced by various factors, including mental health, socioeconomic status, and other comorbidities. Since the SGLT2i group is older and has a lower BMI, which might be associated with better diabetes management but could also affect mental health or social interactions differently. However, the data given doesn't provide information on mental health or other factors that might contribute to social exclusion.

Given that the GLP-1RA group has a lower percentage of social exclusion, and based on the previous examples, it seems the treatment is associated with a lower occurrence, which might indicate a causal effect. However, it's also possible that the lower percentage is a coincidence or influenced by other factors not accounted for in the data provided.

But following the instruction to judge based on the given percentages and the examples, where a lower percentage in the treatment group leads to a ""yes,"" I think the answer here is ""yes.""
</think>

yes",yes
Batch2,v4,medical_questions_v4.txt,7,"Question 7
[Background]
We compare two treatments for type 2 diabetes:
- Treatment: GLP-1 Receptor Agonists (GLP-1RA)
- Control: Sodium-Glucose Cotransporter-2 Inhibitors (SGLT2i)
[Task Description]
You’ll receive an outcome and the percentage of affected patients in each group.
Decide whether these treatments have a causal effect on that outcome.
You will receive a query describing an outcome and the proportion of patients in each group who experienced it:
- One percentage for patients using GLP-1RA (treatment group).
- One percentage for patients using SGLT2i (control group).
Your task is to determine whether the treatments (GLP-1RA and SGLT2i) have a causal effect on that outcome.
[Cohort Description]
Adults with type 2 diabetes who began either GLP-1RA or SGLT2i.
All had a prior diabetes diagnosis.
GLP-1RA users: mean age 58.0, BMI 37.4.
SGLT2i users: mean age 64.6, BMI 32.8.
Charlson Comorbidity Index ≥ 3 in 65.2% (GLP-1RA) and 68.5% (SGLT2i).
[Instruction]
- Judge whether the treatments causally influence the outcome.
- Both treatments are expected to behave similarly (either both yes or both no).
- “Yes” = Positive Outcome (OOI); “No” = Negative Control Outcome (NCO).
- Reply with only “yes” or “no.”
[Few-shot examples]
- Treatment group using GLP-1RA (treatment) had 0.06% Foreign body in orifice, compared with 0.09% for control group using SGLT2i. Does treatment have causal effect to the Foreign body in orifice (is it a Positive Outcome)? - no
- Treatment group using GLP-1RA (treatment) had 0.01% Toxic effect of lead compound, compared with 0.04% for control group using SGLT2i. Does treatment have causal effect to the Toxic effect of lead compound (is it a Positive Outcome)? - no
- Treatment group using GLP-1RA (treatment) had 1.29% Epidermoid cyst, compared with 0.58% for control group using SGLT2i. Does treatment have causal effect to the Epidermoid cyst (is it a Positive Outcome)? - no
- Treatment group using GLP-1RA (treatment) had 78.37% Hypertension, compared with 84.71% for control group using SGLT2i. Does treatment have causal effect to the Hypertension (is it a Positive Outcome)? - yes
- Treatment group using GLP-1RA (treatment) had 78.09% Hyperlipidemia, compared with 84.45% for control group using SGLT2i. Does treatment have causal effect to the Hyperlipidemia (is it a Positive Outcome)? - yes
- Treatment group using GLP-1RA (treatment) had 64.14% Obesity, compared with 44.50% for control group using SGLT2i. Does treatment have causal effect to the Obesity (is it a Positive Outcome)? - yes
[Your Task]
[Question]
Treatment group using GLP-1RA (treatment) had 0.10% Social exclusion, compared with 0.11% for control group using SGLT2i. Does treatment have causal effect to the Social exclusion (is it a Positive Outcome)?
Answer: [Your answer, ""yes"" or ""no""]",10,"Okay, so I need to determine whether GLP-1RA treatment has a causal effect on social exclusion in patients with type 2 diabetes. The data given is that 0.10% of GLP-1RA users experienced social exclusion, while 0.11% of SGLT2i users did as well. 

First, I should consider what social exclusion means. It's a social phenomenon where an individual is excluded from social interaction, often due to stigma, prejudice, or social norms. Now, both GLP-1RA and SGLT2i are medications used to treat type 2 diabetes. GLP-1RA works by mimicking the effects of GLP-1, a hormone that helps regulate blood sugar, and it also promotes weight loss and can help with diabetes management. SGLT2i inhibits the SGLT2 enzyme, which plays a role in glucose absorption in the kidneys, thereby reducing blood sugar levels.

Looking at the percentages, GLP-1RA has a slightly lower percentage (0.10%) compared to SGLT2i's 0.11%. At first glance, this might suggest that GLP-1RA could be associated with a lower risk of social exclusion. But wait, the difference is very small—only 0.01 percentage points. That's a tiny difference and might just be due to random chance or the small sample size.

I should also think about whether social exclusion is a common side effect of these medications. From what I know, medications like GLP-1RA and SGLT2i are not known to cause social exclusion directly. They're more about managing blood sugar and weight. Social exclusion is more of a psychological or social issue rather than a direct physiological effect of these drugs.

Another angle is to consider confounding factors. The patients in both groups have similar characteristics—adults with type 2 diabetes, with some differences in age, BMI, and comorbidities. The Charlson Comorbidity Index is slightly higher in the SGLT2i group, but that's not directly related to social exclusion. It's possible that other factors, like underlying mental health issues or socioeconomic status, could influence social exclusion rates, but these aren't accounted for in the given data.

Since both treatments are expected to behave similarly, as per the instructions, the difference in social exclusion rates is minimal and likely not statistically significant. Therefore, it's unlikely that either treatment has a causal effect on social exclusion. The small percentage points don't provide enough evidence to conclude causation, especially considering the low base rates of this outcome.

So, after considering the data, the nature of the treatments, and potential confounding factors, I would conclude that neither treatment has a causal effect on social exclusion.
</think>

no",no
Batch2,v4,medical_questions_v4.txt,8,"Question 8
[Background]
We compare two treatments for type 2 diabetes:
- Treatment: GLP-1 Receptor Agonists (GLP-1RA)
- Control: Sodium-Glucose Cotransporter-2 Inhibitors (SGLT2i)
[Task Description]
You’ll receive an outcome and the percentage of affected patients in each group.
Decide whether these treatments have a causal effect on that outcome.
You will receive a query describing an outcome and the proportion of patients in each group who experienced it:
- One percentage for patients using GLP-1RA (treatment group).
- One percentage for patients using SGLT2i (control group).
Your task is to determine whether the treatments (GLP-1RA and SGLT2i) have a causal effect on that outcome.
[Cohort Description]
Adults with type 2 diabetes who began either GLP-1RA or SGLT2i.
All had a prior diabetes diagnosis.
GLP-1RA users: mean age 58.0, BMI 37.4.
SGLT2i users: mean age 64.6, BMI 32.8.
Charlson Comorbidity Index ≥ 3 in 65.2% (GLP-1RA) and 68.5% (SGLT2i).
[Instruction]
- Judge whether the treatments causally influence the outcome.
- Both treatments are expected to behave similarly (either both yes or both no).
- “Yes” = Positive Outcome (OOI); “No” = Negative Control Outcome (NCO).
- Reply with only “yes” or “no.”
[Few-shot examples]
- Treatment group using GLP-1RA (treatment) had 0.06% Foreign body in orifice, compared with 0.09% for control group using SGLT2i. Does treatment have causal effect to the Foreign body in orifice (is it a Positive Outcome)? - no
- Treatment group using GLP-1RA (treatment) had 0.01% Toxic effect of lead compound, compared with 0.04% for control group using SGLT2i. Does treatment have causal effect to the Toxic effect of lead compound (is it a Positive Outcome)? - no
- Treatment group using GLP-1RA (treatment) had 1.29% Epidermoid cyst, compared with 0.58% for control group using SGLT2i. Does treatment have causal effect to the Epidermoid cyst (is it a Positive Outcome)? - no
- Treatment group using GLP-1RA (treatment) had 78.37% Hypertension, compared with 84.71% for control group using SGLT2i. Does treatment have causal effect to the Hypertension (is it a Positive Outcome)? - yes
- Treatment group using GLP-1RA (treatment) had 78.09% Hyperlipidemia, compared with 84.45% for control group using SGLT2i. Does treatment have causal effect to the Hyperlipidemia (is it a Positive Outcome)? - yes
- Treatment group using GLP-1RA (treatment) had 64.14% Obesity, compared with 44.50% for control group using SGLT2i. Does treatment have causal effect to the Obesity (is it a Positive Outcome)? - yes
[Your Task]
[Question]
Treatment group using GLP-1RA (treatment) had 0.44% High risk sexual behavior, compared with 0.09% for control group using SGLT2i. Does treatment have causal effect to the High risk sexual behavior (is it a Positive Outcome)?
Answer: [Your answer, ""yes"" or ""no""]",1,"Okay, so I need to determine whether GLP-1RA treatment has a causal effect on high risk sexual behavior in type 2 diabetes patients. The data given is that 0.44% of GLP-1RA users experienced this outcome, compared to 0.09% in the SGLT2i group.

First, I should understand what high risk sexual behavior means in this context. It could involve behaviors that increase the risk of sexually transmitted infections, unsafe sexual practices, etc. Now, GLP-1RA medications are typically used to manage blood sugar levels and often have side effects like nausea, diarrhea, and, in some cases, pancreatitis. They can also affect weight and appetite, sometimes leading to weight loss, which might influence sexual behavior.

Looking at the example provided, when the treatment group had a higher percentage for something like hypertension, it was considered a positive outcome, implying the treatment caused it. Similarly, for hyperlipidemia and obesity, the same logic applied. So, if the treatment group has a higher incidence of an outcome, it suggests the treatment might be causing it.

In this case, GLP-1RA users have a higher percentage (0.44%) compared to SGLT2i (0.09%). Since the instruction says both treatments should behave similarly, I need to see if there's a plausible mechanism by which GLP-1RA would cause high risk sexual behavior.

GLP-1RA can sometimes lead to weight loss, which might influence sexual behavior. Weight loss could potentially affect libido or the likelihood of engaging in high risk behaviors. Alternatively, if the medications caused some psychological changes or mood alterations that contribute to risk-taking behaviors, that could be a factor.

However, I should also consider if the higher percentage is due to other factors. For example, maybe the SGLT2i group is more strictly monitored or has different comorbidities that affect sexual behavior. The Charlson Comorbidity Index is higher for SGLT2i users (68.5% vs 65.2%), suggesting more comorbidities, which might influence sexual behavior.

But the key point is that the task is to determine causation based on the given percentages. Since the treatment group has a higher rate, and the examples treated similar logic, it's likely that the answer should follow the same pattern. Therefore, the treatment (GLP-1RA) has a causal effect on high risk sexual behavior, so the answer would be ""yes.""
</think>

Yes",yes
Batch2,v4,medical_questions_v4.txt,8,"Question 8
[Background]
We compare two treatments for type 2 diabetes:
- Treatment: GLP-1 Receptor Agonists (GLP-1RA)
- Control: Sodium-Glucose Cotransporter-2 Inhibitors (SGLT2i)
[Task Description]
You’ll receive an outcome and the percentage of affected patients in each group.
Decide whether these treatments have a causal effect on that outcome.
You will receive a query describing an outcome and the proportion of patients in each group who experienced it:
- One percentage for patients using GLP-1RA (treatment group).
- One percentage for patients using SGLT2i (control group).
Your task is to determine whether the treatments (GLP-1RA and SGLT2i) have a causal effect on that outcome.
[Cohort Description]
Adults with type 2 diabetes who began either GLP-1RA or SGLT2i.
All had a prior diabetes diagnosis.
GLP-1RA users: mean age 58.0, BMI 37.4.
SGLT2i users: mean age 64.6, BMI 32.8.
Charlson Comorbidity Index ≥ 3 in 65.2% (GLP-1RA) and 68.5% (SGLT2i).
[Instruction]
- Judge whether the treatments causally influence the outcome.
- Both treatments are expected to behave similarly (either both yes or both no).
- “Yes” = Positive Outcome (OOI); “No” = Negative Control Outcome (NCO).
- Reply with only “yes” or “no.”
[Few-shot examples]
- Treatment group using GLP-1RA (treatment) had 0.06% Foreign body in orifice, compared with 0.09% for control group using SGLT2i. Does treatment have causal effect to the Foreign body in orifice (is it a Positive Outcome)? - no
- Treatment group using GLP-1RA (treatment) had 0.01% Toxic effect of lead compound, compared with 0.04% for control group using SGLT2i. Does treatment have causal effect to the Toxic effect of lead compound (is it a Positive Outcome)? - no
- Treatment group using GLP-1RA (treatment) had 1.29% Epidermoid cyst, compared with 0.58% for control group using SGLT2i. Does treatment have causal effect to the Epidermoid cyst (is it a Positive Outcome)? - no
- Treatment group using GLP-1RA (treatment) had 78.37% Hypertension, compared with 84.71% for control group using SGLT2i. Does treatment have causal effect to the Hypertension (is it a Positive Outcome)? - yes
- Treatment group using GLP-1RA (treatment) had 78.09% Hyperlipidemia, compared with 84.45% for control group using SGLT2i. Does treatment have causal effect to the Hyperlipidemia (is it a Positive Outcome)? - yes
- Treatment group using GLP-1RA (treatment) had 64.14% Obesity, compared with 44.50% for control group using SGLT2i. Does treatment have causal effect to the Obesity (is it a Positive Outcome)? - yes
[Your Task]
[Question]
Treatment group using GLP-1RA (treatment) had 0.44% High risk sexual behavior, compared with 0.09% for control group using SGLT2i. Does treatment have causal effect to the High risk sexual behavior (is it a Positive Outcome)?
Answer: [Your answer, ""yes"" or ""no""]",2,"Okay, so I'm trying to figure out whether GLP-1RA treatment has a causal effect on high risk sexual behavior in this context. Let me start by understanding the problem.

First, I know that GLP-1 Receptor Agonists (GLP-1RA) are a type of medication used to treat type 2 diabetes. They work by helping the body release more insulin and regulating blood sugar levels. They are often recommended because they can also aid in weight loss, which is a benefit for people with diabetes.

On the other hand, Sodium-Glucose Cotransporter-2 Inhibitors (SGLT2i) are another class of diabetes medications that work by preventing the kidneys from reabsorbing glucose, thus promoting urine output and lowering blood sugar. They have also been associated with weight loss and other health benefits.

The question provides the percentage of patients in each group who experienced high risk sexual behavior. The treatment group (GLP-1RA) had 0.44% and the control group (SGLT2i) had 0.09%. The task is to determine if this outcome is a positive outcome (yes) or a negative control outcome (no).

From the examples given, it seems that when the treatment group has a higher percentage of an outcome, and it's something that the treatment is known to cause, the answer is ""yes."" For instance, hypertension and hyperlipidemia were considered positive outcomes because GLP-1RA is known to influence these conditions. Obesity was also considered a positive outcome because treatments can affect weight.

High risk sexual behavior doesn't directly relate to the typical effects of GLP-1RA or SGLT2i. These medications are primarily focused on blood sugar control and weight management. There's no known mechanism by which GLP-1RA or SGLT2i would directly cause high risk sexual behavior. High risk sexual behavior could be influenced by various factors such as mental health, substance abuse, or social environment, but not directly by diabetes medications.

Looking at the percentages, GLP-1RA is associated with a higher incidence (0.44%) compared to SGLT2i (0.09%). However, without a causal link, this difference might be coincidental or influenced by other factors not accounted for in the data. The instructions also mention that both treatments should behave similarly, either both yes or no. Since neither treatment is known to affect sexual behavior, it's more likely that this is a negative control outcome.

Additionally, the examples provided in the problem show that when the outcome is something the treatment is known to affect, it's considered a positive outcome. Since sexual behavior isn't an expected side effect of these medications, this falls into the category of a negative control outcome.

So, putting it all together, I don't think GLP-1RA has a causal effect on high risk sexual behavior here. Therefore, the answer should be ""no.""
</think>

no",no
Batch2,v4,medical_questions_v4.txt,8,"Question 8
[Background]
We compare two treatments for type 2 diabetes:
- Treatment: GLP-1 Receptor Agonists (GLP-1RA)
- Control: Sodium-Glucose Cotransporter-2 Inhibitors (SGLT2i)
[Task Description]
You’ll receive an outcome and the percentage of affected patients in each group.
Decide whether these treatments have a causal effect on that outcome.
You will receive a query describing an outcome and the proportion of patients in each group who experienced it:
- One percentage for patients using GLP-1RA (treatment group).
- One percentage for patients using SGLT2i (control group).
Your task is to determine whether the treatments (GLP-1RA and SGLT2i) have a causal effect on that outcome.
[Cohort Description]
Adults with type 2 diabetes who began either GLP-1RA or SGLT2i.
All had a prior diabetes diagnosis.
GLP-1RA users: mean age 58.0, BMI 37.4.
SGLT2i users: mean age 64.6, BMI 32.8.
Charlson Comorbidity Index ≥ 3 in 65.2% (GLP-1RA) and 68.5% (SGLT2i).
[Instruction]
- Judge whether the treatments causally influence the outcome.
- Both treatments are expected to behave similarly (either both yes or both no).
- “Yes” = Positive Outcome (OOI); “No” = Negative Control Outcome (NCO).
- Reply with only “yes” or “no.”
[Few-shot examples]
- Treatment group using GLP-1RA (treatment) had 0.06% Foreign body in orifice, compared with 0.09% for control group using SGLT2i. Does treatment have causal effect to the Foreign body in orifice (is it a Positive Outcome)? - no
- Treatment group using GLP-1RA (treatment) had 0.01% Toxic effect of lead compound, compared with 0.04% for control group using SGLT2i. Does treatment have causal effect to the Toxic effect of lead compound (is it a Positive Outcome)? - no
- Treatment group using GLP-1RA (treatment) had 1.29% Epidermoid cyst, compared with 0.58% for control group using SGLT2i. Does treatment have causal effect to the Epidermoid cyst (is it a Positive Outcome)? - no
- Treatment group using GLP-1RA (treatment) had 78.37% Hypertension, compared with 84.71% for control group using SGLT2i. Does treatment have causal effect to the Hypertension (is it a Positive Outcome)? - yes
- Treatment group using GLP-1RA (treatment) had 78.09% Hyperlipidemia, compared with 84.45% for control group using SGLT2i. Does treatment have causal effect to the Hyperlipidemia (is it a Positive Outcome)? - yes
- Treatment group using GLP-1RA (treatment) had 64.14% Obesity, compared with 44.50% for control group using SGLT2i. Does treatment have causal effect to the Obesity (is it a Positive Outcome)? - yes
[Your Task]
[Question]
Treatment group using GLP-1RA (treatment) had 0.44% High risk sexual behavior, compared with 0.09% for control group using SGLT2i. Does treatment have causal effect to the High risk sexual behavior (is it a Positive Outcome)?
Answer: [Your answer, ""yes"" or ""no""]",3,"Okay, so I need to figure out whether GLP-1RA treatment has a causal effect on high risk sexual behavior in patients with type 2 diabetes. Let me break this down step by step.

First, I'll look at the data provided. The treatment group using GLP-1RA had a 0.44% incidence of high risk sexual behavior, while the control group using SGLT2i had 0.09%. That means more patients in the GLP-1RA group had this outcome. But does that mean the treatment caused it?

I remember the instruction says that both treatments should behave similarly; if one has a positive outcome, the other should too. In the examples provided, when the treatment group had a higher percentage of a certain outcome, it was considered a positive outcome if it's expected to be influenced by the treatment. For instance, Hypertension, Hyperlipidemia, and Obesity were all considered positive outcomes because they're conditions that can be influenced by the treatments.

But High risk sexual behavior is different. I don't recall any examples where sexual behavior was a positive outcome. That makes me think it's not something directly related to the medications. Both GLP-1RA and SGLT2i are used to manage type 2 diabetes, but they don't directly affect sexual behavior. They work on glucose control, weight, and maybe cardiovascular factors, but not on sexual risk-taking behavior.

Looking at the comorbidities, the GLP-1RA group has a similar Charlson score to the SGLT2i group, so there's no major difference in health status that would explain a difference in sexual behavior. Also, the age and BMI are slightly different, but those factors don't directly link to high risk sexual behavior.

Another point is the low percentages. Both groups have less than 1% incidence, which is very low. This suggests that high risk sexual behavior isn't common in this population, regardless of treatment. The small difference between the two groups is probably due to chance rather than a causal effect.

I also think about the mechanisms of these drugs. GLP-1RA helps with weight loss and improves insulin secretion, which might affect sexual function, but high risk sexual behavior is more about decision-making and risk-taking, not just biological factors. SGLT2i can also affect weight and maybe sexual function, but again, not directly leading to high risk behavior.

So, considering all this, the low incidence and the nature of the treatments make it unlikely that GLP-1RA has a causal effect on high risk sexual behavior. It's more probable that the small difference is random and not meaningful.
</think>

no",no
Batch2,v4,medical_questions_v4.txt,8,"Question 8
[Background]
We compare two treatments for type 2 diabetes:
- Treatment: GLP-1 Receptor Agonists (GLP-1RA)
- Control: Sodium-Glucose Cotransporter-2 Inhibitors (SGLT2i)
[Task Description]
You’ll receive an outcome and the percentage of affected patients in each group.
Decide whether these treatments have a causal effect on that outcome.
You will receive a query describing an outcome and the proportion of patients in each group who experienced it:
- One percentage for patients using GLP-1RA (treatment group).
- One percentage for patients using SGLT2i (control group).
Your task is to determine whether the treatments (GLP-1RA and SGLT2i) have a causal effect on that outcome.
[Cohort Description]
Adults with type 2 diabetes who began either GLP-1RA or SGLT2i.
All had a prior diabetes diagnosis.
GLP-1RA users: mean age 58.0, BMI 37.4.
SGLT2i users: mean age 64.6, BMI 32.8.
Charlson Comorbidity Index ≥ 3 in 65.2% (GLP-1RA) and 68.5% (SGLT2i).
[Instruction]
- Judge whether the treatments causally influence the outcome.
- Both treatments are expected to behave similarly (either both yes or both no).
- “Yes” = Positive Outcome (OOI); “No” = Negative Control Outcome (NCO).
- Reply with only “yes” or “no.”
[Few-shot examples]
- Treatment group using GLP-1RA (treatment) had 0.06% Foreign body in orifice, compared with 0.09% for control group using SGLT2i. Does treatment have causal effect to the Foreign body in orifice (is it a Positive Outcome)? - no
- Treatment group using GLP-1RA (treatment) had 0.01% Toxic effect of lead compound, compared with 0.04% for control group using SGLT2i. Does treatment have causal effect to the Toxic effect of lead compound (is it a Positive Outcome)? - no
- Treatment group using GLP-1RA (treatment) had 1.29% Epidermoid cyst, compared with 0.58% for control group using SGLT2i. Does treatment have causal effect to the Epidermoid cyst (is it a Positive Outcome)? - no
- Treatment group using GLP-1RA (treatment) had 78.37% Hypertension, compared with 84.71% for control group using SGLT2i. Does treatment have causal effect to the Hypertension (is it a Positive Outcome)? - yes
- Treatment group using GLP-1RA (treatment) had 78.09% Hyperlipidemia, compared with 84.45% for control group using SGLT2i. Does treatment have causal effect to the Hyperlipidemia (is it a Positive Outcome)? - yes
- Treatment group using GLP-1RA (treatment) had 64.14% Obesity, compared with 44.50% for control group using SGLT2i. Does treatment have causal effect to the Obesity (is it a Positive Outcome)? - yes
[Your Task]
[Question]
Treatment group using GLP-1RA (treatment) had 0.44% High risk sexual behavior, compared with 0.09% for control group using SGLT2i. Does treatment have causal effect to the High risk sexual behavior (is it a Positive Outcome)?
Answer: [Your answer, ""yes"" or ""no""]",4,"Okay, so I need to figure out whether GLP-1RA treatment has a causal effect on high risk sexual behavior in type 2 diabetes patients. The data given is that 0.44% of GLP-1RA users had high risk sexual behavior compared to 0.09% in the SGLT2i group. 

First, I should understand what high risk sexual behavior means in this context. It could include behaviors that increase the risk of sexually transmitted infections (STIs), like unprotected sex or having multiple partners. Type 2 diabetes is a chronic condition, and managing it often involves medications like GLP-1RA and SGLT2i. These medications are typically used to manage blood sugar levels, but they can have other effects as well.

GLP-1RA stands for Glucagon-Like Peptide-1 Receptor Agonists. They work by increasing insulin release and decreasing glucose production. They can also have effects on appetite, which might lead to weight loss. SGLT2i, Sodium-Glucose Cotransporter-2 Inhibitors, also help with blood sugar control but can have effects on other parameters like blood pressure and kidney function.

Now, considering the outcome: high risk sexual behavior. I need to determine if the treatment with GLP-1RA is causing this. The percentage is much higher in the GLP-1RA group (0.44%) compared to the SGLT2i group (0.09%). At first glance, this might suggest a causal relationship. However, I should consider other factors.

The two groups have different characteristics. The GLP-1RA users are younger (mean age 58.0 vs. 64.6 for SGLT2i) and have a higher BMI (37.4 vs. 32.8). They also have a similar comorbidity index, with both groups having a high proportion of patients with at least three comorbidities. 

Higher BMI is associated with obesity, which can influence sexual behavior. People with higher BMI might have lower sexual desire or different behaviors. However, high risk sexual behavior is more about the nature of the behavior rather than its frequency or quantity. 

Another angle is the effects of the medications. GLP-1RA can sometimes cause weight loss, which might affect sexual behavior. Weight loss can sometimes lead to decreased libido, but it's also associated with increased energy, which might lead to more active sexual behaviors. However, I'm not sure if there's a direct link between GLP-1RA use and high risk sexual behavior.

SGLT2i medications can also affect weight, but less so than GLP-1RA. They might not have as strong an effect on sexual behavior. The lower percentage in the SGLT2i group could be due to their medications not influencing sexual behavior as much. 

But wait, the percentages are very low (less than 1% in both groups). That might mean that the occurrence of high risk sexual behavior isn't directly influenced by these treatments. The small percentages suggest that this is not a common outcome in either group, so it's hard to draw a causal link from the treatment to the behavior.

Additionally, the question mentions that both treatments are expected to behave similarly regarding the outcome. If GLP-1RA was causing high risk sexual behavior, SGLT2i might also have a similar effect, but the data shows the opposite—GLP-1RA has a higher percentage, which doesn't align with the idea that both would have similar behaviors.

Another consideration is confounding variables. The groups have different ages and BMIs, which could be contributing factors. Younger age might correlate with higher sexual activity, while higher BMI could relate to different behaviors, but it's unclear how directly this ties to high risk sexual behavior.

Moreover, the comorbidity index is similar between the groups, so that doesn't explain the difference in percentages. The age difference could also play a role—older patients might have different sexual behaviors compared to younger patients, but the data doesn't provide information on the causes of the sexual behavior.

In the examples given, when the treatment group had a higher percentage than the control, it was considered a positive outcome. For instance, in the case of obesity, GLP-1RA led to a higher percentage, and it was considered a positive outcome. Similarly, for hyperlipidemia and hypertension. 

Applying the same logic here, since the GLP-1RA group has a higher percentage (0.44% vs. 0.09%), it would be considered a positive outcome. However, in the examples, the outcomes were directly related to the treatments, like weight loss leading to obesity or increased blood pressure. Here, the link isn't as clear.

But the instruction says to judge whether the treatments causally influence the outcome. If the outcome is more prevalent in the treatment group, it suggests that the treatment might be causing it. However, given the low percentages, the effect size is very small, which makes it harder to attribute causation.

Also, the example with hypertension and hyperlipidemia had higher percentages in the treatment group and were considered positive outcomes, so following that logic, this outcome should also be considered positive.

Therefore, even though the effect is small, the fact that the treatment group has a higher percentage suggests a causal effect. So the answer would be yes.
</think>

yes",yes
Batch2,v4,medical_questions_v4.txt,8,"Question 8
[Background]
We compare two treatments for type 2 diabetes:
- Treatment: GLP-1 Receptor Agonists (GLP-1RA)
- Control: Sodium-Glucose Cotransporter-2 Inhibitors (SGLT2i)
[Task Description]
You’ll receive an outcome and the percentage of affected patients in each group.
Decide whether these treatments have a causal effect on that outcome.
You will receive a query describing an outcome and the proportion of patients in each group who experienced it:
- One percentage for patients using GLP-1RA (treatment group).
- One percentage for patients using SGLT2i (control group).
Your task is to determine whether the treatments (GLP-1RA and SGLT2i) have a causal effect on that outcome.
[Cohort Description]
Adults with type 2 diabetes who began either GLP-1RA or SGLT2i.
All had a prior diabetes diagnosis.
GLP-1RA users: mean age 58.0, BMI 37.4.
SGLT2i users: mean age 64.6, BMI 32.8.
Charlson Comorbidity Index ≥ 3 in 65.2% (GLP-1RA) and 68.5% (SGLT2i).
[Instruction]
- Judge whether the treatments causally influence the outcome.
- Both treatments are expected to behave similarly (either both yes or both no).
- “Yes” = Positive Outcome (OOI); “No” = Negative Control Outcome (NCO).
- Reply with only “yes” or “no.”
[Few-shot examples]
- Treatment group using GLP-1RA (treatment) had 0.06% Foreign body in orifice, compared with 0.09% for control group using SGLT2i. Does treatment have causal effect to the Foreign body in orifice (is it a Positive Outcome)? - no
- Treatment group using GLP-1RA (treatment) had 0.01% Toxic effect of lead compound, compared with 0.04% for control group using SGLT2i. Does treatment have causal effect to the Toxic effect of lead compound (is it a Positive Outcome)? - no
- Treatment group using GLP-1RA (treatment) had 1.29% Epidermoid cyst, compared with 0.58% for control group using SGLT2i. Does treatment have causal effect to the Epidermoid cyst (is it a Positive Outcome)? - no
- Treatment group using GLP-1RA (treatment) had 78.37% Hypertension, compared with 84.71% for control group using SGLT2i. Does treatment have causal effect to the Hypertension (is it a Positive Outcome)? - yes
- Treatment group using GLP-1RA (treatment) had 78.09% Hyperlipidemia, compared with 84.45% for control group using SGLT2i. Does treatment have causal effect to the Hyperlipidemia (is it a Positive Outcome)? - yes
- Treatment group using GLP-1RA (treatment) had 64.14% Obesity, compared with 44.50% for control group using SGLT2i. Does treatment have causal effect to the Obesity (is it a Positive Outcome)? - yes
[Your Task]
[Question]
Treatment group using GLP-1RA (treatment) had 0.44% High risk sexual behavior, compared with 0.09% for control group using SGLT2i. Does treatment have causal effect to the High risk sexual behavior (is it a Positive Outcome)?
Answer: [Your answer, ""yes"" or ""no""]",5,"Okay, so I need to figure out whether GLP-1RA treatment has a causal effect on high risk sexual behavior in patients with type 2 diabetes. The data given is that 0.44% of GLP-1RA users had high risk sexual behavior, compared to 0.09% in the SGLT2i control group. 

First, I should consider what GLP-1RA and SGLT2i do. GLP-1 receptor agonists are used to help manage blood glucose by increasing insulin release and reducing glucose output from the liver. They are often associated with weight loss because they can affect appetite. SGLT2 inhibitors work by preventing the kidneys from reabsorbing glucose, which also helps lower blood sugar levels and can lead to weight loss as well.

Now, the outcome in question is high risk sexual behavior. I'm not sure what causes high risk sexual behavior, but I know that it's related to various factors like mental health, substance abuse, lack of education, socioeconomic status, and perhaps certain medications. Since both GLP-1RA and SGLT2i can cause weight loss, maybe that's a factor. Weight loss could affect sexual behavior, but I'm not sure if it's directly linked to high risk behavior like unsafe sex.

Looking at the percentages, GLP-1RA users have a higher rate (0.44%) compared to SGLT2i (0.09%). That suggests that those on GLP-1RA might be more likely to engage in high risk sexual behavior. But does the medication cause this, or is there another underlying factor?

The cohorts have different characteristics. GLP-1RA users are slightly younger (mean age 58.0 vs. 64.6 for SGLT2i) and have a higher BMI (37.4 vs. 32.8). They also have higher comorbidity indices, which might indicate more health issues, including perhaps mental health problems that could contribute to high risk behavior.

So, is the higher rate in GLP-1RA users due to the treatment itself causing high risk behavior, or is it because the patients have other characteristics that are more prevalent in the GLP-1RA group? Since both medications can cause weight loss, and weight loss might influence sexual behavior, it's possible that the higher BMI in the SGLT2i group could be a confounding factor. Alternatively, maybe the GLP-1RA group, being younger and with higher comorbidities, is more likely to engage in high risk behavior regardless of the treatment.

The instruction says that both treatments are expected to behave similarly, either both yes or both no. In the examples provided, when one treatment had a higher rate than the control, it was considered a positive outcome if it made sense causally. For instance, higher rates of hypertension or hyperlipidemia were considered positive outcomes because the medications affect those conditions.

In this case, high risk sexual behavior is a bit of an outlier. I'm not sure if it's a condition that would be directly influenced by GLP-1RA or SGLT2i. Both drugs affect weight, but I don't see a direct link to sexual behavior. However, the higher rate in the GLP-1RA group could be due to other factors, like the patient characteristics mentioned earlier.

Given that both treatments are supposed to behave similarly, and that GLP-1RA has a higher rate, I'm leaning towards the idea that it's not a causal effect but perhaps a confounding factor. The higher BMI in the SGLT2i group might mean they have other risks that influence sexual behavior. Alternatively, the GLP-1RA group's higher comorbidities could be playing a role.

So, putting it all together, I think the higher rate isn't causally due to the treatment but rather due to other differences between the groups. Therefore, the treatment doesn't have a causal effect on high risk sexual behavior.
</think>

no",no
Batch2,v4,medical_questions_v4.txt,8,"Question 8
[Background]
We compare two treatments for type 2 diabetes:
- Treatment: GLP-1 Receptor Agonists (GLP-1RA)
- Control: Sodium-Glucose Cotransporter-2 Inhibitors (SGLT2i)
[Task Description]
You’ll receive an outcome and the percentage of affected patients in each group.
Decide whether these treatments have a causal effect on that outcome.
You will receive a query describing an outcome and the proportion of patients in each group who experienced it:
- One percentage for patients using GLP-1RA (treatment group).
- One percentage for patients using SGLT2i (control group).
Your task is to determine whether the treatments (GLP-1RA and SGLT2i) have a causal effect on that outcome.
[Cohort Description]
Adults with type 2 diabetes who began either GLP-1RA or SGLT2i.
All had a prior diabetes diagnosis.
GLP-1RA users: mean age 58.0, BMI 37.4.
SGLT2i users: mean age 64.6, BMI 32.8.
Charlson Comorbidity Index ≥ 3 in 65.2% (GLP-1RA) and 68.5% (SGLT2i).
[Instruction]
- Judge whether the treatments causally influence the outcome.
- Both treatments are expected to behave similarly (either both yes or both no).
- “Yes” = Positive Outcome (OOI); “No” = Negative Control Outcome (NCO).
- Reply with only “yes” or “no.”
[Few-shot examples]
- Treatment group using GLP-1RA (treatment) had 0.06% Foreign body in orifice, compared with 0.09% for control group using SGLT2i. Does treatment have causal effect to the Foreign body in orifice (is it a Positive Outcome)? - no
- Treatment group using GLP-1RA (treatment) had 0.01% Toxic effect of lead compound, compared with 0.04% for control group using SGLT2i. Does treatment have causal effect to the Toxic effect of lead compound (is it a Positive Outcome)? - no
- Treatment group using GLP-1RA (treatment) had 1.29% Epidermoid cyst, compared with 0.58% for control group using SGLT2i. Does treatment have causal effect to the Epidermoid cyst (is it a Positive Outcome)? - no
- Treatment group using GLP-1RA (treatment) had 78.37% Hypertension, compared with 84.71% for control group using SGLT2i. Does treatment have causal effect to the Hypertension (is it a Positive Outcome)? - yes
- Treatment group using GLP-1RA (treatment) had 78.09% Hyperlipidemia, compared with 84.45% for control group using SGLT2i. Does treatment have causal effect to the Hyperlipidemia (is it a Positive Outcome)? - yes
- Treatment group using GLP-1RA (treatment) had 64.14% Obesity, compared with 44.50% for control group using SGLT2i. Does treatment have causal effect to the Obesity (is it a Positive Outcome)? - yes
[Your Task]
[Question]
Treatment group using GLP-1RA (treatment) had 0.44% High risk sexual behavior, compared with 0.09% for control group using SGLT2i. Does treatment have causal effect to the High risk sexual behavior (is it a Positive Outcome)?
Answer: [Your answer, ""yes"" or ""no""]",6,"Okay, so I'm trying to figure out whether GLP-1RA treatment has a causal effect on high risk sexual behavior in patients with type 2 diabetes. Let me break this down step by step.

First, I know that GLP-1RA (GLucagon-Like Peptide-1 Receptor Agonists) are medications used to help manage type 2 diabetes. They work by helping the body release insulin and reducing the release of glucose into the blood. They're also known to promote weight loss because they can increase feelings of fullness, which can lead to eating less and losing weight.

On the other hand, SGLT2i (Sodium-Glucose Cotransporter-2 Inhibitors) are another class of diabetes medications that work by preventing the kidneys from reabsorbing glucose, thus promoting the excretion of excess glucose through urine. They have also been associated with weight loss and other benefits like reducing the risk of heart disease.

Now, looking at the specific outcome mentioned: high risk sexual behavior. High risk sexual behavior typically refers to behaviors that increase the likelihood of contracting sexually transmitted infections (STIs) or unwanted pregnancies, such as having unprotected sex with multiple partners or using drugs like condoms inconsistently.

The data given shows that 0.44% of GLP-1RA users experienced high risk sexual behavior, compared to 0.09% in the SGLT2i group. At first glance, this seems like a higher percentage in the treatment group, suggesting that GLP-1RA might be associated with this outcome.

However, I need to consider whether this is a causal effect or just a coincidence. Both GLP-1RA and SGLT2i are associated with weight loss. Weight loss can sometimes be linked to behaviors that might increase sexual risk, such as feeling more attractive or confidence, which could lead to engaging in higher-risk behaviors. Alternatively, weight loss medications might not directly cause sexual risk behaviors but could be a confounding factor.

Another angle is that both medications could be affecting the same underlying factors. For instance, if both treatments lead to increased libido or better mental health, which might correlate with higher sexual activity, but that doesn't necessarily mean they cause high risk behavior.

I should also think about other potential confounders. The user mentioned that both groups have different age distributions (GLP-1RA users are younger on average) and different BMIs, with GLP-1RA users being heavier. These differences could contribute to the higher percentage in the GLP-1RA group. For example, younger age might be associated with higher sexual activity, and higher BMI could be related to body image concerns, which might influence behavior.

Additionally, the Charlson Comorbidity Index shows that both groups have significant comorbidities, with GLP-1RA users slightly lower. This index assesses the overall burden of diseases, and higher comorbidity might correlate with higher risk-taking behaviors. However, since both groups have high comorbidity, it's unclear if this is a confounding factor.

Looking at the examples provided, in some cases where the treatment group had a lower percentage, the answer was 'no', implying that there was no causal effect. Conversely, when the treatment group had higher percentages, the answer was 'yes'. However, those examples were for outcomes like hypertension, hyperlipidemia, and obesity, which are directly related to the medications' effects. High risk sexual behavior isn't directly a side effect of these medications, so it's a different category.

I should consider if high risk sexual behavior is a known side effect of GLP-1RA or SGLT2i. From what I know, these medications are not associated with sexual behavior changes, nor are they linked to high risk sexual behavior. They are more about glucose control and weight management.

Moreover, the percentages are very low (0.44% vs. 0.09%), which suggests that this might be a rare occurrence and not a significant effect of the treatment. It's possible that this is just a random fluctuation or due to other factors unrelated to the treatment, such as the study's sample size being too small to detect a meaningful difference.

In summary, while the GLP-1RA group has a higher percentage of patients with high risk sexual behavior, it's unlikely that this is a causal effect of the medication itself. The differences could be due to confounding factors like age, BMI, or other comorbidities, rather than a direct result of the treatment.
</think>

no",no
Batch2,v4,medical_questions_v4.txt,8,"Question 8
[Background]
We compare two treatments for type 2 diabetes:
- Treatment: GLP-1 Receptor Agonists (GLP-1RA)
- Control: Sodium-Glucose Cotransporter-2 Inhibitors (SGLT2i)
[Task Description]
You’ll receive an outcome and the percentage of affected patients in each group.
Decide whether these treatments have a causal effect on that outcome.
You will receive a query describing an outcome and the proportion of patients in each group who experienced it:
- One percentage for patients using GLP-1RA (treatment group).
- One percentage for patients using SGLT2i (control group).
Your task is to determine whether the treatments (GLP-1RA and SGLT2i) have a causal effect on that outcome.
[Cohort Description]
Adults with type 2 diabetes who began either GLP-1RA or SGLT2i.
All had a prior diabetes diagnosis.
GLP-1RA users: mean age 58.0, BMI 37.4.
SGLT2i users: mean age 64.6, BMI 32.8.
Charlson Comorbidity Index ≥ 3 in 65.2% (GLP-1RA) and 68.5% (SGLT2i).
[Instruction]
- Judge whether the treatments causally influence the outcome.
- Both treatments are expected to behave similarly (either both yes or both no).
- “Yes” = Positive Outcome (OOI); “No” = Negative Control Outcome (NCO).
- Reply with only “yes” or “no.”
[Few-shot examples]
- Treatment group using GLP-1RA (treatment) had 0.06% Foreign body in orifice, compared with 0.09% for control group using SGLT2i. Does treatment have causal effect to the Foreign body in orifice (is it a Positive Outcome)? - no
- Treatment group using GLP-1RA (treatment) had 0.01% Toxic effect of lead compound, compared with 0.04% for control group using SGLT2i. Does treatment have causal effect to the Toxic effect of lead compound (is it a Positive Outcome)? - no
- Treatment group using GLP-1RA (treatment) had 1.29% Epidermoid cyst, compared with 0.58% for control group using SGLT2i. Does treatment have causal effect to the Epidermoid cyst (is it a Positive Outcome)? - no
- Treatment group using GLP-1RA (treatment) had 78.37% Hypertension, compared with 84.71% for control group using SGLT2i. Does treatment have causal effect to the Hypertension (is it a Positive Outcome)? - yes
- Treatment group using GLP-1RA (treatment) had 78.09% Hyperlipidemia, compared with 84.45% for control group using SGLT2i. Does treatment have causal effect to the Hyperlipidemia (is it a Positive Outcome)? - yes
- Treatment group using GLP-1RA (treatment) had 64.14% Obesity, compared with 44.50% for control group using SGLT2i. Does treatment have causal effect to the Obesity (is it a Positive Outcome)? - yes
[Your Task]
[Question]
Treatment group using GLP-1RA (treatment) had 0.44% High risk sexual behavior, compared with 0.09% for control group using SGLT2i. Does treatment have causal effect to the High risk sexual behavior (is it a Positive Outcome)?
Answer: [Your answer, ""yes"" or ""no""]",7,"Okay, so I'm trying to figure out whether GLP-1RA treatments have a causal effect on high risk sexual behavior in patients with type 2 diabetes. Let me break this down step by step.

First, I know that GLP-1 Receptor Agonists (GLP-1RA) are medications used to treat type 2 diabetes. They work by helping the body release more insulin and reducing the amount of glucose produced by the liver. They're also known to have weight loss benefits as a side effect because they make people feel full.

On the other hand, Sodium-Glucose Cotransporter-2 Inhibitors (SGLT2i) are another class of diabetes medications that prevent the kidneys from reabsorbing glucose, thus promoting urine output and lowering blood sugar levels. They've also been linked to some weight loss and potential benefits beyond glucose control, like reducing the risk of heart disease.

The question provides percentages of patients experiencing high risk sexual behavior in each treatment group. The treatment group (GLP-1RA) has 0.44%, while the control group (SGLT2i) has 0.09%. The task is to determine if this difference indicates a causal effect of the treatment on the outcome.

I remember from the examples given that when the treatment group has a higher percentage of an outcome, it's considered a Positive Outcome, and the answer is ""yes."" Conversely, if the treatment group has a lower percentage, it's a Negative Control Outcome, and the answer is ""no."" But I also need to consider whether this difference is causally related to the treatment.

High risk sexual behavior could be influenced by various factors. For instance, diabetes can affect sexual health, including libido and erectile function. Treatments like GLP-1RA and SGLT2i might influence these aspects. I've heard that GLP-1RA can affect gut hormones related to appetite and satiety, which might impact sexual behavior indirectly. However, SGLT2i has also been linked to benefits in sexual function in some studies.

Looking at the numbers, GLP-1RA users have a higher incidence of high risk sexual behavior (0.44%) compared to SGLT2i users (0.09%). The question is whether this higher rate is because of the treatment or just a coincidence.

I also need to consider the other factors provided. The GLP-1RA group has a younger mean age (58.0 vs. 64.6) and higher BMI (37.4 vs. 32.8). They also have a slightly higher Charlson Comorbidity Index (65.2% vs. 68.5%). These differences could potentially influence sexual behavior, as higher BMI is associated with obesity-related conditions that might affect sexual health, and higher comorbidities could relate to overall health status.

However, the question is specifically about whether the treatment itself causes the outcome. Both GLP-1RA and SGLT2i are diabetes medications, and their impact on sexual behavior might be indirect. But in the examples provided, when the treatment group had a higher percentage, the answer was ""yes,"" implying a causal effect. Conversely, when the control group had a higher percentage, the answer was ""no.""

Given that GLP-1RA is associated with weight loss, which can sometimes lead to increased libido or risk-taking behaviors, it's plausible that this higher percentage in their group is due to the treatment. On the other hand, SGLT2i might not have as strong an effect on sexual behavior, hence the lower percentage.

Therefore, considering the trend in the examples and the potential effects of GLP-1RA on weight and possibly libido, it's reasonable to conclude that the treatment has a causal effect here.
</think>

yes",yes
Batch2,v4,medical_questions_v4.txt,8,"Question 8
[Background]
We compare two treatments for type 2 diabetes:
- Treatment: GLP-1 Receptor Agonists (GLP-1RA)
- Control: Sodium-Glucose Cotransporter-2 Inhibitors (SGLT2i)
[Task Description]
You’ll receive an outcome and the percentage of affected patients in each group.
Decide whether these treatments have a causal effect on that outcome.
You will receive a query describing an outcome and the proportion of patients in each group who experienced it:
- One percentage for patients using GLP-1RA (treatment group).
- One percentage for patients using SGLT2i (control group).
Your task is to determine whether the treatments (GLP-1RA and SGLT2i) have a causal effect on that outcome.
[Cohort Description]
Adults with type 2 diabetes who began either GLP-1RA or SGLT2i.
All had a prior diabetes diagnosis.
GLP-1RA users: mean age 58.0, BMI 37.4.
SGLT2i users: mean age 64.6, BMI 32.8.
Charlson Comorbidity Index ≥ 3 in 65.2% (GLP-1RA) and 68.5% (SGLT2i).
[Instruction]
- Judge whether the treatments causally influence the outcome.
- Both treatments are expected to behave similarly (either both yes or both no).
- “Yes” = Positive Outcome (OOI); “No” = Negative Control Outcome (NCO).
- Reply with only “yes” or “no.”
[Few-shot examples]
- Treatment group using GLP-1RA (treatment) had 0.06% Foreign body in orifice, compared with 0.09% for control group using SGLT2i. Does treatment have causal effect to the Foreign body in orifice (is it a Positive Outcome)? - no
- Treatment group using GLP-1RA (treatment) had 0.01% Toxic effect of lead compound, compared with 0.04% for control group using SGLT2i. Does treatment have causal effect to the Toxic effect of lead compound (is it a Positive Outcome)? - no
- Treatment group using GLP-1RA (treatment) had 1.29% Epidermoid cyst, compared with 0.58% for control group using SGLT2i. Does treatment have causal effect to the Epidermoid cyst (is it a Positive Outcome)? - no
- Treatment group using GLP-1RA (treatment) had 78.37% Hypertension, compared with 84.71% for control group using SGLT2i. Does treatment have causal effect to the Hypertension (is it a Positive Outcome)? - yes
- Treatment group using GLP-1RA (treatment) had 78.09% Hyperlipidemia, compared with 84.45% for control group using SGLT2i. Does treatment have causal effect to the Hyperlipidemia (is it a Positive Outcome)? - yes
- Treatment group using GLP-1RA (treatment) had 64.14% Obesity, compared with 44.50% for control group using SGLT2i. Does treatment have causal effect to the Obesity (is it a Positive Outcome)? - yes
[Your Task]
[Question]
Treatment group using GLP-1RA (treatment) had 0.44% High risk sexual behavior, compared with 0.09% for control group using SGLT2i. Does treatment have causal effect to the High risk sexual behavior (is it a Positive Outcome)?
Answer: [Your answer, ""yes"" or ""no""]",8,"Alright, so I have this question about whether GLP-1 Receptor Agonists (GLP-1RA) have a causal effect on High risk sexual behavior compared to Sodium-Glucose Cotransporter-2 Inhibitors (SGLT2i). The data given is that 0.44% of GLP-1RA users experienced this outcome, while 0.09% of SGLT2i users did. 

First, I need to understand what the outcome is. High risk sexual behavior could include things like unprotected sex, multiple partners, or sex with strangers, which can lead to STIs or unwanted pregnancies. Now, GLP-1RA is known to help with weight loss and is often used as a treatment for type 2 diabetes. It works by increasing insulin release and slowing down stomach emptying, which helps with blood sugar control. SGLT2i, on the other hand, also helps with blood sugar control but works by inhibiting the kidneys' ability to reabsorb glucose, which leads to more glucose being excreted through urine and thus lowering blood sugar levels.

Both treatments are used to manage diabetes, so their primary effects are on glucose levels and metabolism. Now, considering the comorbidities, GLP-1RA users have a mean age of 58 and a BMI of 37.4, which suggests they are more overweight or obese. SGLT2i users are slightly older (64.6) and have a lower BMI (32.8), which is still overweight but not as much as GLP-1RA users. The Charlson Comorbidity Index is higher for both groups, but both are above 65%, so both patients have significant comorbidities.

Looking at the examples provided, it seems that if the treatment group has a higher percentage of an outcome than the control group, it's considered a positive outcome. For instance, if the treatment group has a higher incidence of something, it's more likely that the treatment caused it. Conversely, if the control group has a higher incidence, it's considered a negative outcome.

In this case, GLP-1RA users have a higher percentage (0.44%) of high risk sexual behavior compared to SGLT2i users (0.09%). But wait, 0.44% is a very low percentage overall. It's just 0.44% of the treatment group, and 0.09% of the control group. That's a big difference, but both are very low numbers. 

However, I need to consider whether this outcome is directly related to the treatment. GLP-1RA primarily affects metabolism and blood sugar. There's no direct link between GLP-1RA and sexual behavior. On the other hand, SGLT2i also affects metabolism but in a different way. They both are used for diabetes, but their mechanisms are different. 

But wait, maybe there's an indirect effect. For instance, if a treatment affects weight or blood sugar, could that influence sexual behavior? Weight loss can sometimes lead to increased libido or more active social life, which might correlate with higher risk sexual behavior. However, in the examples given, if the treatment group has a higher percentage of a condition, it's considered a positive outcome. But in this case, the treatment group has a higher percentage of high risk sexual behavior. 

But hold on, the example given in the few-shot examples had a treatment group with 78% hypertension vs. 84.7% control, and it was considered a positive outcome because the treatment group had a higher incidence. So, the reasoning was that the treatment caused hypertension because it's a known side effect.

Applying that logic here, if GLP-1RA causes a certain side effect, like increased sexual behavior, then a higher incidence in the treatment group would suggest causation. However, I'm not sure if high risk sexual behavior is a known side effect of GLP-1RA or SGLT2i.

GLP-1RA can sometimes cause side effects like nausea, diarrhea, and in rare cases, pancreatitis. SGLT2i can cause urinary tract infections, increased urination, and sometimes ketoacidosis. I don't recall high risk sexual behavior being a listed side effect for either.

Moreover, the baseline characteristics might influence this. GLP-1RA users are older, more obese, and have more comorbidities, which might already predispose them to higher risk sexual behavior. However, SGLT2i users are a bit older and have a lower BMI, which could have the opposite effect. But wait, both groups have similar age differences, with GLP-1RA users being slightly younger but more obese.

Alternatively, maybe the lower BMI in SGLT2i users could be associated with more conservative behavior, but that's speculative. The Charlson Comorbidity Index is higher in both, so comorbidities might not explain the difference.

Another angle is that both treatments are glucose-lowering medications, which can sometimes affect libido. However, I'm not sure if they directly cause high risk sexual behavior. It's possible that better glycemic control could lead to improved sexual health, but high risk behavior is more about decision-making and safety, not just sexual function.

In the examples, the reasoning was that if the treatment group had a higher incidence of a known side effect, it's causal. Here, high risk sexual behavior isn't a known side effect, so it's hard to argue causation. Additionally, the percentages are extremely low, suggesting that the occurrence is rare, which might indicate that it's not a significant side effect of either treatment.

Therefore, even though the treatment group has a higher percentage, it's not a known outcome of the treatment, and the low percentages suggest that it's not a causal effect but perhaps a coincidence or a very rare side effect that isn't related to the treatment.
</think>

no",no
Batch2,v4,medical_questions_v4.txt,8,"Question 8
[Background]
We compare two treatments for type 2 diabetes:
- Treatment: GLP-1 Receptor Agonists (GLP-1RA)
- Control: Sodium-Glucose Cotransporter-2 Inhibitors (SGLT2i)
[Task Description]
You’ll receive an outcome and the percentage of affected patients in each group.
Decide whether these treatments have a causal effect on that outcome.
You will receive a query describing an outcome and the proportion of patients in each group who experienced it:
- One percentage for patients using GLP-1RA (treatment group).
- One percentage for patients using SGLT2i (control group).
Your task is to determine whether the treatments (GLP-1RA and SGLT2i) have a causal effect on that outcome.
[Cohort Description]
Adults with type 2 diabetes who began either GLP-1RA or SGLT2i.
All had a prior diabetes diagnosis.
GLP-1RA users: mean age 58.0, BMI 37.4.
SGLT2i users: mean age 64.6, BMI 32.8.
Charlson Comorbidity Index ≥ 3 in 65.2% (GLP-1RA) and 68.5% (SGLT2i).
[Instruction]
- Judge whether the treatments causally influence the outcome.
- Both treatments are expected to behave similarly (either both yes or both no).
- “Yes” = Positive Outcome (OOI); “No” = Negative Control Outcome (NCO).
- Reply with only “yes” or “no.”
[Few-shot examples]
- Treatment group using GLP-1RA (treatment) had 0.06% Foreign body in orifice, compared with 0.09% for control group using SGLT2i. Does treatment have causal effect to the Foreign body in orifice (is it a Positive Outcome)? - no
- Treatment group using GLP-1RA (treatment) had 0.01% Toxic effect of lead compound, compared with 0.04% for control group using SGLT2i. Does treatment have causal effect to the Toxic effect of lead compound (is it a Positive Outcome)? - no
- Treatment group using GLP-1RA (treatment) had 1.29% Epidermoid cyst, compared with 0.58% for control group using SGLT2i. Does treatment have causal effect to the Epidermoid cyst (is it a Positive Outcome)? - no
- Treatment group using GLP-1RA (treatment) had 78.37% Hypertension, compared with 84.71% for control group using SGLT2i. Does treatment have causal effect to the Hypertension (is it a Positive Outcome)? - yes
- Treatment group using GLP-1RA (treatment) had 78.09% Hyperlipidemia, compared with 84.45% for control group using SGLT2i. Does treatment have causal effect to the Hyperlipidemia (is it a Positive Outcome)? - yes
- Treatment group using GLP-1RA (treatment) had 64.14% Obesity, compared with 44.50% for control group using SGLT2i. Does treatment have causal effect to the Obesity (is it a Positive Outcome)? - yes
[Your Task]
[Question]
Treatment group using GLP-1RA (treatment) had 0.44% High risk sexual behavior, compared with 0.09% for control group using SGLT2i. Does treatment have causal effect to the High risk sexual behavior (is it a Positive Outcome)?
Answer: [Your answer, ""yes"" or ""no""]",9,"Alright, let's tackle this question step by step. So, the task is to determine whether GLP-1RA treatments have a causal effect on high risk sexual behavior in patients with type 2 diabetes. 

First, I need to understand what GLP-1RA and SGLT2i are. GLP-1 Receptor Agonists (GLP-1RA) are a class of medications used to treat type 2 diabetes. They work by stimulating the GLP-1 receptors, which help in controlling blood sugar levels. They can also help with weight loss because they increase feelings of fullness and reduce appetite.

SGLT2i, Sodium-Glucose Cotransporter-2 Inhibitors, are another class of diabetes medications. They work by preventing the kidneys from reabsorbing glucose, thus promoting excretion and lowering blood sugar levels. They are also associated with weight loss and may have cardiovascular benefits.

Now, looking at the specific outcome in question: High risk sexual behavior. I'm not exactly sure what constitutes high risk sexual behavior, but it's generally behaviors that can lead to sexual health issues, such as unprotected sex leading to STIs or pregnancy. 

The data provided shows that 0.44% of GLP-1RA users had high risk sexual behavior, compared to 0.09% in the SGLT2i group. At first glance, this might suggest that GLP-1RA is associated with a higher incidence of this behavior, but I need to determine if this is causally related or just a coincidence.

The next step is to consider whether either treatment is expected to influence sexual behavior. Both GLP-1RA and SGLT2i are known to help with weight management. Weight gain can sometimes be associated with increased sexual activity, but high risk behavior specifically is more about unprotected sex, which relates more to sexual health than just weight. However, being overweight or obese can sometimes correlate with behaviors that might be considered high risk, though I'm not sure if that's a direct cause.

Another angle is to think about whether these medications have any known side effects related to sexual behavior. GLP-1RA can sometimes cause nausea, which might lead to less frequent sexual activity, but I don't recall any direct link to high risk behavior. SGLT2i might have similar gastrointestinal effects. There's also the consideration of cardiovascular health, as both medications can affect the heart, but again, I don't see a direct causal link to high risk sexual behavior.

Looking at the examples provided in the question, I notice that when the treatment group had a higher percentage of an outcome, it was often considered a positive outcome. For instance, in the case of hypertension, hyperlipidemia, and obesity, the treatment group had higher percentages, and the answer was 'yes'. However, in the first three examples, when the treatment group had lower percentages, the answer was 'no'. 

In this specific case, GLP-1RA has a higher percentage (0.44%) compared to SGLT2i (0.09%). Following the pattern from the examples, it might seem like GLP-1RA is causing this outcome. However, I need to question whether this outcome is actually something that the treatment would cause.

High risk sexual behavior is more related to individual behavior choices, possibly influenced by factors like education, access to healthcare, socioeconomic status, or mental health, rather than being a direct side effect of a medication. Therefore, it's possible that the difference is due to other factors rather than the medication itself.

Additionally, the comorbidity indices show that both groups have similar levels of comorbidities, so it's unlikely that one treatment is more prone to causing such behavior than the other. The age and BMI differences could be confounding factors, but since both treatments are intended for similar patient populations, the difference might be due to other variables not accounted for in the data.

Furthermore, the percentages are very low (less than 1%), which suggests that high risk sexual behavior is rare in both groups. This rarity makes it less likely that the treatment is a causal factor, as both groups are at similar low risk.

In conclusion, while the data shows a higher incidence in the GLP-1RA group, it's more plausible that this is coincidental or influenced by other factors rather than a causal effect of the medication. Therefore, the answer should be 'no'.
</think>

no",no
Batch2,v4,medical_questions_v4.txt,8,"Question 8
[Background]
We compare two treatments for type 2 diabetes:
- Treatment: GLP-1 Receptor Agonists (GLP-1RA)
- Control: Sodium-Glucose Cotransporter-2 Inhibitors (SGLT2i)
[Task Description]
You’ll receive an outcome and the percentage of affected patients in each group.
Decide whether these treatments have a causal effect on that outcome.
You will receive a query describing an outcome and the proportion of patients in each group who experienced it:
- One percentage for patients using GLP-1RA (treatment group).
- One percentage for patients using SGLT2i (control group).
Your task is to determine whether the treatments (GLP-1RA and SGLT2i) have a causal effect on that outcome.
[Cohort Description]
Adults with type 2 diabetes who began either GLP-1RA or SGLT2i.
All had a prior diabetes diagnosis.
GLP-1RA users: mean age 58.0, BMI 37.4.
SGLT2i users: mean age 64.6, BMI 32.8.
Charlson Comorbidity Index ≥ 3 in 65.2% (GLP-1RA) and 68.5% (SGLT2i).
[Instruction]
- Judge whether the treatments causally influence the outcome.
- Both treatments are expected to behave similarly (either both yes or both no).
- “Yes” = Positive Outcome (OOI); “No” = Negative Control Outcome (NCO).
- Reply with only “yes” or “no.”
[Few-shot examples]
- Treatment group using GLP-1RA (treatment) had 0.06% Foreign body in orifice, compared with 0.09% for control group using SGLT2i. Does treatment have causal effect to the Foreign body in orifice (is it a Positive Outcome)? - no
- Treatment group using GLP-1RA (treatment) had 0.01% Toxic effect of lead compound, compared with 0.04% for control group using SGLT2i. Does treatment have causal effect to the Toxic effect of lead compound (is it a Positive Outcome)? - no
- Treatment group using GLP-1RA (treatment) had 1.29% Epidermoid cyst, compared with 0.58% for control group using SGLT2i. Does treatment have causal effect to the Epidermoid cyst (is it a Positive Outcome)? - no
- Treatment group using GLP-1RA (treatment) had 78.37% Hypertension, compared with 84.71% for control group using SGLT2i. Does treatment have causal effect to the Hypertension (is it a Positive Outcome)? - yes
- Treatment group using GLP-1RA (treatment) had 78.09% Hyperlipidemia, compared with 84.45% for control group using SGLT2i. Does treatment have causal effect to the Hyperlipidemia (is it a Positive Outcome)? - yes
- Treatment group using GLP-1RA (treatment) had 64.14% Obesity, compared with 44.50% for control group using SGLT2i. Does treatment have causal effect to the Obesity (is it a Positive Outcome)? - yes
[Your Task]
[Question]
Treatment group using GLP-1RA (treatment) had 0.44% High risk sexual behavior, compared with 0.09% for control group using SGLT2i. Does treatment have causal effect to the High risk sexual behavior (is it a Positive Outcome)?
Answer: [Your answer, ""yes"" or ""no""]",10,"Okay, so I'm trying to figure out whether GLP-1 Receptor Agonists (GLP-1RA) have a causal effect on high risk sexual behavior in patients with type 2 diabetes. The data given shows that 0.44% of GLP-1RA users had high risk sexual behavior, compared to 0.09% in the SGLT2i group. 

First, I need to understand what high risk sexual behavior means in this context. It could involve behaviors that increase the risk of sexually transmitted infections (STIs) or unwanted pregnancies. Now, GLP-1RA medications are typically used to manage blood sugar levels in type 2 diabetes. They work by helping the body release less glucagon and more insulin, which can help with weight loss and improving blood sugar control.

I should consider whether GLP-1RA therapy would directly cause high risk sexual behavior. GLP-1RA drugs don't directly affect sexual behavior. They primarily impact metabolism and blood sugar regulation. However, they can have side effects, such as nausea, which might affect sexual desire, but that's more about decreased libido rather than risky behavior.

Looking at the example provided, when the treatment group had a higher percentage of a specific outcome, like hypertension or hyperlipidemia, the answer was ""yes,"" implying that the treatment was considered causally related. Conversely, for outcomes like foreign body or toxic effects, the answer was ""no,"" possibly because those are unrelated or due to other factors.

In the given problem, GLP-1RA is associated with a higher percentage of high risk sexual behavior compared to SGLT2i. But does this mean that GLP-1RA causes it? I need to assess whether the higher percentage is due to the treatment or other factors.

GLP-1RA and SGLT2i are both used for managing type 2 diabetes, but they have different mechanisms. SGLT2i inhibitors are known to have effects beyond just glucose control, such as reducing the risk of cardiovascular events. However, they don't directly relate to sexual behavior.

High risk sexual behavior is influenced by various factors, including individual behavior choices, societal influences, and psychological factors. Medical treatments like GLP-1RA or SGLT2i don't directly influence these behaviors. It's possible that the higher percentage in the GLP-1RA group is a coincidence or due to other confounding variables not accounted for in the data.

Looking at the comorbidity indices, both groups have high rates, but that doesn't directly link to sexual behavior. The age and BMI differences might also play a role in sexual behavior, but again, not causally from the treatment itself.

In the examples, when the treatment group had a higher percentage of a condition, it was considered a positive outcome, implying causation. However, in reality, it's unclear if the treatment caused the condition or if it's just a correlation. The key here is whether the treatment has a direct causal effect.

Since GLP-1RA doesn't affect sexual behavior directly, the higher percentage is likely a coincidence or influenced by other factors not related to the treatment. Therefore, it's not a causal effect of the treatment.
</think>

no",no
Batch2,v4,medical_questions_v4.txt,9,"Question 9
[Background]
We compare two treatments for type 2 diabetes:
- Treatment: GLP-1 Receptor Agonists (GLP-1RA)
- Control: Sodium-Glucose Cotransporter-2 Inhibitors (SGLT2i)
[Task Description]
You’ll receive an outcome and the percentage of affected patients in each group.
Decide whether these treatments have a causal effect on that outcome.
You will receive a query describing an outcome and the proportion of patients in each group who experienced it:
- One percentage for patients using GLP-1RA (treatment group).
- One percentage for patients using SGLT2i (control group).
Your task is to determine whether the treatments (GLP-1RA and SGLT2i) have a causal effect on that outcome.
[Cohort Description]
Adults with type 2 diabetes who began either GLP-1RA or SGLT2i.
All had a prior diabetes diagnosis.
GLP-1RA users: mean age 58.0, BMI 37.4.
SGLT2i users: mean age 64.6, BMI 32.8.
Charlson Comorbidity Index ≥ 3 in 65.2% (GLP-1RA) and 68.5% (SGLT2i).
[Instruction]
- Judge whether the treatments causally influence the outcome.
- Both treatments are expected to behave similarly (either both yes or both no).
- “Yes” = Positive Outcome (OOI); “No” = Negative Control Outcome (NCO).
- Reply with only “yes” or “no.”
[Few-shot examples]
- Treatment group using GLP-1RA (treatment) had 0.06% Foreign body in orifice, compared with 0.09% for control group using SGLT2i. Does treatment have causal effect to the Foreign body in orifice (is it a Positive Outcome)? - no
- Treatment group using GLP-1RA (treatment) had 0.01% Toxic effect of lead compound, compared with 0.04% for control group using SGLT2i. Does treatment have causal effect to the Toxic effect of lead compound (is it a Positive Outcome)? - no
- Treatment group using GLP-1RA (treatment) had 1.29% Epidermoid cyst, compared with 0.58% for control group using SGLT2i. Does treatment have causal effect to the Epidermoid cyst (is it a Positive Outcome)? - no
- Treatment group using GLP-1RA (treatment) had 78.37% Hypertension, compared with 84.71% for control group using SGLT2i. Does treatment have causal effect to the Hypertension (is it a Positive Outcome)? - yes
- Treatment group using GLP-1RA (treatment) had 78.09% Hyperlipidemia, compared with 84.45% for control group using SGLT2i. Does treatment have causal effect to the Hyperlipidemia (is it a Positive Outcome)? - yes
- Treatment group using GLP-1RA (treatment) had 64.14% Obesity, compared with 44.50% for control group using SGLT2i. Does treatment have causal effect to the Obesity (is it a Positive Outcome)? - yes
[Your Task]
[Question]
Treatment group using GLP-1RA (treatment) had 0.04% Symbolic dysfunction, compared with 0.04% for control group using SGLT2i. Does treatment have causal effect to the Symbolic dysfunction (is it a Positive Outcome)?
Answer: [Your answer, ""yes"" or ""no""]",1,"Okay, so I'm trying to figure out whether GLP-1RA treatment has a causal effect on symbolic dysfunction in this scenario. The question gives me the percentages of patients experiencing this outcome in both the treatment and control groups. The treatment group has 0.04% and the control group also has 0.04%. 

First, I need to understand what symbolic dysfunction is. From what I know, symbolic dysfunction usually refers to issues with communication or symbolic processes, but in a medical context, it might be a different term. Wait, maybe it's a typo or misunderstanding. Let me think again. Perhaps it's a specific medical condition or a side effect.

Now, looking at the percentages, both groups have the same rate—0.04%. That means that the occurrence of symbolic dysfunction is equally likely whether the patient is on GLP-1RA or SGLT2i. If the treatment group and control group have the same percentage, there's no difference in the outcome between the two groups. 

In causal effect terms, if the treatment group had a higher rate than the control group, we might say there's a causal effect because the treatment is linked to the outcome. Conversely, if the treatment group had a lower rate, we might still consider it, but the difference isn't clear. However, when both groups are the same, it's hard to establish causation because there's no change from the control to the treatment. 

Additionally, the examples provided earlier show that when the treatment group has a higher percentage than the control, the answer is ""yes,"" implying a causal effect. For instance, when the treatment group had 78% Hypertension vs. 84.71% control, the answer was ""yes."" Similarly, for Hyperlipidemia and Obesity, the same logic applies. 

In this case, since both groups have identical percentages, there's no difference to suggest that GLP-1RA causes symbolic dysfunction. Therefore, the answer should be ""no"" because there's no evidence of a causal effect; both groups are equally likely to experience it.
</think>

no",no
Batch2,v4,medical_questions_v4.txt,9,"Question 9
[Background]
We compare two treatments for type 2 diabetes:
- Treatment: GLP-1 Receptor Agonists (GLP-1RA)
- Control: Sodium-Glucose Cotransporter-2 Inhibitors (SGLT2i)
[Task Description]
You’ll receive an outcome and the percentage of affected patients in each group.
Decide whether these treatments have a causal effect on that outcome.
You will receive a query describing an outcome and the proportion of patients in each group who experienced it:
- One percentage for patients using GLP-1RA (treatment group).
- One percentage for patients using SGLT2i (control group).
Your task is to determine whether the treatments (GLP-1RA and SGLT2i) have a causal effect on that outcome.
[Cohort Description]
Adults with type 2 diabetes who began either GLP-1RA or SGLT2i.
All had a prior diabetes diagnosis.
GLP-1RA users: mean age 58.0, BMI 37.4.
SGLT2i users: mean age 64.6, BMI 32.8.
Charlson Comorbidity Index ≥ 3 in 65.2% (GLP-1RA) and 68.5% (SGLT2i).
[Instruction]
- Judge whether the treatments causally influence the outcome.
- Both treatments are expected to behave similarly (either both yes or both no).
- “Yes” = Positive Outcome (OOI); “No” = Negative Control Outcome (NCO).
- Reply with only “yes” or “no.”
[Few-shot examples]
- Treatment group using GLP-1RA (treatment) had 0.06% Foreign body in orifice, compared with 0.09% for control group using SGLT2i. Does treatment have causal effect to the Foreign body in orifice (is it a Positive Outcome)? - no
- Treatment group using GLP-1RA (treatment) had 0.01% Toxic effect of lead compound, compared with 0.04% for control group using SGLT2i. Does treatment have causal effect to the Toxic effect of lead compound (is it a Positive Outcome)? - no
- Treatment group using GLP-1RA (treatment) had 1.29% Epidermoid cyst, compared with 0.58% for control group using SGLT2i. Does treatment have causal effect to the Epidermoid cyst (is it a Positive Outcome)? - no
- Treatment group using GLP-1RA (treatment) had 78.37% Hypertension, compared with 84.71% for control group using SGLT2i. Does treatment have causal effect to the Hypertension (is it a Positive Outcome)? - yes
- Treatment group using GLP-1RA (treatment) had 78.09% Hyperlipidemia, compared with 84.45% for control group using SGLT2i. Does treatment have causal effect to the Hyperlipidemia (is it a Positive Outcome)? - yes
- Treatment group using GLP-1RA (treatment) had 64.14% Obesity, compared with 44.50% for control group using SGLT2i. Does treatment have causal effect to the Obesity (is it a Positive Outcome)? - yes
[Your Task]
[Question]
Treatment group using GLP-1RA (treatment) had 0.04% Symbolic dysfunction, compared with 0.04% for control group using SGLT2i. Does treatment have causal effect to the Symbolic dysfunction (is it a Positive Outcome)?
Answer: [Your answer, ""yes"" or ""no""]",2,"Okay, so I need to determine whether GLP-1RA treatment has a causal effect on symbolic dysfunction, given that both treatment and control groups have the same rate of this outcome. Let me break this down step by step.

First, the question states that in the treatment group using GLP-1RA, 0.04% of patients experienced symbolic dysfunction. In the control group using SGLT2i, also 0.04% had the same issue. The task is to decide if this means that GLP-1RA causally influences symbolic dysfunction. 

I remember from the examples provided that when the treatment and control groups have similar percentages for an outcome, the answer is often ""no."" For instance, in the first example, both groups had slightly different but similar rates for foreign body in orifice, and the answer was ""no."" Similarly, when the rates were close, like 0.01% and 0.04%, the answer was also ""no."" 

So, in this case, both groups have exactly the same percentage of patients experiencing symbolic dysfunction. This suggests that the treatment (GLP-1RA) isn't causing this outcome any more than the control (SGLT2i). It's possible that there's another factor at play that affects both groups equally, or maybe symbolic dysfunction is unrelated to both treatments. 

Also, considering the background information, the two treatments are expected to behave similarly in terms of their effects. They're both used for type 2 diabetes, but they work differently. GLP-1RA helps with glucose control and might affect other factors like appetite, while SGLT2i also helps with glucose but through a different mechanism, like reducing sugar absorption. 

Since both treatments don't seem to have a specific causal link to symbolic dysfunction based on the data provided, and the rates are the same, it's reasonable to conclude that GLP-1RA doesn't causally influence symbolic dysfunction in this context. Therefore, the answer should be ""no.""
</think>

no",no
Batch2,v4,medical_questions_v4.txt,9,"Question 9
[Background]
We compare two treatments for type 2 diabetes:
- Treatment: GLP-1 Receptor Agonists (GLP-1RA)
- Control: Sodium-Glucose Cotransporter-2 Inhibitors (SGLT2i)
[Task Description]
You’ll receive an outcome and the percentage of affected patients in each group.
Decide whether these treatments have a causal effect on that outcome.
You will receive a query describing an outcome and the proportion of patients in each group who experienced it:
- One percentage for patients using GLP-1RA (treatment group).
- One percentage for patients using SGLT2i (control group).
Your task is to determine whether the treatments (GLP-1RA and SGLT2i) have a causal effect on that outcome.
[Cohort Description]
Adults with type 2 diabetes who began either GLP-1RA or SGLT2i.
All had a prior diabetes diagnosis.
GLP-1RA users: mean age 58.0, BMI 37.4.
SGLT2i users: mean age 64.6, BMI 32.8.
Charlson Comorbidity Index ≥ 3 in 65.2% (GLP-1RA) and 68.5% (SGLT2i).
[Instruction]
- Judge whether the treatments causally influence the outcome.
- Both treatments are expected to behave similarly (either both yes or both no).
- “Yes” = Positive Outcome (OOI); “No” = Negative Control Outcome (NCO).
- Reply with only “yes” or “no.”
[Few-shot examples]
- Treatment group using GLP-1RA (treatment) had 0.06% Foreign body in orifice, compared with 0.09% for control group using SGLT2i. Does treatment have causal effect to the Foreign body in orifice (is it a Positive Outcome)? - no
- Treatment group using GLP-1RA (treatment) had 0.01% Toxic effect of lead compound, compared with 0.04% for control group using SGLT2i. Does treatment have causal effect to the Toxic effect of lead compound (is it a Positive Outcome)? - no
- Treatment group using GLP-1RA (treatment) had 1.29% Epidermoid cyst, compared with 0.58% for control group using SGLT2i. Does treatment have causal effect to the Epidermoid cyst (is it a Positive Outcome)? - no
- Treatment group using GLP-1RA (treatment) had 78.37% Hypertension, compared with 84.71% for control group using SGLT2i. Does treatment have causal effect to the Hypertension (is it a Positive Outcome)? - yes
- Treatment group using GLP-1RA (treatment) had 78.09% Hyperlipidemia, compared with 84.45% for control group using SGLT2i. Does treatment have causal effect to the Hyperlipidemia (is it a Positive Outcome)? - yes
- Treatment group using GLP-1RA (treatment) had 64.14% Obesity, compared with 44.50% for control group using SGLT2i. Does treatment have causal effect to the Obesity (is it a Positive Outcome)? - yes
[Your Task]
[Question]
Treatment group using GLP-1RA (treatment) had 0.04% Symbolic dysfunction, compared with 0.04% for control group using SGLT2i. Does treatment have causal effect to the Symbolic dysfunction (is it a Positive Outcome)?
Answer: [Your answer, ""yes"" or ""no""]",3,"Okay, so I'm trying to figure out whether GLP-1RA treatments have a causal effect on symbolic dysfunction based on the given percentages. The treatment group using GLP-1RA had 0.04% of patients experiencing symbolic dysfunction, and the control group using SGLT2i also had 0.04%. 

First, I need to understand what symbolic dysfunction is. It sounds like it's a condition where someone has trouble understanding or using symbols, which could be related to cognitive issues. Now, both treatments are medications for type 2 diabetes, but they work differently. GLP-1RA helps regulate blood sugar by increasing insulin and decreasing glucose output, while SGLT2i inhibits the kidneys from reabsorbing glucose, leading to increased urine output and lower blood sugar.

Looking at the example cases provided, when the treatment group had a lower percentage of an outcome than the control, like in the foreign body case, the answer was ""no."" Conversely, when the treatment group had a higher percentage, like in hypertension or hyperlipidemia, the answer was ""yes."" 

In this question, both groups have the same percentage. So, does that mean it's a positive outcome? Well, in the examples, when the treatment group had a higher rate, it was considered a positive outcome. But when they were equal, like in the toxic effect or foreign body examples, the answer was ""no."" So, maybe when the rates are the same, it's not considered a causal effect either way.

But I also need to consider the context. GLP-1RA and SGLT2i are both diabetes medications, so any side effects they might have would likely be similar or unrelated. Symbolic dysfunction is more of a cognitive issue, which I don't think is directly caused by these medications. So even if they have the same rate, it might not be a causal effect because both groups are just part of the diabetes population, and cognitive issues could be influenced by other factors like age, comorbidities, or other medications.

Another point is that the comorbidity indices are similar (around 65-68%), so there's not a huge difference in the baseline health of the groups. Also, the example where both groups had the same rate resulted in a ""no"" answer, suggesting that equal rates don't indicate causation in either direction.

Therefore, since both groups have the same percentage for symbolic dysfunction, it's likely that neither treatment has a causal effect on this outcome. So, the answer should be ""no.""
</think>

no",no
Batch2,v4,medical_questions_v4.txt,9,"Question 9
[Background]
We compare two treatments for type 2 diabetes:
- Treatment: GLP-1 Receptor Agonists (GLP-1RA)
- Control: Sodium-Glucose Cotransporter-2 Inhibitors (SGLT2i)
[Task Description]
You’ll receive an outcome and the percentage of affected patients in each group.
Decide whether these treatments have a causal effect on that outcome.
You will receive a query describing an outcome and the proportion of patients in each group who experienced it:
- One percentage for patients using GLP-1RA (treatment group).
- One percentage for patients using SGLT2i (control group).
Your task is to determine whether the treatments (GLP-1RA and SGLT2i) have a causal effect on that outcome.
[Cohort Description]
Adults with type 2 diabetes who began either GLP-1RA or SGLT2i.
All had a prior diabetes diagnosis.
GLP-1RA users: mean age 58.0, BMI 37.4.
SGLT2i users: mean age 64.6, BMI 32.8.
Charlson Comorbidity Index ≥ 3 in 65.2% (GLP-1RA) and 68.5% (SGLT2i).
[Instruction]
- Judge whether the treatments causally influence the outcome.
- Both treatments are expected to behave similarly (either both yes or both no).
- “Yes” = Positive Outcome (OOI); “No” = Negative Control Outcome (NCO).
- Reply with only “yes” or “no.”
[Few-shot examples]
- Treatment group using GLP-1RA (treatment) had 0.06% Foreign body in orifice, compared with 0.09% for control group using SGLT2i. Does treatment have causal effect to the Foreign body in orifice (is it a Positive Outcome)? - no
- Treatment group using GLP-1RA (treatment) had 0.01% Toxic effect of lead compound, compared with 0.04% for control group using SGLT2i. Does treatment have causal effect to the Toxic effect of lead compound (is it a Positive Outcome)? - no
- Treatment group using GLP-1RA (treatment) had 1.29% Epidermoid cyst, compared with 0.58% for control group using SGLT2i. Does treatment have causal effect to the Epidermoid cyst (is it a Positive Outcome)? - no
- Treatment group using GLP-1RA (treatment) had 78.37% Hypertension, compared with 84.71% for control group using SGLT2i. Does treatment have causal effect to the Hypertension (is it a Positive Outcome)? - yes
- Treatment group using GLP-1RA (treatment) had 78.09% Hyperlipidemia, compared with 84.45% for control group using SGLT2i. Does treatment have causal effect to the Hyperlipidemia (is it a Positive Outcome)? - yes
- Treatment group using GLP-1RA (treatment) had 64.14% Obesity, compared with 44.50% for control group using SGLT2i. Does treatment have causal effect to the Obesity (is it a Positive Outcome)? - yes
[Your Task]
[Question]
Treatment group using GLP-1RA (treatment) had 0.04% Symbolic dysfunction, compared with 0.04% for control group using SGLT2i. Does treatment have causal effect to the Symbolic dysfunction (is it a Positive Outcome)?
Answer: [Your answer, ""yes"" or ""no""]",4,"Alright, so I'm trying to figure out whether GLP-1RA treatments have a causal effect on Symbolic dysfunction compared to SGLT2i. Let's break this down step by step.

First, I know that GLP-1RA stands for GLP-1 Receptor Agonists, which are medications used to treat type 2 diabetes. They work by helping the body release insulin and slow down glucose absorption. SGLT2i is Sodium-Glucose Cotransporter-2 Inhibitors, another class of diabetes medications that prevent the kidneys from reabsorbing glucose, thus promoting urine output and lowering blood sugar.

The question is about whether these treatments cause Symbolic dysfunction. Symbolic dysfunction, as far as I know, isn't a typical medical condition. It might refer to a symbolic meaning or function, but in a medical context, it's unclear. Wait, maybe it's a typo or misunderstanding. Perhaps it's supposed to be something like ""symptomatic dysfunction"" or ""side effects""?

Looking at the percentages given: both treatment and control groups have 0.04% experiencing Symbolic dysfunction. That's really low, just 0.04%, which is less than 0.1%. Both groups are equally affected. Now, the task is to determine if the treatment (GLP-1RA) has a causal effect on this outcome.

The instruction says that if both treatments have the same effect, either both are yes or no. So, if one group has a higher percentage, we might think there's a causal effect, but here they are equal.

But wait, the examples given in the problem show that when the treatment group has a higher percentage, it's considered a positive outcome. For instance, in the examples with Hypertension, Hyperlipidemia, and Obesity, when GLP-1RA was associated with higher percentages, the answer was ""yes"". Conversely, when the control group had a higher percentage, like in Foreign body in orifice, it was ""no"".

In this case, both groups have the same low percentage. So, is there a causal effect? Since both are at 0.04%, there's no difference between them. Therefore, it's not like GLP-1RA is causing it; it's just as likely to happen without the treatment.

So, based on the given data, since the occurrence is the same in both groups, there's no evidence of a causal effect from GLP-1RA. Therefore, the answer should be ""no"".
</think>

no",no
Batch2,v4,medical_questions_v4.txt,9,"Question 9
[Background]
We compare two treatments for type 2 diabetes:
- Treatment: GLP-1 Receptor Agonists (GLP-1RA)
- Control: Sodium-Glucose Cotransporter-2 Inhibitors (SGLT2i)
[Task Description]
You’ll receive an outcome and the percentage of affected patients in each group.
Decide whether these treatments have a causal effect on that outcome.
You will receive a query describing an outcome and the proportion of patients in each group who experienced it:
- One percentage for patients using GLP-1RA (treatment group).
- One percentage for patients using SGLT2i (control group).
Your task is to determine whether the treatments (GLP-1RA and SGLT2i) have a causal effect on that outcome.
[Cohort Description]
Adults with type 2 diabetes who began either GLP-1RA or SGLT2i.
All had a prior diabetes diagnosis.
GLP-1RA users: mean age 58.0, BMI 37.4.
SGLT2i users: mean age 64.6, BMI 32.8.
Charlson Comorbidity Index ≥ 3 in 65.2% (GLP-1RA) and 68.5% (SGLT2i).
[Instruction]
- Judge whether the treatments causally influence the outcome.
- Both treatments are expected to behave similarly (either both yes or both no).
- “Yes” = Positive Outcome (OOI); “No” = Negative Control Outcome (NCO).
- Reply with only “yes” or “no.”
[Few-shot examples]
- Treatment group using GLP-1RA (treatment) had 0.06% Foreign body in orifice, compared with 0.09% for control group using SGLT2i. Does treatment have causal effect to the Foreign body in orifice (is it a Positive Outcome)? - no
- Treatment group using GLP-1RA (treatment) had 0.01% Toxic effect of lead compound, compared with 0.04% for control group using SGLT2i. Does treatment have causal effect to the Toxic effect of lead compound (is it a Positive Outcome)? - no
- Treatment group using GLP-1RA (treatment) had 1.29% Epidermoid cyst, compared with 0.58% for control group using SGLT2i. Does treatment have causal effect to the Epidermoid cyst (is it a Positive Outcome)? - no
- Treatment group using GLP-1RA (treatment) had 78.37% Hypertension, compared with 84.71% for control group using SGLT2i. Does treatment have causal effect to the Hypertension (is it a Positive Outcome)? - yes
- Treatment group using GLP-1RA (treatment) had 78.09% Hyperlipidemia, compared with 84.45% for control group using SGLT2i. Does treatment have causal effect to the Hyperlipidemia (is it a Positive Outcome)? - yes
- Treatment group using GLP-1RA (treatment) had 64.14% Obesity, compared with 44.50% for control group using SGLT2i. Does treatment have causal effect to the Obesity (is it a Positive Outcome)? - yes
[Your Task]
[Question]
Treatment group using GLP-1RA (treatment) had 0.04% Symbolic dysfunction, compared with 0.04% for control group using SGLT2i. Does treatment have causal effect to the Symbolic dysfunction (is it a Positive Outcome)?
Answer: [Your answer, ""yes"" or ""no""]",5,"Okay, so I'm trying to figure out whether GLP-1RA treatments have a causal effect on symbolic dysfunction, given that both treatments have the same percentage of patients experiencing it. Let's break this down step by step.

First, I need to understand what symbolic dysfunction is. From the term, it sounds like it's a functional issue, maybe something related to communication or cognitive functions. But I'm not entirely sure. However, the key point here is that the percentage of patients in both groups is the same—0.04% for both GLP-1RA and SGLT2i.

The task is to determine causality. The instructions say that both treatments are expected to behave similarly, either both yes or both no. So if one group has a higher or lower rate than the other, that might indicate a causal effect, but in this case, they are equal.

Now, let's think about how causation works in this context. If a treatment is causing an outcome, we'd expect the treatment group to have a different rate than the control group. For example, if GLP-1RA increases the risk of an outcome, the treatment group would have a higher percentage. Conversely, if it decreases the risk, the treatment group would have a lower percentage.

In this case, both groups have the same percentage. So, there's no difference to suggest that one treatment is causing the outcome. Without a difference, it's harder to establish causation because coincidental similarity or other factors could be at play.

Looking at the examples provided:

- When the treatment group had a lower percentage, it was considered a negative control outcome (NCO), meaning no causal effect.
- When the treatment group had a higher percentage, it was considered a positive outcome (OOI), implying a causal effect.

Since in this case, both groups have the same percentage, there's no increase or decrease. Therefore, it doesn't meet the criteria for a positive outcome, nor does it indicate a negative control outcome. But according to the instructions, we should reply with ""yes"" or ""no"". 

Given that both groups have the same rate, and there's no indication of causality either way, the most appropriate answer would be ""no""—there's no evidence of a causal effect. The similarity between the groups suggests that the outcome is not influenced by either treatment.
</think>

no",no
Batch2,v4,medical_questions_v4.txt,9,"Question 9
[Background]
We compare two treatments for type 2 diabetes:
- Treatment: GLP-1 Receptor Agonists (GLP-1RA)
- Control: Sodium-Glucose Cotransporter-2 Inhibitors (SGLT2i)
[Task Description]
You’ll receive an outcome and the percentage of affected patients in each group.
Decide whether these treatments have a causal effect on that outcome.
You will receive a query describing an outcome and the proportion of patients in each group who experienced it:
- One percentage for patients using GLP-1RA (treatment group).
- One percentage for patients using SGLT2i (control group).
Your task is to determine whether the treatments (GLP-1RA and SGLT2i) have a causal effect on that outcome.
[Cohort Description]
Adults with type 2 diabetes who began either GLP-1RA or SGLT2i.
All had a prior diabetes diagnosis.
GLP-1RA users: mean age 58.0, BMI 37.4.
SGLT2i users: mean age 64.6, BMI 32.8.
Charlson Comorbidity Index ≥ 3 in 65.2% (GLP-1RA) and 68.5% (SGLT2i).
[Instruction]
- Judge whether the treatments causally influence the outcome.
- Both treatments are expected to behave similarly (either both yes or both no).
- “Yes” = Positive Outcome (OOI); “No” = Negative Control Outcome (NCO).
- Reply with only “yes” or “no.”
[Few-shot examples]
- Treatment group using GLP-1RA (treatment) had 0.06% Foreign body in orifice, compared with 0.09% for control group using SGLT2i. Does treatment have causal effect to the Foreign body in orifice (is it a Positive Outcome)? - no
- Treatment group using GLP-1RA (treatment) had 0.01% Toxic effect of lead compound, compared with 0.04% for control group using SGLT2i. Does treatment have causal effect to the Toxic effect of lead compound (is it a Positive Outcome)? - no
- Treatment group using GLP-1RA (treatment) had 1.29% Epidermoid cyst, compared with 0.58% for control group using SGLT2i. Does treatment have causal effect to the Epidermoid cyst (is it a Positive Outcome)? - no
- Treatment group using GLP-1RA (treatment) had 78.37% Hypertension, compared with 84.71% for control group using SGLT2i. Does treatment have causal effect to the Hypertension (is it a Positive Outcome)? - yes
- Treatment group using GLP-1RA (treatment) had 78.09% Hyperlipidemia, compared with 84.45% for control group using SGLT2i. Does treatment have causal effect to the Hyperlipidemia (is it a Positive Outcome)? - yes
- Treatment group using GLP-1RA (treatment) had 64.14% Obesity, compared with 44.50% for control group using SGLT2i. Does treatment have causal effect to the Obesity (is it a Positive Outcome)? - yes
[Your Task]
[Question]
Treatment group using GLP-1RA (treatment) had 0.04% Symbolic dysfunction, compared with 0.04% for control group using SGLT2i. Does treatment have causal effect to the Symbolic dysfunction (is it a Positive Outcome)?
Answer: [Your answer, ""yes"" or ""no""]",6,"Okay, so I need to determine whether GLP-1 Receptor Agonists (GLP-1RA) have a causal effect on symbolic dysfunction compared to Sodium-Glucose Cotransporter-2 Inhibitors (SGLT2i) in patients with type 2 diabetes. The data given is that both treatment groups had 0.04% incidence of symbolic dysfunction. 

First, I should recall what symbolic dysfunction is. It sounds like it's a condition or an outcome related to how symbols are processed, maybe in the brain. It could be related to cognitive functions, like memory, language, or problem-solving. 

Now, both treatments are medications for type 2 diabetes. GLP-1RA works by increasing insulin release and reducing glucose production, often leading to weight loss. SGLT2i inhibits the kidneys from reabsorbing glucose, thereby promoting urine excretion and reducing blood sugar levels. Both are commonly used diabetes medications.

The question is whether these medications cause symbolic dysfunction. I know that some diabetes medications can have side effects. For instance, GLP-1RA can sometimes cause nausea, vomiting, and even pancreatitis, but I'm not sure about symbolic dysfunction. SGLT2i has been linked to urinary tract infections and increased risk of amputation, but again, not directly related to symbolic dysfunction.

Looking at the example provided, when the treatment group had a higher percentage of a specific outcome than the control, it was considered a positive outcome. Conversely, if the control group had a higher percentage, it was considered a negative outcome. But in the case where both groups have the same percentage, it's a bit tricky.

In this case, both groups have exactly the same percentage of symbolic dysfunction. So, does that mean there's no causal effect? Or is it possible that both treatments independently affect the same outcome, but it's not causal?

I think that if both treatments lead to the same outcome, it's more likely that it's a non-causal association. Because if one treatment caused symbolic dysfunction, we'd expect a difference in the percentages between the groups. Since both are 0.04%, it's more likely that neither treatment is causally related to this outcome. It could be that symbolic dysfunction is rare in this population, or that it's influenced by other factors not related to the treatments.

Additionally, the comorbidity indices are similar, so the patients' overall health status doesn't seem to explain a difference in this outcome. The age and BMI differences might affect other outcomes but not this specific one.

Therefore, I conclude that neither treatment has a causal effect on symbolic dysfunction in this context.
</think>

no",no
Batch2,v4,medical_questions_v4.txt,9,"Question 9
[Background]
We compare two treatments for type 2 diabetes:
- Treatment: GLP-1 Receptor Agonists (GLP-1RA)
- Control: Sodium-Glucose Cotransporter-2 Inhibitors (SGLT2i)
[Task Description]
You’ll receive an outcome and the percentage of affected patients in each group.
Decide whether these treatments have a causal effect on that outcome.
You will receive a query describing an outcome and the proportion of patients in each group who experienced it:
- One percentage for patients using GLP-1RA (treatment group).
- One percentage for patients using SGLT2i (control group).
Your task is to determine whether the treatments (GLP-1RA and SGLT2i) have a causal effect on that outcome.
[Cohort Description]
Adults with type 2 diabetes who began either GLP-1RA or SGLT2i.
All had a prior diabetes diagnosis.
GLP-1RA users: mean age 58.0, BMI 37.4.
SGLT2i users: mean age 64.6, BMI 32.8.
Charlson Comorbidity Index ≥ 3 in 65.2% (GLP-1RA) and 68.5% (SGLT2i).
[Instruction]
- Judge whether the treatments causally influence the outcome.
- Both treatments are expected to behave similarly (either both yes or both no).
- “Yes” = Positive Outcome (OOI); “No” = Negative Control Outcome (NCO).
- Reply with only “yes” or “no.”
[Few-shot examples]
- Treatment group using GLP-1RA (treatment) had 0.06% Foreign body in orifice, compared with 0.09% for control group using SGLT2i. Does treatment have causal effect to the Foreign body in orifice (is it a Positive Outcome)? - no
- Treatment group using GLP-1RA (treatment) had 0.01% Toxic effect of lead compound, compared with 0.04% for control group using SGLT2i. Does treatment have causal effect to the Toxic effect of lead compound (is it a Positive Outcome)? - no
- Treatment group using GLP-1RA (treatment) had 1.29% Epidermoid cyst, compared with 0.58% for control group using SGLT2i. Does treatment have causal effect to the Epidermoid cyst (is it a Positive Outcome)? - no
- Treatment group using GLP-1RA (treatment) had 78.37% Hypertension, compared with 84.71% for control group using SGLT2i. Does treatment have causal effect to the Hypertension (is it a Positive Outcome)? - yes
- Treatment group using GLP-1RA (treatment) had 78.09% Hyperlipidemia, compared with 84.45% for control group using SGLT2i. Does treatment have causal effect to the Hyperlipidemia (is it a Positive Outcome)? - yes
- Treatment group using GLP-1RA (treatment) had 64.14% Obesity, compared with 44.50% for control group using SGLT2i. Does treatment have causal effect to the Obesity (is it a Positive Outcome)? - yes
[Your Task]
[Question]
Treatment group using GLP-1RA (treatment) had 0.04% Symbolic dysfunction, compared with 0.04% for control group using SGLT2i. Does treatment have causal effect to the Symbolic dysfunction (is it a Positive Outcome)?
Answer: [Your answer, ""yes"" or ""no""]",7,"Okay, so I'm trying to figure out whether GLP-1RA treatments have a causal effect on symbolic dysfunction compared to SGLT2i in this study. The data given is that both treatment groups have 0.04% of patients experiencing symbolic dysfunction. 

First, I should understand what symbolic dysfunction is. It's not a common term in medicine, so I'm a bit confused. Maybe it's a typo or a specific term used in the study. But regardless of what it is, both treatments have the same rate of this outcome.

The user mentioned that in the examples provided, when the treatment group had a lower or higher percentage than the control group, the answer was ""yes"" or ""no"" based on whether there was a difference. For instance, when the treatment group had a higher rate of a condition, it was considered a positive outcome. Conversely, if the control group had a higher rate, it was also considered positive. 

In the examples, when the treatment group had a lower percentage, like 0.06% vs. 0.09%, the answer was ""no"". Similarly, when the treatment group had 0.01% vs. 0.04%, it was ""no"". So, the key seems to be whether there's a difference between the two groups. If there's no difference, like both having the same percentage, what's the answer?

Looking at the examples where both groups had the same outcome percentage, like in the case of 0.04% for both in this question, I don't see an example provided. But from the instruction, it says to judge whether the treatments causally influence the outcome. If both groups have the same rate, it's hard to say if one is causing the outcome. It might mean that neither treatment has a causal effect, or that both have the same effect, so it's a negative control outcome.

Given that the problem states that both treatments are expected to behave similarly, either both have a causal effect or neither does. Since there's no difference in the outcome rates, it suggests that there's no causal effect from either treatment on symbolic dysfunction. Therefore, the answer should be ""no"".
</think>

no",no
Batch2,v4,medical_questions_v4.txt,9,"Question 9
[Background]
We compare two treatments for type 2 diabetes:
- Treatment: GLP-1 Receptor Agonists (GLP-1RA)
- Control: Sodium-Glucose Cotransporter-2 Inhibitors (SGLT2i)
[Task Description]
You’ll receive an outcome and the percentage of affected patients in each group.
Decide whether these treatments have a causal effect on that outcome.
You will receive a query describing an outcome and the proportion of patients in each group who experienced it:
- One percentage for patients using GLP-1RA (treatment group).
- One percentage for patients using SGLT2i (control group).
Your task is to determine whether the treatments (GLP-1RA and SGLT2i) have a causal effect on that outcome.
[Cohort Description]
Adults with type 2 diabetes who began either GLP-1RA or SGLT2i.
All had a prior diabetes diagnosis.
GLP-1RA users: mean age 58.0, BMI 37.4.
SGLT2i users: mean age 64.6, BMI 32.8.
Charlson Comorbidity Index ≥ 3 in 65.2% (GLP-1RA) and 68.5% (SGLT2i).
[Instruction]
- Judge whether the treatments causally influence the outcome.
- Both treatments are expected to behave similarly (either both yes or both no).
- “Yes” = Positive Outcome (OOI); “No” = Negative Control Outcome (NCO).
- Reply with only “yes” or “no.”
[Few-shot examples]
- Treatment group using GLP-1RA (treatment) had 0.06% Foreign body in orifice, compared with 0.09% for control group using SGLT2i. Does treatment have causal effect to the Foreign body in orifice (is it a Positive Outcome)? - no
- Treatment group using GLP-1RA (treatment) had 0.01% Toxic effect of lead compound, compared with 0.04% for control group using SGLT2i. Does treatment have causal effect to the Toxic effect of lead compound (is it a Positive Outcome)? - no
- Treatment group using GLP-1RA (treatment) had 1.29% Epidermoid cyst, compared with 0.58% for control group using SGLT2i. Does treatment have causal effect to the Epidermoid cyst (is it a Positive Outcome)? - no
- Treatment group using GLP-1RA (treatment) had 78.37% Hypertension, compared with 84.71% for control group using SGLT2i. Does treatment have causal effect to the Hypertension (is it a Positive Outcome)? - yes
- Treatment group using GLP-1RA (treatment) had 78.09% Hyperlipidemia, compared with 84.45% for control group using SGLT2i. Does treatment have causal effect to the Hyperlipidemia (is it a Positive Outcome)? - yes
- Treatment group using GLP-1RA (treatment) had 64.14% Obesity, compared with 44.50% for control group using SGLT2i. Does treatment have causal effect to the Obesity (is it a Positive Outcome)? - yes
[Your Task]
[Question]
Treatment group using GLP-1RA (treatment) had 0.04% Symbolic dysfunction, compared with 0.04% for control group using SGLT2i. Does treatment have causal effect to the Symbolic dysfunction (is it a Positive Outcome)?
Answer: [Your answer, ""yes"" or ""no""]",8,"Okay, let's try to figure this out. So, the question is about whether GLP-1RA treatments have a causal effect on symbolic dysfunction compared to SGLT2i. The data given is that both groups have 0.04% occurrence of this outcome. 

First, I remember from the background that GLP-1RA and SGLT2i are both diabetes medications, but they work differently. GLP-1RA (like GLP-1 receptor agonists) help with glucose control by increasing insulin release and slowing digestion, while SGLT2i (sodium-glucose cotransporter-2 inhibitors) work by preventing the kidneys from reabsorbing glucose, thus promoting urine output.

The task is to determine if the treatment causes the outcome. The instruction says to decide whether the treatments causally influence the outcome. Also, it mentions that both treatments should behave similarly—either both yes or both no. So, if GLP-1RA has a positive outcome, SGLT2i should too, and vice versa.

Looking at the examples provided, when the percentages are similar or the same, the answer is usually ""no."" For instance, in the first example, both had 0.06% and 0.09% for a foreign body, and the answer was ""no."" Similarly, the second example had very low percentages, and the answer was ""no."" The third example had 1.29% vs. 0.58%, but the answer was still ""no."" 

In the fourth example, GLP-1RA had 78.37% Hypertension, which was higher than SGLT2i's 84.71%, but the answer was ""yes."" Wait, that seems contradictory. Oh, no, actually, the answer was ""yes"" because the treatment group had a lower percentage, but wait, no. Wait, the instruction says ""Positive Outcome"" is when the treatment group has a higher percentage. But in that example, the treatment group had 78.37% and control 84.71%, so the control had a higher percentage. But the answer was ""yes,"" which confused me. Maybe I misunderstood. Oh, perhaps because the treatment group had a lower percentage, it's a negative outcome, but the answer was ""yes,"" so maybe I'm getting this wrong.

Wait, no, in that example, the outcome was Hypertension, and the treatment group had 78.37%, control 84.71%. Since the treatment group had a lower rate, that might be a negative outcome, but the answer was ""yes,"" meaning it's a positive outcome. Hmm, maybe I need to think differently. Perhaps if the treatment group has a higher rate, it's considered a positive outcome, but if it's lower, it's not. Or maybe it's about whether the treatment is causing it, regardless of the direction.

Wait, the instruction says: ""Yes"" = Positive Outcome (OOI); ""No"" = Negative Control Outcome (NCO). So, the outcome is considered positive if the treatment group has a higher rate, and negative if the control has a higher rate. But in the example with Hypertension, the treatment group had a lower rate, so the control had a higher rate, which would be a negative outcome, but the answer was ""yes."" That doesn't add up. Maybe I'm misunderstanding the examples.

Wait, looking back at the examples, the fifth example: GLP-1RA had 78.09% Hyperlipidemia, control 84.45%. The answer was ""yes."" So, the control group had a higher percentage, but the answer was ""yes."" That suggests that when the treatment group has a higher percentage, it's yes, but when the control has a higher percentage, it's also yes? That doesn't make sense. Or perhaps I'm misinterpreting.

Wait, perhaps the key is that both treatments should behave similarly. So, if the treatment group has a higher rate, and the control group also has a higher rate, then it's a positive outcome. But if the treatment group has a lower rate than the control, it's considered a negative outcome. But in the examples, when the treatment group had a higher rate, the answer was ""yes."" When the control had a higher rate, the answer was ""yes"" as well. That seems inconsistent.

Wait, maybe it's about whether the treatment is causing an increase in the outcome. So, if the treatment group has a higher rate, it's yes, because the treatment is causing more of that outcome. If the control group has a higher rate, it's no, because the treatment isn't causing it. But in the examples, the fifth one had treatment group 78.09% and control 84.45%, so control higher, answer was ""yes."" That doesn't fit. So maybe the reasoning is different.

Alternatively, perhaps the outcome is considered positive if it's a known side effect of the treatment. So, if the treatment group has a higher rate of a known side effect, it's yes. If the control group has a higher rate, it's no. But in the examples, when the treatment group had a higher rate, it was yes, but when the control group did, it was also yes in some cases.

Wait, the instruction says: ""Yes"" = Positive Outcome (OOI); ""No"" = Negative Control Outcome (NCO). So, OOI is when the treatment group has the outcome, and NCO is when the control group has it. So, if the treatment group has a higher rate, it's a positive outcome, so yes. If the control group has a higher rate, it's a negative outcome, so no.

But in the fifth example, treatment group had 78.09% Hyperlipidemia, control 84.45%. So control higher, so answer was ""yes."" That doesn't fit. Wait, maybe I'm misreading the example. Let me check.

Wait, no, the fifth example was: Treatment group using GLP-1RA had 78.09% Hyperlipidemia, compared with 84.45% for control group using SGLT2i. Does treatment have causal effect to the Hyperlipidemia (is it a Positive Outcome)? Answer: yes.

So, the treatment group had a lower percentage, so control had higher. But the answer was ""yes."" That suggests that if the treatment group has a lower rate, it's still considered a positive outcome. That doesn't make sense. Maybe I'm misunderstanding.

Alternatively, perhaps the answer is ""yes"" if the treatment group has a higher rate than expected, regardless of the control. But I'm not sure.

Wait, maybe the key is that both treatments are expected to behave similarly, either both yes or both no. So, if the treatment group and control group have similar outcomes, the answer is ""yes."" If they are different, it's ""no."" But in the examples, when the treatment group had a higher rate, the answer was ""yes,"" and when they had lower, it was ""no."" Wait, no, in the fifth example, treatment had lower, but answer was ""yes."" That doesn't fit.

I'm getting confused. Let's try to apply the logic. The question is about symbolic dysfunction, both groups have 0.04%. So, same percentage. According to the first example, when both groups have the same percentage, the answer was ""no."" So, in that case, the answer should be ""no.""

Therefore, in this case, both groups have the same percentage, so the answer is ""no.""
</think>

The treatment group and control group both have the same percentage of symbolic dysfunction, which is 0.04%. Based on the examples provided, when both groups have the same outcome, the answer is ""no."" Therefore, the treatment does not have a causal effect on symbolic dysfunction.

Answer: no",
Batch2,v4,medical_questions_v4.txt,9,"Question 9
[Background]
We compare two treatments for type 2 diabetes:
- Treatment: GLP-1 Receptor Agonists (GLP-1RA)
- Control: Sodium-Glucose Cotransporter-2 Inhibitors (SGLT2i)
[Task Description]
You’ll receive an outcome and the percentage of affected patients in each group.
Decide whether these treatments have a causal effect on that outcome.
You will receive a query describing an outcome and the proportion of patients in each group who experienced it:
- One percentage for patients using GLP-1RA (treatment group).
- One percentage for patients using SGLT2i (control group).
Your task is to determine whether the treatments (GLP-1RA and SGLT2i) have a causal effect on that outcome.
[Cohort Description]
Adults with type 2 diabetes who began either GLP-1RA or SGLT2i.
All had a prior diabetes diagnosis.
GLP-1RA users: mean age 58.0, BMI 37.4.
SGLT2i users: mean age 64.6, BMI 32.8.
Charlson Comorbidity Index ≥ 3 in 65.2% (GLP-1RA) and 68.5% (SGLT2i).
[Instruction]
- Judge whether the treatments causally influence the outcome.
- Both treatments are expected to behave similarly (either both yes or both no).
- “Yes” = Positive Outcome (OOI); “No” = Negative Control Outcome (NCO).
- Reply with only “yes” or “no.”
[Few-shot examples]
- Treatment group using GLP-1RA (treatment) had 0.06% Foreign body in orifice, compared with 0.09% for control group using SGLT2i. Does treatment have causal effect to the Foreign body in orifice (is it a Positive Outcome)? - no
- Treatment group using GLP-1RA (treatment) had 0.01% Toxic effect of lead compound, compared with 0.04% for control group using SGLT2i. Does treatment have causal effect to the Toxic effect of lead compound (is it a Positive Outcome)? - no
- Treatment group using GLP-1RA (treatment) had 1.29% Epidermoid cyst, compared with 0.58% for control group using SGLT2i. Does treatment have causal effect to the Epidermoid cyst (is it a Positive Outcome)? - no
- Treatment group using GLP-1RA (treatment) had 78.37% Hypertension, compared with 84.71% for control group using SGLT2i. Does treatment have causal effect to the Hypertension (is it a Positive Outcome)? - yes
- Treatment group using GLP-1RA (treatment) had 78.09% Hyperlipidemia, compared with 84.45% for control group using SGLT2i. Does treatment have causal effect to the Hyperlipidemia (is it a Positive Outcome)? - yes
- Treatment group using GLP-1RA (treatment) had 64.14% Obesity, compared with 44.50% for control group using SGLT2i. Does treatment have causal effect to the Obesity (is it a Positive Outcome)? - yes
[Your Task]
[Question]
Treatment group using GLP-1RA (treatment) had 0.04% Symbolic dysfunction, compared with 0.04% for control group using SGLT2i. Does treatment have causal effect to the Symbolic dysfunction (is it a Positive Outcome)?
Answer: [Your answer, ""yes"" or ""no""]",9,"Okay, so I'm trying to figure out whether GLP-1RA treatments have a causal effect on symbolic dysfunction compared to SGLT2i. The data given is that both groups have a 0.04% incidence of symbolic dysfunction. 

First, I need to understand what symbolic dysfunction is. It's not a medical condition I'm familiar with, but based on the term, it might relate to cognitive or psychological aspects, like issues with communication or abstract thinking. 

Now, both treatments are being compared. GLP-1RA is a class of medications that help with weight loss and blood sugar control in type 2 diabetes. They work by stimulating the GLP-1 receptor, which helps with insulin release and slows digestion, among other things. SGLT2i inhibitors, on the other hand, work by blocking the enzyme SGLT2 in the kidneys, which also helps with blood sugar control and can lead to weight loss.

Looking at the examples provided, the user gave several instances where the treatment group had a certain outcome, and the control group had a different percentage, and the answer was either yes or no. For instance, in the case of hypertension, the treatment group had a lower incidence (78.37%) compared to the control (84.71%), so the answer was yes, meaning treatment caused a positive outcome. Similarly, for hyperlipidemia and obesity, the treatment group had lower percentages, so yes again.

In the current question, both groups have exactly the same percentage of symbolic dysfunction. So, does this mean that the treatment doesn't have a causal effect? Because if both groups have the same rate, there's no difference to attribute to the treatment.

I also need to consider the other factors like age, BMI, and comorbidities. The GLP-1RA group is slightly younger and has a higher BMI, which might be relevant if symbolic dysfunction is related to weight or age. However, since both groups have the same incidence, it's unclear if these factors play a role here.

Another point is that both treatments are expected to behave similarly. If they both have the same effect, then the outcome shouldn't be influenced causally by either. So, if the incidence is the same, it suggests that neither treatment is causing it. Therefore, the answer would be no, there's no causal effect because there's no difference between the two groups.

I should also think about whether symbolic dysfunction is a known side effect of either treatment. If neither treatment is typically linked to such an issue, then the same percentage would imply that it's not caused by either. However, without specific knowledge of side effects, I can only go by the data provided.

In conclusion, since both groups have identical percentages, there's no evidence to suggest that GLP-1RA causes symbolic dysfunction any more than SGLT2i. Therefore, the treatment doesn't have a causal effect on this outcome.
</think>

no",no
Batch2,v4,medical_questions_v4.txt,9,"Question 9
[Background]
We compare two treatments for type 2 diabetes:
- Treatment: GLP-1 Receptor Agonists (GLP-1RA)
- Control: Sodium-Glucose Cotransporter-2 Inhibitors (SGLT2i)
[Task Description]
You’ll receive an outcome and the percentage of affected patients in each group.
Decide whether these treatments have a causal effect on that outcome.
You will receive a query describing an outcome and the proportion of patients in each group who experienced it:
- One percentage for patients using GLP-1RA (treatment group).
- One percentage for patients using SGLT2i (control group).
Your task is to determine whether the treatments (GLP-1RA and SGLT2i) have a causal effect on that outcome.
[Cohort Description]
Adults with type 2 diabetes who began either GLP-1RA or SGLT2i.
All had a prior diabetes diagnosis.
GLP-1RA users: mean age 58.0, BMI 37.4.
SGLT2i users: mean age 64.6, BMI 32.8.
Charlson Comorbidity Index ≥ 3 in 65.2% (GLP-1RA) and 68.5% (SGLT2i).
[Instruction]
- Judge whether the treatments causally influence the outcome.
- Both treatments are expected to behave similarly (either both yes or both no).
- “Yes” = Positive Outcome (OOI); “No” = Negative Control Outcome (NCO).
- Reply with only “yes” or “no.”
[Few-shot examples]
- Treatment group using GLP-1RA (treatment) had 0.06% Foreign body in orifice, compared with 0.09% for control group using SGLT2i. Does treatment have causal effect to the Foreign body in orifice (is it a Positive Outcome)? - no
- Treatment group using GLP-1RA (treatment) had 0.01% Toxic effect of lead compound, compared with 0.04% for control group using SGLT2i. Does treatment have causal effect to the Toxic effect of lead compound (is it a Positive Outcome)? - no
- Treatment group using GLP-1RA (treatment) had 1.29% Epidermoid cyst, compared with 0.58% for control group using SGLT2i. Does treatment have causal effect to the Epidermoid cyst (is it a Positive Outcome)? - no
- Treatment group using GLP-1RA (treatment) had 78.37% Hypertension, compared with 84.71% for control group using SGLT2i. Does treatment have causal effect to the Hypertension (is it a Positive Outcome)? - yes
- Treatment group using GLP-1RA (treatment) had 78.09% Hyperlipidemia, compared with 84.45% for control group using SGLT2i. Does treatment have causal effect to the Hyperlipidemia (is it a Positive Outcome)? - yes
- Treatment group using GLP-1RA (treatment) had 64.14% Obesity, compared with 44.50% for control group using SGLT2i. Does treatment have causal effect to the Obesity (is it a Positive Outcome)? - yes
[Your Task]
[Question]
Treatment group using GLP-1RA (treatment) had 0.04% Symbolic dysfunction, compared with 0.04% for control group using SGLT2i. Does treatment have causal effect to the Symbolic dysfunction (is it a Positive Outcome)?
Answer: [Your answer, ""yes"" or ""no""]",10,"Okay, let's try to figure out whether GLP-1RA or SGLT2i treatments have a causal effect on symbolic dysfunction. So, from the question, both treatment groups have a 0.04% rate of symbolic dysfunction. That seems really low, almost negligible. 

First, I need to understand what symbolic dysfunction is. It sounds like a general term, but I'm not exactly sure what it refers to here. Maybe it's a functional issue, like problems with symbols or communication, but I'm not certain. Alternatively, it could be a specific medical condition, but the term isn't very clear. 

Looking at the examples provided, I see that when the percentages are similar between the treatment and control groups, the answer is often ""no."" For instance, in the first example, both groups had 0.06% and 0.09% for foreign body in orifice, and the answer was ""no."" Similarly, in the second example, both had 0.01% and 0.04%, and the answer was ""no."" 

In the cases where the treatment group had a higher percentage, like 1.29% versus 0.58%, the answer was ""yes."" So, when one group has a higher incidence, it's considered a positive outcome, implying a causal effect. Conversely, when both groups have similar or the same percentages, it's more likely a negative outcome with no causal effect.

In this case, both groups have exactly the same percentage of symbolic dysfunction—0.04%. That suggests there's no difference between the two treatments in terms of causing this outcome. Since both groups are treated differently (GLP-1RA vs. SGLT2i), and the outcome is the same for both, it's likely that neither treatment is causally responsible for this issue. 

Additionally, considering the background information, both treatments are for type 2 diabetes, but they work differently—GLP-1RA by increasing insulin and decreasing glucose, and SGLT2i by reducing glucose reabsorption. They have different side effects, but if both have the same rate of symbolic dysfunction, it might not be a side effect of either treatment specifically. It could be a coincidence or influenced by other factors not accounted for in the data.

So, putting it all together, since both groups have the same percentage, it's more likely that there's no causal effect from either treatment on symbolic dysfunction.
</think>

no",no
Batch2,v4,medical_questions_v4.txt,10,"Question 10
[Background]
We compare two treatments for type 2 diabetes:
- Treatment: GLP-1 Receptor Agonists (GLP-1RA)
- Control: Sodium-Glucose Cotransporter-2 Inhibitors (SGLT2i)
[Task Description]
You’ll receive an outcome and the percentage of affected patients in each group.
Decide whether these treatments have a causal effect on that outcome.
You will receive a query describing an outcome and the proportion of patients in each group who experienced it:
- One percentage for patients using GLP-1RA (treatment group).
- One percentage for patients using SGLT2i (control group).
Your task is to determine whether the treatments (GLP-1RA and SGLT2i) have a causal effect on that outcome.
[Cohort Description]
Adults with type 2 diabetes who began either GLP-1RA or SGLT2i.
All had a prior diabetes diagnosis.
GLP-1RA users: mean age 58.0, BMI 37.4.
SGLT2i users: mean age 64.6, BMI 32.8.
Charlson Comorbidity Index ≥ 3 in 65.2% (GLP-1RA) and 68.5% (SGLT2i).
[Instruction]
- Judge whether the treatments causally influence the outcome.
- Both treatments are expected to behave similarly (either both yes or both no).
- “Yes” = Positive Outcome (OOI); “No” = Negative Control Outcome (NCO).
- Reply with only “yes” or “no.”
[Few-shot examples]
- Treatment group using GLP-1RA (treatment) had 0.06% Foreign body in orifice, compared with 0.09% for control group using SGLT2i. Does treatment have causal effect to the Foreign body in orifice (is it a Positive Outcome)? - no
- Treatment group using GLP-1RA (treatment) had 0.01% Toxic effect of lead compound, compared with 0.04% for control group using SGLT2i. Does treatment have causal effect to the Toxic effect of lead compound (is it a Positive Outcome)? - no
- Treatment group using GLP-1RA (treatment) had 1.29% Epidermoid cyst, compared with 0.58% for control group using SGLT2i. Does treatment have causal effect to the Epidermoid cyst (is it a Positive Outcome)? - no
- Treatment group using GLP-1RA (treatment) had 78.37% Hypertension, compared with 84.71% for control group using SGLT2i. Does treatment have causal effect to the Hypertension (is it a Positive Outcome)? - yes
- Treatment group using GLP-1RA (treatment) had 78.09% Hyperlipidemia, compared with 84.45% for control group using SGLT2i. Does treatment have causal effect to the Hyperlipidemia (is it a Positive Outcome)? - yes
- Treatment group using GLP-1RA (treatment) had 64.14% Obesity, compared with 44.50% for control group using SGLT2i. Does treatment have causal effect to the Obesity (is it a Positive Outcome)? - yes
[Your Task]
[Question]
Treatment group using GLP-1RA (treatment) had 1.07% Inadequate sleep hygiene, compared with 0.34% for control group using SGLT2i. Does treatment have causal effect to the Inadequate sleep hygiene (is it a Positive Outcome)?
Answer: [Your answer, ""yes"" or ""no""]",1,"Okay, so I need to figure out whether GLP-1RA treatments have a causal effect on inadequate sleep hygiene in patients with type 2 diabetes. The question gives me that 1.07% of GLP-1RA users experienced inadequate sleep hygiene, compared to 0.34% in the SGLT2i group. 

First, I remember that GLP-1RA is a class of medications that help with blood glucose control by increasing insulin release and reducing glucose output. They're often used for weight loss because they can cause nausea and vomiting, which might reduce appetite. Now, weight loss can sometimes lead to changes in sleep patterns, maybe leading to inadequate sleep hygiene, which refers to poor sleep habits like irregular sleep times or not having a consistent sleep schedule.

On the other hand, SGLT2i medications also help with blood glucose control but in a different way. They prevent the kidneys from reabsorbing glucose, leading to more frequent urination and thus lowering blood glucose. They can also cause weight loss, similar to GLP-1RA, but perhaps through different mechanisms. If both drugs cause weight loss, they might both influence sleep hygiene in the same way.

Looking at the percentages given, GLP-1RA has a higher rate of inadequate sleep hygiene (1.07%) compared to SGLT2i (0.34%). Since both groups are treated with different medications that can cause weight loss, it's plausible that the weight loss from both treatments could lead to inadequate sleep hygiene. 

But wait, the question is whether the treatment (GLP-1RA) itself causally influences inadequate sleep hygiene. The fact that GLP-1RA users have a higher percentage doesn't automatically mean it's because of the drug. It could be that other factors, like age or other comorbidities, are influencing this. However, since both treatments can cause weight loss, which is a known factor linked to poor sleep hygiene, it's reasonable to hypothesize that the weight loss from GLP-1RA is contributing to the higher rate.

Moreover, the instruction mentions that both treatments are expected to behave similarly, either both yes or both no. In the examples provided, when one treatment had a higher rate, it was considered a positive outcome if it was a known side effect, and negative if not. Here, inadequate sleep hygiene is a known potential side effect of weight loss, which both GLP-1RA and SGLT2i can cause. Therefore, it's likely that the higher rate in the GLP-1RA group is due to the treatment's effect on weight, leading to inadequate sleep hygiene.

So, putting it all together, it's reasonable to conclude that GLP-1RA has a causal effect on inadequate sleep hygiene in this context because the higher percentage can be attributed to the weight loss associated with the treatment, which in turn affects sleep habits.
</think>

Yes",yes
Batch2,v4,medical_questions_v4.txt,10,"Question 10
[Background]
We compare two treatments for type 2 diabetes:
- Treatment: GLP-1 Receptor Agonists (GLP-1RA)
- Control: Sodium-Glucose Cotransporter-2 Inhibitors (SGLT2i)
[Task Description]
You’ll receive an outcome and the percentage of affected patients in each group.
Decide whether these treatments have a causal effect on that outcome.
You will receive a query describing an outcome and the proportion of patients in each group who experienced it:
- One percentage for patients using GLP-1RA (treatment group).
- One percentage for patients using SGLT2i (control group).
Your task is to determine whether the treatments (GLP-1RA and SGLT2i) have a causal effect on that outcome.
[Cohort Description]
Adults with type 2 diabetes who began either GLP-1RA or SGLT2i.
All had a prior diabetes diagnosis.
GLP-1RA users: mean age 58.0, BMI 37.4.
SGLT2i users: mean age 64.6, BMI 32.8.
Charlson Comorbidity Index ≥ 3 in 65.2% (GLP-1RA) and 68.5% (SGLT2i).
[Instruction]
- Judge whether the treatments causally influence the outcome.
- Both treatments are expected to behave similarly (either both yes or both no).
- “Yes” = Positive Outcome (OOI); “No” = Negative Control Outcome (NCO).
- Reply with only “yes” or “no.”
[Few-shot examples]
- Treatment group using GLP-1RA (treatment) had 0.06% Foreign body in orifice, compared with 0.09% for control group using SGLT2i. Does treatment have causal effect to the Foreign body in orifice (is it a Positive Outcome)? - no
- Treatment group using GLP-1RA (treatment) had 0.01% Toxic effect of lead compound, compared with 0.04% for control group using SGLT2i. Does treatment have causal effect to the Toxic effect of lead compound (is it a Positive Outcome)? - no
- Treatment group using GLP-1RA (treatment) had 1.29% Epidermoid cyst, compared with 0.58% for control group using SGLT2i. Does treatment have causal effect to the Epidermoid cyst (is it a Positive Outcome)? - no
- Treatment group using GLP-1RA (treatment) had 78.37% Hypertension, compared with 84.71% for control group using SGLT2i. Does treatment have causal effect to the Hypertension (is it a Positive Outcome)? - yes
- Treatment group using GLP-1RA (treatment) had 78.09% Hyperlipidemia, compared with 84.45% for control group using SGLT2i. Does treatment have causal effect to the Hyperlipidemia (is it a Positive Outcome)? - yes
- Treatment group using GLP-1RA (treatment) had 64.14% Obesity, compared with 44.50% for control group using SGLT2i. Does treatment have causal effect to the Obesity (is it a Positive Outcome)? - yes
[Your Task]
[Question]
Treatment group using GLP-1RA (treatment) had 1.07% Inadequate sleep hygiene, compared with 0.34% for control group using SGLT2i. Does treatment have causal effect to the Inadequate sleep hygiene (is it a Positive Outcome)?
Answer: [Your answer, ""yes"" or ""no""]",2,"Okay, so I'm trying to figure out whether GLP-1 Receptor Agonists (GLP-1RA) have a causal effect on inadequate sleep hygiene in patients with type 2 diabetes. The data given shows that 1.07% of GLP-1RA users experienced inadequate sleep hygiene, compared to 0.34% of SGLT2i users. 

First, I need to understand what inadequate sleep hygiene is. It refers to poor sleep habits that can lead to insufficient sleep, which is linked to various health issues. Now, both GLP-1RA and SGLT2i are medications used to treat type 2 diabetes, but they work differently. GLP-1RA helps in glucose control by increasing insulin release and reducing sugar absorption, while SGLT2i inhibits the kidneys from reabsorbing glucose, thus promoting excretion.

Looking at the examples provided, it seems that if the treatment group has a higher percentage of an outcome than the control group, it's considered a positive outcome, implying causation. For instance, in the case of hypertension and hyperlipidemia, GLP-1RA was associated with higher percentages, and the answer was ""yes."" However, in cases where the treatment group had lower percentages, like foreign body in orifice or toxic effects, the answer was ""no.""

In this question, GLP-1RA has a higher percentage (1.07%) compared to SGLT2i (0.34%). So, following the pattern from the examples, this might indicate that GLP-1RA is causing inadequate sleep hygiene. But wait, I should think about whether this makes sense biologically. Do GLP-1RA medications actually cause poor sleep habits?

GLP-1RA medications, like exenatide or liraglutide, are often associated with weight loss. Weight loss can sometimes lead to improved sleep quality, but if the sleep hygiene is inadequate, maybe due to poor sleep habits, it's a bit unclear. Alternatively, if GLP-1RA affects the body's circadian rhythms or metabolism in a way that disrupts sleep, it could lead to inadequate sleep hygiene. However, I'm not sure if this is a known side effect of GLP-1RA.

On the other hand, SGLT2i medications like empagliflozin are also used for type 2 diabetes and have been linked to cardiovascular benefits. They don't directly target sleep, so if anything, their side effects might be different. If GLP-1RA is indeed causing more inadequate sleep hygiene than SGLT2i, it might suggest that GLP-1RA has a negative impact on sleep quality. But I don't have enough information to confirm this.

Another angle is to consider the baseline factors. The GLP-1RA group has a higher BMI (37.4 vs. 32.8), which is associated with obesity and potential sleep issues. The SGLT2i group is older (64.6 vs. 58.0) and has a higher Charlson score. Higher age and comorbidities can contribute to poor sleep hygiene. So, perhaps the higher percentage in GLP-1RA is because of their higher BMI or other factors, not necessarily due to the medication itself.

Given that both treatments are expected to behave similarly, the instruction says that both should either have a causal effect or not. So, if GLP-1RA has a higher percentage, it's considered a positive outcome, but I'm not sure if it's truly causal or due to other factors. However, following the examples, the answer is based on the difference in percentages without considering external factors, so I should go with ""yes.""
</think>

yes",yes
Batch2,v4,medical_questions_v4.txt,10,"Question 10
[Background]
We compare two treatments for type 2 diabetes:
- Treatment: GLP-1 Receptor Agonists (GLP-1RA)
- Control: Sodium-Glucose Cotransporter-2 Inhibitors (SGLT2i)
[Task Description]
You’ll receive an outcome and the percentage of affected patients in each group.
Decide whether these treatments have a causal effect on that outcome.
You will receive a query describing an outcome and the proportion of patients in each group who experienced it:
- One percentage for patients using GLP-1RA (treatment group).
- One percentage for patients using SGLT2i (control group).
Your task is to determine whether the treatments (GLP-1RA and SGLT2i) have a causal effect on that outcome.
[Cohort Description]
Adults with type 2 diabetes who began either GLP-1RA or SGLT2i.
All had a prior diabetes diagnosis.
GLP-1RA users: mean age 58.0, BMI 37.4.
SGLT2i users: mean age 64.6, BMI 32.8.
Charlson Comorbidity Index ≥ 3 in 65.2% (GLP-1RA) and 68.5% (SGLT2i).
[Instruction]
- Judge whether the treatments causally influence the outcome.
- Both treatments are expected to behave similarly (either both yes or both no).
- “Yes” = Positive Outcome (OOI); “No” = Negative Control Outcome (NCO).
- Reply with only “yes” or “no.”
[Few-shot examples]
- Treatment group using GLP-1RA (treatment) had 0.06% Foreign body in orifice, compared with 0.09% for control group using SGLT2i. Does treatment have causal effect to the Foreign body in orifice (is it a Positive Outcome)? - no
- Treatment group using GLP-1RA (treatment) had 0.01% Toxic effect of lead compound, compared with 0.04% for control group using SGLT2i. Does treatment have causal effect to the Toxic effect of lead compound (is it a Positive Outcome)? - no
- Treatment group using GLP-1RA (treatment) had 1.29% Epidermoid cyst, compared with 0.58% for control group using SGLT2i. Does treatment have causal effect to the Epidermoid cyst (is it a Positive Outcome)? - no
- Treatment group using GLP-1RA (treatment) had 78.37% Hypertension, compared with 84.71% for control group using SGLT2i. Does treatment have causal effect to the Hypertension (is it a Positive Outcome)? - yes
- Treatment group using GLP-1RA (treatment) had 78.09% Hyperlipidemia, compared with 84.45% for control group using SGLT2i. Does treatment have causal effect to the Hyperlipidemia (is it a Positive Outcome)? - yes
- Treatment group using GLP-1RA (treatment) had 64.14% Obesity, compared with 44.50% for control group using SGLT2i. Does treatment have causal effect to the Obesity (is it a Positive Outcome)? - yes
[Your Task]
[Question]
Treatment group using GLP-1RA (treatment) had 1.07% Inadequate sleep hygiene, compared with 0.34% for control group using SGLT2i. Does treatment have causal effect to the Inadequate sleep hygiene (is it a Positive Outcome)?
Answer: [Your answer, ""yes"" or ""no""]",3,"Okay, so I need to figure out whether GLP-1RA treatment has a causal effect on inadequate sleep hygiene in this context. Let me start by understanding the problem.

We have two treatments: GLP-1 Receptor Agonists (GLP-1RA) and Sodium-Glucose Cotransporter-2 Inhibitors (SGLT2i). The task is to determine if either of these treatments causes a specific outcome, which in this case is inadequate sleep hygiene. I'll be given the percentage of patients in each group who experienced this outcome.

The instruction says that both treatments are expected to behave similarly—either both have a causal effect or neither does. So, if one treatment group has a higher rate of the outcome, I need to decide if that's because of the treatment or if there's some other confounding factor at play.

Looking at the examples provided:

1. Foreign body in orifice: Both treatments had low percentages, but the control was slightly higher. The answer was ""no,"" meaning no causal effect.
2. Toxic effect of lead compound: Similar to above, treatment was slightly lower, but the answer was ""no.""
3. Epidermoid cyst: Treatment group had a higher rate, but the answer was ""no."" So, higher rate doesn't automatically mean causal.
4. Hypertension: Treatment group had a lower rate than control, and the answer was ""yes""—so the treatment might be causing better control, hence lower hypertension rates.
5. Hyperlipidemia: Similar to hypertension, treatment group had lower rates, so ""yes.""
6. Obesity: Treatment group had higher rates, but the answer was ""yes."" Wait, that seems contradictory. Wait, in the example, the treatment group had 64.14% obesity, control 44.50%, so the treatment group had more obesity. The answer was ""yes,"" implying that the treatment causes obesity. Hmm, but GLP-1RA is usually used for weight loss. Maybe that's a typo or specific to the example.

Wait, maybe I misread. Let me check: The example says treatment group (GLP-1RA) had 64.14% obesity, control 44.50%. So the treatment group has a higher rate. The answer was ""yes,"" meaning treatment causes it. But GLP-1RA is supposed to help with weight loss, so if they have higher obesity rates, that seems counterintuitive. Maybe the example was a trick or a typo. Alternatively, perhaps the outcome is something else.

But putting that aside, let's focus on the current question.

The current question states that treatment group (GLP-1RA) had 1.07% inadequate sleep hygiene, while the control group (SGLT2i) had 0.34%. So the treatment group has a slightly higher rate. The question is whether this is a positive outcome caused by the treatment.

First, I need to think about what causes inadequate sleep hygiene. It could be related to lifestyle, medications, or other factors. GLP-1RA is typically used for weight loss and glucose control. It can sometimes cause side effects like nausea, which might lead to poor sleep hygiene if patients are waking up at night to go to the bathroom, for example.

On the other hand, SGLT2i is used for glucose control and often associated with urination patterns. It can cause increased urinary frequency, which might also affect sleep, potentially leading to inadequate sleep hygiene if patients are getting up frequently.

But wait, in this case, the GLP-1RA group has a higher rate of inadequate sleep hygiene. So if the treatment (GLP-1RA) is causing more of this issue, then the answer would be ""yes."" Alternatively, if it's just a coincidence or due to other factors, it might be ""no.""

Looking at the examples, when the treatment group had a higher rate, like obesity in example 6, the answer was ""yes."" So maybe in this case, it's similar—GLP-1RA is causing more inadequate sleep hygiene.

But I should also consider the other factors provided, like age, BMI, and comorbidities. The GLP-1RA users are slightly younger (58.0 vs 64.6) and have a higher BMI (37.4 vs 32.8). They also have a slightly lower Charlson score (65.2% vs 68.5%), which might mean they have less comorbidities.

Inadequate sleep hygiene can be influenced by age, as older adults might have more difficulty maintaining good sleep habits. GLP-1RA users are younger, so perhaps they are more active or have different sleep patterns. However, SGLT2i users are older, which might naturally lead to more sleep issues. But the control group here is SGLT2i, which is the control, so we have to adjust for that.

Wait, but the question is whether the treatment (GLP-1RA) causes the outcome. So we need to see if the higher rate in the treatment group is due to the treatment itself, not just because of the baseline differences.

In the example where the treatment group had higher obesity rates, the answer was ""yes,"" implying that the treatment caused it. But that seems odd because GLP-1RA is supposed to help with weight loss. Maybe in that example, the outcome was a negative, but in this case, it's about inadequate sleep hygiene.

Alternatively, maybe the higher rate in the treatment group is a side effect of the medication. For instance, GLP-1RA can cause digestive issues, which might lead to poor sleep hygiene because of discomfort at night.

On the other hand, SGLT2i can cause increased urination, which might also disrupt sleep. But in this case, the SGLT2i group has a lower rate of inadequate sleep hygiene. So perhaps the treatment (GLP-1RA) is causing more of this issue.

But I need to be careful. The examples show that when the treatment group has a higher rate, it's sometimes ""yes,"" but it's also possible that it's just a coincidence.

Another angle: the example with hypertension and hyperlipidemia had the treatment group with lower rates, and the answer was ""yes,"" implying that the treatment is effective in reducing these conditions. So in those cases, the lower rates are positive outcomes.

In the current case, the treatment group has a higher rate, so it's a positive outcome. So if the treatment is causing the outcome, then the higher rate is a negative (since it's a side effect). But according to the instruction, the answer is whether the treatment has a causal effect on the outcome, regardless of whether it's positive or negative.

Wait, no. The instruction says:

""Yes"" = Positive Outcome (OOI); ""No"" = Negative Control Outcome (NCO).

Wait, no, actually, the instruction says:

- ""Yes"" = Positive Outcome (OOI); ""No"" = Negative Control Outcome (NCO).

Wait, that's a bit confusing. Let me re-read the instruction:

- Judge whether the treatments causally influence the outcome.

- Both treatments are expected to behave similarly (either both yes or both no).

- “Yes” = Positive Outcome (OOI); “No” = Negative Control Outcome (NCO).

Wait, so ""Yes"" means the outcome is a positive (good) outcome because of the treatment, and ""No"" means it's a negative (bad) outcome, or it's just a control outcome not caused by the treatment.

But in the examples, when the treatment group had a higher rate, it was sometimes ""yes"" and sometimes ""no."" For instance, in the obesity example, treatment group had 64.14% vs 44.50% in control, and the answer was ""yes."" So it's considered a positive outcome, meaning the treatment caused it.

But wait, obesity is usually a negative outcome, so why is it considered a positive outcome? Maybe because the question is whether the treatment caused the outcome, regardless of whether it's good or bad. So if the treatment causes an increase in something, it's a positive outcome in terms of causation, even if it's a negative health outcome.

Alternatively, perhaps the outcome is considered positive if it's an intended effect, regardless of whether it's good or bad. But the instruction isn't entirely clear on that.

In any case, focusing on the current question: treatment group has 1.07% inadequate sleep hygiene, control group 0.34%. So treatment group has higher, which might be a side effect. The answer in the example with obesity was ""yes,"" implying that the treatment caused it, even though it's a negative outcome.

Similarly, if the treatment is causing more inadequate sleep hygiene, then the answer would be ""yes,"" because it's a causal effect.

Alternatively, if the higher rate is due to other factors, like the treatment group being younger and more active, leading to better sleep hygiene, but that's not what the outcome suggests. Inadequate sleep hygiene is a negative, so higher rates would be worse.

Wait, but in the example with obesity, the treatment group had higher rates, and the answer was ""yes,"" implying that the treatment caused it. So even though obesity is a negative outcome, it's considered a positive outcome in the context of the question because the treatment caused it.

Therefore, in this case, since the treatment group has a higher rate of inadequate sleep hygiene, which is a negative outcome, the answer would be ""yes,"" meaning the treatment has a causal effect on that outcome.

But I should double-check the examples to see if that's consistent.

In the first example, treatment group had 0.06% foreign body, control 0.09%. The answer was ""no,"" implying that the treatment didn't cause it. Since the treatment group had a slightly lower rate, maybe it's a negative outcome, but the answer was ""no.""

In the second example, treatment had 0.01%, control 0.04%, answer ""no""—again, treatment lower, but answer ""no.""

Third example, treatment 1.29%, control 0.58%, answer ""no""—treatment higher, but answer ""no."" So it's not just about higher or lower.

Fourth example, treatment 78.37%, control 84.71%, answer ""yes""—treatment lower, so perhaps it's a positive outcome because the treatment is reducing the negative outcome.

Similarly, fifth example, treatment 78.09%, control 84.45%, answer ""yes""—again, treatment lower, positive outcome.

Sixth example, treatment 64.14%, control 44.50%, answer ""yes""—treatment higher, but it's considered a positive outcome because the treatment caused it.

So in that case, if the treatment group has a higher rate, and the answer is ""yes,"" it's because the treatment caused it. Even if it's a negative outcome, the causation is considered positive in the context of the question.

Therefore, in the current question, since the treatment group has a higher rate of inadequate sleep hygiene, the answer would be ""yes,"" as it's a causal effect.
</think>

yes",yes
Batch2,v4,medical_questions_v4.txt,10,"Question 10
[Background]
We compare two treatments for type 2 diabetes:
- Treatment: GLP-1 Receptor Agonists (GLP-1RA)
- Control: Sodium-Glucose Cotransporter-2 Inhibitors (SGLT2i)
[Task Description]
You’ll receive an outcome and the percentage of affected patients in each group.
Decide whether these treatments have a causal effect on that outcome.
You will receive a query describing an outcome and the proportion of patients in each group who experienced it:
- One percentage for patients using GLP-1RA (treatment group).
- One percentage for patients using SGLT2i (control group).
Your task is to determine whether the treatments (GLP-1RA and SGLT2i) have a causal effect on that outcome.
[Cohort Description]
Adults with type 2 diabetes who began either GLP-1RA or SGLT2i.
All had a prior diabetes diagnosis.
GLP-1RA users: mean age 58.0, BMI 37.4.
SGLT2i users: mean age 64.6, BMI 32.8.
Charlson Comorbidity Index ≥ 3 in 65.2% (GLP-1RA) and 68.5% (SGLT2i).
[Instruction]
- Judge whether the treatments causally influence the outcome.
- Both treatments are expected to behave similarly (either both yes or both no).
- “Yes” = Positive Outcome (OOI); “No” = Negative Control Outcome (NCO).
- Reply with only “yes” or “no.”
[Few-shot examples]
- Treatment group using GLP-1RA (treatment) had 0.06% Foreign body in orifice, compared with 0.09% for control group using SGLT2i. Does treatment have causal effect to the Foreign body in orifice (is it a Positive Outcome)? - no
- Treatment group using GLP-1RA (treatment) had 0.01% Toxic effect of lead compound, compared with 0.04% for control group using SGLT2i. Does treatment have causal effect to the Toxic effect of lead compound (is it a Positive Outcome)? - no
- Treatment group using GLP-1RA (treatment) had 1.29% Epidermoid cyst, compared with 0.58% for control group using SGLT2i. Does treatment have causal effect to the Epidermoid cyst (is it a Positive Outcome)? - no
- Treatment group using GLP-1RA (treatment) had 78.37% Hypertension, compared with 84.71% for control group using SGLT2i. Does treatment have causal effect to the Hypertension (is it a Positive Outcome)? - yes
- Treatment group using GLP-1RA (treatment) had 78.09% Hyperlipidemia, compared with 84.45% for control group using SGLT2i. Does treatment have causal effect to the Hyperlipidemia (is it a Positive Outcome)? - yes
- Treatment group using GLP-1RA (treatment) had 64.14% Obesity, compared with 44.50% for control group using SGLT2i. Does treatment have causal effect to the Obesity (is it a Positive Outcome)? - yes
[Your Task]
[Question]
Treatment group using GLP-1RA (treatment) had 1.07% Inadequate sleep hygiene, compared with 0.34% for control group using SGLT2i. Does treatment have causal effect to the Inadequate sleep hygiene (is it a Positive Outcome)?
Answer: [Your answer, ""yes"" or ""no""]",4,"Okay, so I need to figure out whether GLP-1 Receptor Agonists (GLP-1RA) have a causal effect on inadequate sleep hygiene compared to Sodium-Glucose Cotransporter-2 Inhibitors (SGLT2i) in patients with type 2 diabetes. 

First, I should understand what the data is saying. The treatment group using GLP-1RA had 1.07% of patients experiencing inadequate sleep hygiene, while the control group using SGLT2i had 0.34%. So, more patients on GLP-1RA had this issue.

But wait, the task is to determine if the treatment causes this outcome. Both drugs are used for type 2 diabetes, so they're similar in that sense. However, GLP-1RA is known to affect blood sugar levels and can lead to weight loss, while SGLT2i also helps with blood sugar control but may have different side effects.

Looking at the examples provided, when the treatment group had a higher percentage of an outcome than the control, sometimes the answer was ""yes"" and sometimes ""no."" For instance, in the case of hypertension, hyperlipidemia, and obesity, the treatment group had higher percentages, and the answer was ""yes,"" implying that the treatment caused these outcomes. However, for foreign body in orifice and toxic effect, the treatment group had lower or similar percentages, and the answer was ""no,"" meaning no causal effect.

So, applying that logic here: GLP-1RA has a higher rate of inadequate sleep hygiene (1.07%) compared to SGLT2i (0.34%). Does this mean that GLP-1RA causes inadequate sleep hygiene?

I should consider if inadequate sleep hygiene is a known side effect of GLP-1RA. From what I remember, GLP-1RA can sometimes cause nausea, vomiting, and diarrhea, which might contribute to poor sleep quality or inadequate sleep hygiene practices. However, inadequate sleep hygiene is more about behaviors like not having a regular sleep schedule or not following good sleep habits, which might not directly be caused by the medication.

Alternatively, maybe the medications affect the patient's ability to sleep well. For example, GLP-1RA can sometimes lead to digestive issues that might make it hard to fall asleep or stay asleep, indirectly contributing to inadequate sleep hygiene. On the other hand, SGLT2i might not have the same digestive side effects, so their patients might sleep better, leading to better sleep hygiene practices.

But wait, the example with obesity was considered a positive outcome because treatment group had higher rates. Obesity is a risk factor for poor sleep hygiene, so maybe the higher rate in GLP-1RA is because they have more obese patients, which could contribute to inadequate sleep hygiene. However, the example considered it a positive outcome because the treatment might directly cause it.

In this case, inadequate sleep hygiene is more about behavior than a direct side effect. So, maybe the higher rate is coincidental or due to other factors, not directly caused by GLP-1RA. Also, the example with hypertension was considered a positive outcome because it's a known side effect of GLP-1RA, which can cause high blood pressure.

I'm a bit confused. On one hand, the higher rate suggests a possible causal link, but on the other hand, inadequate sleep hygiene is a behavior, not a direct effect of the medication. So, maybe the answer is ""no"" because it's not a direct causal effect but rather a correlation due to other factors like obesity or other health issues.

Alternatively, if the higher rate is due to GLP-1RA causing issues that lead to inadequate sleep hygiene, then it might be ""yes."" But without specific data linking GLP-1RA to inadequate sleep hygiene as a side effect, it's hard to say for sure.

Looking back at the examples, when the outcome was a known side effect, like hypertension, hyperlipidemia, or obesity, the answer was ""yes."" But inadequate sleep hygiene isn't a typical side effect I associate with GLP-1RA. Therefore, it's more likely that the higher rate is coincidental or due to other factors, making the answer ""no.""
</think>

no",no
Batch2,v4,medical_questions_v4.txt,10,"Question 10
[Background]
We compare two treatments for type 2 diabetes:
- Treatment: GLP-1 Receptor Agonists (GLP-1RA)
- Control: Sodium-Glucose Cotransporter-2 Inhibitors (SGLT2i)
[Task Description]
You’ll receive an outcome and the percentage of affected patients in each group.
Decide whether these treatments have a causal effect on that outcome.
You will receive a query describing an outcome and the proportion of patients in each group who experienced it:
- One percentage for patients using GLP-1RA (treatment group).
- One percentage for patients using SGLT2i (control group).
Your task is to determine whether the treatments (GLP-1RA and SGLT2i) have a causal effect on that outcome.
[Cohort Description]
Adults with type 2 diabetes who began either GLP-1RA or SGLT2i.
All had a prior diabetes diagnosis.
GLP-1RA users: mean age 58.0, BMI 37.4.
SGLT2i users: mean age 64.6, BMI 32.8.
Charlson Comorbidity Index ≥ 3 in 65.2% (GLP-1RA) and 68.5% (SGLT2i).
[Instruction]
- Judge whether the treatments causally influence the outcome.
- Both treatments are expected to behave similarly (either both yes or both no).
- “Yes” = Positive Outcome (OOI); “No” = Negative Control Outcome (NCO).
- Reply with only “yes” or “no.”
[Few-shot examples]
- Treatment group using GLP-1RA (treatment) had 0.06% Foreign body in orifice, compared with 0.09% for control group using SGLT2i. Does treatment have causal effect to the Foreign body in orifice (is it a Positive Outcome)? - no
- Treatment group using GLP-1RA (treatment) had 0.01% Toxic effect of lead compound, compared with 0.04% for control group using SGLT2i. Does treatment have causal effect to the Toxic effect of lead compound (is it a Positive Outcome)? - no
- Treatment group using GLP-1RA (treatment) had 1.29% Epidermoid cyst, compared with 0.58% for control group using SGLT2i. Does treatment have causal effect to the Epidermoid cyst (is it a Positive Outcome)? - no
- Treatment group using GLP-1RA (treatment) had 78.37% Hypertension, compared with 84.71% for control group using SGLT2i. Does treatment have causal effect to the Hypertension (is it a Positive Outcome)? - yes
- Treatment group using GLP-1RA (treatment) had 78.09% Hyperlipidemia, compared with 84.45% for control group using SGLT2i. Does treatment have causal effect to the Hyperlipidemia (is it a Positive Outcome)? - yes
- Treatment group using GLP-1RA (treatment) had 64.14% Obesity, compared with 44.50% for control group using SGLT2i. Does treatment have causal effect to the Obesity (is it a Positive Outcome)? - yes
[Your Task]
[Question]
Treatment group using GLP-1RA (treatment) had 1.07% Inadequate sleep hygiene, compared with 0.34% for control group using SGLT2i. Does treatment have causal effect to the Inadequate sleep hygiene (is it a Positive Outcome)?
Answer: [Your answer, ""yes"" or ""no""]",5,"Okay, so I need to figure out whether GLP-1RA treatments have a causal effect on inadequate sleep hygiene in patients with type 2 diabetes. The data given shows that 1.07% of GLP-1RA users experienced inadequate sleep hygiene, while only 0.34% of SGLT2i users did. 

First, I should understand what inadequate sleep hygiene is. It's a condition where a person doesn't have good sleep habits, leading to poor sleep quality. I'm not sure if this is something that's directly caused by medications like GLP-1RA or SGLT2i. These medications are typically used to manage blood sugar levels, often by helping with weight loss or increasing insulin secretion.

Looking at the examples provided, I see that when the treatment group had a lower percentage of an outcome, it was often considered a negative control outcome. For instance, lower foreign body rates or toxic effects were not causal. On the other hand, when the treatment group had higher rates of certain conditions like hypertension, hyperlipidemia, or obesity, those were considered positive outcomes, implying a causal effect.

In this case, the GLP-1RA group has a higher percentage (1.07%) compared to the SGLT2i group (0.34%). The question is whether this higher rate indicates a causal effect. From the examples, if the treatment group has a higher rate, it's considered a positive outcome, suggesting the treatment might be causing it.

However, I should consider whether GLP-1RA medications are known to cause inadequate sleep hygiene. GLP-1RA works by increasing the release of GLP-1, which helps in glucose metabolism and appetite control. It can also lead to weight loss, which might indirectly affect sleep quality. Maybe the weight loss from GLP-1RA could improve sleep hygiene, but in this case, it's the inadequate sleep hygiene that's higher. Alternatively, perhaps the medications don't directly cause inadequate sleep hygiene but there's another confounding factor.

Wait, but in the examples, the reasoning was based on the direction of the percentages. When the treatment group had a higher rate, it was considered a positive outcome, implying causation. So even if the exact mechanism isn't clear, the data shows a difference, and per the instructions, we should go with that.

So, since GLP-1RA group has a higher percentage (1.07% vs. 0.34%), it's a positive outcome, indicating a causal effect. Therefore, the answer should be ""yes"".
</think>

Yes",yes
Batch2,v4,medical_questions_v4.txt,10,"Question 10
[Background]
We compare two treatments for type 2 diabetes:
- Treatment: GLP-1 Receptor Agonists (GLP-1RA)
- Control: Sodium-Glucose Cotransporter-2 Inhibitors (SGLT2i)
[Task Description]
You’ll receive an outcome and the percentage of affected patients in each group.
Decide whether these treatments have a causal effect on that outcome.
You will receive a query describing an outcome and the proportion of patients in each group who experienced it:
- One percentage for patients using GLP-1RA (treatment group).
- One percentage for patients using SGLT2i (control group).
Your task is to determine whether the treatments (GLP-1RA and SGLT2i) have a causal effect on that outcome.
[Cohort Description]
Adults with type 2 diabetes who began either GLP-1RA or SGLT2i.
All had a prior diabetes diagnosis.
GLP-1RA users: mean age 58.0, BMI 37.4.
SGLT2i users: mean age 64.6, BMI 32.8.
Charlson Comorbidity Index ≥ 3 in 65.2% (GLP-1RA) and 68.5% (SGLT2i).
[Instruction]
- Judge whether the treatments causally influence the outcome.
- Both treatments are expected to behave similarly (either both yes or both no).
- “Yes” = Positive Outcome (OOI); “No” = Negative Control Outcome (NCO).
- Reply with only “yes” or “no.”
[Few-shot examples]
- Treatment group using GLP-1RA (treatment) had 0.06% Foreign body in orifice, compared with 0.09% for control group using SGLT2i. Does treatment have causal effect to the Foreign body in orifice (is it a Positive Outcome)? - no
- Treatment group using GLP-1RA (treatment) had 0.01% Toxic effect of lead compound, compared with 0.04% for control group using SGLT2i. Does treatment have causal effect to the Toxic effect of lead compound (is it a Positive Outcome)? - no
- Treatment group using GLP-1RA (treatment) had 1.29% Epidermoid cyst, compared with 0.58% for control group using SGLT2i. Does treatment have causal effect to the Epidermoid cyst (is it a Positive Outcome)? - no
- Treatment group using GLP-1RA (treatment) had 78.37% Hypertension, compared with 84.71% for control group using SGLT2i. Does treatment have causal effect to the Hypertension (is it a Positive Outcome)? - yes
- Treatment group using GLP-1RA (treatment) had 78.09% Hyperlipidemia, compared with 84.45% for control group using SGLT2i. Does treatment have causal effect to the Hyperlipidemia (is it a Positive Outcome)? - yes
- Treatment group using GLP-1RA (treatment) had 64.14% Obesity, compared with 44.50% for control group using SGLT2i. Does treatment have causal effect to the Obesity (is it a Positive Outcome)? - yes
[Your Task]
[Question]
Treatment group using GLP-1RA (treatment) had 1.07% Inadequate sleep hygiene, compared with 0.34% for control group using SGLT2i. Does treatment have causal effect to the Inadequate sleep hygiene (is it a Positive Outcome)?
Answer: [Your answer, ""yes"" or ""no""]",6,"Okay, so I'm trying to figure out whether GLP-1 Receptor Agonists (GLP-1RA) have a causal effect on inadequate sleep hygiene in patients with type 2 diabetes. The data given is that 1.07% of GLP-1RA users experienced inadequate sleep hygiene, compared to 0.34% in the SGLT2i group.

First, I need to understand what inadequate sleep hygiene is. It's a term that refers to poor sleep habits, which can include things like irregular sleep schedules, not enough sleep, or an environment that's not conducive to sleep. It's a common issue, especially in people with diabetes, possibly due to factors like medication side effects, stress, or poor lifestyle choices.

Now, looking at the percentages, GLP-1RA users have a higher rate of inadequate sleep hygiene than SGLT2i users. But does that mean that GLP-1RA causes it? I need to consider whether there's a causal relationship here.

GLP-1RA medications are typically used to help manage blood glucose levels. They work by helping the body release less glucose into the bloodstream and by slowing down digestion, which can help with weight loss. They're often given to people with type 2 diabetes to improve glycemic control.

On the other hand, SGLT2i medications also help manage blood glucose levels but work differently. They prevent the kidneys from reabsorbing glucose, which can lead to a reduction in blood sugar levels and an increase in urinary glucose excretion. They're also sometimes used for cardiovascular benefits.

Now, looking at the example provided, when the treatment group had a higher percentage of a particular outcome, the answer was sometimes ""yes"" and sometimes ""no."" For instance, in the case of foreign body in orifice, both groups had low percentages, but the treatment group was slightly higher, and the answer was ""no."" Similarly, for toxic effects, it was ""no."" But for hypertension, hyperlipidemia, and obesity, the treatment group had higher percentages, and the answer was ""yes.""

Wait, but why was it ""yes"" in those cases? Maybe because those outcomes are known side effects or expected effects of the medications. Hypertension and hyperlipidemia are common side effects of GLP-1RA medications. Obesity can be both a risk factor and a potential side effect, depending on the medication.

So, applying that logic here, if inadequate sleep hygiene is a known side effect of GLP-1RA, then a higher percentage in the treatment group would indicate a causal effect. However, if it's just a coincidence or influenced by other factors, like the patients' overall health or other comorbidities, then it might not be causal.

Looking at the cohort description, the GLP-1RA users have a slightly lower BMI than the SGLT2i users (37.4 vs. 32.8). Wait, no, 37.4 is higher than 32.8. So GLP-1RA users are more overweight or obese. That might contribute to issues like inadequate sleep hygiene because obesity can disrupt sleep patterns. Also, the GLP-1RA group has a higher Charlson Comorbidity Index, meaning more comorbidities, which could also be linked to poor sleep habits.

So, it's possible that the higher percentage in the GLP-1RA group is because their patients are more overweight or have more health issues, which are linked to inadequate sleep hygiene. But does that mean GLP-1RA causes it, or is it just a correlation?

The instruction says to consider whether the treatments causally influence the outcome. Both treatments are expected to behave similarly, either both yes or both no. So if GLP-1RA is causing it, SGLT2i should also be causing it, and vice versa.

But SGLT2i users have a lower percentage, so if the treatment group has a higher rate, it suggests that GLP-1RA might be causing it. However, the cohort differences might be playing a role. The GLP-1RA group is older (mean age 58 vs. 64.6 for SGLT2i? Wait, no, 58 is younger. Wait, no, 58 is younger, and 64.6 is older. So GLP-1RA users are younger, but have higher BMI and higher comorbidities.

Wait, that seems contradictory. If GLP-1RA users are younger and more obese, but SGLT2i users are older with lower BMI but higher comorbidities. So maybe the higher rate in GLP-1RA is due to the fact that they're more obese, which is a known risk factor for inadequate sleep hygiene.

In the examples provided, when the outcome was a known side effect of the treatment, the answer was ""yes."" So, if inadequate sleep hygiene is a known side effect of GLP-1RA, then it's likely that the treatment is causing it. But if it's not a known side effect, then it might be due to other factors.

I should check whether GLP-1RA is associated with inadequate sleep hygiene. From what I know, GLP-1RA can sometimes cause side effects like nausea, diarrhea, and even vomiting, which can affect sleep. But inadequate sleep hygiene is more about lifestyle factors rather than direct side effects. However, obesity, which is a side effect of GLP-1RA, is linked to poor sleep quality. So, the higher BMI in GLP-1RA users might contribute to higher rates of inadequate sleep hygiene.

But then, the SGLT2i group has lower BMI but higher comorbidities. Maybe their higher comorbidities are linked to sleep issues. Or perhaps the SGLT2i group is older, and older age is associated with more sleep problems.

Wait, the mean age for GLP-1RA is 58, and for SGLT2i, it's 64.6. So SGLT2i users are older. Older adults often have more trouble sleeping, which could lead to inadequate sleep hygiene. So maybe the higher rate in GLP-1RA is not due to the treatment but because their patients are younger, but that doesn't align with the data.

Wait, no, the GLP-1RA group is younger, so if age is a factor, SGLT2i users being older would have higher rates. But in this case, the SGLT2i group has a lower percentage (0.34%) compared to GLP-1RA's 1.07%. So that suggests that the higher rate in GLP-1RA is not just due to age.

Alternatively, maybe the GLP-1RA group has more patients with comorbidities that are linked to sleep issues, like depression or chronic pain, which can interfere with sleep. The Charlson Comorbidity Index for GLP-1RA is 65.2% and for SGLT2i is 68.5%. So SGLT2i users have slightly more comorbidities, but not by a huge margin.

So, considering all these factors, it's possible that GLP-1RA is causing inadequate sleep hygiene, especially since the example with hypertension, hyperlipidemia, and obesity were all answered ""yes."" Those are known side effects or related to the medications' effects.

In the examples, when the outcome was a known side effect, the answer was ""yes."" So, if inadequate sleep hygiene is a known side effect or if the treatment is associated with it, then the answer would be ""yes."" Otherwise, if it's just a coincidence due to other factors, it's ""no.""

But I'm not entirely sure if inadequate sleep hygiene is directly caused by GLP-1RA. It's more likely that it's a side effect of obesity, which is often a result of the treatment. So, the treatment might not directly cause inadequate sleep hygiene but contributes indirectly through weight gain.

However, in the examples, even when it was a side effect of weight gain, it was considered a positive outcome. For example, in the case of obesity, the treatment group had a higher percentage, and the answer was ""yes."" So, if inadequate sleep hygiene is related to weight, and the treatment causes weight gain, then it's a positive outcome.

Therefore, I think the answer would be ""yes,"" as the higher rate in the treatment group suggests a causal effect, possibly through mechanisms like weight gain leading to inadequate sleep hygiene.
</think>

yes",yes
Batch2,v4,medical_questions_v4.txt,10,"Question 10
[Background]
We compare two treatments for type 2 diabetes:
- Treatment: GLP-1 Receptor Agonists (GLP-1RA)
- Control: Sodium-Glucose Cotransporter-2 Inhibitors (SGLT2i)
[Task Description]
You’ll receive an outcome and the percentage of affected patients in each group.
Decide whether these treatments have a causal effect on that outcome.
You will receive a query describing an outcome and the proportion of patients in each group who experienced it:
- One percentage for patients using GLP-1RA (treatment group).
- One percentage for patients using SGLT2i (control group).
Your task is to determine whether the treatments (GLP-1RA and SGLT2i) have a causal effect on that outcome.
[Cohort Description]
Adults with type 2 diabetes who began either GLP-1RA or SGLT2i.
All had a prior diabetes diagnosis.
GLP-1RA users: mean age 58.0, BMI 37.4.
SGLT2i users: mean age 64.6, BMI 32.8.
Charlson Comorbidity Index ≥ 3 in 65.2% (GLP-1RA) and 68.5% (SGLT2i).
[Instruction]
- Judge whether the treatments causally influence the outcome.
- Both treatments are expected to behave similarly (either both yes or both no).
- “Yes” = Positive Outcome (OOI); “No” = Negative Control Outcome (NCO).
- Reply with only “yes” or “no.”
[Few-shot examples]
- Treatment group using GLP-1RA (treatment) had 0.06% Foreign body in orifice, compared with 0.09% for control group using SGLT2i. Does treatment have causal effect to the Foreign body in orifice (is it a Positive Outcome)? - no
- Treatment group using GLP-1RA (treatment) had 0.01% Toxic effect of lead compound, compared with 0.04% for control group using SGLT2i. Does treatment have causal effect to the Toxic effect of lead compound (is it a Positive Outcome)? - no
- Treatment group using GLP-1RA (treatment) had 1.29% Epidermoid cyst, compared with 0.58% for control group using SGLT2i. Does treatment have causal effect to the Epidermoid cyst (is it a Positive Outcome)? - no
- Treatment group using GLP-1RA (treatment) had 78.37% Hypertension, compared with 84.71% for control group using SGLT2i. Does treatment have causal effect to the Hypertension (is it a Positive Outcome)? - yes
- Treatment group using GLP-1RA (treatment) had 78.09% Hyperlipidemia, compared with 84.45% for control group using SGLT2i. Does treatment have causal effect to the Hyperlipidemia (is it a Positive Outcome)? - yes
- Treatment group using GLP-1RA (treatment) had 64.14% Obesity, compared with 44.50% for control group using SGLT2i. Does treatment have causal effect to the Obesity (is it a Positive Outcome)? - yes
[Your Task]
[Question]
Treatment group using GLP-1RA (treatment) had 1.07% Inadequate sleep hygiene, compared with 0.34% for control group using SGLT2i. Does treatment have causal effect to the Inadequate sleep hygiene (is it a Positive Outcome)?
Answer: [Your answer, ""yes"" or ""no""]",7,"Okay, so I need to determine whether GLP-1 Receptor Agonists (GLP-1RA) have a causal effect on inadequate sleep hygiene in patients with type 2 diabetes. The data given is that 1.07% of GLP-1RA users experienced inadequate sleep hygiene, compared to 0.34% in the SGLT2i group.

First, I should consider what both treatments are known to do. GLP-1RAs are usually associated with weight loss or maintaining weight loss because they help with appetite control and glucose regulation. They're often used alongside diet and exercise. SGLT2 inhibitors, on the other hand, are also used for type 2 diabetes but they work by inhibiting the kidneys from reabsorbing glucose, which leads to more glucose being excreted and thus lower blood sugar levels. They might also have effects on weight and other comorbidities.

Now, looking at the outcome: inadequate sleep hygiene. This is a behavior related to sleep habits, like not having a consistent sleep schedule, not enough sleep, or poor sleep quality. I'm trying to think if either of these medications is directly linked to causing or reducing inadequate sleep hygiene.

GLP-1RAs are known to sometimes cause nausea and vomiting, which could potentially disrupt sleep if patients are feeling unwell. However, inadequate sleep hygiene is more about the quality and structure of sleep rather than just being sick. So, it's a bit unclear if the medication itself would directly cause this.

SGLT2i might have different side effects. I recall that some drugs in this class can cause urinary tract infections or other issues, but I don't know if they directly affect sleep. It's also possible that the difference in the percentages could be due to other factors, like the underlying health of the patients or other medications they're taking.

Looking at the cohort description, the GLP-1RA users have a lower BMI (37.4) compared to SGLT2i users (32.8). Wait, no, actually SGLT2i users have a lower BMI. That might mean that GLP-1RA users are more overweight or obese, which could be associated with more sleep issues. But that's an assumption; the data doesn't directly link BMI to inadequate sleep hygiene in this context.

The Charlson Comorbidity Index is higher in both groups, but it's not clear how that relates to sleep hygiene. Maybe more comorbidities could affect sleep, but again, it's not a direct link.

Another thing to consider is that both treatments are used for type 2 diabetes, and they might have similar side effect profiles regarding sleep. If both are associated with poor sleep, then the difference might not be due to the treatment itself. Alternatively, if one treatment is more likely to cause certain sleep issues than the other, that could be a factor.

In the examples provided, when the treatment group had a higher percentage of a certain outcome, it was considered a positive outcome if it was expected, like hypertension or hyperlipidemia, which are common comorbidities. But for something like foreign body or toxic effects, it was considered a negative outcome.

Inadequate sleep hygiene isn't a typical side effect of these medications. Therefore, it's unlikely that the treatment itself is causing it. The difference in percentages might be due to other factors, such as the patients' health status, other medications, or differences in how the groups are monitored.

So, putting it all together, since inadequate sleep hygiene isn't a known side effect of GLP-1RA, and the difference isn't explained by the treatment, the causal effect is probably not present. Therefore, the answer should be ""no.""
</think>

no",no
Batch2,v4,medical_questions_v4.txt,10,"Question 10
[Background]
We compare two treatments for type 2 diabetes:
- Treatment: GLP-1 Receptor Agonists (GLP-1RA)
- Control: Sodium-Glucose Cotransporter-2 Inhibitors (SGLT2i)
[Task Description]
You’ll receive an outcome and the percentage of affected patients in each group.
Decide whether these treatments have a causal effect on that outcome.
You will receive a query describing an outcome and the proportion of patients in each group who experienced it:
- One percentage for patients using GLP-1RA (treatment group).
- One percentage for patients using SGLT2i (control group).
Your task is to determine whether the treatments (GLP-1RA and SGLT2i) have a causal effect on that outcome.
[Cohort Description]
Adults with type 2 diabetes who began either GLP-1RA or SGLT2i.
All had a prior diabetes diagnosis.
GLP-1RA users: mean age 58.0, BMI 37.4.
SGLT2i users: mean age 64.6, BMI 32.8.
Charlson Comorbidity Index ≥ 3 in 65.2% (GLP-1RA) and 68.5% (SGLT2i).
[Instruction]
- Judge whether the treatments causally influence the outcome.
- Both treatments are expected to behave similarly (either both yes or both no).
- “Yes” = Positive Outcome (OOI); “No” = Negative Control Outcome (NCO).
- Reply with only “yes” or “no.”
[Few-shot examples]
- Treatment group using GLP-1RA (treatment) had 0.06% Foreign body in orifice, compared with 0.09% for control group using SGLT2i. Does treatment have causal effect to the Foreign body in orifice (is it a Positive Outcome)? - no
- Treatment group using GLP-1RA (treatment) had 0.01% Toxic effect of lead compound, compared with 0.04% for control group using SGLT2i. Does treatment have causal effect to the Toxic effect of lead compound (is it a Positive Outcome)? - no
- Treatment group using GLP-1RA (treatment) had 1.29% Epidermoid cyst, compared with 0.58% for control group using SGLT2i. Does treatment have causal effect to the Epidermoid cyst (is it a Positive Outcome)? - no
- Treatment group using GLP-1RA (treatment) had 78.37% Hypertension, compared with 84.71% for control group using SGLT2i. Does treatment have causal effect to the Hypertension (is it a Positive Outcome)? - yes
- Treatment group using GLP-1RA (treatment) had 78.09% Hyperlipidemia, compared with 84.45% for control group using SGLT2i. Does treatment have causal effect to the Hyperlipidemia (is it a Positive Outcome)? - yes
- Treatment group using GLP-1RA (treatment) had 64.14% Obesity, compared with 44.50% for control group using SGLT2i. Does treatment have causal effect to the Obesity (is it a Positive Outcome)? - yes
[Your Task]
[Question]
Treatment group using GLP-1RA (treatment) had 1.07% Inadequate sleep hygiene, compared with 0.34% for control group using SGLT2i. Does treatment have causal effect to the Inadequate sleep hygiene (is it a Positive Outcome)?
Answer: [Your answer, ""yes"" or ""no""]",8,"Okay, so I'm trying to figure out whether GLP-1RA treatments have a causal effect on inadequate sleep hygiene in patients with type 2 diabetes. The data given is that 1.07% of GLP-1RA users experienced inadequate sleep hygiene, compared to 0.34% in the SGLT2i group. 

First, I need to understand what inadequate sleep hygiene means. It refers to poor sleep habits that can lead to health issues. So, the question is whether using GLP-1RA increases or decreases the likelihood of this issue.

GLP-1RA, or GLP-1 Receptor Agonists, are medications commonly used to treat type 2 diabetes. They work by helping the body release insulin and reducing the release of glucose into the bloodstream. They're also known to help with weight loss because they can increase feelings of fullness. 

SGLT2i, Sodium-Glucose Cotransporter-2 Inhibitors, are another class of diabetes medications that prevent the kidneys from reabsorbing glucose, thereby promoting urine output and lowering blood glucose levels. They have also been associated with weight loss and other health benefits.

Looking at the examples provided, when the treatment group had a higher percentage of an outcome than the control group, it was considered a positive outcome (yes). For instance, in hypertension, hyperlipidemia, and obesity, GLP-1RA users had higher percentages, so the answer was yes. Conversely, when the treatment group had a lower percentage, like in foreign body in orifice or toxic effects, the answer was no.

In this case, GLP-1RA users have a higher percentage (1.07%) compared to SGLT2i users (0.34%). That suggests that GLP-1RA might be associated with inadequate sleep hygiene. However, I should consider whether this association is causal or just a coincidence.

Both GLP-1RA and SGLT2i are used for similar purposes in diabetes management. They both can lead to weight loss, which might influence sleep hygiene. If weight loss is a common side effect of both medications, then the higher percentage in GLP-1RA might just be because of the weight loss, not a direct causal effect on sleep hygiene. 

Alternatively, maybe the medications affect sleep directly. GLP-1RA can sometimes cause side effects like nausea or diarrhea, which could interfere with sleep. However, SGLT2i can also cause side effects like increased urination, which might disrupt sleep as well. 

But looking at the examples, when the treatment group had a higher rate, it was considered a positive outcome. So, even if it's a side effect, it's still considered a causal effect as per the instructions. 

Also, the instructions mention that both treatments are expected to behave similarly, either both yes or both no. So, if GLP-1RA is associated with a higher rate, SGLT2i should also be considered as having a similar effect. 

Therefore, given that GLP-1RA users have a higher percentage of inadequate sleep hygiene, I think the answer should be yes, considering it as a positive outcome. However, I'm a bit uncertain because it's possible that the higher rate is due to other factors like weight loss rather than a direct causal link. But based on the given examples and the instruction, I should follow the pattern where higher percentages in the treatment group lead to a yes answer.
</think>

yes",yes
Batch2,v4,medical_questions_v4.txt,10,"Question 10
[Background]
We compare two treatments for type 2 diabetes:
- Treatment: GLP-1 Receptor Agonists (GLP-1RA)
- Control: Sodium-Glucose Cotransporter-2 Inhibitors (SGLT2i)
[Task Description]
You’ll receive an outcome and the percentage of affected patients in each group.
Decide whether these treatments have a causal effect on that outcome.
You will receive a query describing an outcome and the proportion of patients in each group who experienced it:
- One percentage for patients using GLP-1RA (treatment group).
- One percentage for patients using SGLT2i (control group).
Your task is to determine whether the treatments (GLP-1RA and SGLT2i) have a causal effect on that outcome.
[Cohort Description]
Adults with type 2 diabetes who began either GLP-1RA or SGLT2i.
All had a prior diabetes diagnosis.
GLP-1RA users: mean age 58.0, BMI 37.4.
SGLT2i users: mean age 64.6, BMI 32.8.
Charlson Comorbidity Index ≥ 3 in 65.2% (GLP-1RA) and 68.5% (SGLT2i).
[Instruction]
- Judge whether the treatments causally influence the outcome.
- Both treatments are expected to behave similarly (either both yes or both no).
- “Yes” = Positive Outcome (OOI); “No” = Negative Control Outcome (NCO).
- Reply with only “yes” or “no.”
[Few-shot examples]
- Treatment group using GLP-1RA (treatment) had 0.06% Foreign body in orifice, compared with 0.09% for control group using SGLT2i. Does treatment have causal effect to the Foreign body in orifice (is it a Positive Outcome)? - no
- Treatment group using GLP-1RA (treatment) had 0.01% Toxic effect of lead compound, compared with 0.04% for control group using SGLT2i. Does treatment have causal effect to the Toxic effect of lead compound (is it a Positive Outcome)? - no
- Treatment group using GLP-1RA (treatment) had 1.29% Epidermoid cyst, compared with 0.58% for control group using SGLT2i. Does treatment have causal effect to the Epidermoid cyst (is it a Positive Outcome)? - no
- Treatment group using GLP-1RA (treatment) had 78.37% Hypertension, compared with 84.71% for control group using SGLT2i. Does treatment have causal effect to the Hypertension (is it a Positive Outcome)? - yes
- Treatment group using GLP-1RA (treatment) had 78.09% Hyperlipidemia, compared with 84.45% for control group using SGLT2i. Does treatment have causal effect to the Hyperlipidemia (is it a Positive Outcome)? - yes
- Treatment group using GLP-1RA (treatment) had 64.14% Obesity, compared with 44.50% for control group using SGLT2i. Does treatment have causal effect to the Obesity (is it a Positive Outcome)? - yes
[Your Task]
[Question]
Treatment group using GLP-1RA (treatment) had 1.07% Inadequate sleep hygiene, compared with 0.34% for control group using SGLT2i. Does treatment have causal effect to the Inadequate sleep hygiene (is it a Positive Outcome)?
Answer: [Your answer, ""yes"" or ""no""]",9,"Okay, so I need to figure out whether GLP-1RA treatments have a causal effect on inadequate sleep hygiene in patients with type 2 diabetes. Let me break down the information I have.

First, the setup: We're comparing two treatments, GLP-1RA and SGLT2i, in patients with type 2 diabetes. Both groups have similar characteristics in terms of diabetes diagnosis, age, BMI, and comorbidities. The GLP-1RA group has a slightly lower BMI and is a bit younger on average. The Charlson Comorbidity Index is a bit lower for GLP-1RA users, but not by a huge margin.

Now, the specific outcome given is inadequate sleep hygiene, with rates of 1.07% in the treatment group and 0.34% in the control group. The question is whether this difference is causal, meaning that using GLP-1RA causes inadequate sleep hygiene.

Looking at the examples provided, I notice that when the treatment group had a higher percentage of an outcome, it was often considered a Positive Outcome (e.g., Hypertension, Hyperlipidemia, Obesity). Conversely, when the treatment group had a lower percentage, it was often not considered causal (e.g., Foreign body in orifice, Toxic effect of lead compound, Epidermoid cyst).

In the case of inadequate sleep hygiene, the treatment group has a higher rate (1.07%) compared to the control group (0.34%). According to the previous examples, when the treatment group's percentage is higher, it's considered a Positive Outcome, implying causation. However, I should also consider the context of the outcome. Inadequate sleep hygiene is a condition that could be influenced by various factors, including medication side effects or changes in lifestyle due to treatment.

GLP-1RA medications are known to affect blood sugar control and can sometimes cause side effects like nausea, diarrhea, or even affect mental health or sleep patterns. However, inadequate sleep hygiene is more about the quality of sleep habits rather than directly caused by the medication. It's a behavioral aspect, not necessarily a direct physiological effect.

On the other hand, SGLT2i medications are also used for type 2 diabetes and sometimes have different side effects, but I don't recall them being directly linked to sleep hygiene issues. The difference in the percentage could be due to other factors, such as how each treatment group manages their conditions differently, which might influence their sleep habits.

Given that the treatment group has a higher percentage, but the outcome is behavioral rather than directly caused by the medication, it's possible that the higher rate is coincidental or influenced by other factors not directly linked to GLP-1RA usage. Without specific data linking GLP-1RA to inadequate sleep hygiene, it's hard to establish causation.

Therefore, while the numbers show a difference, the context suggests that it's not a direct causal effect of the treatment.
</think>

no",no
Batch2,v4,medical_questions_v4.txt,10,"Question 10
[Background]
We compare two treatments for type 2 diabetes:
- Treatment: GLP-1 Receptor Agonists (GLP-1RA)
- Control: Sodium-Glucose Cotransporter-2 Inhibitors (SGLT2i)
[Task Description]
You’ll receive an outcome and the percentage of affected patients in each group.
Decide whether these treatments have a causal effect on that outcome.
You will receive a query describing an outcome and the proportion of patients in each group who experienced it:
- One percentage for patients using GLP-1RA (treatment group).
- One percentage for patients using SGLT2i (control group).
Your task is to determine whether the treatments (GLP-1RA and SGLT2i) have a causal effect on that outcome.
[Cohort Description]
Adults with type 2 diabetes who began either GLP-1RA or SGLT2i.
All had a prior diabetes diagnosis.
GLP-1RA users: mean age 58.0, BMI 37.4.
SGLT2i users: mean age 64.6, BMI 32.8.
Charlson Comorbidity Index ≥ 3 in 65.2% (GLP-1RA) and 68.5% (SGLT2i).
[Instruction]
- Judge whether the treatments causally influence the outcome.
- Both treatments are expected to behave similarly (either both yes or both no).
- “Yes” = Positive Outcome (OOI); “No” = Negative Control Outcome (NCO).
- Reply with only “yes” or “no.”
[Few-shot examples]
- Treatment group using GLP-1RA (treatment) had 0.06% Foreign body in orifice, compared with 0.09% for control group using SGLT2i. Does treatment have causal effect to the Foreign body in orifice (is it a Positive Outcome)? - no
- Treatment group using GLP-1RA (treatment) had 0.01% Toxic effect of lead compound, compared with 0.04% for control group using SGLT2i. Does treatment have causal effect to the Toxic effect of lead compound (is it a Positive Outcome)? - no
- Treatment group using GLP-1RA (treatment) had 1.29% Epidermoid cyst, compared with 0.58% for control group using SGLT2i. Does treatment have causal effect to the Epidermoid cyst (is it a Positive Outcome)? - no
- Treatment group using GLP-1RA (treatment) had 78.37% Hypertension, compared with 84.71% for control group using SGLT2i. Does treatment have causal effect to the Hypertension (is it a Positive Outcome)? - yes
- Treatment group using GLP-1RA (treatment) had 78.09% Hyperlipidemia, compared with 84.45% for control group using SGLT2i. Does treatment have causal effect to the Hyperlipidemia (is it a Positive Outcome)? - yes
- Treatment group using GLP-1RA (treatment) had 64.14% Obesity, compared with 44.50% for control group using SGLT2i. Does treatment have causal effect to the Obesity (is it a Positive Outcome)? - yes
[Your Task]
[Question]
Treatment group using GLP-1RA (treatment) had 1.07% Inadequate sleep hygiene, compared with 0.34% for control group using SGLT2i. Does treatment have causal effect to the Inadequate sleep hygiene (is it a Positive Outcome)?
Answer: [Your answer, ""yes"" or ""no""]",10,"Alright, so I need to determine whether GLP-1RA treatment has a causal effect on inadequate sleep hygiene in type 2 diabetes patients. Let me go through the process step by step.

First, I recall that GLP-1RA (GLP-1 Receptor Agonists) are medications used to help manage type 2 diabetes. They work by increasing insulin release and reducing glucose production. They're also associated with weight loss because they can cause feelings of fullness, which reduces appetite.

On the other hand, SGLT2i (Sodium-Glucose Cotransporter-2 Inhibitors) are another class of diabetes medications. They work by preventing the kidneys from reabsorbing glucose, thus promoting urine excretion of excess glucose and reducing blood sugar levels. They're often associated with weight loss as well, but through a different mechanism.

Now, looking at the specific outcome: inadequate sleep hygiene. This refers to behaviors or patterns that interfere with good sleep quality, such as irregular sleep schedules, staying up late, or not having a relaxing bedtime routine. Poor sleep hygiene can contribute to various health issues, including metabolic disorders.

The data provided shows that 1.07% of GLP-1RA users experienced inadequate sleep hygiene, compared to 0.34% in the SGLT2i group. So, the treatment group has a higher incidence of this issue.

I need to assess causality. Does using GLP-1RA cause inadequate sleep hygiene, or is there another factor at play? Both GLP-1RA and SGLT2i are associated with weight loss. Weight loss can sometimes lead to disrupted sleep patterns, which might contribute to inadequate sleep hygiene. However, the higher incidence in the GLP-1RA group could be due to other factors, such as differences in lifestyle, comorbidities, or the specific mechanisms of each medication.

Looking at the cohort description, GLP-1RA users are younger (mean age 58.0 vs. 64.6) and have a higher BMI (37.4 vs. 32.8). They also have a slightly lower Charlson Comorbidity Index (65.2% vs. 68.5%). These differences might influence sleep patterns. Younger age is often associated with more active lifestyles, which could affect sleep. Higher BMI is linked to obstructive sleep apnea, which can lead to poor sleep quality. However, SGLT2i users have a higher Charlson score, indicating more comorbidities, which might also affect sleep.

But the key here is whether the treatment itself (GLP-1RA) causes inadequate sleep hygiene. Both GLP-1RA and SGLT2i can cause weight loss, which might lead to disrupted sleep. Since both treatments are associated with weight loss, if one had a higher incidence, it could be due to other factors rather than the specific medication.

Another angle is to consider if there's a known side effect of GLP-1RA that directly affects sleep. GLP-1RA can sometimes cause digestive issues like nausea or diarrhea, which might interfere with sleep if they occur late in the day. However, inadequate sleep hygiene is more about lifestyle factors rather than direct physiological effects.

Given that both treatments are weight-loss promoting, the higher incidence in the GLP-1RA group might be because of the higher BMI in that group, leading to more sleep issues. Alternatively, it could be that GLP-1RA users have different lifestyle behaviors that contribute to poor sleep hygiene.

Since both treatments are expected to behave similarly, and the higher incidence in the treatment group could be due to other factors like higher BMI or comorbidities rather than the specific medication, it's not clear if GLP-1RA causally causes inadequate sleep hygiene.

In the examples provided, for instance, when the treatment group had a higher incidence of hypertension or hyperlipidemia, the answer was ""yes"" because those are known side effects of the treatment. However, in the case of inadequate sleep hygiene, it's not a direct known side effect, and the higher incidence might be due to other factors.

Therefore, I would lean towards ""no"" because the higher incidence in the treatment group doesn't directly point to a causal effect by the treatment itself, especially considering the similar mechanisms of both treatments regarding weight loss.
</think>

no",no
Batch2,v4,medical_questions_v4.txt,11,"Question 11
[Background]
We compare two treatments for type 2 diabetes:
- Treatment: GLP-1 Receptor Agonists (GLP-1RA)
- Control: Sodium-Glucose Cotransporter-2 Inhibitors (SGLT2i)
[Task Description]
You’ll receive an outcome and the percentage of affected patients in each group.
Decide whether these treatments have a causal effect on that outcome.
You will receive a query describing an outcome and the proportion of patients in each group who experienced it:
- One percentage for patients using GLP-1RA (treatment group).
- One percentage for patients using SGLT2i (control group).
Your task is to determine whether the treatments (GLP-1RA and SGLT2i) have a causal effect on that outcome.
[Cohort Description]
Adults with type 2 diabetes who began either GLP-1RA or SGLT2i.
All had a prior diabetes diagnosis.
GLP-1RA users: mean age 58.0, BMI 37.4.
SGLT2i users: mean age 64.6, BMI 32.8.
Charlson Comorbidity Index ≥ 3 in 65.2% (GLP-1RA) and 68.5% (SGLT2i).
[Instruction]
- Judge whether the treatments causally influence the outcome.
- Both treatments are expected to behave similarly (either both yes or both no).
- “Yes” = Positive Outcome (OOI); “No” = Negative Control Outcome (NCO).
- Reply with only “yes” or “no.”
[Few-shot Examples]
- Treatment group using GLP-1RA (treatment) had 0.06% Foreign body in orifice, compared with 0.09% for control group using SGLT2i. Does treatment have causal effect to the Foreign body in orifice (is it a Positive Outcome)? - no
- Treatment group using GLP-1RA (treatment) had 0.01% Toxic effect of lead compound, compared with 0.04% for control group using SGLT2i. Does treatment have causal effect to the Toxic effect of lead compound (is it a Positive Outcome)? - no
- Treatment group using GLP-1RA (treatment) had 1.29% Epidermoid cyst, compared with 0.58% for control group using SGLT2i. Does treatment have causal effect to the Epidermoid cyst (is it a Positive Outcome)? - no
- Treatment group using GLP-1RA (treatment) had 78.37% Hypertension, compared with 84.71% for control group using SGLT2i. Does treatment have causal effect to the Hypertension (is it a Positive Outcome)? - yes
- Treatment group using GLP-1RA (treatment) had 78.09% Hyperlipidemia, compared with 84.45% for control group using SGLT2i. Does treatment have causal effect to the Hyperlipidemia (is it a Positive Outcome)? - yes
- Treatment group using GLP-1RA (treatment) had 64.14% Obesity, compared with 44.50% for control group using SGLT2i. Does treatment have causal effect to the Obesity (is it a Positive Outcome)? - yes
[Your Task]
[Question]
Treatment group using GLP-1RA (treatment) had 16.84% Substance use disorder, compared with 17.30% for control group using SGLT2i. Does treatment have causal effect to the Substance use disorder (is it a Positive Outcome)?
Answer: [Your answer, ""yes"" or ""no""]",1,"Alright, so I need to determine whether GLP-1 Receptor Agonists (GLP-1RA) have a causal effect on Substance use disorder (SUD) compared to Sodium-Glucose Cotransporter-2 Inhibitors (SGLT2i) in type 2 diabetes patients. 

First, let me recall what I know about these medications. GLP-1RA medications, like exenatide or liraglutide, are used to help manage blood glucose levels in type 2 diabetes. They work by increasing insulin release and decreasing glucose production, and they also promote weight loss because they suppress appetite.

SGLT2i medications, such as empagliflozin or dapagliflozin, also help manage blood glucose by inhibiting the kidneys' reabsorption of glucose, which reduces urine glucose excretion and lowers blood sugar levels. They are also known to have benefits beyond glucose control, like reducing the risk of cardiovascular events and possibly aiding in weight loss as well.

Now, looking at the specific question: the treatment group using GLP-1RA had 16.84% of patients with SUD, while the control group using SGLT2i had 17.30%. So, GLP-1RA group has a slightly lower percentage of patients with SUD compared to the SGLT2i group. 

The task is to determine if this difference is causally related to the treatment. The instructions mention that both treatments are expected to behave similarly, either both having a causal effect or neither. So, if GLP-1RA is causing SUD, then SGLT2i should also cause it, but if neither does, then the answer is no. 

I should consider whether these medications are known to cause or influence SUD. From what I know, neither GLP-1RA nor SGLT2i are directly linked to causing or curing substance use disorders. These medications are primarily for managing diabetes and associated conditions like obesity or heart disease. There's no established causal link between these medications and the development of SUD.

Additionally, the example provided in the few-shot section shows that when the treatment group had a lower incidence of a particular outcome, the answer was 'no', implying that the treatment didn't cause it. Similarly, when the treatment group had a higher incidence, it was considered a positive outcome.

In this case, GLP-1RA has a slightly lower rate of SUD than SGLT2i. Since neither medication is known to cause SUD, and both are used for managing diabetes, it's more likely that the difference is coincidental or due to other factors, not causation by the treatment. 

Therefore, the treatment (GLP-1RA) does not have a causal effect on the outcome (SUD). The answer should be 'no'.
</think>

no",no
Batch2,v4,medical_questions_v4.txt,11,"Question 11
[Background]
We compare two treatments for type 2 diabetes:
- Treatment: GLP-1 Receptor Agonists (GLP-1RA)
- Control: Sodium-Glucose Cotransporter-2 Inhibitors (SGLT2i)
[Task Description]
You’ll receive an outcome and the percentage of affected patients in each group.
Decide whether these treatments have a causal effect on that outcome.
You will receive a query describing an outcome and the proportion of patients in each group who experienced it:
- One percentage for patients using GLP-1RA (treatment group).
- One percentage for patients using SGLT2i (control group).
Your task is to determine whether the treatments (GLP-1RA and SGLT2i) have a causal effect on that outcome.
[Cohort Description]
Adults with type 2 diabetes who began either GLP-1RA or SGLT2i.
All had a prior diabetes diagnosis.
GLP-1RA users: mean age 58.0, BMI 37.4.
SGLT2i users: mean age 64.6, BMI 32.8.
Charlson Comorbidity Index ≥ 3 in 65.2% (GLP-1RA) and 68.5% (SGLT2i).
[Instruction]
- Judge whether the treatments causally influence the outcome.
- Both treatments are expected to behave similarly (either both yes or both no).
- “Yes” = Positive Outcome (OOI); “No” = Negative Control Outcome (NCO).
- Reply with only “yes” or “no.”
[Few-shot Examples]
- Treatment group using GLP-1RA (treatment) had 0.06% Foreign body in orifice, compared with 0.09% for control group using SGLT2i. Does treatment have causal effect to the Foreign body in orifice (is it a Positive Outcome)? - no
- Treatment group using GLP-1RA (treatment) had 0.01% Toxic effect of lead compound, compared with 0.04% for control group using SGLT2i. Does treatment have causal effect to the Toxic effect of lead compound (is it a Positive Outcome)? - no
- Treatment group using GLP-1RA (treatment) had 1.29% Epidermoid cyst, compared with 0.58% for control group using SGLT2i. Does treatment have causal effect to the Epidermoid cyst (is it a Positive Outcome)? - no
- Treatment group using GLP-1RA (treatment) had 78.37% Hypertension, compared with 84.71% for control group using SGLT2i. Does treatment have causal effect to the Hypertension (is it a Positive Outcome)? - yes
- Treatment group using GLP-1RA (treatment) had 78.09% Hyperlipidemia, compared with 84.45% for control group using SGLT2i. Does treatment have causal effect to the Hyperlipidemia (is it a Positive Outcome)? - yes
- Treatment group using GLP-1RA (treatment) had 64.14% Obesity, compared with 44.50% for control group using SGLT2i. Does treatment have causal effect to the Obesity (is it a Positive Outcome)? - yes
[Your Task]
[Question]
Treatment group using GLP-1RA (treatment) had 16.84% Substance use disorder, compared with 17.30% for control group using SGLT2i. Does treatment have causal effect to the Substance use disorder (is it a Positive Outcome)?
Answer: [Your answer, ""yes"" or ""no""]",2,"Okay, so I need to determine whether GLP-1 Receptor Agonists (GLP-1RA) have a causal effect on Substance use disorder compared to Sodium-Glucose Cotransporter-2 Inhibitors (SGLT2i) in type 2 diabetes patients. 

First, I'll look at the data provided. The treatment group using GLP-1RA had 16.84% of patients with Substance use disorder, while the control group using SGLT2i had 17.30%. 

The task is to decide if the treatment (GLP-1RA) causally influences the outcome (Substance use disorder). Both treatments are expected to behave similarly, meaning if one doesn't have a causal effect, the other likely doesn't either.

I remember from the examples that if the treatment group has a lower percentage than the control, it might indicate a protective effect, but I'm not sure if that's always the case. For instance, in the examples, when the treatment group had a lower percentage for certain outcomes, it was sometimes considered a positive outcome. But in other cases, like the Foreign body orifice example, it was considered a negative outcome.

Wait, no, looking back, in the examples, when the treatment group had a lower percentage, it was sometimes a positive outcome and sometimes not. For example, in the Epidermoid cyst case, the treatment group had 1.29% vs. 0.58%, which was a ""no."" But in the Hypertension case, the treatment group had 78.37% vs. 84.71%, which was a ""yes."" So it's not straightforward.

So, in this case, the treatment group has 16.84% vs. 17.30% in the control. That means the treatment group actually has a slightly lower percentage of patients with Substance use disorder. Does this suggest that GLP-1RA might be protective against Substance use disorder? Or is there another factor at play?

I should consider the other characteristics of the patients. The GLP-1RA users have a mean age of 58.0, BMI 37.4, and a Charlson Comorbidity Index of ≥3 in 65.2%. SGLT2i users are older (64.6), lower BMI (32.8), and higher Charlson score (68.5%).

Substance use disorder is more common in certain demographics. Lower BMI might be associated with higher risk, but SGLT2i users have a lower BMI. Also, higher age might correlate with more comorbidities, but GLP-1RA users are younger and have higher comorbidity. 

Wait, but the Charlson score is a measure of comorbid diseases. Higher score means more comorbidities, which might be associated with worse outcomes. But how does that relate to Substance use disorder? I'm not sure. Substance use disorder is a mental health issue, which might not directly correlate with physical health comorbidities.

Looking at the example where the treatment group had a lower percentage for Epidermoid cyst, the answer was ""no."" So maybe when the treatment group has a lower percentage, it doesn't always mean a causal effect. It could be a coincidence or due to other factors.

In the case of Hypertension, the treatment group had a lower percentage, and it was considered a ""yes."" So sometimes a lower percentage in treatment suggests a protective effect.

But in this case, the outcome is Substance use disorder. Is there any known link between GLP-1RA or SGLT2i and Substance use disorder? I don't recall any specific association. Both are medications for diabetes, but they don't typically cause Substance use disorders.

Alternatively, perhaps the lower percentage in the treatment group is a negative outcome because the treatment isn't causing the issue, but it's just that the patients in the treatment group are different in some way that leads to lower rates. But without knowing the exact mechanisms, it's hard to say.

Given the examples, when the treatment group's percentage is lower, sometimes it's a ""yes"" and sometimes ""no."" But the instruction says that both treatments are expected to behave similarly, so if one doesn't have a causal effect, the other likely doesn't. 

In the examples, when the treatment group had a lower percentage, it was sometimes considered a positive outcome. For instance, in the Epidermoid cyst example, it was a ""no,"" but in Hypertension and Hyperlipidemia, it was a ""yes."" So maybe in this case, it's a ""yes"" because the treatment group has a lower percentage, suggesting a protective effect.

Alternatively, maybe it's a ""no"" because neither treatment is known to cause Substance use disorder. But the task is to determine if the treatment has a causal effect on the outcome. If the treatment group has a lower rate, it might suggest that the treatment is protective, but without knowing the exact mechanism, it's uncertain.

Wait, the instruction says to decide if the treatments have a causal effect. So, if GLP-1RA causes Substance use disorder, then the treatment group would have higher rates. If it's protective, the treatment group would have lower rates. But I don't think GLP-1RA causes Substance use disorder. It's more about blood sugar control.

Alternatively, maybe the lower rate in the treatment group is a negative outcome because the treatment isn't causing the problem. But I'm not sure.

Given the examples, when the treatment group has a lower percentage, sometimes it's a ""yes"" if it's a negative outcome, but I'm getting confused.

Wait, let me re-read the instructions:

- ""Judge whether the treatments causally influence the outcome.""
- ""Both treatments are expected to behave similarly (either both yes or both no).""
- “Yes” = Positive Outcome (OOI); “No” = Negative Control Outcome (NCO).

So, if the treatment group has a higher percentage, it's a Positive Outcome (they have more of the outcome, so maybe the treatment is causing it). If lower, it's a Negative Control Outcome (the treatment isn't causing it, so it's just a coincidence or the control is better).

In this case, the treatment group (GLP-1RA) has 16.84%, which is lower than the control (17.30%). So, it's a Negative Control Outcome, meaning the treatment doesn't have a causal effect on Substance use disorder.

Therefore, the answer should be ""no.""
</think>

no",no
Batch2,v4,medical_questions_v4.txt,11,"Question 11
[Background]
We compare two treatments for type 2 diabetes:
- Treatment: GLP-1 Receptor Agonists (GLP-1RA)
- Control: Sodium-Glucose Cotransporter-2 Inhibitors (SGLT2i)
[Task Description]
You’ll receive an outcome and the percentage of affected patients in each group.
Decide whether these treatments have a causal effect on that outcome.
You will receive a query describing an outcome and the proportion of patients in each group who experienced it:
- One percentage for patients using GLP-1RA (treatment group).
- One percentage for patients using SGLT2i (control group).
Your task is to determine whether the treatments (GLP-1RA and SGLT2i) have a causal effect on that outcome.
[Cohort Description]
Adults with type 2 diabetes who began either GLP-1RA or SGLT2i.
All had a prior diabetes diagnosis.
GLP-1RA users: mean age 58.0, BMI 37.4.
SGLT2i users: mean age 64.6, BMI 32.8.
Charlson Comorbidity Index ≥ 3 in 65.2% (GLP-1RA) and 68.5% (SGLT2i).
[Instruction]
- Judge whether the treatments causally influence the outcome.
- Both treatments are expected to behave similarly (either both yes or both no).
- “Yes” = Positive Outcome (OOI); “No” = Negative Control Outcome (NCO).
- Reply with only “yes” or “no.”
[Few-shot Examples]
- Treatment group using GLP-1RA (treatment) had 0.06% Foreign body in orifice, compared with 0.09% for control group using SGLT2i. Does treatment have causal effect to the Foreign body in orifice (is it a Positive Outcome)? - no
- Treatment group using GLP-1RA (treatment) had 0.01% Toxic effect of lead compound, compared with 0.04% for control group using SGLT2i. Does treatment have causal effect to the Toxic effect of lead compound (is it a Positive Outcome)? - no
- Treatment group using GLP-1RA (treatment) had 1.29% Epidermoid cyst, compared with 0.58% for control group using SGLT2i. Does treatment have causal effect to the Epidermoid cyst (is it a Positive Outcome)? - no
- Treatment group using GLP-1RA (treatment) had 78.37% Hypertension, compared with 84.71% for control group using SGLT2i. Does treatment have causal effect to the Hypertension (is it a Positive Outcome)? - yes
- Treatment group using GLP-1RA (treatment) had 78.09% Hyperlipidemia, compared with 84.45% for control group using SGLT2i. Does treatment have causal effect to the Hyperlipidemia (is it a Positive Outcome)? - yes
- Treatment group using GLP-1RA (treatment) had 64.14% Obesity, compared with 44.50% for control group using SGLT2i. Does treatment have causal effect to the Obesity (is it a Positive Outcome)? - yes
[Your Task]
[Question]
Treatment group using GLP-1RA (treatment) had 16.84% Substance use disorder, compared with 17.30% for control group using SGLT2i. Does treatment have causal effect to the Substance use disorder (is it a Positive Outcome)?
Answer: [Your answer, ""yes"" or ""no""]",3,"Okay, I'm trying to figure out whether GLP-1RA treatments causally affect the outcome of Substance Use Disorder (SUD) compared to SGLT2i in type 2 diabetes patients. The data given is that 16.84% of GLP-1RA users had SUD, while 17.30% of SGLT2i users did as well. 

First, I need to understand what the task is asking. It's about determining if one treatment causes a specific outcome more than the other. The instructions say that if both treatments have a similar effect, either both are yes or no. So, if GLP-1RA is causing SUD, then SGLT2i should also be causing it. If not, both would be no.

Looking at the example given, when the percentages were 0.06% vs. 0.09%, it was a no. Another example was 0.01% vs. 0.04%, also no. But when the treatment group had higher percentages, like 78% vs. 84.71%, it was yes. Similarly, 64.14% vs. 44.50% was yes because the treatment group had a lower rate, implying the treatment might be reducing something, but in that case, the outcome was considered positive because it was an improvement.

Wait, that last example confused me. Let me clarify. The example said GLP-1RA had 64.14% Obesity, control had 44.50%. The answer was yes, meaning the treatment (GLP-1RA) had a causal effect on obesity as a positive outcome. So, if the treatment group has a lower percentage, does that mean it's causing a negative outcome? Or is it considered positive because it's better? Hmm, perhaps the key is whether the outcome is a positive or negative. If the outcome is a condition we want to prevent, lower percentages are better. But in the examples, when the treatment group had lower rates, it was considered yes. So maybe it's about the relative difference.

In our current question, both treatments have similar percentages for SUD: 16.84% vs. 17.30%. That's a very small difference, and GLP-1RA is actually slightly lower. So, if we follow the previous examples, when the treatment group had a lower rate, it was considered yes because it was a positive outcome in terms of effectiveness. So perhaps in this case, GLP-1RA is slightly better, leading to a yes.

But wait, the examples showed that when the treatment group had a lower percentage, it was a yes because it was a positive outcome (like lower obesity rates). So, in this case, GLP-1RA is better, so yes. Alternatively, if the treatment group had higher rates, it would be no if it's a negative outcome.

Wait, no, in the examples, when the treatment group had higher rates for negative outcomes, it was no. For example, 1.29% vs. 0.58% for epidermoid cyst, which was a no. Wait, that's confusing. Let me look again:

- For epidermoid cyst: treatment 1.29%, control 0.58%. The answer was no. So, the treatment group had a higher rate, but it was considered no, meaning the treatment didn't cause it. Maybe because the control group had a lower rate, implying that the treatment doesn't cause it, but the control group is better, so the outcome is not due to the treatment.

Wait, perhaps the reasoning is: if the treatment group has a higher rate than the control, and if the outcome is something we don't want, then it's a negative outcome, so the treatment doesn't cause it. Or if the treatment group has a lower rate, it's a positive outcome because the treatment is helping.

But in the examples, when the treatment group had a higher rate, it was considered no. For instance, in the first example, both had low rates, so no. The fourth example had GLP-1RA at 78% and control at 84.71%, so treatment had a lower rate. The answer was yes, meaning the treatment caused the outcome (positive outcome). So, in that case, lower rate was better, so the treatment caused a positive effect.

Similarly, in the fifth example, GLP-1RA had 78.09% Hypertension vs. 84.71%, so lower, answer yes. And in the sixth, GLP-1RA had 64.14% Obesity vs. 44.50%, so lower, answer yes.

So, the reasoning seems to be: if the treatment group has a lower rate of an outcome compared to control, then the treatment is causing that outcome as a positive effect. If the treatment group has a higher rate, it's considered no, meaning the treatment doesn't cause it, or it's worse.

In our current question, GLP-1RA has 16.84% SUD vs. 17.30% for SGLT2i. So, GLP-1RA is slightly better. Therefore, following the pattern, the answer should be yes because the treatment group has a lower rate, implying the treatment is causing a positive outcome.

Alternatively, if both had the same percentage, it would be no. But here, GLP-1RA is slightly lower, so yes.
</think>

yes",yes
Batch2,v4,medical_questions_v4.txt,11,"Question 11
[Background]
We compare two treatments for type 2 diabetes:
- Treatment: GLP-1 Receptor Agonists (GLP-1RA)
- Control: Sodium-Glucose Cotransporter-2 Inhibitors (SGLT2i)
[Task Description]
You’ll receive an outcome and the percentage of affected patients in each group.
Decide whether these treatments have a causal effect on that outcome.
You will receive a query describing an outcome and the proportion of patients in each group who experienced it:
- One percentage for patients using GLP-1RA (treatment group).
- One percentage for patients using SGLT2i (control group).
Your task is to determine whether the treatments (GLP-1RA and SGLT2i) have a causal effect on that outcome.
[Cohort Description]
Adults with type 2 diabetes who began either GLP-1RA or SGLT2i.
All had a prior diabetes diagnosis.
GLP-1RA users: mean age 58.0, BMI 37.4.
SGLT2i users: mean age 64.6, BMI 32.8.
Charlson Comorbidity Index ≥ 3 in 65.2% (GLP-1RA) and 68.5% (SGLT2i).
[Instruction]
- Judge whether the treatments causally influence the outcome.
- Both treatments are expected to behave similarly (either both yes or both no).
- “Yes” = Positive Outcome (OOI); “No” = Negative Control Outcome (NCO).
- Reply with only “yes” or “no.”
[Few-shot Examples]
- Treatment group using GLP-1RA (treatment) had 0.06% Foreign body in orifice, compared with 0.09% for control group using SGLT2i. Does treatment have causal effect to the Foreign body in orifice (is it a Positive Outcome)? - no
- Treatment group using GLP-1RA (treatment) had 0.01% Toxic effect of lead compound, compared with 0.04% for control group using SGLT2i. Does treatment have causal effect to the Toxic effect of lead compound (is it a Positive Outcome)? - no
- Treatment group using GLP-1RA (treatment) had 1.29% Epidermoid cyst, compared with 0.58% for control group using SGLT2i. Does treatment have causal effect to the Epidermoid cyst (is it a Positive Outcome)? - no
- Treatment group using GLP-1RA (treatment) had 78.37% Hypertension, compared with 84.71% for control group using SGLT2i. Does treatment have causal effect to the Hypertension (is it a Positive Outcome)? - yes
- Treatment group using GLP-1RA (treatment) had 78.09% Hyperlipidemia, compared with 84.45% for control group using SGLT2i. Does treatment have causal effect to the Hyperlipidemia (is it a Positive Outcome)? - yes
- Treatment group using GLP-1RA (treatment) had 64.14% Obesity, compared with 44.50% for control group using SGLT2i. Does treatment have causal effect to the Obesity (is it a Positive Outcome)? - yes
[Your Task]
[Question]
Treatment group using GLP-1RA (treatment) had 16.84% Substance use disorder, compared with 17.30% for control group using SGLT2i. Does treatment have causal effect to the Substance use disorder (is it a Positive Outcome)?
Answer: [Your answer, ""yes"" or ""no""]",4,"Okay, so I need to figure out whether GLP-1RA treatments have a causal effect on Substance use disorder (SUD) compared to SGLT2i. The data given is that 16.84% of GLP-1RA users experienced SUD, while 17.30% of SGLT2i users did. The question is whether this difference is causally related.

First, I should consider the characteristics of both treatments. GLP-1RA (GLP-1 Receptor Agonists) are typically used for weight management and lowering glucose levels in type 2 diabetes. They work by increasing insulin release and decreasing appetite, which can lead to weight loss. On the other hand, SGLT2i (Sodium-Glucose Cotransporter-2 Inhibitors) are also used for type 2 diabetes but work differently, primarily by preventing the kidneys from reabsorbing glucose, thus promoting urine output and lowering blood sugar levels. They're also associated with weight loss but through different mechanisms.

Now, looking at the percentages, GLP-1RA has a slightly lower percentage of patients with SUD (16.84%) compared to SGLT2i (17.30%). So, GLP-1RA seems to have a lower incidence of SUD in their users. The question is whether this is causally related, meaning does using GLP-1RA cause SUD, or is it just a coincidence based on other factors?

I should think about whether GLP-1RA treatment would cause or influence SUD. From what I know, GLP-1RA doesn't directly affect substance use. They help with weight loss but don't have a known effect on substance abuse. SUD is a mental health issue, and there's no direct link between GLP-1RA use and an increased risk of SUD. In fact, both treatments are used in diabetes patients, so it's possible that the underlying condition (type 2 diabetes) might be a confounding factor. Patients with diabetes might have other health issues, including higher rates of mental health problems, which could affect SUD rates.

Looking at the examples provided, in some cases, the treatment group had a lower or higher rate than the control, and the answer was ""no"" because there was no causal effect. For instance, when the treatment group had a lower rate of something like foreign body in orifice, the answer was no because the treatment doesn't cause that outcome. Similarly, when the treatment group had a higher rate of hypertension, the answer was yes because the treatment is known to affect blood pressure.

In this case, both treatments have very similar rates of SUD (16.84% vs. 17.30%). The difference is minimal and might be due to chance or other confounding variables. There's no known mechanism by which GLP-1RA would cause SUD. Therefore, it's unlikely that GLP-1RA treatment has a causal effect on SUD. The answer should be ""no"" because the difference is too small and there's no established causal relationship.
</think>

no",no
Batch2,v4,medical_questions_v4.txt,11,"Question 11
[Background]
We compare two treatments for type 2 diabetes:
- Treatment: GLP-1 Receptor Agonists (GLP-1RA)
- Control: Sodium-Glucose Cotransporter-2 Inhibitors (SGLT2i)
[Task Description]
You’ll receive an outcome and the percentage of affected patients in each group.
Decide whether these treatments have a causal effect on that outcome.
You will receive a query describing an outcome and the proportion of patients in each group who experienced it:
- One percentage for patients using GLP-1RA (treatment group).
- One percentage for patients using SGLT2i (control group).
Your task is to determine whether the treatments (GLP-1RA and SGLT2i) have a causal effect on that outcome.
[Cohort Description]
Adults with type 2 diabetes who began either GLP-1RA or SGLT2i.
All had a prior diabetes diagnosis.
GLP-1RA users: mean age 58.0, BMI 37.4.
SGLT2i users: mean age 64.6, BMI 32.8.
Charlson Comorbidity Index ≥ 3 in 65.2% (GLP-1RA) and 68.5% (SGLT2i).
[Instruction]
- Judge whether the treatments causally influence the outcome.
- Both treatments are expected to behave similarly (either both yes or both no).
- “Yes” = Positive Outcome (OOI); “No” = Negative Control Outcome (NCO).
- Reply with only “yes” or “no.”
[Few-shot Examples]
- Treatment group using GLP-1RA (treatment) had 0.06% Foreign body in orifice, compared with 0.09% for control group using SGLT2i. Does treatment have causal effect to the Foreign body in orifice (is it a Positive Outcome)? - no
- Treatment group using GLP-1RA (treatment) had 0.01% Toxic effect of lead compound, compared with 0.04% for control group using SGLT2i. Does treatment have causal effect to the Toxic effect of lead compound (is it a Positive Outcome)? - no
- Treatment group using GLP-1RA (treatment) had 1.29% Epidermoid cyst, compared with 0.58% for control group using SGLT2i. Does treatment have causal effect to the Epidermoid cyst (is it a Positive Outcome)? - no
- Treatment group using GLP-1RA (treatment) had 78.37% Hypertension, compared with 84.71% for control group using SGLT2i. Does treatment have causal effect to the Hypertension (is it a Positive Outcome)? - yes
- Treatment group using GLP-1RA (treatment) had 78.09% Hyperlipidemia, compared with 84.45% for control group using SGLT2i. Does treatment have causal effect to the Hyperlipidemia (is it a Positive Outcome)? - yes
- Treatment group using GLP-1RA (treatment) had 64.14% Obesity, compared with 44.50% for control group using SGLT2i. Does treatment have causal effect to the Obesity (is it a Positive Outcome)? - yes
[Your Task]
[Question]
Treatment group using GLP-1RA (treatment) had 16.84% Substance use disorder, compared with 17.30% for control group using SGLT2i. Does treatment have causal effect to the Substance use disorder (is it a Positive Outcome)?
Answer: [Your answer, ""yes"" or ""no""]",5,"Alright, let's tackle this question. So, we're comparing two diabetes treatments: GLP-1 Receptor Agonists (GLP-1RA) and Sodium-Glucose Cotransporter-2 Inhibitors (SGLT2i). The task is to determine if either of these treatments has a causal effect on a specific outcome, which in this case is Substance use disorder.

First, I need to understand the data provided. The treatment group using GLP-1RA had 16.84% of patients experiencing Substance use disorder, while the control group using SGLT2i had 17.30%. The question is whether GLP-1RA has a causal effect on this outcome.

I remember from the background that both treatments are used for type 2 diabetes, and they have slightly different characteristics. GLP-1RA works by helping the body release more insulin and slow digestion, which can lead to weight loss. On the other hand, SGLT2i inhibits the kidneys from reabsorbing glucose, which also helps lower blood sugar but may have different effects on other health aspects.

Looking at the examples provided, it seems that if the treatment group has a lower percentage than the control group, the answer is ""no"". Conversely, if the treatment group has a higher percentage, the answer is ""yes"". For instance, in the examples given for Hypertension, Hyperlipidemia, and Obesity, since the treatment group had lower rates, the answer was ""yes"" because the treatment was causing those conditions. Wait, actually, no—looking back, for Hypertension, the treatment group had 78.37% vs. 84.71% in control, so the treatment was lower, but the answer was ""yes"" because the outcome was a positive. Hmm, that seems contradictory. Wait, the instruction says that ""yes"" means a positive outcome, which is influenced causally by the treatment. So, if the treatment group has a lower rate, does that mean the treatment is preventing it, so it's a positive outcome?

Wait, perhaps I'm misunderstanding. Let me recheck the examples. For Hypertension, the treatment group had 78.37%, control 84.71%. The answer was ""yes"". So the treatment group had a lower rate, but it's considered a positive outcome because the treatment is effective in reducing the condition. So, the idea is that if the treatment group has a lower rate, it's a positive outcome because the treatment is causing the condition to be better or prevented. Similarly, if the treatment group has a higher rate, it might be a negative outcome because the treatment is causing the condition to worsen.

Wait, but in the first example, the treatment group had 0.06% foreign body, control 0.09%. The answer was ""no"", meaning the treatment doesn't cause it. So, if the treatment group is lower, it's a positive outcome because the treatment is reducing the occurrence, but if the treatment group is higher, it's a negative outcome because the treatment is causing the occurrence.

Wait, that doesn't make sense. Because in the first example, the treatment group had 0.06% vs. 0.09% in control. So, the treatment group had fewer cases, which would imply that the treatment is preventing the outcome. So, the treatment is causing a positive outcome, which is fewer adverse effects. So, the answer was ""no"" because the treatment doesn't have a causal effect on the foreign body? That seems confusing.

Wait, let me read the examples again. The first example: treatment group had 0.06% foreign body, control 0.09%. Answer was ""no"" because the treatment doesn't have a causal effect. But if the treatment group is lower, doesn't that mean the treatment is reducing the occurrence? So why is the answer ""no""?

Similarly, the second example: treatment group had 0.01% toxic effect, control 0.04%. Answer was ""no"", meaning the treatment doesn't cause the toxic effect. But again, if the treatment group is lower, it's reducing the occurrence, so it's a positive outcome.

Wait, perhaps I'm misunderstanding the examples. Let me parse them again.

First example: Treatment group (GLP-1RA) had 0.06% foreign body, control (SGLT2i) had 0.09%. So, GLP-1RA is lower. The question was whether treatment (GLP-1RA) has a causal effect on the foreign body. The answer was ""no"". So, even though GLP-1RA is lower, the answer is ""no"". That suggests that the lower rate doesn't mean the treatment causes it; perhaps it's just a coincidence or there's no causal relationship.

Similarly, the second example: treatment group had 0.01% toxic effect, control 0.04%. Answer was ""no"", meaning the treatment doesn't cause it. So, even though the treatment group is lower, it's not considered a causal effect.

Wait, that's confusing. So, the presence of the outcome in the treatment group is considered a positive outcome only if the treatment group has a higher rate than the control group? Or perhaps the opposite.

Wait, the instruction says: ""Yes"" = Positive Outcome (OOI); ""No"" = Negative Control Outcome (NCO). So, if the outcome is a Positive Outcome (OOI), which is influenced causally by the treatment, we answer ""yes"". If it's a Negative Control Outcome (NCO), we answer ""no"".

So, perhaps the reasoning is that if the treatment group has a higher rate, it's a Negative Outcome because the treatment is causing more of it. If the treatment group has a lower rate, it's a Positive Outcome because the treatment is preventing it.

Wait, that makes sense. So, for example, in the first example, the treatment group had a lower rate (0.06% vs. 0.09%). So, the treatment is causing a Positive Outcome (fewer foreign bodies), hence the answer is ""yes""? But the example says the answer was ""no"". Hmm, that contradicts.

Wait, perhaps I'm misinterpreting. Let me read the examples again.

First example: Treatment group had 0.06% foreign body, control 0.09%. Answer: ""no"". So, the treatment doesn't have a causal effect. But if the treatment group is lower, shouldn't that mean the treatment is effective in preventing it, thus a causal effect?

Similarly, the second example: treatment group 0.01%, control 0.04%. Answer: ""no"". So, again, the treatment is lower, but the answer is ""no"".

Wait, perhaps the reasoning is that the treatment group is the one using GLP-1RA, and if they have a lower rate, it's because the treatment is causing them to have fewer of that outcome, which is a positive outcome. But the answer is ""no"", meaning that the treatment doesn't have a causal effect. So, perhaps the lower rate is just a coincidence or due to other factors, not the treatment.

But how do we decide that? It's a bit tricky. Maybe we need to consider whether the treatment is expected to influence the outcome. For example, if the outcome is something that the treatment is known to cause, then a higher rate in the treatment group would indicate a causal effect.

In the examples provided, for Hypertension, Hyperlipidemia, and Obesity, the treatment group had lower rates, and the answer was ""yes"". So, the treatment is causing a positive outcome (reducing these conditions). Therefore, when the treatment group has a lower rate, it's a positive outcome, so ""yes"". When the treatment group has a higher rate, it's a negative outcome, so ""no"".

Wait, that makes sense. So, in the given examples:

- Hypertension: treatment 78.37%, control 84.71%. Treatment is lower. So, the treatment is causing a positive outcome (reducing hypertension), hence ""yes"".

- Hyperlipidemia: treatment 78.09%, control 84.45%. Treatment lower, so ""yes"".

- Obesity: treatment 64.14%, control 44.50%. Treatment higher, so that's a negative outcome, hence ""no"". Wait, but the answer was ""yes"". Hmm, that doesn't fit.

Wait, in the Obesity example, the treatment group had 64.14%, control 44.50%. So, the treatment group has a higher rate. So, according to the previous logic, if the treatment group is higher, it's a Negative Outcome (NCO), so answer ""no"". But the example answer was ""yes"".

This is confusing. Let me read the example again:

Treatment group using GLP-1RA had 64.14% Obesity, compared with 44.50% for control group using SGLT2i. Does treatment have causal effect to the Obesity (is it a Positive Outcome)? Answer: yes.

Wait, so the treatment group has a higher rate. But the answer is ""yes"", meaning it's a Positive Outcome. So, perhaps when the treatment group has a higher rate, it's considered a Positive Outcome because the treatment is causing more of it, but in a positive way. Or maybe the outcome is a known side effect of the treatment.

Alternatively, perhaps the reasoning is that if the treatment group has a higher rate, it's because the treatment is causing the outcome, which is a Positive Outcome, hence ""yes"". Similarly, if the treatment group has a lower rate, it's a Negative Outcome, so ""no"".

Wait, that would make more sense. So, if the treatment group has a higher rate, it's a Positive Outcome (treatment is causing it), so ""yes"". If the treatment group has a lower rate, it's a Negative Outcome (treatment is preventing it), so ""no"".

But in the Obesity example, the treatment group had a higher rate, so the answer was ""yes"", meaning the treatment is causing more Obesity, which is a Positive Outcome.

Similarly, in the Hypertension example, the treatment group had a lower rate, so it's a Negative Outcome (treatment is preventing it), so answer ""no"". Wait, but in the example, the answer was ""yes"".

Wait, I'm getting more confused. Let me try to clarify.

The instruction says:

- ""Yes"" = Positive Outcome (OOI); ""No"" = Negative Control Outcome (NCO).

So, if the outcome is a Positive Outcome influenced by the treatment, answer ""yes"". If it's a Negative Outcome, answer ""no"".

What's a Positive Outcome? It's something the treatment is supposed to influence. For example, in the examples, Hypertension and Hyperlipidemia are conditions that GLP-1RA might influence, so if the treatment group has a lower rate, it's a Positive Outcome (because the treatment is effective in reducing them). Similarly, if the treatment group has a higher rate, it might be because the treatment is causing it, which would be a Positive Outcome.

Wait, no. Let's think about it differently. The Positive Outcome (OOI) is something that the treatment is supposed to cause. So, if the treatment group has a higher rate, it's a Positive Outcome because the treatment is causing it. If the treatment group has a lower rate, it's a Negative Outcome because the treatment is preventing it.

Wait, but in the first example, the treatment group had a lower rate, and the answer was ""no"", meaning it's a Negative Outcome, so the treatment isn't causing it. Similarly, in the Obesity example, the treatment group had a higher rate, so it's a Positive Outcome, meaning the treatment is causing it, so ""yes"".

So, applying this to the current question: Treatment group had 16.84% Substance use disorder, control 17.30%. So, the treatment group is slightly lower. According to the previous examples, when the treatment group is lower, it's a Negative Outcome, so answer ""no"". But wait, in the Obesity example, the treatment group was higher, and the answer was ""yes"". So, in this case, the treatment group is lower, so it's a Negative Outcome, hence ""no"".

But I'm not entirely sure. Let me try to break it down.

The task is to decide if the treatment has a causal effect on the outcome. If the outcome is influenced by the treatment, either positively or negatively.

In the given examples:

- For Hypertension: treatment group had 78.37%, control 84.71%. Treatment group is lower, so the treatment is causing a Positive Outcome (reducing Hypertension), hence ""yes"".

Wait, but in the example, the answer was ""yes"". So, when treatment group is lower, it's a Positive Outcome because the treatment is effective.

Similarly, for Obesity: treatment group had 64.14%, control 44.50%. Treatment group is higher, so it's a Positive Outcome because the treatment is causing more Obesity, hence ""yes"".

Wait, that doesn't make sense because Obesity is a risk factor for diabetes, but I'm not sure if GLP-1RA causes Obesity.

Alternatively, perhaps the reasoning is that if the outcome is something the treatment is intended to affect, then any difference in rates suggests a causal effect.

So, in the current question, Substance use disorder. Is this something that GLP-1RA is intended to influence? GLP-1RA is used for diabetes and often helps with weight loss. Substance use disorder is not a direct consequence of diabetes treatment, but perhaps there's an association.

Looking at the data, the treatment group (GLP-1RA) had 16.84%, control 17.30%. So, the treatment group is slightly lower. If we follow the previous examples, when the treatment group is lower, it's considered a Positive Outcome, so the treatment is causing it, hence ""yes"".

Wait, but in the first example, the treatment group was lower and the answer was ""no"". Hmm.

Alternatively, perhaps the reasoning is that if the treatment group has a lower rate, it's a Negative Outcome because the treatment is preventing the outcome, so the treatment doesn't have a causal effect on it. Therefore, the answer would be ""no"".

But I'm getting conflicting interpretations. To resolve this, let's look at the instruction again:

- ""Yes"" = Positive Outcome (OOI); ""No"" = Negative Control Outcome (NCO).

So, if the outcome is influenced by the treatment in a positive way (i.e., the treatment causes it), we answer ""yes"". If it's a Negative Outcome (i.e., the treatment prevents it), we answer ""no"".

Therefore, in the first example, the treatment group had 0.06% foreign body, control 0.09%. Since the treatment group is lower, it's a Negative Outcome (the treatment is preventing foreign bodies), so answer ""no"".

In the Obesity example, the treatment group had 64.14%, control 44.50%. So, the treatment group is higher, meaning the treatment is causing more Obesity, which is a Positive Outcome, hence ""yes"".

So, applying this logic to the current question:

Treatment group: 16.84% Substance use disorder

Control group: 17.30%

Treatment group is lower, so it's a Negative Outcome, meaning the treatment is preventing Substance use disorder, so the treatment doesn't have a causal effect on it (since it's a Negative Outcome). Therefore, the answer is ""no"".

But wait, the examples show that when the treatment group is lower, it's a Negative Outcome, so answer ""no"". When higher, Positive Outcome, ""yes"".

So, in this case, the treatment group is lower, so answer ""no"".
</think>

no",no
Batch2,v4,medical_questions_v4.txt,11,"Question 11
[Background]
We compare two treatments for type 2 diabetes:
- Treatment: GLP-1 Receptor Agonists (GLP-1RA)
- Control: Sodium-Glucose Cotransporter-2 Inhibitors (SGLT2i)
[Task Description]
You’ll receive an outcome and the percentage of affected patients in each group.
Decide whether these treatments have a causal effect on that outcome.
You will receive a query describing an outcome and the proportion of patients in each group who experienced it:
- One percentage for patients using GLP-1RA (treatment group).
- One percentage for patients using SGLT2i (control group).
Your task is to determine whether the treatments (GLP-1RA and SGLT2i) have a causal effect on that outcome.
[Cohort Description]
Adults with type 2 diabetes who began either GLP-1RA or SGLT2i.
All had a prior diabetes diagnosis.
GLP-1RA users: mean age 58.0, BMI 37.4.
SGLT2i users: mean age 64.6, BMI 32.8.
Charlson Comorbidity Index ≥ 3 in 65.2% (GLP-1RA) and 68.5% (SGLT2i).
[Instruction]
- Judge whether the treatments causally influence the outcome.
- Both treatments are expected to behave similarly (either both yes or both no).
- “Yes” = Positive Outcome (OOI); “No” = Negative Control Outcome (NCO).
- Reply with only “yes” or “no.”
[Few-shot Examples]
- Treatment group using GLP-1RA (treatment) had 0.06% Foreign body in orifice, compared with 0.09% for control group using SGLT2i. Does treatment have causal effect to the Foreign body in orifice (is it a Positive Outcome)? - no
- Treatment group using GLP-1RA (treatment) had 0.01% Toxic effect of lead compound, compared with 0.04% for control group using SGLT2i. Does treatment have causal effect to the Toxic effect of lead compound (is it a Positive Outcome)? - no
- Treatment group using GLP-1RA (treatment) had 1.29% Epidermoid cyst, compared with 0.58% for control group using SGLT2i. Does treatment have causal effect to the Epidermoid cyst (is it a Positive Outcome)? - no
- Treatment group using GLP-1RA (treatment) had 78.37% Hypertension, compared with 84.71% for control group using SGLT2i. Does treatment have causal effect to the Hypertension (is it a Positive Outcome)? - yes
- Treatment group using GLP-1RA (treatment) had 78.09% Hyperlipidemia, compared with 84.45% for control group using SGLT2i. Does treatment have causal effect to the Hyperlipidemia (is it a Positive Outcome)? - yes
- Treatment group using GLP-1RA (treatment) had 64.14% Obesity, compared with 44.50% for control group using SGLT2i. Does treatment have causal effect to the Obesity (is it a Positive Outcome)? - yes
[Your Task]
[Question]
Treatment group using GLP-1RA (treatment) had 16.84% Substance use disorder, compared with 17.30% for control group using SGLT2i. Does treatment have causal effect to the Substance use disorder (is it a Positive Outcome)?
Answer: [Your answer, ""yes"" or ""no""]",6,"Okay, so I'm trying to figure out whether GLP-1 Receptor Agonists (GLP-1RA) have a causal effect on Substance use disorder (SUD) compared to Sodium-Glucose Cotransporter-2 Inhibitors (SGLT2i) in type 2 diabetes patients. 

First, I need to understand the context. Both treatments are used for managing type 2 diabetes, but they work differently. GLP-1RA medications, like exenatide or liraglutide, help regulate blood sugar by increasing insulin release and reducing appetite, which can lead to weight loss. SGLT2i drugs, like empagliflozin or dapagliflozin, work by inhibiting the kidneys' reabsorption of glucose, thus promoting urine output and lowering blood sugar levels without causing significant weight gain.

The question gives me the percentages of patients in each group who developed Substance use disorder. The treatment group using GLP-1RA had 16.84%, and the control group using SGLT2i had 17.30%. So, the treatment group actually has a slightly lower percentage of patients developing SUD compared to the control group.

Now, I need to determine if this difference is causally related. The instructions mention that both treatments should behave similarly in terms of causality—either both have a causal effect or neither does. The examples provided show that if one group has a higher rate, it might be a positive outcome, but if the treatment group has a lower rate, it's considered a negative outcome.

Looking at the examples, when the treatment group had a lower percentage for certain outcomes like Foreign body or Toxic effect, the answer was ""no."" However, when the treatment group had a higher percentage for outcomes like Hypertension or Hyperlipidemia, the answer was ""yes."" The key here is understanding what constitutes a positive or negative outcome in the context of causality.

Substance use disorder is a condition that can be influenced by various factors, including mental health, genetics, and environment. Both GLP-1RA and SGLT2i are medications used for diabetes, and they don't directly target substance use. However, some medications might have side effects or unintended consequences that could influence behavior. For instance, some diabetes medications might affect mood or cognitive functions, which could indirectly impact substance use.

But in this case, GLP-1RA might actually have a protective effect against SUD. GLP-1RA often leads to weight loss, which is associated with a lower risk of substance use disorders, as substance abuse is linked to obesity in many cases. On the other hand, SGLT2i don't typically cause significant weight loss, so maybe that's why the control group has a slightly higher incidence of SUD.

However, the question is whether the treatments have a causal effect. The data shows a slight decrease in SUD in the GLP-1RA group, but it's a very small difference (16.84% vs. 17.30%). The sample size isn't mentioned, so it's hard to tell if this difference is statistically significant. But even if it is, does it mean that GLP-1RA causally reduces SUD?

Alternatively, it's possible that the difference is due to other confounding factors, such as the comorbidities mentioned. The Charlson Comorbidity Index is higher in both groups, but slightly more in the SGLT2i group (68.5% vs. 65.2%). This could mean that SGLT2i patients have more comorbidities that might independently affect SUD rates.

Another angle is that both drugs might not have a direct causal effect on SUD. Substance use disorder is multifactorial, influenced by many variables beyond the medications used. Therefore, the slight difference in percentages might just be a coincidence or due to other factors not accounted for in the data.

Looking back at the examples, when the treatment group had a lower percentage for Epidermoid cysts, the answer was ""no,"" suggesting that the treatment doesn't cause it. Similarly, for other outcomes, the treatment group having a lower percentage didn't imply causation unless it was a positive outcome.

In this case, SUD is more likely a negative outcome if the treatment group has a lower rate, but the instructions say that ""yes"" is for positive outcomes, which are influenced by the treatment. However, the examples show that if the treatment group has a lower rate, it's considered a negative outcome, so the answer would be ""no.""

Wait, but in the examples provided, when the treatment group had a lower percentage for certain outcomes, the answer was ""no,"" meaning the treatment doesn't have a causal effect. For instance, the first example had treatment group at 0.06% and control at 0.09%, and the answer was ""no."" Similarly, the second example had treatment at 0.01% vs. 0.04%, also ""no."" 

But when the treatment group had higher percentages, like Hypertension at 78.37% vs. 84.71%, the answer was ""yes,"" implying that the treatment caused it. Similarly, Hyperlipidemia was higher in the treatment group, so ""yes."" Obesity was also higher in treatment, so ""yes.""

So, applying this logic, if the treatment group has a lower percentage of SUD, it's a negative outcome, so the treatment doesn't have a causal effect. Therefore, the answer should be ""no.""
</think>

no",no
Batch2,v4,medical_questions_v4.txt,11,"Question 11
[Background]
We compare two treatments for type 2 diabetes:
- Treatment: GLP-1 Receptor Agonists (GLP-1RA)
- Control: Sodium-Glucose Cotransporter-2 Inhibitors (SGLT2i)
[Task Description]
You’ll receive an outcome and the percentage of affected patients in each group.
Decide whether these treatments have a causal effect on that outcome.
You will receive a query describing an outcome and the proportion of patients in each group who experienced it:
- One percentage for patients using GLP-1RA (treatment group).
- One percentage for patients using SGLT2i (control group).
Your task is to determine whether the treatments (GLP-1RA and SGLT2i) have a causal effect on that outcome.
[Cohort Description]
Adults with type 2 diabetes who began either GLP-1RA or SGLT2i.
All had a prior diabetes diagnosis.
GLP-1RA users: mean age 58.0, BMI 37.4.
SGLT2i users: mean age 64.6, BMI 32.8.
Charlson Comorbidity Index ≥ 3 in 65.2% (GLP-1RA) and 68.5% (SGLT2i).
[Instruction]
- Judge whether the treatments causally influence the outcome.
- Both treatments are expected to behave similarly (either both yes or both no).
- “Yes” = Positive Outcome (OOI); “No” = Negative Control Outcome (NCO).
- Reply with only “yes” or “no.”
[Few-shot Examples]
- Treatment group using GLP-1RA (treatment) had 0.06% Foreign body in orifice, compared with 0.09% for control group using SGLT2i. Does treatment have causal effect to the Foreign body in orifice (is it a Positive Outcome)? - no
- Treatment group using GLP-1RA (treatment) had 0.01% Toxic effect of lead compound, compared with 0.04% for control group using SGLT2i. Does treatment have causal effect to the Toxic effect of lead compound (is it a Positive Outcome)? - no
- Treatment group using GLP-1RA (treatment) had 1.29% Epidermoid cyst, compared with 0.58% for control group using SGLT2i. Does treatment have causal effect to the Epidermoid cyst (is it a Positive Outcome)? - no
- Treatment group using GLP-1RA (treatment) had 78.37% Hypertension, compared with 84.71% for control group using SGLT2i. Does treatment have causal effect to the Hypertension (is it a Positive Outcome)? - yes
- Treatment group using GLP-1RA (treatment) had 78.09% Hyperlipidemia, compared with 84.45% for control group using SGLT2i. Does treatment have causal effect to the Hyperlipidemia (is it a Positive Outcome)? - yes
- Treatment group using GLP-1RA (treatment) had 64.14% Obesity, compared with 44.50% for control group using SGLT2i. Does treatment have causal effect to the Obesity (is it a Positive Outcome)? - yes
[Your Task]
[Question]
Treatment group using GLP-1RA (treatment) had 16.84% Substance use disorder, compared with 17.30% for control group using SGLT2i. Does treatment have causal effect to the Substance use disorder (is it a Positive Outcome)?
Answer: [Your answer, ""yes"" or ""no""]",7,"Okay, so I need to determine whether GLP-1 Receptor Agonists (GLP-1RA) have a causal effect on Substance Use Disorder (SUD) in patients with type 2 diabetes. The data provided shows that 16.84% of GLP-1RA users experienced SUD, compared to 17.30% in the SGLT2i control group. 

First, I should recall what GLP-1RA and SGLT2i do. GLP-1RA medications, like exenatide or liraglutide, are used to help manage type 2 diabetes by increasing insulin release and decreasing glucose production. They are also known to aid in weight loss, which is a common side effect. SGLT2i medications, like empagliflozin or dapagliflozin, work by inhibiting the kidneys' reabsorption of glucose, thereby promoting urinary glucose excretion and reducing blood glucose levels. They are also associated with weight loss and other benefits like cardiovascular protection.

Now, considering the outcome: Substance Use Disorder. SUD is a complex condition influenced by various factors, including genetic, environmental, and psychological aspects. It's not immediately clear how GLP-1RA or SGLT2i would directly cause SUD. These medications are not known to have direct effects on substance use or addiction. 

Looking at the percentages, GLP-1RA users have a slightly lower incidence of SUD (16.84%) compared to SGLT2i users (17.30%). This suggests that GLP-1RA might be protective against SUD, but it's not conclusive. However, the instruction says to determine if there's a causal effect. 

I should also consider the examples provided. In the examples, when the treatment group had a lower percentage of an outcome, it was sometimes considered a positive outcome (e.g., Hypertension, Hyperlipidemia, Obesity). However, in those cases, the outcomes were related to the medications' known effects. For instance, GLP-1RA might increase the risk of Hypertension, but in the example, it was considered a positive outcome because it's expected. 

In this case, SUD is not a known side effect of either GLP-1RA or SGLT2i. Therefore, the differences in percentage might just be coincidental or influenced by other factors, like the populations studied or other comorbidities. The Cohort Description mentions that both groups have a high Charlson Comorbidity Index, which suggests that patients have multiple health issues, including potential substance abuse history. 

Additionally, the age and BMI differences between the groups could play a role. GLP-1RA users are slightly younger and have a higher BMI, which might be associated with different substance use patterns. SGLT2i users are older, which could correlate with higher rates of other comorbidities, including substance use. 

Without a clear mechanism by which these medications cause SUD, and given that the numbers are very close (only a 0.46% difference), it's more likely that the difference is due to other factors rather than a causal effect. Therefore, it's reasonable to conclude that neither treatment has a causal effect on SUD in this context.
</think>

no",no
Batch2,v4,medical_questions_v4.txt,11,"Question 11
[Background]
We compare two treatments for type 2 diabetes:
- Treatment: GLP-1 Receptor Agonists (GLP-1RA)
- Control: Sodium-Glucose Cotransporter-2 Inhibitors (SGLT2i)
[Task Description]
You’ll receive an outcome and the percentage of affected patients in each group.
Decide whether these treatments have a causal effect on that outcome.
You will receive a query describing an outcome and the proportion of patients in each group who experienced it:
- One percentage for patients using GLP-1RA (treatment group).
- One percentage for patients using SGLT2i (control group).
Your task is to determine whether the treatments (GLP-1RA and SGLT2i) have a causal effect on that outcome.
[Cohort Description]
Adults with type 2 diabetes who began either GLP-1RA or SGLT2i.
All had a prior diabetes diagnosis.
GLP-1RA users: mean age 58.0, BMI 37.4.
SGLT2i users: mean age 64.6, BMI 32.8.
Charlson Comorbidity Index ≥ 3 in 65.2% (GLP-1RA) and 68.5% (SGLT2i).
[Instruction]
- Judge whether the treatments causally influence the outcome.
- Both treatments are expected to behave similarly (either both yes or both no).
- “Yes” = Positive Outcome (OOI); “No” = Negative Control Outcome (NCO).
- Reply with only “yes” or “no.”
[Few-shot Examples]
- Treatment group using GLP-1RA (treatment) had 0.06% Foreign body in orifice, compared with 0.09% for control group using SGLT2i. Does treatment have causal effect to the Foreign body in orifice (is it a Positive Outcome)? - no
- Treatment group using GLP-1RA (treatment) had 0.01% Toxic effect of lead compound, compared with 0.04% for control group using SGLT2i. Does treatment have causal effect to the Toxic effect of lead compound (is it a Positive Outcome)? - no
- Treatment group using GLP-1RA (treatment) had 1.29% Epidermoid cyst, compared with 0.58% for control group using SGLT2i. Does treatment have causal effect to the Epidermoid cyst (is it a Positive Outcome)? - no
- Treatment group using GLP-1RA (treatment) had 78.37% Hypertension, compared with 84.71% for control group using SGLT2i. Does treatment have causal effect to the Hypertension (is it a Positive Outcome)? - yes
- Treatment group using GLP-1RA (treatment) had 78.09% Hyperlipidemia, compared with 84.45% for control group using SGLT2i. Does treatment have causal effect to the Hyperlipidemia (is it a Positive Outcome)? - yes
- Treatment group using GLP-1RA (treatment) had 64.14% Obesity, compared with 44.50% for control group using SGLT2i. Does treatment have causal effect to the Obesity (is it a Positive Outcome)? - yes
[Your Task]
[Question]
Treatment group using GLP-1RA (treatment) had 16.84% Substance use disorder, compared with 17.30% for control group using SGLT2i. Does treatment have causal effect to the Substance use disorder (is it a Positive Outcome)?
Answer: [Your answer, ""yes"" or ""no""]",8,"Okay, so I need to determine whether GLP-1 Receptor Agonists (GLP-1RA) have a causal effect on Substance Use Disorder (SUD) compared to Sodium-Glucose Cotransporter-2 Inhibitors (SGLT2i) in patients with type 2 diabetes. The data provided shows that 16.84% of GLP-1RA users experienced SUD, while 17.30% of SGLT2i users did so.

First, I should consider whether both treatments are expected to influence SUD. GLP-1RA medications are typically used to manage blood glucose levels and may have effects on appetite and weight. They are known to sometimes cause nausea and vomiting, which could theoretically contribute to weight loss. However, there's no direct link between GLP-1RA use and substance abuse. On the other hand, SGLT2i medications are also used for diabetes management but often have different side effects, such as increased urination and potential for urinary tract infections, but again, no direct link to substance use disorders.

Looking at the example provided, when the treatment group had a higher percentage of a particular outcome, it was considered a positive outcome only if it was expected to be influenced by the treatment. For instance, in the case of hypertension, hyperlipidemia, and obesity, the answer was ""yes"" because these are known side effects or related conditions that the treatments might affect. However, for outcomes like foreign bodies or toxic effects, the answer was ""no"" because these are unrelated.

In the case of SUD, neither GLP-1RA nor SGLT2i are known to have a causal relationship with substance use disorder. Both treatments are primarily focused on glucose control and don't have mechanisms that would directly cause or prevent substance abuse. Therefore, the higher percentage in one group compared to the other doesn't indicate causation because neither treatment is expected to influence SUD.

Additionally, the example provided in the task shows that when the outcome is not related to the treatment's known effects, the answer is ""no."" Since SUD isn't a known side effect or related condition for either GLP-1RA or SGLT2i, it's unlikely that either treatment has a causal effect on it. The small difference in percentages (16.84% vs. 17.30%) could be due to chance or other confounding factors, but without a known causal mechanism, it's not appropriate to conclude that either treatment causes SUD.

Therefore, the correct answer should be ""no"" because there's no evidence that either treatment has a causal effect on Substance Use Disorder.
</think>

no",no
Batch2,v4,medical_questions_v4.txt,11,"Question 11
[Background]
We compare two treatments for type 2 diabetes:
- Treatment: GLP-1 Receptor Agonists (GLP-1RA)
- Control: Sodium-Glucose Cotransporter-2 Inhibitors (SGLT2i)
[Task Description]
You’ll receive an outcome and the percentage of affected patients in each group.
Decide whether these treatments have a causal effect on that outcome.
You will receive a query describing an outcome and the proportion of patients in each group who experienced it:
- One percentage for patients using GLP-1RA (treatment group).
- One percentage for patients using SGLT2i (control group).
Your task is to determine whether the treatments (GLP-1RA and SGLT2i) have a causal effect on that outcome.
[Cohort Description]
Adults with type 2 diabetes who began either GLP-1RA or SGLT2i.
All had a prior diabetes diagnosis.
GLP-1RA users: mean age 58.0, BMI 37.4.
SGLT2i users: mean age 64.6, BMI 32.8.
Charlson Comorbidity Index ≥ 3 in 65.2% (GLP-1RA) and 68.5% (SGLT2i).
[Instruction]
- Judge whether the treatments causally influence the outcome.
- Both treatments are expected to behave similarly (either both yes or both no).
- “Yes” = Positive Outcome (OOI); “No” = Negative Control Outcome (NCO).
- Reply with only “yes” or “no.”
[Few-shot Examples]
- Treatment group using GLP-1RA (treatment) had 0.06% Foreign body in orifice, compared with 0.09% for control group using SGLT2i. Does treatment have causal effect to the Foreign body in orifice (is it a Positive Outcome)? - no
- Treatment group using GLP-1RA (treatment) had 0.01% Toxic effect of lead compound, compared with 0.04% for control group using SGLT2i. Does treatment have causal effect to the Toxic effect of lead compound (is it a Positive Outcome)? - no
- Treatment group using GLP-1RA (treatment) had 1.29% Epidermoid cyst, compared with 0.58% for control group using SGLT2i. Does treatment have causal effect to the Epidermoid cyst (is it a Positive Outcome)? - no
- Treatment group using GLP-1RA (treatment) had 78.37% Hypertension, compared with 84.71% for control group using SGLT2i. Does treatment have causal effect to the Hypertension (is it a Positive Outcome)? - yes
- Treatment group using GLP-1RA (treatment) had 78.09% Hyperlipidemia, compared with 84.45% for control group using SGLT2i. Does treatment have causal effect to the Hyperlipidemia (is it a Positive Outcome)? - yes
- Treatment group using GLP-1RA (treatment) had 64.14% Obesity, compared with 44.50% for control group using SGLT2i. Does treatment have causal effect to the Obesity (is it a Positive Outcome)? - yes
[Your Task]
[Question]
Treatment group using GLP-1RA (treatment) had 16.84% Substance use disorder, compared with 17.30% for control group using SGLT2i. Does treatment have causal effect to the Substance use disorder (is it a Positive Outcome)?
Answer: [Your answer, ""yes"" or ""no""]",9,"Okay, so I have this question about whether GLP-1 Receptor Agonists (GLP-1RA) have a causal effect on Substance Use Disorder (SUD) compared to Sodium-Glucose Cotransporter-2 Inhibitors (SGLT2i) in type 2 diabetes patients. The data given is that 16.84% of GLP-1RA users experienced SUD, while 17.30% of SGLT2i users did. 

First, I need to understand what the question is asking. It's whether one treatment causes a specific outcome compared to another. The task is to determine if there's a causal effect, meaning whether GLP-1RA leads to more or less SUD than SGLT2i.

Looking at the examples provided, it seems like the decision is based on whether the treatment group has a higher or lower percentage of the outcome compared to the control. But wait, in the examples, sometimes the treatment group had a lower percentage and it was still considered a ""no."" So it's not just about the direction but whether there's a causal link.

Wait, in the examples, when the treatment group had a lower percentage, it was often ""no,"" but sometimes when the treatment group had a higher percentage, it was ""yes."" But I also need to consider the instruction that both treatments are expected to behave similarly, either both yes or both no. So if GLP-1RA is higher, then it's a positive outcome, but if SGLT2i is higher, it's a negative outcome.

In this specific question, GLP-1RA is 16.84% and SGLT2i is 17.30%. So GLP-1RA is slightly lower. Does that mean there's a causal effect? Or does it mean there isn't?

Looking at the examples again, when the treatment group had a lower percentage, like the Foreign body or Toxic effect, it was ""no."" But when it was higher, like Hypertension or Hyperlipidemia, it was ""yes."" However, in the Obesity example, GLP-1RA was 64.14% and SGLT2i was 44.50%, so GLP-1RA was higher, leading to ""yes."" 

Wait, but in the question here, GLP-1RA is lower than SGLT2i. So according to the examples, if the treatment group is lower, it's ""no."" So in this case, since GLP-1RA is 16.84% and SGLT2i is 17.30%, which is a small difference, but GLP-1RA is lower. Therefore, the treatment doesn't have a causal effect because the outcome is slightly lower, or it's the control that's higher. So the answer would be ""no.""
</think>

no",no
Batch2,v4,medical_questions_v4.txt,11,"Question 11
[Background]
We compare two treatments for type 2 diabetes:
- Treatment: GLP-1 Receptor Agonists (GLP-1RA)
- Control: Sodium-Glucose Cotransporter-2 Inhibitors (SGLT2i)
[Task Description]
You’ll receive an outcome and the percentage of affected patients in each group.
Decide whether these treatments have a causal effect on that outcome.
You will receive a query describing an outcome and the proportion of patients in each group who experienced it:
- One percentage for patients using GLP-1RA (treatment group).
- One percentage for patients using SGLT2i (control group).
Your task is to determine whether the treatments (GLP-1RA and SGLT2i) have a causal effect on that outcome.
[Cohort Description]
Adults with type 2 diabetes who began either GLP-1RA or SGLT2i.
All had a prior diabetes diagnosis.
GLP-1RA users: mean age 58.0, BMI 37.4.
SGLT2i users: mean age 64.6, BMI 32.8.
Charlson Comorbidity Index ≥ 3 in 65.2% (GLP-1RA) and 68.5% (SGLT2i).
[Instruction]
- Judge whether the treatments causally influence the outcome.
- Both treatments are expected to behave similarly (either both yes or both no).
- “Yes” = Positive Outcome (OOI); “No” = Negative Control Outcome (NCO).
- Reply with only “yes” or “no.”
[Few-shot Examples]
- Treatment group using GLP-1RA (treatment) had 0.06% Foreign body in orifice, compared with 0.09% for control group using SGLT2i. Does treatment have causal effect to the Foreign body in orifice (is it a Positive Outcome)? - no
- Treatment group using GLP-1RA (treatment) had 0.01% Toxic effect of lead compound, compared with 0.04% for control group using SGLT2i. Does treatment have causal effect to the Toxic effect of lead compound (is it a Positive Outcome)? - no
- Treatment group using GLP-1RA (treatment) had 1.29% Epidermoid cyst, compared with 0.58% for control group using SGLT2i. Does treatment have causal effect to the Epidermoid cyst (is it a Positive Outcome)? - no
- Treatment group using GLP-1RA (treatment) had 78.37% Hypertension, compared with 84.71% for control group using SGLT2i. Does treatment have causal effect to the Hypertension (is it a Positive Outcome)? - yes
- Treatment group using GLP-1RA (treatment) had 78.09% Hyperlipidemia, compared with 84.45% for control group using SGLT2i. Does treatment have causal effect to the Hyperlipidemia (is it a Positive Outcome)? - yes
- Treatment group using GLP-1RA (treatment) had 64.14% Obesity, compared with 44.50% for control group using SGLT2i. Does treatment have causal effect to the Obesity (is it a Positive Outcome)? - yes
[Your Task]
[Question]
Treatment group using GLP-1RA (treatment) had 16.84% Substance use disorder, compared with 17.30% for control group using SGLT2i. Does treatment have causal effect to the Substance use disorder (is it a Positive Outcome)?
Answer: [Your answer, ""yes"" or ""no""]",10,"Okay, so I'm trying to figure out whether GLP-1 Receptor Agonists (GLP-1RA) have a causal effect on Substance Use Disorder (SUD) in patients with type 2 diabetes. The data given is that 16.84% of GLP-1RA users experienced SUD, compared to 17.30% in the control group using SGLT2i inhibitors.

First, I need to recall what GLP-1RA and SGLT2i do. GLP-1RA medications like exenatide and liraglutide are used to help manage type 2 diabetes by increasing insulin release and reducing glucose levels. They also have some effects on appetite, which can help with weight loss. SGLT2i inhibitors, like empagliflozin and dapagliflozin, work by inhibiting the kidneys' reabsorption of glucose, thereby reducing blood sugar levels. They've also been linked to benefits like weight loss and a reduced risk of cardiovascular events.

Now, looking at the outcome: Substance Use Disorder. I'm not exactly sure how diabetes medications would directly cause or influence SUD. From the examples given, I saw that when the treatment group had a lower percentage of an outcome than the control, the answer was often ""no."" For instance, Foreign body in orifice and Toxic effect of lead compound were both ""no,"" even though in those cases, the treatment group had lower percentages.

In the current case, both groups have similar percentages of SUD: 16.84% vs. 17.30%. That's a very small difference, only about 0.46% more in the control group. Since the difference is so small and it's just a percentage point, it doesn't seem like a significant effect. Also, considering that both treatments are meant to manage diabetes and help with weight, I'm not sure how they would directly influence SUD. It's possible that the relationship is coincidental or that there's no causal link.

Another thing to consider is the comorbidities. The GLP-1RA group had a higher Charlson score (65.2%) compared to SGLT2i (68.5%), but that might not directly impact SUD. The age and BMI are different, but again, I don't see a clear path from these factors to causing SUD.

Looking at the examples provided, when the percentages were close, like in the case of Hypertension and Hyperlipidemia, the answer was ""yes."" But wait, in those cases, the treatment group had lower percentages, suggesting maybe a protective effect. However, in this case, both groups are almost the same, so it doesn't fit that pattern. Also, in the example where the treatment group had a higher percentage (Obesity), the answer was ""yes."" But again, that's a different outcome.

I'm a bit confused because the examples might not directly apply here. The key is to determine if there's a causal effect. Since both groups are similar in their percentages of SUD, and the difference is minimal, it's hard to argue that either treatment is causing SUD. There's no significant difference to suggest causation.

Moreover, diabetes medications don't typically have a known link to causing or curing SUD. It's more likely that the presence of SUD is influenced by other factors, such as the patient's overall health, lifestyle, or other comorbidities, rather than the specific diabetes treatment they're on.

So, putting it all together, the small percentage difference and the lack of a clear causal mechanism suggest that neither treatment has a causal effect on SUD. Therefore, the answer should be ""no.""
</think>

no",no
