batch,version,file,question_id,prompt,response_id,response,answer
Batch4,v3,medical_questions_v3.txt,1,"Question 1
[Background]
We compare two treatments for type 2 diabetes:
- Treatment: GLP-1 Receptor Agonists (GLP-1RA)
- Control: Sodium-Glucose Cotransporter-2 Inhibitors (SGLT2i)
[Task Description]
You’ll receive an outcome and the percentage of affected patients in each group.
Decide whether these treatments have a causal effect on that outcome.
You will receive a query describing an outcome and the proportion of patients in each group who experienced it:
- One percentage for patients using GLP-1RA (treatment group).
- One percentage for patients using SGLT2i (control group).
Your task is to determine whether the treatments (GLP-1RA and SGLT2i) have a causal effect on that outcome.
[Cohort Description]
Adults with type 2 diabetes who began either GLP-1RA or SGLT2i.
All had a prior diabetes diagnosis.
GLP-1RA users: mean age 58.0, BMI 37.4.
SGLT2i users: mean age 64.6, BMI 32.8.
Charlson Comorbidity Index ≥ 3 in 65.2% (GLP-1RA) and 68.5% (SGLT2i).
[Instruction]
- Judge whether the treatments causally influence the outcome.
- Both treatments are expected to behave similarly (either both yes or both no).
- “Yes” = Positive Outcome (OOI); “No” = Negative Control Outcome (NCO).
- Reply with only “yes” or “no.”
[Few-shot Examples]
- Treatment group using GLP-1RA (treatment) had 0.20% Foreign body in ear, compared with 0.12% for control group using SGLT2i. Does treatment have causal effect to the Foreign body in ear (is it a Positive Outcome)? - no
- Treatment group using GLP-1RA (treatment) had 94.81% Type 2 diabetes mellitus, compared with 96.68% for control group using SGLT2i. Does treatment have causal effect to the Type 2 diabetes mellitus (is it a Positive Outcome)? - yes
[Your Task]
[Question]
Treatment group using GLP-1RA (treatment) had 10.44% Diabetic retinopathy, compared with 10.45% for control group using SGLT2i. Does treatment have causal effect to the Diabetic retinopathy (is it a Positive Outcome)?
Answer: [Your answer, ""yes"" or ""no""]",1,"Okay, so I'm trying to figure out whether GLP-1 Receptor Agonists (GLP-1RA) or Sodium-Glucose Cotransporter-2 Inhibitors (SGLT2i) have a causal effect on Diabetic Retinopathy in patients with type 2 diabetes. 

First, I need to understand the context. Both treatments are used to manage type 2 diabetes, but they work differently. GLP-1RA drugs, like exenatide or liraglutide, help with glucose control by increasing insulin release and reducing sugar production in the liver. They also have some weight loss benefits. On the other hand, SGLT2i drugs, like empagliflozin or dapagliflozin, work by inhibiting the kidneys from reabsorbing glucose, which also helps lower blood sugar levels. Both are considered to have cardiovascular benefits as well.

Now, the question is about Diabetic Retinopathy, which is a complication of diabetes that affects the eyes. I know that both high blood sugar levels and the management of diabetes can influence the progression of retinopathy. So, the treatments in question might have an effect on this outcome.

Looking at the data provided: 10.44% of GLP-1RA users experienced Diabetic Retinopathy, while 10.45% of SGLT2i users did. The percentages are very close, almost identical. 

I should consider whether these treatments are expected to influence the development or progression of retinopathy. From what I recall, both GLP-1RA and SGLT2i are associated with better glycemic control. Better control can lead to a reduction in the risk of diabetic retinopathy because lower blood glucose levels can reduce the damage to the tiny blood vessels in the eyes. 

However, both treatments are equally effective in this regard. For example, studies have shown that both GLP-1RA and SGLT2i can reduce the risk of diabetic retinopathy by improving blood sugar control. So, if both treatments are equally effective, it's unlikely that one would have a causal effect over the other when it comes to retinopathy rates.

Another angle is to look at the other characteristics of the patients in each group. The GLP-1RA group has a slightly younger age (58.0 vs. 64.6) and a higher BMI (37.4 vs. 32.8). They also have a similar Charlson Comorbidity Index, which suggests that they might have more comorbidities, but not significantly differently between the groups. Higher BMI is a known risk factor for diabetic retinopathy, but since both groups have a similar distribution, it might not explain the small difference in retinopathy rates.

The percentages are almost the same, so it's hard to attribute any causation to one treatment over the other. Both treatments are meant to help manage blood sugar, which in turn should help prevent or delay the progression of diabetic retinopathy. There's no evidence here that one treatment is more effective than the other in this specific outcome. 

In the examples given, when the percentages are similar, the answer was 'no' because there wasn't a clear causal effect. Since the percentages here are nearly identical, I should follow the same logic. There's no indication that GLP-1RA has a causal effect on Diabetic Retinopathy in this context. Both treatments are equally likely to influence the outcome, or perhaps neither has a significantly causal effect beyond what's already influenced by the disease itself.
</think>

no",no
Batch4,v3,medical_questions_v3.txt,1,"Question 1
[Background]
We compare two treatments for type 2 diabetes:
- Treatment: GLP-1 Receptor Agonists (GLP-1RA)
- Control: Sodium-Glucose Cotransporter-2 Inhibitors (SGLT2i)
[Task Description]
You’ll receive an outcome and the percentage of affected patients in each group.
Decide whether these treatments have a causal effect on that outcome.
You will receive a query describing an outcome and the proportion of patients in each group who experienced it:
- One percentage for patients using GLP-1RA (treatment group).
- One percentage for patients using SGLT2i (control group).
Your task is to determine whether the treatments (GLP-1RA and SGLT2i) have a causal effect on that outcome.
[Cohort Description]
Adults with type 2 diabetes who began either GLP-1RA or SGLT2i.
All had a prior diabetes diagnosis.
GLP-1RA users: mean age 58.0, BMI 37.4.
SGLT2i users: mean age 64.6, BMI 32.8.
Charlson Comorbidity Index ≥ 3 in 65.2% (GLP-1RA) and 68.5% (SGLT2i).
[Instruction]
- Judge whether the treatments causally influence the outcome.
- Both treatments are expected to behave similarly (either both yes or both no).
- “Yes” = Positive Outcome (OOI); “No” = Negative Control Outcome (NCO).
- Reply with only “yes” or “no.”
[Few-shot Examples]
- Treatment group using GLP-1RA (treatment) had 0.20% Foreign body in ear, compared with 0.12% for control group using SGLT2i. Does treatment have causal effect to the Foreign body in ear (is it a Positive Outcome)? - no
- Treatment group using GLP-1RA (treatment) had 94.81% Type 2 diabetes mellitus, compared with 96.68% for control group using SGLT2i. Does treatment have causal effect to the Type 2 diabetes mellitus (is it a Positive Outcome)? - yes
[Your Task]
[Question]
Treatment group using GLP-1RA (treatment) had 10.44% Diabetic retinopathy, compared with 10.45% for control group using SGLT2i. Does treatment have causal effect to the Diabetic retinopathy (is it a Positive Outcome)?
Answer: [Your answer, ""yes"" or ""no""]",2,"Okay, so I need to figure out whether GLP-1RA treatment has a causal effect on diabetic retinopathy in this scenario. Let me start by understanding the problem.

We have two treatments: GLP-1 Receptor Agonists (GLP-1RA) and Sodium-Glucose Cotransporter-2 Inhibitors (SGLT2i). Both are used for type 2 diabetes. The task is to determine if using GLP-1RA causes a specific outcome, which is Diabetic retinopathy, based on the percentages of patients who experienced it in each group.

The data given is that 10.44% of GLP-1RA users had diabetic retinopathy, compared to 10.45% of SGLT2i users. So, the percentages are very close—only a 0.01% difference. That's a tiny difference.

Now, I remember from the examples provided that if the treatment group has a higher percentage of the outcome, it's considered a positive outcome. If it's lower, it's negative. But in this case, both groups are almost the same. So, does that mean there's no causal effect?

Wait, but the question is whether the treatment (GLP-1RA) has a causal effect. Since both treatments are expected to behave similarly, either both have a causal effect or neither does. So, if one treatment's group has the same percentage as the control, it suggests that the treatment itself didn't cause the outcome. It's more about the condition itself rather than the treatment.

Looking at the examples, the first one where the treatment group had a slightly higher rate was considered a positive outcome. But in this case, the rates are almost identical, so there's no difference to attribute to the treatment. Therefore, it's likely that neither treatment has a causal effect on diabetic retinopathy in this context. Both groups are similar in their rates, so it's not due to the specific treatment used.

So, I think the answer should be ""no"" because there's no significant difference between the two groups regarding diabetic retinopathy. Hence, the treatment doesn't have a causal effect on this outcome.
</think>

no",no
Batch4,v3,medical_questions_v3.txt,1,"Question 1
[Background]
We compare two treatments for type 2 diabetes:
- Treatment: GLP-1 Receptor Agonists (GLP-1RA)
- Control: Sodium-Glucose Cotransporter-2 Inhibitors (SGLT2i)
[Task Description]
You’ll receive an outcome and the percentage of affected patients in each group.
Decide whether these treatments have a causal effect on that outcome.
You will receive a query describing an outcome and the proportion of patients in each group who experienced it:
- One percentage for patients using GLP-1RA (treatment group).
- One percentage for patients using SGLT2i (control group).
Your task is to determine whether the treatments (GLP-1RA and SGLT2i) have a causal effect on that outcome.
[Cohort Description]
Adults with type 2 diabetes who began either GLP-1RA or SGLT2i.
All had a prior diabetes diagnosis.
GLP-1RA users: mean age 58.0, BMI 37.4.
SGLT2i users: mean age 64.6, BMI 32.8.
Charlson Comorbidity Index ≥ 3 in 65.2% (GLP-1RA) and 68.5% (SGLT2i).
[Instruction]
- Judge whether the treatments causally influence the outcome.
- Both treatments are expected to behave similarly (either both yes or both no).
- “Yes” = Positive Outcome (OOI); “No” = Negative Control Outcome (NCO).
- Reply with only “yes” or “no.”
[Few-shot Examples]
- Treatment group using GLP-1RA (treatment) had 0.20% Foreign body in ear, compared with 0.12% for control group using SGLT2i. Does treatment have causal effect to the Foreign body in ear (is it a Positive Outcome)? - no
- Treatment group using GLP-1RA (treatment) had 94.81% Type 2 diabetes mellitus, compared with 96.68% for control group using SGLT2i. Does treatment have causal effect to the Type 2 diabetes mellitus (is it a Positive Outcome)? - yes
[Your Task]
[Question]
Treatment group using GLP-1RA (treatment) had 10.44% Diabetic retinopathy, compared with 10.45% for control group using SGLT2i. Does treatment have causal effect to the Diabetic retinopathy (is it a Positive Outcome)?
Answer: [Your answer, ""yes"" or ""no""]",3,"Okay, so I'm trying to figure out whether GLP-1RA treatment has a causal effect on Diabetic retinopathy in patients with type 2 diabetes. The data provided shows that 10.44% of GLP-1RA users had Diabetic retinopathy, compared to 10.45% of SGLT2i users. 

First, I need to understand what Diabetic retinopathy is. It's a condition where the blood vessels in the retina become damaged, often due to high blood sugar levels over a long period. So, it's a complication of type 2 diabetes. 

Both GLP-1RA and SGLT2i are medications used to treat type 2 diabetes. GLP-1RA works by increasing insulin release and reducing glucose production, while SGLT2i inhibits the kidneys from reabsorbing glucose, leading to more urine output and lower blood sugar levels. 

The question is whether using GLP-1RA causes a higher incidence of Diabetic retinopathy compared to SGLT2i. The percentages are very close: 10.44% vs. 10.45%. That's a difference of 0.01%, which is tiny. 

Now, I should think about whether these medications directly cause Diabetic retinopathy. Diabetic retinopathy is primarily caused by chronic hyperglycemia, which is high blood sugar levels. Both drugs are meant to lower blood sugar, so in that sense, they might help prevent complications like retinopathy. 

But wait, the data is about the incidence of retinopathy. If a drug is effective, perhaps it reduces the risk of retinopathy because it lowers blood sugar. So, if GLP-1RA is better at lowering blood sugar, you might expect fewer cases of retinopathy. But in this case, the percentages are almost the same. 

Another angle is to consider whether the drugs have side effects that might increase the risk of retinopathy. GLP-1RA can cause nausea, vomiting, and weight loss, but I don't know if those are linked to retinopathy. SGLT2i can cause urinary tract infections and increased urination, but again, no direct link to retinopathy. 

Looking at the comorbidity indices, GLP-1RA users have a Charlson score of 3.65, while SGLT2i users have 3.68. Charlson score measures comorbidities, so GLP-1RA users have slightly fewer other health issues. But the difference is small and not directly related to retinopathy. 

The age and BMI differences between the groups might also play a role. GLP-1RA users are younger (58.0 vs. 64.6 years) and have a higher BMI (37.4 vs. 32.8). Higher BMI is a risk factor for Diabetic retinopathy, so maybe SGLT2i users, despite their lower BMI, are more likely to have other factors that affect retinopathy. 

Wait, but the incidence is almost the same. So, even though GLP-1RA users have higher BMI, which is a risk factor, their lower age might balance that out. Alternatively, maybe the drugs themselves influence other factors that affect retinopathy. 

I'm also considering whether the study design is appropriate. If it's a cohort study, differences in comorbidities, age, and BMI could be confounding variables. If these factors are controlled, maybe the effect of the drugs on retinopathy is clearer. But without more data, I have to go with what's given. 

The percentages are extremely close, so it's hard to say one is definitively higher than the other. That makes me think there's no significant causal effect in either direction. Therefore, it's likely that neither treatment has a causal effect on Diabetic retinopathy in this context. 

So, the answer would be ""no"" because the difference is negligible and there's no clear causal relationship indicated by the data.
</think>

no",no
Batch4,v3,medical_questions_v3.txt,1,"Question 1
[Background]
We compare two treatments for type 2 diabetes:
- Treatment: GLP-1 Receptor Agonists (GLP-1RA)
- Control: Sodium-Glucose Cotransporter-2 Inhibitors (SGLT2i)
[Task Description]
You’ll receive an outcome and the percentage of affected patients in each group.
Decide whether these treatments have a causal effect on that outcome.
You will receive a query describing an outcome and the proportion of patients in each group who experienced it:
- One percentage for patients using GLP-1RA (treatment group).
- One percentage for patients using SGLT2i (control group).
Your task is to determine whether the treatments (GLP-1RA and SGLT2i) have a causal effect on that outcome.
[Cohort Description]
Adults with type 2 diabetes who began either GLP-1RA or SGLT2i.
All had a prior diabetes diagnosis.
GLP-1RA users: mean age 58.0, BMI 37.4.
SGLT2i users: mean age 64.6, BMI 32.8.
Charlson Comorbidity Index ≥ 3 in 65.2% (GLP-1RA) and 68.5% (SGLT2i).
[Instruction]
- Judge whether the treatments causally influence the outcome.
- Both treatments are expected to behave similarly (either both yes or both no).
- “Yes” = Positive Outcome (OOI); “No” = Negative Control Outcome (NCO).
- Reply with only “yes” or “no.”
[Few-shot Examples]
- Treatment group using GLP-1RA (treatment) had 0.20% Foreign body in ear, compared with 0.12% for control group using SGLT2i. Does treatment have causal effect to the Foreign body in ear (is it a Positive Outcome)? - no
- Treatment group using GLP-1RA (treatment) had 94.81% Type 2 diabetes mellitus, compared with 96.68% for control group using SGLT2i. Does treatment have causal effect to the Type 2 diabetes mellitus (is it a Positive Outcome)? - yes
[Your Task]
[Question]
Treatment group using GLP-1RA (treatment) had 10.44% Diabetic retinopathy, compared with 10.45% for control group using SGLT2i. Does treatment have causal effect to the Diabetic retinopathy (is it a Positive Outcome)?
Answer: [Your answer, ""yes"" or ""no""]",4,"Okay, so I need to figure out whether GLP-1RA treatments have a causal effect on diabetic retinopathy. The question gives me the percentages of patients in each group who experienced this outcome. The treatment group using GLP-1RA had 10.44%, and the control group using SGLT2i had 10.45%. 

First, I should understand what Diabetic retinopathy is. It's an eye condition that's a common complication of type 2 diabetes. So, it's a negative outcome related to diabetes management. 

The task is to determine if the treatment (GLP-1RA) causes this outcome. The instruction says to judge whether the treatments causally influence the outcome. Both treatments are expected to behave similarly, either both yes or both no.

Looking at the example given, when the treatment group had a lower percentage of a certain outcome compared to the control, the answer was ""no"". Conversely, when the treatment group had a higher percentage, the answer was ""yes"". But wait, in the first example, the outcome was a rare condition (Foreign body in ear), and the treatment group had a slightly higher rate. The answer was ""no"" because it's unlikely the treatment caused it. The second example was about the primary condition (Type 2 diabetes), which the treatment didn't cure, so it was a positive outcome.

In this case, the percentages are almost the same: 10.44% vs. 10.45%. That's a very small difference, just 0.01%. Since both treatments are meant to manage type 2 diabetes, it's possible that both groups have similar rates of diabetic retinopathy. 

I should consider whether GLP-1RA or SGLT2i affects diabetic retinopathy differently. From what I know, GLP-1RA helps with weight loss and lowers glucose levels, which can be beneficial for diabetes management. SGLT2i also helps with glucose control and can reduce the risk of cardiovascular events. However, I'm not sure if either of these directly causes or prevents diabetic retinopathy.

Diabetic retinopathy is influenced by how well blood sugar is controlled over time. Better control might reduce the risk, but both drugs are part of diabetes management. If both groups have similar rates, it might be because the disease progression is similar in both groups, or because the treatments don't have a significant impact on retinopathy.

The small difference in percentages (0.01%) is negligible and could be due to chance. Therefore, it's unlikely that either treatment has a causal effect on the outcome in this case. So, the answer should be ""no"".
</think>

no",no
Batch4,v3,medical_questions_v3.txt,1,"Question 1
[Background]
We compare two treatments for type 2 diabetes:
- Treatment: GLP-1 Receptor Agonists (GLP-1RA)
- Control: Sodium-Glucose Cotransporter-2 Inhibitors (SGLT2i)
[Task Description]
You’ll receive an outcome and the percentage of affected patients in each group.
Decide whether these treatments have a causal effect on that outcome.
You will receive a query describing an outcome and the proportion of patients in each group who experienced it:
- One percentage for patients using GLP-1RA (treatment group).
- One percentage for patients using SGLT2i (control group).
Your task is to determine whether the treatments (GLP-1RA and SGLT2i) have a causal effect on that outcome.
[Cohort Description]
Adults with type 2 diabetes who began either GLP-1RA or SGLT2i.
All had a prior diabetes diagnosis.
GLP-1RA users: mean age 58.0, BMI 37.4.
SGLT2i users: mean age 64.6, BMI 32.8.
Charlson Comorbidity Index ≥ 3 in 65.2% (GLP-1RA) and 68.5% (SGLT2i).
[Instruction]
- Judge whether the treatments causally influence the outcome.
- Both treatments are expected to behave similarly (either both yes or both no).
- “Yes” = Positive Outcome (OOI); “No” = Negative Control Outcome (NCO).
- Reply with only “yes” or “no.”
[Few-shot Examples]
- Treatment group using GLP-1RA (treatment) had 0.20% Foreign body in ear, compared with 0.12% for control group using SGLT2i. Does treatment have causal effect to the Foreign body in ear (is it a Positive Outcome)? - no
- Treatment group using GLP-1RA (treatment) had 94.81% Type 2 diabetes mellitus, compared with 96.68% for control group using SGLT2i. Does treatment have causal effect to the Type 2 diabetes mellitus (is it a Positive Outcome)? - yes
[Your Task]
[Question]
Treatment group using GLP-1RA (treatment) had 10.44% Diabetic retinopathy, compared with 10.45% for control group using SGLT2i. Does treatment have causal effect to the Diabetic retinopathy (is it a Positive Outcome)?
Answer: [Your answer, ""yes"" or ""no""]",5,"Okay, so I need to figure out whether GLP-1RA treatment has a causal effect on diabetic retinopathy based on the given data. Let's break it down step by step.

First, I remember that both GLP-1RA and SGLT2i are medications used to manage type 2 diabetes. They work differently, but both are considered treatments. The question is about whether using GLP-1RA causes a specific outcome, which in this case is Diabetic retinopathy.

The data provided shows that 10.44% of GLP-1RA users developed diabetic retinopathy, while 10.45% of SGLT2i users did the same. At first glance, these percentages are very close—only 0.01% difference. That makes me wonder if this difference is statistically significant or just a coincidence.

I recall that in clinical trials, a difference of around 5% or more is usually considered significant. But here, the difference is much smaller, so maybe it's not statistically significant. However, I also know that sometimes even small differences can be meaningful, especially if they're consistent across different studies.

Another thing to consider is the expected effect of these medications on diabetic retinopathy. GLP-1RA drugs, like exenatide, are known to improve glycemic control. Better blood sugar management can help reduce the risk of diabetic retinopathy. On the other hand, SGLT2i medications, like empagliflozin, not only help with blood sugar but also have been shown to have beneficial effects on cardiovascular outcomes, which might include reducing the risk of diabetic retinopathy.

Wait, but both drugs are used to manage diabetes, so they might have similar effects on preventing complications like retinopathy. That makes me think that the low percentage of patients developing retinopathy in both groups is actually a good sign. So, if both treatments are effective, then it's expected that the incidence of retinopathy would be low in both groups.

Given that both groups have very similar rates, it's possible that neither treatment is causally related to the outcome. Instead, the low rates might be due to good glucose control in both cases. Alternatively, the difference could be due to other factors, like the population studied, the duration of treatment, or other variables not accounted for in the data.

Also, the examples provided in the question help. In the first example, a difference of 0.08% was considered not significant, and in the second, a larger difference was considered significant. Here, the difference is even smaller than the first example, so following that logic, it's even less likely to be significant.

Moreover, the instruction mentions that both treatments are expected to behave similarly. If both treatments don't have a causal effect, then their outcomes should be similar, which is exactly what we see here. If one had a higher rate, it might suggest a causal relationship, but since they're almost the same, it's more likely that neither is causally affecting the outcome, or both are contributing equally.

So, putting it all together, the very small difference in the percentages and the expectation that both treatments behave similarly lead me to conclude that there's no causal effect of GLP-1RA on diabetic retinopathy in this context.
</think>

no",no
Batch4,v3,medical_questions_v3.txt,1,"Question 1
[Background]
We compare two treatments for type 2 diabetes:
- Treatment: GLP-1 Receptor Agonists (GLP-1RA)
- Control: Sodium-Glucose Cotransporter-2 Inhibitors (SGLT2i)
[Task Description]
You’ll receive an outcome and the percentage of affected patients in each group.
Decide whether these treatments have a causal effect on that outcome.
You will receive a query describing an outcome and the proportion of patients in each group who experienced it:
- One percentage for patients using GLP-1RA (treatment group).
- One percentage for patients using SGLT2i (control group).
Your task is to determine whether the treatments (GLP-1RA and SGLT2i) have a causal effect on that outcome.
[Cohort Description]
Adults with type 2 diabetes who began either GLP-1RA or SGLT2i.
All had a prior diabetes diagnosis.
GLP-1RA users: mean age 58.0, BMI 37.4.
SGLT2i users: mean age 64.6, BMI 32.8.
Charlson Comorbidity Index ≥ 3 in 65.2% (GLP-1RA) and 68.5% (SGLT2i).
[Instruction]
- Judge whether the treatments causally influence the outcome.
- Both treatments are expected to behave similarly (either both yes or both no).
- “Yes” = Positive Outcome (OOI); “No” = Negative Control Outcome (NCO).
- Reply with only “yes” or “no.”
[Few-shot Examples]
- Treatment group using GLP-1RA (treatment) had 0.20% Foreign body in ear, compared with 0.12% for control group using SGLT2i. Does treatment have causal effect to the Foreign body in ear (is it a Positive Outcome)? - no
- Treatment group using GLP-1RA (treatment) had 94.81% Type 2 diabetes mellitus, compared with 96.68% for control group using SGLT2i. Does treatment have causal effect to the Type 2 diabetes mellitus (is it a Positive Outcome)? - yes
[Your Task]
[Question]
Treatment group using GLP-1RA (treatment) had 10.44% Diabetic retinopathy, compared with 10.45% for control group using SGLT2i. Does treatment have causal effect to the Diabetic retinopathy (is it a Positive Outcome)?
Answer: [Your answer, ""yes"" or ""no""]",6,"Okay, so I have to figure out whether GLP-1RA or SGLT2i treatments have a causal effect on diabetic retinopathy in type 2 diabetes patients. The data given is that 10.44% of GLP-1RA users developed diabetic retinopathy, while 10.45% of SGLT2i users did as well. 

First, I should consider what these medications do. GLP-1 receptor agonists (GLP-1RAs) are known to help with weight loss and glucose control by increasing insulin secretion and reducing appetite. They're often used in combination with other diabetes medications. On the other hand, SGLT2 inhibitors (SGLT2i) work by inhibiting the kidneys' reabsorption of glucose, leading to more urine output and lower blood sugar levels. Both drugs are used to manage type 2 diabetes, but they act on different pathways.

Diabetic retinopathy is a microvascular complication of type 2 diabetes. It's related to high blood sugar levels over a long period, which damages the blood vessels in the retina. So, the development and progression of diabetic retinopathy are influenced by how well blood sugar is controlled.

Looking at the percentages, both treatments have a very similar rate of 10.44% and 10.45%. That's a small difference, just 0.01%, which is quite minimal. Considering that both groups have similar baseline characteristics—like age, BMI, and comorbidity indices—the similarity in the occurrence of diabetic retinopathy makes me think that the treatments aren't causing a significant difference in this outcome.

I should also think about whether these medications directly cause or prevent diabetic retinopathy. GLP-1RAs are more associated with weight loss and better glycemic control, which could theoretically reduce the risk of diabetic retinopathy. SGLT2i are also known to have benefits beyond glucose control, including cardiovascular protection and potentially reducing the risk of retinopathy. However, the data here shows that both are about equally effective in this regard, as both have almost the same percentage of patients developing retinopathy.

Another angle is to consider whether the study design could lead to this result. If the cohorts are similar in terms of other risk factors for retinopathy, such as age, duration of diabetes, and glycemic control, then the small difference in percentages might just be a coincidence. There's no strong evidence from this data that one treatment is significantly better than the other in preventing or causing retinopathy.

Moreover, both drugs are used to manage type 2 diabetes, and their primary mechanisms don't directly target retinopathy. While better blood sugar control can reduce the risk of complications, neither GLP-1RA nor SGLT2i is specifically known to cause or prevent retinopathy in a way that would lead to such a small difference in occurrence between the two groups.

In conclusion, the similar percentages and the nature of these medications suggest that neither treatment has a causal effect on the occurrence of diabetic retinopathy in this context. The small difference is likely due to random chance or other factors not accounted for in the data provided.
</think>

no",no
Batch4,v3,medical_questions_v3.txt,1,"Question 1
[Background]
We compare two treatments for type 2 diabetes:
- Treatment: GLP-1 Receptor Agonists (GLP-1RA)
- Control: Sodium-Glucose Cotransporter-2 Inhibitors (SGLT2i)
[Task Description]
You’ll receive an outcome and the percentage of affected patients in each group.
Decide whether these treatments have a causal effect on that outcome.
You will receive a query describing an outcome and the proportion of patients in each group who experienced it:
- One percentage for patients using GLP-1RA (treatment group).
- One percentage for patients using SGLT2i (control group).
Your task is to determine whether the treatments (GLP-1RA and SGLT2i) have a causal effect on that outcome.
[Cohort Description]
Adults with type 2 diabetes who began either GLP-1RA or SGLT2i.
All had a prior diabetes diagnosis.
GLP-1RA users: mean age 58.0, BMI 37.4.
SGLT2i users: mean age 64.6, BMI 32.8.
Charlson Comorbidity Index ≥ 3 in 65.2% (GLP-1RA) and 68.5% (SGLT2i).
[Instruction]
- Judge whether the treatments causally influence the outcome.
- Both treatments are expected to behave similarly (either both yes or both no).
- “Yes” = Positive Outcome (OOI); “No” = Negative Control Outcome (NCO).
- Reply with only “yes” or “no.”
[Few-shot Examples]
- Treatment group using GLP-1RA (treatment) had 0.20% Foreign body in ear, compared with 0.12% for control group using SGLT2i. Does treatment have causal effect to the Foreign body in ear (is it a Positive Outcome)? - no
- Treatment group using GLP-1RA (treatment) had 94.81% Type 2 diabetes mellitus, compared with 96.68% for control group using SGLT2i. Does treatment have causal effect to the Type 2 diabetes mellitus (is it a Positive Outcome)? - yes
[Your Task]
[Question]
Treatment group using GLP-1RA (treatment) had 10.44% Diabetic retinopathy, compared with 10.45% for control group using SGLT2i. Does treatment have causal effect to the Diabetic retinopathy (is it a Positive Outcome)?
Answer: [Your answer, ""yes"" or ""no""]",7,"Okay, so I need to determine whether GLP-1RA or SGLT2i treatments have a causal effect on Diabetic retinopathy in patients with type 2 diabetes. The data given is that 10.44% of GLP-1RA users experienced Diabetic retinopathy, while 10.45% of SGLT2i users did as well. 

First, I remember that both GLP-1RA and SGLT2i are medications used to manage type 2 diabetes. They work differently, but both are intended to improve blood glucose control. However, they might also have effects on other diabetes-related complications, like retinopathy.

Diabetic retinopathy is a microvascular complication of diabetes, often related to poor blood glucose control. So, if these medications are effective in managing blood glucose, they might influence the development or progression of retinopathy. 

Now, looking at the percentages, both treatments have nearly the same rate of Diabetic retinopathy—10.44% vs. 10.45%. That's a very small difference, just 0.01 percentage point. Considering that these are real-world data, the percentages could be influenced by various factors, such as the study's sample size, the population's characteristics, and other confounding variables.

Wait, the Cohort Description mentions that GLP-1RA users are slightly younger (mean age 58.0 vs. 64.6 for SGLT2i) and have a higher BMI (37.4 vs. 32.8). They also have a slightly lower Charlson Comorbidity Index (65.2% vs. 68.5%). These differences could mean that the two groups have different baseline characteristics, which might affect the outcome.

If GLP-1RA users are younger and have a higher BMI, maybe they are more likely to develop retinopathy because higher BMI is a known risk factor for diabetic retinopathy. So, even if the medications themselves don't cause retinopathy, the population using GLP-1RA might be at higher risk.

On the other hand, SGLT2i users are older and have a lower BMI, which might be protective against retinopathy. But in this case, the rates are almost the same, which is interesting.

Another angle is that both drugs are used to manage diabetes, so they might both reduce the risk of retinopathy by improving glycemic control. If that's the case, their rates of retinopathy should be similar, as better control can prevent or slow the progression of retinopathy.

However, the extremely small difference in percentages (0.01%) is almost negligible. This makes me wonder if this difference is statistically significant or just a coincidence due to the sample size. If the sample sizes are large, a small difference might still be significant, but with such a tiny difference, it's hard to tell without more data.

Also, considering that both treatments are expected to behave similarly in terms of causal effect, as per the instructions, I should consider whether both are either causing or not causing the outcome. If the outcome rates are similar, it might suggest that neither treatment has a significant causal effect on retinopathy, or that both have similar effects.

But wait, the example given in the question was about a treatment and control where the treatment group had a slightly higher percentage, and the answer was ""no"" because the difference was too small and could be due to other factors. So, applying the same logic here, since the percentages are almost the same, it's likely that neither treatment has a causal effect on Diabetic retinopathy. The small difference could be coincidental or due to other variables not accounted for, like differences in comorbidities or other risk factors.

Therefore, I think the answer should be ""no"" because there's no significant difference between the two treatments in terms of the outcome, suggesting that neither has a causal effect on Diabetic retinopathy.
</think>

no",no
Batch4,v3,medical_questions_v3.txt,1,"Question 1
[Background]
We compare two treatments for type 2 diabetes:
- Treatment: GLP-1 Receptor Agonists (GLP-1RA)
- Control: Sodium-Glucose Cotransporter-2 Inhibitors (SGLT2i)
[Task Description]
You’ll receive an outcome and the percentage of affected patients in each group.
Decide whether these treatments have a causal effect on that outcome.
You will receive a query describing an outcome and the proportion of patients in each group who experienced it:
- One percentage for patients using GLP-1RA (treatment group).
- One percentage for patients using SGLT2i (control group).
Your task is to determine whether the treatments (GLP-1RA and SGLT2i) have a causal effect on that outcome.
[Cohort Description]
Adults with type 2 diabetes who began either GLP-1RA or SGLT2i.
All had a prior diabetes diagnosis.
GLP-1RA users: mean age 58.0, BMI 37.4.
SGLT2i users: mean age 64.6, BMI 32.8.
Charlson Comorbidity Index ≥ 3 in 65.2% (GLP-1RA) and 68.5% (SGLT2i).
[Instruction]
- Judge whether the treatments causally influence the outcome.
- Both treatments are expected to behave similarly (either both yes or both no).
- “Yes” = Positive Outcome (OOI); “No” = Negative Control Outcome (NCO).
- Reply with only “yes” or “no.”
[Few-shot Examples]
- Treatment group using GLP-1RA (treatment) had 0.20% Foreign body in ear, compared with 0.12% for control group using SGLT2i. Does treatment have causal effect to the Foreign body in ear (is it a Positive Outcome)? - no
- Treatment group using GLP-1RA (treatment) had 94.81% Type 2 diabetes mellitus, compared with 96.68% for control group using SGLT2i. Does treatment have causal effect to the Type 2 diabetes mellitus (is it a Positive Outcome)? - yes
[Your Task]
[Question]
Treatment group using GLP-1RA (treatment) had 10.44% Diabetic retinopathy, compared with 10.45% for control group using SGLT2i. Does treatment have causal effect to the Diabetic retinopathy (is it a Positive Outcome)?
Answer: [Your answer, ""yes"" or ""no""]",8,"Okay, so I need to determine whether GLP-1RA or SGLT2i treatments have a causal effect on diabetic retinopathy in type 2 diabetes patients. The question gives me the percentages of patients who experienced diabetic retinopathy in both treatment groups. 

First, let me recall what I know about these treatments. GLP-1 receptor agonists, like exenatide or liraglutide, work by increasing insulin secretion and decreasing glucose production. They're known to help with weight loss and can lower HbA1c levels, which is good for diabetes management. On the other hand, SGLT2 inhibitors, such as empagliflozin or dapagliflozin, work by inhibiting the kidneys' reabsorption of glucose, which also lowers blood sugar levels. Both are used to manage type 2 diabetes, but they have different mechanisms.

Now, the outcome in question is diabetic retinopathy. I know that both high blood glucose levels and other factors associated with diabetes can contribute to the development and progression of diabetic retinopathy. So, the primary risk factor here is the level of glucose control. Treatments that effectively lower blood glucose might reduce the risk or progression of diabetic retinopathy.

Looking at the data provided: 10.44% of GLP-1RA users had diabetic retinopathy, and 10.45% of SGLT2i users did as well. The percentages are very close, almost identical. If there were a causal effect, I would expect one treatment to have a higher or lower proportion than the other, depending on whether it's a positive or negative outcome.

The instructions mention that both treatments are expected to behave similarly—either both have a causal effect or neither does. The example given was when the treatment group had a slightly higher percentage, but it was considered a negative outcome because the difference was negligible and both were similar. In that case, the answer was ""no.""

In this case, the percentages are almost the same, 10.44% vs. 10.45%. The difference is minimal, just 0.01 percentage points. Given that both treatments are meant to manage blood glucose and thus potentially influence diabetic retinopathy, but since the outcome is the same in both groups, it suggests that neither treatment is causally affecting it. The similarity in the percentage indicates that the treatment itself isn't the driving factor for the outcome.

Additionally, I should consider whether there's any known relationship between these treatments and diabetic retinopathy. Both GLP-1RA and SGLT2i are associated with improved glycemic control, which is positive for diabetes management but could also affect microvascular complications like retinopathy. However, the fact that both groups have almost identical rates suggests that the improvement in glucose control from both treatments is contributing equally to the outcome, and neither is uniquely causal.

Therefore, the most logical conclusion is that neither treatment has a causal effect on diabetic retinopathy in this context because both groups have very similar rates of the outcome.
</think>

no",no
Batch4,v3,medical_questions_v3.txt,1,"Question 1
[Background]
We compare two treatments for type 2 diabetes:
- Treatment: GLP-1 Receptor Agonists (GLP-1RA)
- Control: Sodium-Glucose Cotransporter-2 Inhibitors (SGLT2i)
[Task Description]
You’ll receive an outcome and the percentage of affected patients in each group.
Decide whether these treatments have a causal effect on that outcome.
You will receive a query describing an outcome and the proportion of patients in each group who experienced it:
- One percentage for patients using GLP-1RA (treatment group).
- One percentage for patients using SGLT2i (control group).
Your task is to determine whether the treatments (GLP-1RA and SGLT2i) have a causal effect on that outcome.
[Cohort Description]
Adults with type 2 diabetes who began either GLP-1RA or SGLT2i.
All had a prior diabetes diagnosis.
GLP-1RA users: mean age 58.0, BMI 37.4.
SGLT2i users: mean age 64.6, BMI 32.8.
Charlson Comorbidity Index ≥ 3 in 65.2% (GLP-1RA) and 68.5% (SGLT2i).
[Instruction]
- Judge whether the treatments causally influence the outcome.
- Both treatments are expected to behave similarly (either both yes or both no).
- “Yes” = Positive Outcome (OOI); “No” = Negative Control Outcome (NCO).
- Reply with only “yes” or “no.”
[Few-shot Examples]
- Treatment group using GLP-1RA (treatment) had 0.20% Foreign body in ear, compared with 0.12% for control group using SGLT2i. Does treatment have causal effect to the Foreign body in ear (is it a Positive Outcome)? - no
- Treatment group using GLP-1RA (treatment) had 94.81% Type 2 diabetes mellitus, compared with 96.68% for control group using SGLT2i. Does treatment have causal effect to the Type 2 diabetes mellitus (is it a Positive Outcome)? - yes
[Your Task]
[Question]
Treatment group using GLP-1RA (treatment) had 10.44% Diabetic retinopathy, compared with 10.45% for control group using SGLT2i. Does treatment have causal effect to the Diabetic retinopathy (is it a Positive Outcome)?
Answer: [Your answer, ""yes"" or ""no""]",9,"Alright, so I'm trying to figure out whether GLP-1RA treatment has a causal effect on Diabetic retinopathy in type 2 diabetes patients. Let's start by understanding the context and the data provided.

First, the background says we're comparing two treatments: GLP-1 Receptor Agonists (GLP-1RA) and Sodium-Glucose Cotransporter-2 Inhibitors (SGLT2i). Both are used for type 2 diabetes management. The task is to determine if these treatments causally influence a specific outcome, which in this case is Diabetic retinopathy. The outcome is given as the percentage of patients who experienced it in each group.

The data provided is that 10.44% of GLP-1RA users had Diabetic retinopathy, compared to 10.45% in the SGLT2i group. The percentages are very close, with only a 0.01% difference. 

Now, looking at the cohort description: both groups consist of adults with type 2 diabetes who started on either GLP-1RA or SGLT2i. They have similar demographics in terms of age, BMI, and Charlson Comorbidity Index, which indicates that the patients in both groups are generally similar in terms of health status and diabetes severity.

The instruction mentions that both treatments are expected to behave similarly, either both yes or both no for causal effect. Also, a ""Yes"" answer implies a positive outcome, while ""No"" implies a negative control outcome.

Looking at the few-shot examples provided:

1. In the first example, the treatment group had a slightly higher rate of Foreign body in ear, but the control group had a lower rate. The answer was ""no"" because the difference was minimal and it's unlikely that the treatment caused the outcome. It's more of a coincidence.

2. The second example showed that the treatment group had a slightly lower rate of Type 2 diabetes compared to the control group. The answer was ""yes"" because the treatment was effective in reducing the condition, which is a positive outcome.

In our case, the outcome is Diabetic retinopathy, which is a common complication of type 2 diabetes. Both treatments are known to influence blood glucose levels, which can affect the risk of diabetic retinopathy. GLP-1RA medications, like exenatide and liraglutide, are known to help with weight loss, reduce HbA1c, and possibly lower blood glucose more effectively than SGLT2i in some studies. SGLT2i medications, like empagliflozin and dapagliflozin, are also used to manage type 2 diabetes, often with additional benefits like reducing the risk of cardiovascular events.

However, both treatments are used to manage blood glucose, and it's not immediately clear if one would have a causal effect on diabetic retinopathy over the other. Diabetic retinopathy is influenced by long-term hyperglycemia, so better glucose control should theoretically reduce the risk. But both GLP-1RA and SGLT2i help in glucose control, so perhaps they both have similar effects.

Looking at the percentages, the treatment group (GLP-1RA) has 10.44%, and the control (SGLT2i) has 10.45%. The difference is minimal, only 0.01 percentage points. This small difference could be due to chance, especially since both groups are large enough (assuming the sample sizes are substantial) or perhaps the effect size is very small.

In the first example, the 0.20% vs. 0.12% difference was considered a coincidence, leading to a ""no"" answer. Similarly, here, the difference is minimal, which might suggest that it's not a true causal effect but rather a coincidence or due to other factors not accounted for.

Also, considering that both treatments are used for similar purposes, it's expected that their effects on complications like retinopathy would be similar. Unless there's specific evidence that one treatment is more effective in preventing retinopathy, the difference is too small to attribute causation.

Therefore, it's more likely that the difference is due to random chance or other variables not controlled for, rather than a true causal effect of the treatment on Diabetic retinopathy.
</think>

no",no
Batch4,v3,medical_questions_v3.txt,1,"Question 1
[Background]
We compare two treatments for type 2 diabetes:
- Treatment: GLP-1 Receptor Agonists (GLP-1RA)
- Control: Sodium-Glucose Cotransporter-2 Inhibitors (SGLT2i)
[Task Description]
You’ll receive an outcome and the percentage of affected patients in each group.
Decide whether these treatments have a causal effect on that outcome.
You will receive a query describing an outcome and the proportion of patients in each group who experienced it:
- One percentage for patients using GLP-1RA (treatment group).
- One percentage for patients using SGLT2i (control group).
Your task is to determine whether the treatments (GLP-1RA and SGLT2i) have a causal effect on that outcome.
[Cohort Description]
Adults with type 2 diabetes who began either GLP-1RA or SGLT2i.
All had a prior diabetes diagnosis.
GLP-1RA users: mean age 58.0, BMI 37.4.
SGLT2i users: mean age 64.6, BMI 32.8.
Charlson Comorbidity Index ≥ 3 in 65.2% (GLP-1RA) and 68.5% (SGLT2i).
[Instruction]
- Judge whether the treatments causally influence the outcome.
- Both treatments are expected to behave similarly (either both yes or both no).
- “Yes” = Positive Outcome (OOI); “No” = Negative Control Outcome (NCO).
- Reply with only “yes” or “no.”
[Few-shot Examples]
- Treatment group using GLP-1RA (treatment) had 0.20% Foreign body in ear, compared with 0.12% for control group using SGLT2i. Does treatment have causal effect to the Foreign body in ear (is it a Positive Outcome)? - no
- Treatment group using GLP-1RA (treatment) had 94.81% Type 2 diabetes mellitus, compared with 96.68% for control group using SGLT2i. Does treatment have causal effect to the Type 2 diabetes mellitus (is it a Positive Outcome)? - yes
[Your Task]
[Question]
Treatment group using GLP-1RA (treatment) had 10.44% Diabetic retinopathy, compared with 10.45% for control group using SGLT2i. Does treatment have causal effect to the Diabetic retinopathy (is it a Positive Outcome)?
Answer: [Your answer, ""yes"" or ""no""]",10,"Okay, so I need to figure out whether GLP-1RA treatments have a causal effect on diabetic retinopathy compared to SGLT2i. The data given is that 10.44% of GLP-1RA users had diabetic retinopathy, while 10.45% of SGLT2i users did as well. 

First, I remember that both GLP-1RA and SGLT2i are medications used to manage type 2 diabetes. They work differently, but both are intended to improve blood sugar control. Diabetic retinopathy is a common complication of type 2 diabetes, so it's a condition we'd expect to see in both groups.

Now, the percentages are very close: 10.44% vs. 10.45%. That's a tiny difference, just 0.01%. I'm wondering if this difference is statistically significant or just a coincidence. Since the percentages are so similar, it might be due to random chance or variability in the data, especially if the sample sizes are large.

Also, the question mentions that both treatments are expected to behave similarly. That suggests that any effect they might have on an outcome like diabetic retinopathy would likely be the same for both groups. If one had a slightly higher rate, it might indicate a causal effect, but here they're almost the same.

Another thing to consider is whether diabetic retinopathy is influenced by the specific mechanisms of these drugs. GLP-1RA works by helping with glucose control and might have some effects on other aspects of diabetes, but I'm not sure if it directly causes diabetic retinopathy. SGLT2i also helps with glucose control but through a different pathway. Since both are used to manage blood sugar, it's possible that any reduction in complications, like retinopathy, would be due to better blood sugar control rather than the specific drug mechanism.

Given that the percentages are almost identical, the difference is negligible. It's unlikely that either treatment has a causal effect on diabetic retinopathy in this context. The small difference could be a fluke or due to other factors not accounted for in the data provided.

So, putting it all together, I don't see a significant enough difference to conclude that GLP-1RA has a causal effect on diabetic retinopathy compared to SGLT2i. Therefore, the answer should be ""no.""
</think>

no",no
Batch4,v3,medical_questions_v3.txt,2,"Question 2
[Background]
We compare two treatments for type 2 diabetes:
- Treatment: GLP-1 Receptor Agonists (GLP-1RA)
- Control: Sodium-Glucose Cotransporter-2 Inhibitors (SGLT2i)
[Task Description]
You’ll receive an outcome and the percentage of affected patients in each group.
Decide whether these treatments have a causal effect on that outcome.
You will receive a query describing an outcome and the proportion of patients in each group who experienced it:
- One percentage for patients using GLP-1RA (treatment group).
- One percentage for patients using SGLT2i (control group).
Your task is to determine whether the treatments (GLP-1RA and SGLT2i) have a causal effect on that outcome.
[Cohort Description]
Adults with type 2 diabetes who began either GLP-1RA or SGLT2i.
All had a prior diabetes diagnosis.
GLP-1RA users: mean age 58.0, BMI 37.4.
SGLT2i users: mean age 64.6, BMI 32.8.
Charlson Comorbidity Index ≥ 3 in 65.2% (GLP-1RA) and 68.5% (SGLT2i).
[Instruction]
- Judge whether the treatments causally influence the outcome.
- Both treatments are expected to behave similarly (either both yes or both no).
- “Yes” = Positive Outcome (OOI); “No” = Negative Control Outcome (NCO).
- Reply with only “yes” or “no.”
[Few-shot examples]
- Treatment group using GLP-1RA (treatment) had 0.20% Foreign body in ear, compared with 0.12% for control group using SGLT2i. Does treatment have causal effect to the Foreign body in ear (is it a Positive Outcome)? - no
- Treatment group using GLP-1RA (treatment) had 94.81% Type 2 diabetes mellitus, compared with 96.68% for control group using SGLT2i. Does treatment have causal effect to the Type 2 diabetes mellitus (is it a Positive Outcome)? - yes
[Your Task]
[Question]
Treatment group using GLP-1RA (treatment) had 3.36% Tear film insufficiency, compared with 2.14% for control group using SGLT2i. Does treatment have causal effect to the Tear film insufficiency (is it a Positive Outcome)?
Answer: [Your answer, ""yes"" or ""no""]",1,"Okay, so I'm trying to figure out whether GLP-1RA treatments have a causal effect on tear film insufficiency in patients with type 2 diabetes. Let me break down the information given.

First, I know that both GLP-1RA (GLP-1 Receptor Agonists) and SGLT2i (Sodium-Glucose Cotransporter-2 Inhibitors) are medications used to manage type 2 diabetes. They work differently though. GLP-1RA helps with glucose control by increasing insulin secretion and decreasing appetite, while SGLT2i works by inhibiting the kidneys from reabsorbing glucose, thus promoting urine output and lowering blood sugar.

The question gives me the percentage of patients experiencing tear film insufficiency in each group. The treatment group (GLP-1RA) has 3.36%, and the control group (SGLT2i) has 2.14%. So, more patients on GLP-1RA have this issue compared to those on SGLT2i.

Now, the task is to determine if this difference is causally related. That is, does using GLP-1RA actually cause tear film insufficiency, or is this just a coincidence due to other factors?

I should consider the potential mechanisms. Tear film insufficiency is related to dry eyes, which can be influenced by various factors like aging, inflammation, or medications. Both GLP-1RA and SGLT2i can sometimes cause side effects that affect the eyes. For example, GLP-1RA might increase the risk of cataracts or other eye issues, while SGLT2i has been linked to a higher risk of diabetic retinopathy.

Looking at the comorbidity indices, both groups have a high Charlson score, which suggests that patients have multiple health issues. This could mean that there are underlying conditions that might influence the occurrence of tear film insufficiency in both groups. Also, the ages are different: GLP-1RA users are younger (mean age 58) compared to SGLT2i users (mean age 64.6). Aging itself is a risk factor for dry eye syndrome, so the age difference might contribute to the higher incidence in the GLP-1RA group.

Additionally, BMI is lower in the SGLT2i group (32.8 vs. 37.4). Lower BMI is sometimes associated with a higher risk of dry eye disorders because of the orbital fat changes. So, the BMI difference could also play a role in the higher rate in the GLP-1RA group.

Another angle is the duration of treatment. If GLP-1RA was used for a longer period, it might have more time to cause side effects. However, since the question doesn't provide information on treatment duration, I can't factor that in.

I should also consider if there are any known side effects of GLP-1RA that directly affect the eyes. A quick recall makes me think that GLP-1RA might not be directly linked to tear film insufficiency, but I'm not entirely sure. On the other hand, SGLT2i has been more commonly associated with eye complications like retinopathy, which is a different condition but still an eye-related issue.

Given that both treatments have different mechanisms, and the higher incidence in GLP-1RA could be due to other factors like age and BMI, it's possible that the difference isn't causally related to the treatment itself. It might just be a coincidence or influenced by other variables.

Moreover, the instruction mentions that both treatments are expected to behave similarly, either both yes or both no. So, if GLP-1RA had a causal effect, SGLT2i should also have one, but since the percentages are different, it suggests it's not a treatment effect but something else.

In the example provided, when the treatment group had a higher rate of foreign body in the ear, it was concluded to be a negative control outcome, meaning no causal effect. Similarly, in this case, the higher rate in GLP-1RA might not be due to the treatment but other factors.

So, putting it all together, I think the difference in tear film insufficiency is more likely due to age, BMI, or other comorbidities rather than the treatment itself. Therefore, the treatment doesn't have a causal effect on this outcome.
</think>

no",no
Batch4,v3,medical_questions_v3.txt,2,"Question 2
[Background]
We compare two treatments for type 2 diabetes:
- Treatment: GLP-1 Receptor Agonists (GLP-1RA)
- Control: Sodium-Glucose Cotransporter-2 Inhibitors (SGLT2i)
[Task Description]
You’ll receive an outcome and the percentage of affected patients in each group.
Decide whether these treatments have a causal effect on that outcome.
You will receive a query describing an outcome and the proportion of patients in each group who experienced it:
- One percentage for patients using GLP-1RA (treatment group).
- One percentage for patients using SGLT2i (control group).
Your task is to determine whether the treatments (GLP-1RA and SGLT2i) have a causal effect on that outcome.
[Cohort Description]
Adults with type 2 diabetes who began either GLP-1RA or SGLT2i.
All had a prior diabetes diagnosis.
GLP-1RA users: mean age 58.0, BMI 37.4.
SGLT2i users: mean age 64.6, BMI 32.8.
Charlson Comorbidity Index ≥ 3 in 65.2% (GLP-1RA) and 68.5% (SGLT2i).
[Instruction]
- Judge whether the treatments causally influence the outcome.
- Both treatments are expected to behave similarly (either both yes or both no).
- “Yes” = Positive Outcome (OOI); “No” = Negative Control Outcome (NCO).
- Reply with only “yes” or “no.”
[Few-shot examples]
- Treatment group using GLP-1RA (treatment) had 0.20% Foreign body in ear, compared with 0.12% for control group using SGLT2i. Does treatment have causal effect to the Foreign body in ear (is it a Positive Outcome)? - no
- Treatment group using GLP-1RA (treatment) had 94.81% Type 2 diabetes mellitus, compared with 96.68% for control group using SGLT2i. Does treatment have causal effect to the Type 2 diabetes mellitus (is it a Positive Outcome)? - yes
[Your Task]
[Question]
Treatment group using GLP-1RA (treatment) had 3.36% Tear film insufficiency, compared with 2.14% for control group using SGLT2i. Does treatment have causal effect to the Tear film insufficiency (is it a Positive Outcome)?
Answer: [Your answer, ""yes"" or ""no""]",2,"Okay, so I need to figure out whether the treatments, GLP-1RA and SGLT2i, have a causal effect on tear film insufficiency in patients with type 2 diabetes. The question gives me the percentages of patients in each group who experienced this outcome. 

First, I'll look at the data: 3.36% in the GLP-1RA group and 2.14% in the SGLT2i group. So, more patients in the GLP-1RA group had tear film insufficiency. 

But wait, I need to consider if this difference is due to the treatment itself causing the condition or if it's just a coincidence. The instructions mention that both treatments should behave similarly, either both causing the outcome or neither. So, if one group has a higher percentage, it's possible that the other group doesn't because the outcome isn't influenced by the treatment. 

Looking at the examples provided helps. In the first example, the treatment group had a higher rate of a foreign body in the ear, but it was determined to be a negative outcome, meaning the treatment didn't cause it. In the second example, both treatments had high rates of diabetes, so it was considered a positive outcome, implying the treatment caused it. 

In this case, the outcome is a condition (tear film insufficiency) that might be related to diabetes itself. Both GLP-1RA and SGLT2i are diabetes medications, so it's possible that the higher rate in the GLP-1RA group isn't caused by the medication but is a natural progression of the disease. 

Also, considering the comorbidities, the Charlson Index is similar in both groups, so the overall health of the patients isn't a major factor here. The age and BMI are different, which could influence the outcome, but since the control group also has different characteristics, it's hard to attribute the difference solely to one treatment. 

So, I think the higher rate in the GLP-1RA group isn't a causal effect of the treatment but rather a reflection of the disease's progression. Therefore, the treatment doesn't have a causal effect on tear film insufficiency.
</think>

no",no
Batch4,v3,medical_questions_v3.txt,2,"Question 2
[Background]
We compare two treatments for type 2 diabetes:
- Treatment: GLP-1 Receptor Agonists (GLP-1RA)
- Control: Sodium-Glucose Cotransporter-2 Inhibitors (SGLT2i)
[Task Description]
You’ll receive an outcome and the percentage of affected patients in each group.
Decide whether these treatments have a causal effect on that outcome.
You will receive a query describing an outcome and the proportion of patients in each group who experienced it:
- One percentage for patients using GLP-1RA (treatment group).
- One percentage for patients using SGLT2i (control group).
Your task is to determine whether the treatments (GLP-1RA and SGLT2i) have a causal effect on that outcome.
[Cohort Description]
Adults with type 2 diabetes who began either GLP-1RA or SGLT2i.
All had a prior diabetes diagnosis.
GLP-1RA users: mean age 58.0, BMI 37.4.
SGLT2i users: mean age 64.6, BMI 32.8.
Charlson Comorbidity Index ≥ 3 in 65.2% (GLP-1RA) and 68.5% (SGLT2i).
[Instruction]
- Judge whether the treatments causally influence the outcome.
- Both treatments are expected to behave similarly (either both yes or both no).
- “Yes” = Positive Outcome (OOI); “No” = Negative Control Outcome (NCO).
- Reply with only “yes” or “no.”
[Few-shot examples]
- Treatment group using GLP-1RA (treatment) had 0.20% Foreign body in ear, compared with 0.12% for control group using SGLT2i. Does treatment have causal effect to the Foreign body in ear (is it a Positive Outcome)? - no
- Treatment group using GLP-1RA (treatment) had 94.81% Type 2 diabetes mellitus, compared with 96.68% for control group using SGLT2i. Does treatment have causal effect to the Type 2 diabetes mellitus (is it a Positive Outcome)? - yes
[Your Task]
[Question]
Treatment group using GLP-1RA (treatment) had 3.36% Tear film insufficiency, compared with 2.14% for control group using SGLT2i. Does treatment have causal effect to the Tear film insufficiency (is it a Positive Outcome)?
Answer: [Your answer, ""yes"" or ""no""]",3,"Alright, so I need to figure out whether GLP-1RA treatment has a causal effect on tear film insufficiency in patients with type 2 diabetes. Let me start by understanding the problem.

First, the question gives me two percentages: 3.36% for the treatment group (GLP-1RA users) and 2.14% for the control group (SGLT2i users) experiencing tear film insufficiency. My task is to determine if the treatment caused this outcome.

I remember from the background that both GLP-1RA and SGLT2i are diabetes medications, but they work differently. GLP-1RA helps with glucose control by increasing insulin and decreasing appetite, while SGLT2i inhibits the kidneys from reabsorbing glucose, thus promoting urine output and lowering blood sugar.

The question is about a specific outcome: tear film insufficiency. I'm not very familiar with this condition, so I'll need to think about what causes it. Tear film insufficiency is when the tear film, which is the layer of tears on the surface of the eye, doesn't function properly. This can be due to various factors like dry eyes, infections, or eye conditions.

Now, considering the medications in question. GLP-1RA can sometimes cause gastrointestinal issues like nausea and vomiting. Could this lead to tear film problems? I'm not sure. Maybe if someone is frequently vomiting, they might not produce enough tears, but that seems a bit of a stretch.

On the other hand, SGLT2i medications can cause urinary tract infections or other genitourinary issues. Could that affect the eyes? I don't recall a direct link between urinary tract infections and eye tear film health. However, both medications can cause side effects that might indirectly affect the body, but I don't know if they specifically target the tear film.

Looking at the examples provided: in one, the treatment group had a higher rate of a certain outcome, and it was determined to be a positive outcome, so the answer was ""yes"". In another, the treatment group had a lower rate, and it was still a ""no"". So the decision isn't based solely on the percentage difference but on whether the treatment causes the outcome.

Given that both treatments are diabetes medications, and the outcome is a specific eye condition, I don't see a direct causal relationship. Both medications are used for blood sugar control, but they don't target eye health directly. Unless there's a known side effect of these drugs that affects tear film, which I'm not aware of, the causation seems unlikely.

Also, considering the comorbidity indices: GLP-1RA users have a similar comorbidity burden to SGLT2i users (both around 65-68%), so the difference in the outcome percentage might be due to other factors, like patient characteristics or other health conditions, rather than the treatment itself.

Therefore, I don't think GLP-1RA treatment has a causal effect on tear film insufficiency. The answer should be ""no"".
</think>

no",no
Batch4,v3,medical_questions_v3.txt,2,"Question 2
[Background]
We compare two treatments for type 2 diabetes:
- Treatment: GLP-1 Receptor Agonists (GLP-1RA)
- Control: Sodium-Glucose Cotransporter-2 Inhibitors (SGLT2i)
[Task Description]
You’ll receive an outcome and the percentage of affected patients in each group.
Decide whether these treatments have a causal effect on that outcome.
You will receive a query describing an outcome and the proportion of patients in each group who experienced it:
- One percentage for patients using GLP-1RA (treatment group).
- One percentage for patients using SGLT2i (control group).
Your task is to determine whether the treatments (GLP-1RA and SGLT2i) have a causal effect on that outcome.
[Cohort Description]
Adults with type 2 diabetes who began either GLP-1RA or SGLT2i.
All had a prior diabetes diagnosis.
GLP-1RA users: mean age 58.0, BMI 37.4.
SGLT2i users: mean age 64.6, BMI 32.8.
Charlson Comorbidity Index ≥ 3 in 65.2% (GLP-1RA) and 68.5% (SGLT2i).
[Instruction]
- Judge whether the treatments causally influence the outcome.
- Both treatments are expected to behave similarly (either both yes or both no).
- “Yes” = Positive Outcome (OOI); “No” = Negative Control Outcome (NCO).
- Reply with only “yes” or “no.”
[Few-shot examples]
- Treatment group using GLP-1RA (treatment) had 0.20% Foreign body in ear, compared with 0.12% for control group using SGLT2i. Does treatment have causal effect to the Foreign body in ear (is it a Positive Outcome)? - no
- Treatment group using GLP-1RA (treatment) had 94.81% Type 2 diabetes mellitus, compared with 96.68% for control group using SGLT2i. Does treatment have causal effect to the Type 2 diabetes mellitus (is it a Positive Outcome)? - yes
[Your Task]
[Question]
Treatment group using GLP-1RA (treatment) had 3.36% Tear film insufficiency, compared with 2.14% for control group using SGLT2i. Does treatment have causal effect to the Tear film insufficiency (is it a Positive Outcome)?
Answer: [Your answer, ""yes"" or ""no""]",4,"Okay, so I'm trying to figure out whether GLP-1 Receptor Agonists (GLP-1RA) have a causal effect on Tear film insufficiency compared to Sodium-Glucose Cotransporter-2 Inhibitors (SGLT2i) in patients with type 2 diabetes. 

First, I need to understand what both treatments do. GLP-1RA medications, like exenatide or liraglutide, work by mimicking the action of GLP-1, a hormone that helps regulate blood sugar. They help lower blood glucose by increasing insulin release and decreasing sugar absorption in the intestines. They're also known to have effects on appetite and weight, often leading to weight loss.

On the other hand, SGLT2i drugs, such as empagliflozin or dapagliflozin, inhibit the SGLT2 transporter in the kidneys. This prevents the kidneys from reabsorbing glucose, leading to increased urine excretion of glucose and, consequently, lower blood glucose levels. They've also been linked to reduced risk of cardiovascular events and potential benefits for the kidneys and heart.

Now, the question is about Tear film insufficiency, which is a condition where the eyes don't produce enough tears to keep the surface of the eye lubricated. This can cause discomfort, dry eyes, and even vision problems. 

I'm trying to think if either of these treatments is directly linked to causing or treating tear film insufficiency. From what I know, neither GLP-1RA nor SGLT2i are known to directly affect tear production. They primarily influence blood sugar and related metabolic factors.

Looking at the percentages given: 3.36% in the GLP-1RA group and 2.14% in the SGLT2i group. That means more patients in the GLP-1RA group experienced tear film insufficiency compared to the SGLT2i group. So, does this mean that GLP-1RA causes the condition? 

I should consider whether there's any indirect link. Maybe through other effects. For instance, both treatments can cause weight loss, which might lead to dry eyes if someone is losing too much weight and not drinking enough fluids. Or perhaps they affect the body's hormonal balance in a way that impacts tear production. However, I'm not aware of any such mechanisms.

Another angle is to look at whether the condition is a known side effect of these medications. I don't recall any reports linking GLP-1RA or SGLT2i to tear film insufficiency. Both drugs are generally well-tolerated, with common side effects like nausea, diarrhea, or in the case of SGLT2i, urinary tract infections due to increased glucose in urine. There's no mention of eye-related issues in their typical side effect profiles.

Additionally, the percentages given are quite low—only about 3% and 2%, which isn't a very high number. This suggests that the occurrence of tear film insufficiency isn't a major issue in these patients, and it's not a common or expected side effect of either treatment.

I also need to consider the study design. The question mentions a cohort study where patients started either treatment, with some differences in age, BMI, and comorbidities. The higher Charlson Index in SGLT2i users might indicate more comorbidities, but without specific data on whether those comorbidities are related to eye health, it's hard to draw a direct causal link.

Furthermore, since both treatments are expected to behave similarly in terms of whether they cause the outcome, if GLP-1RA was causing tear film insufficiency, I'd expect SGLT2i to have a similar or higher incidence, but here SGLT2i has a lower percentage. This suggests that the difference might not be due to the treatment itself but perhaps other factors, like differences in the study cohorts.

In summary, while the GLP-1RA group had a slightly higher rate of tear film insufficiency, there's no established causal relationship between these medications and the condition. Both treatments are not known to cause this issue, and the difference in incidence rates might be coincidental or due to other factors not accounted for in the study.
</think>

no",no
Batch4,v3,medical_questions_v3.txt,2,"Question 2
[Background]
We compare two treatments for type 2 diabetes:
- Treatment: GLP-1 Receptor Agonists (GLP-1RA)
- Control: Sodium-Glucose Cotransporter-2 Inhibitors (SGLT2i)
[Task Description]
You’ll receive an outcome and the percentage of affected patients in each group.
Decide whether these treatments have a causal effect on that outcome.
You will receive a query describing an outcome and the proportion of patients in each group who experienced it:
- One percentage for patients using GLP-1RA (treatment group).
- One percentage for patients using SGLT2i (control group).
Your task is to determine whether the treatments (GLP-1RA and SGLT2i) have a causal effect on that outcome.
[Cohort Description]
Adults with type 2 diabetes who began either GLP-1RA or SGLT2i.
All had a prior diabetes diagnosis.
GLP-1RA users: mean age 58.0, BMI 37.4.
SGLT2i users: mean age 64.6, BMI 32.8.
Charlson Comorbidity Index ≥ 3 in 65.2% (GLP-1RA) and 68.5% (SGLT2i).
[Instruction]
- Judge whether the treatments causally influence the outcome.
- Both treatments are expected to behave similarly (either both yes or both no).
- “Yes” = Positive Outcome (OOI); “No” = Negative Control Outcome (NCO).
- Reply with only “yes” or “no.”
[Few-shot examples]
- Treatment group using GLP-1RA (treatment) had 0.20% Foreign body in ear, compared with 0.12% for control group using SGLT2i. Does treatment have causal effect to the Foreign body in ear (is it a Positive Outcome)? - no
- Treatment group using GLP-1RA (treatment) had 94.81% Type 2 diabetes mellitus, compared with 96.68% for control group using SGLT2i. Does treatment have causal effect to the Type 2 diabetes mellitus (is it a Positive Outcome)? - yes
[Your Task]
[Question]
Treatment group using GLP-1RA (treatment) had 3.36% Tear film insufficiency, compared with 2.14% for control group using SGLT2i. Does treatment have causal effect to the Tear film insufficiency (is it a Positive Outcome)?
Answer: [Your answer, ""yes"" or ""no""]",5,"Okay, so I have to figure out whether GLP-1RA treatment causes tear film insufficiency compared to SGLT2i in type 2 diabetes patients. Let me start by understanding the problem.

First, I know that both GLP-1RA and SGLT2i are medications used to manage type 2 diabetes. GLP-1 receptor agonists help with glucose control by increasing insulin secretion and reducing appetite, while SGLT2 inhibitors work by preventing the kidneys from reabsorbing glucose, thus promoting urine output and lowering blood sugar.

The question gives me the percentages of patients in each group who experienced tear film insufficiency. The treatment group (GLP-1RA) had 3.36%, and the control group (SGLT2i) had 2.14%. I need to determine if this difference is due to a causal effect of the treatment or just a coincidence.

I remember from the examples that sometimes the treatment group has a higher percentage, but that doesn't always mean it's a positive outcome. For instance, in the foreign body example, the treatment group had a higher rate, but it was considered a negative outcome because it was more likely a coincidence or another factor.

In this case, tear film insufficiency is more common in the treatment group. I should consider whether GLP-1RA medications are known to cause this condition. From what I recall, GLP-1RA can sometimes cause side effects like nausea, vomiting, and even pancreatitis, but I'm not sure about tear film issues. SGLT2i, on the other hand, is associated with ketoacidosis, heart issues, and urinary tract infections in some cases, but again, not directly linked to tear film problems.

Tear film insufficiency is a condition related to eye health, specifically the tear layer. It can be caused by various factors like dry eye syndrome, infections, or medications that affect the eyes. I'm not aware of a direct link between GLP-1RA or SGLT2i and this condition. However, both medications can sometimes affect the body in unexpected ways.

Looking at the example provided, when the treatment group had a higher percentage of a particular outcome, it was sometimes considered a positive outcome if the treatment was known to cause it, but other times it was just a coincidence. In the foreign body example, it was a negative outcome because the higher rate wasn't tied to the treatment.

In this case, since the treatment group has a higher percentage, I need to assess if this difference is significant enough to suggest causation. Both groups have different comorbidities and other factors. The GLP-1RA group has a higher Charlson score, meaning more comorbidities, which could contribute to more health issues overall. The SGLT2i group is older and has a lower BMI, which might be related to different health risks.

I should also consider potential confounders. For example, maybe patients on GLP-1RA are more likely to have other eye issues, or perhaps the medications affect the eyes differently. Without specific data on whether these medications are associated with tear film insufficiency, it's hard to say definitively.

Another angle is to think about whether the outcome is a known side effect of either medication. If GLP-1RA is known to cause dry eyes or tear film issues, then it's more likely a positive outcome. But if it's not a known side effect, then the higher percentage might just be a statistical fluke or due to other factors.

I also need to consider the instruction that both treatments should behave similarly—either both have a causal effect or neither does. If GLP-1RA is causing tear film insufficiency, then SGLT2i should also be causing it if it's a true causal effect. But if it's just a coincidence, then both might not have a causal link.

Given that I'm not aware of a direct causal relationship between either medication and tear film insufficiency, and considering that the higher percentage in the GLP-1RA group could be due to other factors (like higher comorbidities or other medications they take), it's more likely that this is a negative outcome, meaning the treatment doesn't causally affect it.

So, putting it all together, I think the treatment (GLP-1RA) doesn't causally influence tear film insufficiency in this context. Therefore, the answer should be ""no.""
</think>

no",no
Batch4,v3,medical_questions_v3.txt,2,"Question 2
[Background]
We compare two treatments for type 2 diabetes:
- Treatment: GLP-1 Receptor Agonists (GLP-1RA)
- Control: Sodium-Glucose Cotransporter-2 Inhibitors (SGLT2i)
[Task Description]
You’ll receive an outcome and the percentage of affected patients in each group.
Decide whether these treatments have a causal effect on that outcome.
You will receive a query describing an outcome and the proportion of patients in each group who experienced it:
- One percentage for patients using GLP-1RA (treatment group).
- One percentage for patients using SGLT2i (control group).
Your task is to determine whether the treatments (GLP-1RA and SGLT2i) have a causal effect on that outcome.
[Cohort Description]
Adults with type 2 diabetes who began either GLP-1RA or SGLT2i.
All had a prior diabetes diagnosis.
GLP-1RA users: mean age 58.0, BMI 37.4.
SGLT2i users: mean age 64.6, BMI 32.8.
Charlson Comorbidity Index ≥ 3 in 65.2% (GLP-1RA) and 68.5% (SGLT2i).
[Instruction]
- Judge whether the treatments causally influence the outcome.
- Both treatments are expected to behave similarly (either both yes or both no).
- “Yes” = Positive Outcome (OOI); “No” = Negative Control Outcome (NCO).
- Reply with only “yes” or “no.”
[Few-shot examples]
- Treatment group using GLP-1RA (treatment) had 0.20% Foreign body in ear, compared with 0.12% for control group using SGLT2i. Does treatment have causal effect to the Foreign body in ear (is it a Positive Outcome)? - no
- Treatment group using GLP-1RA (treatment) had 94.81% Type 2 diabetes mellitus, compared with 96.68% for control group using SGLT2i. Does treatment have causal effect to the Type 2 diabetes mellitus (is it a Positive Outcome)? - yes
[Your Task]
[Question]
Treatment group using GLP-1RA (treatment) had 3.36% Tear film insufficiency, compared with 2.14% for control group using SGLT2i. Does treatment have causal effect to the Tear film insufficiency (is it a Positive Outcome)?
Answer: [Your answer, ""yes"" or ""no""]",6,"Okay, so I need to figure out whether GLP-1RA treatments causally affect tear film insufficiency in type 2 diabetes patients compared to SGLT2i. Let me start by understanding the problem.

First, the background tells me that we're comparing two treatments: GLP-1 Receptor Agonists (GLP-1RA) and Sodium-Glucose Cotransporter-2 Inhibitors (SGLT2i). Both are used for type 2 diabetes. The task is to determine if one of these treatments has a causal effect on a specific outcome, which in this case is tear film insufficiency.

The data provided is that in the GLP-1RA group, 3.36% of patients experienced tear film insufficiency, while in the SGLT2i group, only 2.14% did. The question is whether this difference suggests a causal effect.

I remember from the examples given that sometimes the treatment effect isn't necessarily causal. For instance, if the outcome is something both treatments might influence, even if one group has a higher percentage, it might not be due to the treatment itself but another factor.

Looking at the cohort description, both groups have similar characteristics in terms of age, BMI, and comorbidity indices. However, the ages are a bit different: GLP-1RA users are a bit younger (mean age 58.0 vs. 64.6 for SGLT2i). Also, the BMI is higher in the GLP-1RA group (37.4 vs. 32.8). Higher BMI is a known risk factor for diabetic retinopathy and other eye-related complications, which could include tear film insufficiency.

Wait, but tear film insufficiency is more about the eye's ability to produce tears, right? It's related to ocular surface disease. I'm not sure how directly diabetes treatments would affect this. GLP-1RA primarily affects glucose control by increasing insulin and decreasing glucagon. SGLT2i inhibits sugar reabsorption, also helping with glucose control.

I'm trying to think if either treatment would directly affect tear production or the ocular surface. From what I know, GLP-1RA doesn't have significant effects on the eyes beyond perhaps improving glycemic control, which might indirectly affect eye health. SGLT2i might have some benefits for the eyes as well, especially regarding diabetic retinopathy, but I'm not sure about tear film insufficiency.

Looking at the percentages, GLP-1RA has a higher incidence (3.36%) compared to SGLT2i (2.14%). But the question is whether this difference is causal. It could be that both groups have other risk factors for tear film insufficiency that aren't accounted for, like underlying dry eye conditions or other eye diseases.

Alternatively, maybe the GLP-1RA group has more severe diabetes, which could lead to more eye complications. Or perhaps the GLP-1RA medications have some ocular side effects that aren't well documented.

But considering that both treatments are supposed to be similar in how they affect the outcome (either both yes or both no), if one group had a higher rate, it might not be because of the treatment itself but other factors. Since the example given earlier where the treatment didn't have a causal effect, even with a higher percentage, I think the same logic applies here.

Also, the cohort description shows that both groups have similar comorbidities, but the GLP-1RA group is younger and heavier. Younger age might mean they haven't had diabetes as long, possibly leading to fewer complications, but higher BMI is a risk factor for various diabetic complications.

Tear film insufficiency could be influenced by other factors like age, BMI, prior eye injuries, or other eye diseases. Since the question doesn't provide information on these potential confounders, it's hard to determine if the higher rate in GLP-1RA is due to the treatment or other factors.

In the examples provided, when the treatment group had a higher percentage, the answer was ""no"" because it wasn't necessarily causal. So, applying that reasoning here, even though GLP-1RA has a higher incidence, it might not be due to the treatment but other variables.

Therefore, I think the answer is ""no"" because we can't conclude a causal effect based on the given data. The higher percentage might be due to other factors related to the GLP-1RA group, like higher BMI or other comorbidities.
</think>

no",no
Batch4,v3,medical_questions_v3.txt,2,"Question 2
[Background]
We compare two treatments for type 2 diabetes:
- Treatment: GLP-1 Receptor Agonists (GLP-1RA)
- Control: Sodium-Glucose Cotransporter-2 Inhibitors (SGLT2i)
[Task Description]
You’ll receive an outcome and the percentage of affected patients in each group.
Decide whether these treatments have a causal effect on that outcome.
You will receive a query describing an outcome and the proportion of patients in each group who experienced it:
- One percentage for patients using GLP-1RA (treatment group).
- One percentage for patients using SGLT2i (control group).
Your task is to determine whether the treatments (GLP-1RA and SGLT2i) have a causal effect on that outcome.
[Cohort Description]
Adults with type 2 diabetes who began either GLP-1RA or SGLT2i.
All had a prior diabetes diagnosis.
GLP-1RA users: mean age 58.0, BMI 37.4.
SGLT2i users: mean age 64.6, BMI 32.8.
Charlson Comorbidity Index ≥ 3 in 65.2% (GLP-1RA) and 68.5% (SGLT2i).
[Instruction]
- Judge whether the treatments causally influence the outcome.
- Both treatments are expected to behave similarly (either both yes or both no).
- “Yes” = Positive Outcome (OOI); “No” = Negative Control Outcome (NCO).
- Reply with only “yes” or “no.”
[Few-shot examples]
- Treatment group using GLP-1RA (treatment) had 0.20% Foreign body in ear, compared with 0.12% for control group using SGLT2i. Does treatment have causal effect to the Foreign body in ear (is it a Positive Outcome)? - no
- Treatment group using GLP-1RA (treatment) had 94.81% Type 2 diabetes mellitus, compared with 96.68% for control group using SGLT2i. Does treatment have causal effect to the Type 2 diabetes mellitus (is it a Positive Outcome)? - yes
[Your Task]
[Question]
Treatment group using GLP-1RA (treatment) had 3.36% Tear film insufficiency, compared with 2.14% for control group using SGLT2i. Does treatment have causal effect to the Tear film insufficiency (is it a Positive Outcome)?
Answer: [Your answer, ""yes"" or ""no""]",7,"Okay, so I need to figure out whether GLP-1RA treatment has a causal effect on tear film insufficiency in type 2 diabetes patients. The data given is that 3.36% of GLP-1RA users experienced this issue compared to 2.14% in the SGLT2i group. 

First, I should understand what tear film insufficiency is. From what I know, it's a condition where the eyes don't produce enough tears, which can cause dry eyes and discomfort. It's more common in certain health conditions, including diabetes, because high blood sugar can lead to neuropathy and altered tear production.

Now, looking at the treatments: GLP-1RA is a class of medications that help with weight loss and glucose control. They work by increasing the release of insulin and slowing down digestion. SGLT2i inhibitors work by preventing the kidneys from reabsorbing glucose, thus promoting urine output and helping lower blood sugar.

The user provided a few examples. For instance, when the treatment group had a lower percentage of a certain outcome, it was considered a negative control outcome (NCO), meaning no causal effect. Conversely, when the treatment group had a higher percentage, it was considered a positive outcome (OOI), implying a causal effect.

In the given question, GLP-1RA users have a higher rate of tear film insufficiency (3.36%) compared to SGLT2i (2.14%). Since the treatment group has a higher percentage, according to the examples, this would be a positive outcome. 

But wait, I need to consider whether this higher rate is due to the treatment or a confounding factor. Both groups have different characteristics: GLP-1RA users are younger, have higher BMI, and more comorbidities. SGLT2i users are older and have slightly higher comorbidities. 

So, perhaps the higher rate in GLP-1RA users isn't because of the medication but due to other factors. For example, higher BMI is linked to increased risk of eye problems, including dry eye syndrome. Also, older age can sometimes correlate with more eye issues, but in this case, the SGLT2i group is older, so that doesn't directly explain the difference.

Another angle is that GLP-1RA might affect the body in ways that contribute to dry eyes. GLP-1RA can sometimes cause nausea, which isn't directly linked to dry eyes, but perhaps through other mechanisms. Alternatively, they might influence blood sugar levels, which could impact tear production.

On the other hand, SGLT2i are known to cause a small increase in urinary glucose excretion, but I'm not sure if that's related to eye health. However, since SGLT2i can lead to dehydration in some cases, maybe that could contribute to dry eyes. But the percentage in the SGLT2i group is lower, so it's unclear.

I also remember that in the examples provided, when the treatment group had a higher rate, it was considered a positive outcome. So, following that logic, since GLP-1RA has a higher rate, it's a positive outcome, implying a causal effect.

But I'm a bit confused because both treatments are meant to improve glucose control. If tear film insufficiency is a side effect or a consequence of better glucose control, then both might have similar rates. But the difference here is that GLP-1RA has a higher rate, suggesting maybe it's the cause.

Alternatively, maybe the higher BMI in GLP-1RA users is a contributing factor. Higher BMI is associated with more fat around the eyes, which can cause issues with tear production. So, perhaps the higher rate in GLP-1RA is because their patients have higher BMI, not necessarily because of the medication.

Given that, maybe the causal effect isn't from the treatment but from other factors related to the GLP-1RA group. So, perhaps the correct answer is no, because the higher rate is due to confounding variables rather than the treatment itself.

But wait, the instructions say that both treatments are expected to behave similarly, either both yes or both no. So if GLP-1RA has a higher rate, SGLT2i would also have a similar higher rate, implying a positive outcome. But in this case, SGLT2i has a lower rate, which might contradict that.

Hmm, I'm a bit stuck. The examples showed that when the treatment group had a higher rate, it was a positive outcome. So following that, I think the answer would be yes, GLP-1RA has a causal effect on tear film insufficiency. But I'm not entirely sure if it's due to the treatment or other factors.
</think>

The GLP-1RA group has a higher rate of tear film insufficiency compared to the SGLT2i group. Based on the provided examples, when the treatment group has a higher percentage, it is considered a positive outcome, implying a causal effect. Therefore, the answer is:

**yes**",
Batch4,v3,medical_questions_v3.txt,2,"Question 2
[Background]
We compare two treatments for type 2 diabetes:
- Treatment: GLP-1 Receptor Agonists (GLP-1RA)
- Control: Sodium-Glucose Cotransporter-2 Inhibitors (SGLT2i)
[Task Description]
You’ll receive an outcome and the percentage of affected patients in each group.
Decide whether these treatments have a causal effect on that outcome.
You will receive a query describing an outcome and the proportion of patients in each group who experienced it:
- One percentage for patients using GLP-1RA (treatment group).
- One percentage for patients using SGLT2i (control group).
Your task is to determine whether the treatments (GLP-1RA and SGLT2i) have a causal effect on that outcome.
[Cohort Description]
Adults with type 2 diabetes who began either GLP-1RA or SGLT2i.
All had a prior diabetes diagnosis.
GLP-1RA users: mean age 58.0, BMI 37.4.
SGLT2i users: mean age 64.6, BMI 32.8.
Charlson Comorbidity Index ≥ 3 in 65.2% (GLP-1RA) and 68.5% (SGLT2i).
[Instruction]
- Judge whether the treatments causally influence the outcome.
- Both treatments are expected to behave similarly (either both yes or both no).
- “Yes” = Positive Outcome (OOI); “No” = Negative Control Outcome (NCO).
- Reply with only “yes” or “no.”
[Few-shot examples]
- Treatment group using GLP-1RA (treatment) had 0.20% Foreign body in ear, compared with 0.12% for control group using SGLT2i. Does treatment have causal effect to the Foreign body in ear (is it a Positive Outcome)? - no
- Treatment group using GLP-1RA (treatment) had 94.81% Type 2 diabetes mellitus, compared with 96.68% for control group using SGLT2i. Does treatment have causal effect to the Type 2 diabetes mellitus (is it a Positive Outcome)? - yes
[Your Task]
[Question]
Treatment group using GLP-1RA (treatment) had 3.36% Tear film insufficiency, compared with 2.14% for control group using SGLT2i. Does treatment have causal effect to the Tear film insufficiency (is it a Positive Outcome)?
Answer: [Your answer, ""yes"" or ""no""]",8,"Okay, so I'm trying to figure out whether GLP-1 Receptor Agonists (GLP-1RA) have a causal effect on Tear film insufficiency compared to Sodium-Glucose Cotransporter-2 Inhibitors (SGLT2i) in patients with type 2 diabetes. 

First, I need to understand what Tear film insufficiency is. From what I know, it's a condition where the eyes don't produce enough tears, leading to dry eyes. I'm not sure if this is directly related to diabetes or its treatments, but I'll keep that in mind.

The data provided shows that 3.36% of GLP-1RA users experienced Tear film insufficiency, while 2.14% of SGLT2i users did. So, the treatment group has a slightly higher percentage of patients with this issue.

Now, the task is to determine if this difference is causal. Both GLP-1RA and SGLT2i are medications used for type 2 diabetes, but they work differently. GLP-1RA helps with glucose control by increasing insulin release and decreasing sugar production, while SGLT2i works by inhibiting the kidneys from reabsorbing glucose, thus promoting urine output and lowering blood sugar.

I wonder if either of these medications could directly cause or affect the tear film. I'm not aware of a direct link between these drugs and eye dryness. However, both drugs can cause side effects. For GLP-1RA, common side effects include nausea, diarrhea, and sometimes vomiting. SGLT2i can cause urinary tract infections or increased urination, but I don't recall Tear film insufficiency being a known side effect of either.

Wait, but maybe there's an indirect effect. For instance, if a medication causes weight loss, which is common with GLP-1RA, could that lead to dry eyes? I'm not sure. Weight loss might affect overall health, but I don't know if it's linked to eye dryness. Alternatively, perhaps the medications affect the body's ability to produce tears, but I don't have evidence for that.

Looking at the examples provided, in one case where a treatment group had a higher percentage of a certain outcome, it was determined to be a negative control outcome, meaning no causal effect. The other example, where the treatment group had a lower percentage, was considered a positive outcome, implying a causal effect. So, in this case, since GLP-1RA users have a higher percentage (3.36% vs. 2.14%), the system might consider it a negative outcome, meaning no causal effect.

But wait, the instructions say that both treatments are expected to behave similarly. If both don't have a causal effect, then the higher percentage in GLP-1RA might just be a coincidence or due to another factor, like different patient characteristics. For instance, the GLP-1RA group had a higher BMI and more comorbidities, which might be related to other eye issues.

Also, the example given where the treatment group had a higher percentage of foreign body in the ear was considered a negative outcome, meaning no causal effect. So, applying the same logic here, since the treatment group has a higher percentage, it's likely just a coincidence or influenced by other variables, not the treatment itself.

Therefore, I think the answer should be ""no,"" meaning there's no causal effect from GLP-1RA on Tear film insufficiency.
</think>

no",no
Batch4,v3,medical_questions_v3.txt,2,"Question 2
[Background]
We compare two treatments for type 2 diabetes:
- Treatment: GLP-1 Receptor Agonists (GLP-1RA)
- Control: Sodium-Glucose Cotransporter-2 Inhibitors (SGLT2i)
[Task Description]
You’ll receive an outcome and the percentage of affected patients in each group.
Decide whether these treatments have a causal effect on that outcome.
You will receive a query describing an outcome and the proportion of patients in each group who experienced it:
- One percentage for patients using GLP-1RA (treatment group).
- One percentage for patients using SGLT2i (control group).
Your task is to determine whether the treatments (GLP-1RA and SGLT2i) have a causal effect on that outcome.
[Cohort Description]
Adults with type 2 diabetes who began either GLP-1RA or SGLT2i.
All had a prior diabetes diagnosis.
GLP-1RA users: mean age 58.0, BMI 37.4.
SGLT2i users: mean age 64.6, BMI 32.8.
Charlson Comorbidity Index ≥ 3 in 65.2% (GLP-1RA) and 68.5% (SGLT2i).
[Instruction]
- Judge whether the treatments causally influence the outcome.
- Both treatments are expected to behave similarly (either both yes or both no).
- “Yes” = Positive Outcome (OOI); “No” = Negative Control Outcome (NCO).
- Reply with only “yes” or “no.”
[Few-shot examples]
- Treatment group using GLP-1RA (treatment) had 0.20% Foreign body in ear, compared with 0.12% for control group using SGLT2i. Does treatment have causal effect to the Foreign body in ear (is it a Positive Outcome)? - no
- Treatment group using GLP-1RA (treatment) had 94.81% Type 2 diabetes mellitus, compared with 96.68% for control group using SGLT2i. Does treatment have causal effect to the Type 2 diabetes mellitus (is it a Positive Outcome)? - yes
[Your Task]
[Question]
Treatment group using GLP-1RA (treatment) had 3.36% Tear film insufficiency, compared with 2.14% for control group using SGLT2i. Does treatment have causal effect to the Tear film insufficiency (is it a Positive Outcome)?
Answer: [Your answer, ""yes"" or ""no""]",9,"Okay, so I need to figure out whether GLP-1 Receptor Agonists (GLP-1RA) have a causal effect on tear film insufficiency compared to SGLT2 Inhibitors. The data given is that 3.36% of GLP-1RA users experienced tear film insufficiency, while 2.14% of SGLT2i users did. 

First, I should recall what both treatments do. GLP-1RA drugs, like exenatide or liraglutide, work by helping the body release more insulin and slow digestion, which can lead to weight loss and better blood sugar control. They can sometimes cause side effects like nausea, diarrhea, and even pancreatitis. But I'm not sure if they directly affect the eyes or tear film.

SGLT2i drugs, such as empagliflozin or dapagliflozin, inhibit the enzyme responsible for glucose absorption in the kidneys. They also have effects on the heart and can reduce the risk of heart disease in type 2 diabetes patients. I don't recall SGLT2i being linked to eye-related issues either.

Tear film insufficiency is when the tears don't provide enough lubrication, leading to dry eyes or discomfort. I'm not sure which medications are known to cause this. Both GLP-1RA and SGLT2i don't immediately jump out as causes of dry eyes or tear film problems. 

Looking at the percentages, GLP-1RA has a slightly higher rate (3.36%) compared to SGLT2i (2.14%). But since both are around 2-3%, it's not a huge difference. Also, the instructions mention that both treatments are expected to behave similarly, either both yes or no. So if one had a higher percentage, it might suggest a causal effect, but they're quite close.

Moreover, the examples given include a 'no' when the treatment group had a slightly higher percentage for a non-diabetes-related outcome, like Foreign body in ear. Similarly, when the control group had a slightly higher rate for Type 2 diabetes, it was considered a 'yes' because it's a known outcome of diabetes, but in the case of Tear film insufficiency, it's not a known side effect of either treatment.

I should also consider whether there's any literature linking these medications to tear film issues. From what I remember, neither GLP-1RA nor SGLT2i are associated with eye problems. So it's unlikely that either treatment is causing this outcome.

Therefore, since both treatments don't have a known causal link to tear film insufficiency and the percentage difference isn't significant enough to suggest a causal relationship, the answer should be 'no'.
</think>

no",no
Batch4,v3,medical_questions_v3.txt,2,"Question 2
[Background]
We compare two treatments for type 2 diabetes:
- Treatment: GLP-1 Receptor Agonists (GLP-1RA)
- Control: Sodium-Glucose Cotransporter-2 Inhibitors (SGLT2i)
[Task Description]
You’ll receive an outcome and the percentage of affected patients in each group.
Decide whether these treatments have a causal effect on that outcome.
You will receive a query describing an outcome and the proportion of patients in each group who experienced it:
- One percentage for patients using GLP-1RA (treatment group).
- One percentage for patients using SGLT2i (control group).
Your task is to determine whether the treatments (GLP-1RA and SGLT2i) have a causal effect on that outcome.
[Cohort Description]
Adults with type 2 diabetes who began either GLP-1RA or SGLT2i.
All had a prior diabetes diagnosis.
GLP-1RA users: mean age 58.0, BMI 37.4.
SGLT2i users: mean age 64.6, BMI 32.8.
Charlson Comorbidity Index ≥ 3 in 65.2% (GLP-1RA) and 68.5% (SGLT2i).
[Instruction]
- Judge whether the treatments causally influence the outcome.
- Both treatments are expected to behave similarly (either both yes or both no).
- “Yes” = Positive Outcome (OOI); “No” = Negative Control Outcome (NCO).
- Reply with only “yes” or “no.”
[Few-shot examples]
- Treatment group using GLP-1RA (treatment) had 0.20% Foreign body in ear, compared with 0.12% for control group using SGLT2i. Does treatment have causal effect to the Foreign body in ear (is it a Positive Outcome)? - no
- Treatment group using GLP-1RA (treatment) had 94.81% Type 2 diabetes mellitus, compared with 96.68% for control group using SGLT2i. Does treatment have causal effect to the Type 2 diabetes mellitus (is it a Positive Outcome)? - yes
[Your Task]
[Question]
Treatment group using GLP-1RA (treatment) had 3.36% Tear film insufficiency, compared with 2.14% for control group using SGLT2i. Does treatment have causal effect to the Tear film insufficiency (is it a Positive Outcome)?
Answer: [Your answer, ""yes"" or ""no""]",10,"Alright, I'm trying to figure out whether GLP-1RA treatment has a causal effect on tear film insufficiency based on the given percentages. So, the treatment group using GLP-1RA had 3.36% of patients experiencing tear film insufficiency, while the control group using SGLT2i had 2.14%. 

First, I need to understand what tear film insufficiency is. From what I know, it's a condition where the tear film, which is the layer of tears on the surface of the eye, doesn't produce enough fluid to keep the eye moist. It can cause symptoms like dry eyes, irritation, and discomfort. 

Now, looking at the two treatments: GLP-1RA (Glucagon-Like Peptide-1 Receptor Agonists) and SGLT2i (Sodium-Glucose Cotransporter-2 Inhibitors). Both are medications used to treat type 2 diabetes, but they work differently. GLP-1RAs help regulate blood sugar by increasing insulin release and decreasing sugar production, and they also have some weight loss effects. SGLT2i inhibits the kidneys from reabsorbing glucose, thus promoting the excretion of excess glucose through urine, which helps lower blood sugar levels.

The question is whether either of these treatments causally affects tear film insufficiency. The percentages given are quite low—3.36% vs. 2.14%. I need to consider whether these conditions are related. 

Type 2 diabetes is associated with various complications, including eye-related issues like diabetic retinopathy and cataracts. However, I'm not sure if tear film insufficiency is directly linked to diabetes or its treatment. 

GLP-1RAs can sometimes cause side effects like nausea, vomiting, and diarrhea, but I don't recall tear film insufficiency being a common side effect. SGLT2i medications can also have side effects, such as increased urination, which might lead to eye discomfort, but again, tear film insufficiency specifically isn't a typical side effect I associate with these drugs.

Looking at the examples provided: in the first example, the foreign body in the ear was more common in the treatment group, but it was ruled a negative outcome, suggesting it's not causally related. In the second example, a high percentage of diabetes in both groups led to a positive outcome, implying that it's a known complication of diabetes itself. 

In this case, the percentages are small, so it's possible that the difference is due to chance or confounding factors rather than a causal effect. Since both treatments are intended for managing blood sugar and don't specifically target eye health, it's unlikely that either would directly cause tear film insufficiency. 

Additionally, the Charlson Comorbidity Index, which measures the severity of other health conditions, is higher in both groups but doesn't provide specific information about eye health issues. Without more evidence linking these treatments to tear film insufficiency, it's safer to assume that the difference is coincidental rather than causal.

Therefore, I think the answer is ""no"" because there's no strong indication that either treatment causes tear film insufficiency. The percentages are too low, and the treatments don't have known side effects related to eye health in this specific outcome.
</think>

no",no
Batch4,v3,medical_questions_v3.txt,3,"Question 3
[Background]
We compare two treatments for type 2 diabetes:
- Treatment: GLP-1 Receptor Agonists (GLP-1RA)
- Control: Sodium-Glucose Cotransporter-2 Inhibitors (SGLT2i)
[Task Description]
You’ll receive an outcome and the percentage of affected patients in each group.
Decide whether these treatments have a causal effect on that outcome.
You will receive a query describing an outcome and the proportion of patients in each group who experienced it:
- One percentage for patients using GLP-1RA (treatment group).
- One percentage for patients using SGLT2i (control group).
Your task is to determine whether the treatments (GLP-1RA and SGLT2i) have a causal effect on that outcome.
[Cohort Description]
Adults with type 2 diabetes who began either GLP-1RA or SGLT2i.
All had a prior diabetes diagnosis.
GLP-1RA users: mean age 58.0, BMI 37.4.
SGLT2i users: mean age 64.6, BMI 32.8.
Charlson Comorbidity Index ≥ 3 in 65.2% (GLP-1RA) and 68.5% (SGLT2i).
[Instruction]
- Judge whether the treatments causally influence the outcome.
- Both treatments are expected to behave similarly (either both yes or both no).
- “Yes” = Positive Outcome (OOI); “No” = Negative Control Outcome (NCO).
- Reply with only “yes” or “no.”
[Few-shot Examples]
- Treatment group using GLP-1RA (treatment) had 0.20% Foreign body in ear, compared with 0.12% for control group using SGLT2i. Does treatment have causal effect to the Foreign body in ear (is it a Positive Outcome)? - no
- Treatment group using GLP-1RA (treatment) had 94.81% Type 2 diabetes mellitus, compared with 96.68% for control group using SGLT2i. Does treatment have causal effect to the Type 2 diabetes mellitus (is it a Positive Outcome)? - yes
[Your Task]
[Question]
Treatment group using GLP-1RA (treatment) had 2.06% Vision loss, compared with 1.94% for control group using SGLT2i. Does treatment have causal effect to the Vision loss (is it a Positive Outcome)?
Answer: [Your answer, ""yes"" or ""no""]",1,"Alright, so I'm trying to figure out whether GLP-1RA treatment has a causal effect on vision loss compared to SGLT2i in patients with type 2 diabetes. Let me break this down step by step.

First, I need to understand the context. Both GLP-1RA and SGLT2i are medications used to manage type 2 diabetes. GLP-1RA stands for Glucagon-Like Peptide-1 Receptor Agonists, which help in lowering blood glucose by increasing insulin release and decreasing sugar production. SGLT2i, or Sodium-Glucose Cotransporter-2 Inhibitors, work by preventing the kidneys from reabsorbing glucose, thus promoting urine excretion of excess glucose.

The question gives me the percentages of patients experiencing vision loss in each group. The treatment group (GLP-1RA) has 2.06%, and the control group (SGLT2i) has 1.94%. I need to determine if this difference is due to a causal effect of the treatment or if it's a coincidence or another factor.

Looking at the examples provided, one where the treatment group had a higher percentage of a certain outcome was considered a positive outcome, leading to a ""yes."" Conversely, when the treatment group had a lower percentage, it was a ""no.""

Now, considering the medications, both GLP-1RA and SGLT2i are diabetes medications. Vision loss in type 2 diabetes is often related to diabetic retinopathy, which is a complication of high blood glucose levels. However, both medications are designed to improve blood glucose control, which could potentially reduce the risk of diabetic retinopathy.

But wait, the example given in the few-shot examples is about foreign body in the ear, which doesn't relate to diabetes treatment, and the answer was ""no."" The second example was about type 2 diabetes itself, and the answer was ""yes,"" which makes sense because the treatment might help manage the condition.

In this case, vision loss is a known complication of diabetes. If GLP-1RA and SGLT2i are both effective in managing blood glucose, perhaps they would both reduce the risk of complications. However, sometimes medications can have side effects that might affect other aspects of health. For instance, some diabetes medications can cause weight gain, which is a risk factor for certain health issues, but I don't know if that's directly related to vision loss.

Looking at the comorbidities, the GLP-1RA group has a higher Charlson Comorbidity Index (65.2%) compared to the SGLT2i group (68.5%). A higher Charlson score indicates more comorbid conditions. However, the difference in vision loss percentages is quite small (2.06% vs. 1.94%), only about 0.12% difference. That's a very small percentage point difference, which might not be statistically significant. 

Also, the example where the treatment group had a higher percentage of a condition (94.81% vs. 96.68%) resulted in a ""yes,"" but that's a much larger difference. Here, the difference is minimal, so it's harder to attribute causation without more evidence.

Another factor is that both drugs are used for similar outcomes—managing blood sugar. If both are effective, their impact on complications like vision loss should be similar. If one had a higher incidence of vision loss, it might suggest a different side effect or mechanism. But since the difference is so small and both are designed to help the same overall condition, it's more likely that the difference is due to random chance or other factors not accounted for, rather than a causal effect.

Moreover, the instructions mention that both treatments are expected to behave similarly, either both yes or both no. Since the difference is minimal and the comorbidities are slightly higher in the SGLT2i group, it's possible that the higher Charlson score might contribute to more complications, but the difference in vision loss is too small to establish causation.

Therefore, considering the minimal difference and the fact that both medications are intended to improve diabetes management, it's more likely that the difference in vision loss is not causally related to the treatment but might be due to other factors or random variation.
</think>

no",no
Batch4,v3,medical_questions_v3.txt,3,"Question 3
[Background]
We compare two treatments for type 2 diabetes:
- Treatment: GLP-1 Receptor Agonists (GLP-1RA)
- Control: Sodium-Glucose Cotransporter-2 Inhibitors (SGLT2i)
[Task Description]
You’ll receive an outcome and the percentage of affected patients in each group.
Decide whether these treatments have a causal effect on that outcome.
You will receive a query describing an outcome and the proportion of patients in each group who experienced it:
- One percentage for patients using GLP-1RA (treatment group).
- One percentage for patients using SGLT2i (control group).
Your task is to determine whether the treatments (GLP-1RA and SGLT2i) have a causal effect on that outcome.
[Cohort Description]
Adults with type 2 diabetes who began either GLP-1RA or SGLT2i.
All had a prior diabetes diagnosis.
GLP-1RA users: mean age 58.0, BMI 37.4.
SGLT2i users: mean age 64.6, BMI 32.8.
Charlson Comorbidity Index ≥ 3 in 65.2% (GLP-1RA) and 68.5% (SGLT2i).
[Instruction]
- Judge whether the treatments causally influence the outcome.
- Both treatments are expected to behave similarly (either both yes or both no).
- “Yes” = Positive Outcome (OOI); “No” = Negative Control Outcome (NCO).
- Reply with only “yes” or “no.”
[Few-shot Examples]
- Treatment group using GLP-1RA (treatment) had 0.20% Foreign body in ear, compared with 0.12% for control group using SGLT2i. Does treatment have causal effect to the Foreign body in ear (is it a Positive Outcome)? - no
- Treatment group using GLP-1RA (treatment) had 94.81% Type 2 diabetes mellitus, compared with 96.68% for control group using SGLT2i. Does treatment have causal effect to the Type 2 diabetes mellitus (is it a Positive Outcome)? - yes
[Your Task]
[Question]
Treatment group using GLP-1RA (treatment) had 2.06% Vision loss, compared with 1.94% for control group using SGLT2i. Does treatment have causal effect to the Vision loss (is it a Positive Outcome)?
Answer: [Your answer, ""yes"" or ""no""]",2,"Okay, so I have this question about whether GLP-1 Receptor Agonists (GLP-1RA) have a causal effect on vision loss compared to Sodium-Glucose Cotransporter-2 Inhibitors (SGLT2i) in type 2 diabetes patients. Let me break this down step by step.

First, the background mentions that both treatments are being compared in adults with type 2 diabetes. The treatment group uses GLP-1RA, and the control uses SGLT2i. The task is to determine if these treatments causally influence the given outcome, which in this case is vision loss.

The data provided is that 2.06% of GLP-1RA users experienced vision loss, while 1.94% of SGLT2i users did. So, the treatment group has a slightly higher percentage of patients with vision loss.

Now, the instructions say that both treatments should behave similarly. That means if GLP-1RA has a causal effect, SGLT2i should also have a similar effect, and vice versa. If one does and the other doesn't, that could indicate something else, like confounding factors.

Looking at the few-shot examples helps. In the first example, a treatment group had a higher rate of a specific outcome (0.20% vs. 0.12%), but the answer was ""no"" because the outcome was a negative control, possibly due to other factors. The second example had a lower rate in treatment (94.81% vs. 96.68%), but the answer was ""yes"" because it's a positive outcome that the treatment should influence.

In this question, vision loss is a specific outcome. I know that both GLP-1RA and SGLT2i are medications used to manage type 2 diabetes. GLP-1RA works by increasing insulin release and suppressing glucose output from the pancreas, while SGLT2i inhibits the kidneys from reabsorbing glucose, leading to more urine output and lower blood sugar levels.

I should consider if either treatment is known to cause or prevent vision loss. Vision loss in diabetes is often related to diabetic retinopathy, which is a microvascular complication. Both classes of medications are associated with different effects on the body.

GLP-1RA can sometimes cause weight loss, which might be beneficial, but it can also lead to hypoglycemia if not used properly. SGLT2i is known to reduce the risk of cardiovascular events and can lead to weight loss as well. However, both are not directly linked to causing vision loss.

Diabetic retinopathy is more influenced by blood sugar control, blood pressure, and other vascular factors. Both GLP-1RA and SGLT2i can affect these factors, but it's unclear if one has a more significant impact than the other on vision loss.

The percentages here are very low (around 2% in treatment and 1.94% in control), which suggests that vision loss isn't a common outcome in these patients, but the difference is small. It's possible that this difference is due to chance, especially since the sample size isn't specified. Without more data, it's hard to determine causation.

Also, the Charlson Comorbidity Index is higher in both groups, which means patients have other health conditions. This could complicate the analysis because comorbidities might influence the occurrence of vision loss.

Another point is that both treatments are relatively new and have been studied extensively, but their impact on vision is not a primary focus. Most studies on these medications focus on glycemic control, cardiovascular outcomes, and weight loss.

Given that both treatments are expected to behave similarly, and the difference in vision loss rates is small, it's plausible that this difference is due to random chance or other unmeasured confounders rather than a causal effect of the medication itself. Therefore, it's reasonable to conclude that neither treatment has a causal effect on vision loss in this context.
</think>

no",no
Batch4,v3,medical_questions_v3.txt,3,"Question 3
[Background]
We compare two treatments for type 2 diabetes:
- Treatment: GLP-1 Receptor Agonists (GLP-1RA)
- Control: Sodium-Glucose Cotransporter-2 Inhibitors (SGLT2i)
[Task Description]
You’ll receive an outcome and the percentage of affected patients in each group.
Decide whether these treatments have a causal effect on that outcome.
You will receive a query describing an outcome and the proportion of patients in each group who experienced it:
- One percentage for patients using GLP-1RA (treatment group).
- One percentage for patients using SGLT2i (control group).
Your task is to determine whether the treatments (GLP-1RA and SGLT2i) have a causal effect on that outcome.
[Cohort Description]
Adults with type 2 diabetes who began either GLP-1RA or SGLT2i.
All had a prior diabetes diagnosis.
GLP-1RA users: mean age 58.0, BMI 37.4.
SGLT2i users: mean age 64.6, BMI 32.8.
Charlson Comorbidity Index ≥ 3 in 65.2% (GLP-1RA) and 68.5% (SGLT2i).
[Instruction]
- Judge whether the treatments causally influence the outcome.
- Both treatments are expected to behave similarly (either both yes or both no).
- “Yes” = Positive Outcome (OOI); “No” = Negative Control Outcome (NCO).
- Reply with only “yes” or “no.”
[Few-shot Examples]
- Treatment group using GLP-1RA (treatment) had 0.20% Foreign body in ear, compared with 0.12% for control group using SGLT2i. Does treatment have causal effect to the Foreign body in ear (is it a Positive Outcome)? - no
- Treatment group using GLP-1RA (treatment) had 94.81% Type 2 diabetes mellitus, compared with 96.68% for control group using SGLT2i. Does treatment have causal effect to the Type 2 diabetes mellitus (is it a Positive Outcome)? - yes
[Your Task]
[Question]
Treatment group using GLP-1RA (treatment) had 2.06% Vision loss, compared with 1.94% for control group using SGLT2i. Does treatment have causal effect to the Vision loss (is it a Positive Outcome)?
Answer: [Your answer, ""yes"" or ""no""]",3,"Okay, so I have this question about whether GLP-1 Receptor Agonists (GLP-1RA) or Sodium-Glucose Cotransporter-2 Inhibitors (SGLT2i) have a causal effect on vision loss in type 2 diabetes patients. Let me try to break this down step by step.

First, I need to understand the background. Both treatments are used for type 2 diabetes, but they work differently. GLP-1RA stimulates the release of GLP-1, which helps with glucose control and can promote weight loss. SGLT2i inhibits the kidneys' reabsorption of glucose, also helping with blood sugar levels and potentially reducing the risk of cardiovascular events.

The question provides specific percentages for vision loss in each group. The treatment group (GLP-1RA) had 2.06% experiencing vision loss, while the control group (SGLT2i) had 1.94%. So, the percentage is slightly higher in the treatment group.

I remember from the examples given that when the treatment group had a higher percentage of an outcome, sometimes it was considered a positive outcome, but other times it wasn't. For instance, in the first example, foreign body in the ear was higher in the treatment group, but it was concluded that treatment didn't have a causal effect. In the second example, a higher percentage in the treatment group for type 2 diabetes was considered a positive outcome because it's directly related to the treatment's purpose.

So, applying that logic here, vision loss is a potential side effect or comorbidity. Both treatments are for diabetes, so they might share similar side effects. But do GLP-1RA and SGLT2i have different risks for vision loss?

I should consider whether these medications are known to cause vision issues. From what I know, SGLT2i have been linked to diabetic retinopathy, which is a condition that can cause vision loss. GLP-1RA, on the other hand, might also affect the eyes, but I'm not sure if it's as strongly associated with vision loss as SGLT2i.

Wait, but the percentages are very close. The treatment group has 2.06% and the control has 1.94%. That's a small difference, but it's statistically significant. Does that mean GLP-1RA causes more vision loss?

Alternatively, maybe it's just a coincidence. The groups have different characteristics. The GLP-1RA group has a younger mean age (58.0 vs. 64.6) and higher BMI (37.4 vs. 32.8). Also, higher Charlson Comorbidity Index in both groups, but slightly higher in SGLT2i.

Younger age might be associated with less comorbidities, but higher BMI could be a risk factor for diabetic retinopathy. However, SGLT2i is more directly associated with increased risk of diabetic retinopathy. So, if the control group is using SGLT2i, which is linked to more vision issues, why is their percentage lower than the treatment group?

Hmm, maybe the higher BMI in the GLP-1RA group could contribute to more vision loss. Or perhaps the way the data is collected differs. Another possibility is that the outcome is measured differently in each group.

But I'm supposed to determine if the treatment (GLP-1RA) has a causal effect on vision loss. If SGLT2i is known to increase the risk, and the control group has a lower percentage, maybe the treatment group's higher percentage is due to other factors, not the treatment itself.

Wait, in the examples, when the treatment group had a higher percentage, sometimes it was considered a positive outcome because it was directly related, and other times it was not because it was a confounding factor.

In this case, vision loss is a potential side effect of both treatments, but SGLT2i might be more strongly associated. Since the control group has a lower percentage, perhaps the difference is due to other factors, like the patients in the treatment group having a higher BMI, which is a risk factor for vision loss.

Alternatively, maybe GLP-1RA doesn't directly cause vision loss as much as SGLT2i. So, even though the percentage is slightly higher, it's not a causal effect of the treatment but rather a confounding variable.

I think the key here is that both treatments are expected to behave similarly. If one is more likely to cause an outcome, but the other isn't, then the answer would be yes or no based on that. But if both are expected to have the same effect, then the difference might be due to other factors.

Given that SGLT2i is more linked to vision issues, but the control group has a lower percentage, it suggests that the treatment group (GLP-1RA) might not have a causal effect on vision loss. Or perhaps it's just a small difference that's not statistically significant in terms of causation.

Wait, but the percentages are 2.06% vs. 1.94%, which is a small difference but still significant. However, in real-world data, medications can have small differences in side effects due to other factors like patient characteristics.

So, considering all this, I'm leaning towards the conclusion that GLP-1RA does not have a causal effect on vision loss in this context. The difference is likely due to other factors rather than the treatment itself.
</think>

no",no
Batch4,v3,medical_questions_v3.txt,3,"Question 3
[Background]
We compare two treatments for type 2 diabetes:
- Treatment: GLP-1 Receptor Agonists (GLP-1RA)
- Control: Sodium-Glucose Cotransporter-2 Inhibitors (SGLT2i)
[Task Description]
You’ll receive an outcome and the percentage of affected patients in each group.
Decide whether these treatments have a causal effect on that outcome.
You will receive a query describing an outcome and the proportion of patients in each group who experienced it:
- One percentage for patients using GLP-1RA (treatment group).
- One percentage for patients using SGLT2i (control group).
Your task is to determine whether the treatments (GLP-1RA and SGLT2i) have a causal effect on that outcome.
[Cohort Description]
Adults with type 2 diabetes who began either GLP-1RA or SGLT2i.
All had a prior diabetes diagnosis.
GLP-1RA users: mean age 58.0, BMI 37.4.
SGLT2i users: mean age 64.6, BMI 32.8.
Charlson Comorbidity Index ≥ 3 in 65.2% (GLP-1RA) and 68.5% (SGLT2i).
[Instruction]
- Judge whether the treatments causally influence the outcome.
- Both treatments are expected to behave similarly (either both yes or both no).
- “Yes” = Positive Outcome (OOI); “No” = Negative Control Outcome (NCO).
- Reply with only “yes” or “no.”
[Few-shot Examples]
- Treatment group using GLP-1RA (treatment) had 0.20% Foreign body in ear, compared with 0.12% for control group using SGLT2i. Does treatment have causal effect to the Foreign body in ear (is it a Positive Outcome)? - no
- Treatment group using GLP-1RA (treatment) had 94.81% Type 2 diabetes mellitus, compared with 96.68% for control group using SGLT2i. Does treatment have causal effect to the Type 2 diabetes mellitus (is it a Positive Outcome)? - yes
[Your Task]
[Question]
Treatment group using GLP-1RA (treatment) had 2.06% Vision loss, compared with 1.94% for control group using SGLT2i. Does treatment have causal effect to the Vision loss (is it a Positive Outcome)?
Answer: [Your answer, ""yes"" or ""no""]",4,"Alright, so I'm trying to figure out whether GLP-1 Receptor Agonists (GLP-1RA) have a causal effect on vision loss compared to Sodium-Glucose Cotransporter-2 Inhibitors (SGLT2i) in type 2 diabetes patients. Let me break this down step by step.

First, I know that both GLP-1RA and SGLT2i are medications used to manage type 2 diabetes. GLP-1RA works by increasing insulin release and decreasing sugar production, while SGLT2i inhibits the kidneys from reabsorbing glucose, thus promoting urine excretion of glucose and reducing blood sugar levels. Both are considered to have benefits beyond just glucose control, such as weight loss and cardiovascular effects.

The question provides the percentages of patients experiencing vision loss in each group. The treatment group (GLP-1RA) has 2.06% vision loss, and the control group (SGLT2i) has 1.94%. The task is to determine if GLP-1RA causally affects vision loss, considering that both treatments are expected to behave similarly. 

I should consider whether the difference in percentages is statistically significant and whether it aligns with known effects of these medications. Vision loss in diabetes is often related to diabetic retinopathy, which is a microvascular complication influenced by poor blood sugar control, hypertension, and other vascular factors.

GLP-1RA medications are known to improve glycemic control and can have benefits on cardiovascular health. SGLT2i also improves glycemic control and has been shown to reduce the risk of cardiovascular events, including heart attack and stroke. Both drugs can lead to weight loss, which might be beneficial for reducing other diabetes-related complications.

Looking at the percentages, 2.06% vs. 1.94% is a small difference, but I need to assess whether this difference is meaningful. Given that these are percentages of patients experiencing an outcome, it's possible that the absolute numbers are small, but the relative difference might still be significant.

I should also think about potential confounding factors. The study includes adults with type 2 diabetes who started either GLP-1RA or SGLT2i. The baseline characteristics differ slightly: GLP-1RA users are slightly younger, have higher BMI, and have a similar Charlson Comorbidity Index to SGLT2i users. These factors could influence the risk of vision loss.

Diabetic retinopathy is more common in people with poorer glycemic control and higher blood pressure. Since both GLP-1RA and SGLT2i improve glycemic control, the difference in vision loss rates might not be due to the medication itself but other factors, such as blood pressure control or individual patient characteristics.

Additionally, both drugs can cause weight loss, which might reduce the risk of certain diabetic complications. However, if one medication is more effective in lowering blood pressure or improving other risk factors, that could explain the difference in vision loss rates.

Another angle is to consider whether there's any known association between these medications and vision loss. From what I know, neither GLP-1RA nor SGLT2i are directly linked to causing vision loss. Instead, they are used to manage the disease that can lead to complications like retinopathy.

The example provided in the few-shot section is useful. In that case, a small difference in foreign body rates was considered a negative outcome because it's an unexpected and minor effect, likely due to other factors. Similarly, a large difference in a condition directly related to the disease (like type 2 diabetes) was considered a positive outcome because it aligns with the treatment's intended effect.

In this case, vision loss is a complication of diabetes, so a difference in the treatment groups could be due to the effectiveness of the treatment in preventing such complications. If GLP-1RA is more effective at preventing retinopathy, that would be a positive outcome. Conversely, if SGLT2i is more effective, then GLP-1RA might not have a causal effect.

But wait, both drugs are supposed to help manage the disease, so the difference might not be significant enough to attribute causation. Alternatively, it might be that the difference is minimal and not statistically significant, which would suggest that neither treatment has a causal effect, or that the effect is too small to be meaningful.

However, the task says to decide whether the treatments have a causal effect, considering that both are expected to behave similarly. If one group has a higher rate, it's possible that the treatment is causing it, but it's also possible that it's a coincidence or due to other factors.

Given that both treatments are expected to behave similarly, a small difference might not be enough to conclude causation. It's more likely that the difference is due to chance or other unmeasured factors rather than the treatment itself causing vision loss. Therefore, I might lean towards ""no"" because the difference is small and it's not strongly indicative of a causal relationship.

But I'm a bit confused because the outcome is a complication of diabetes, and the treatment should ideally reduce the risk of such complications. So if GLP-1RA is slightly worse in this aspect, it might indicate a negative outcome. Alternatively, if it's better, it's a positive outcome.

Wait, the question is whether the treatment (GLP-1RA) has a causal effect on the outcome (vision loss). If the treatment group has a higher rate, does that mean the treatment is causing it? Or is it just a coincidence?

In the example, when the treatment group had a higher rate for a condition related to the disease, it was considered a positive outcome because it aligns with the treatment's effect. But in that case, the higher rate was for type 2 diabetes, which is the disease itself, so it's expected.

In this case, vision loss is a complication, so a higher rate in the treatment group might suggest that the treatment isn't as effective in preventing it, leading to a negative outcome. Alternatively, if the control group has a higher rate, it might suggest the treatment is better, leading to a positive outcome.

But the question is whether GLP-1RA has a causal effect on vision loss. If GLP-1RA users have a higher rate, it's possible that the treatment is contributing to it, but it's also possible that other factors are at play.

Given the small percentages (around 2%), it's unlikely that the treatment itself is causing vision loss. More likely, it's a rare side effect or a coincidence. Therefore, I think the answer should be ""no"" because the difference is too small to be considered a causal effect.
</think>

no",no
Batch4,v3,medical_questions_v3.txt,3,"Question 3
[Background]
We compare two treatments for type 2 diabetes:
- Treatment: GLP-1 Receptor Agonists (GLP-1RA)
- Control: Sodium-Glucose Cotransporter-2 Inhibitors (SGLT2i)
[Task Description]
You’ll receive an outcome and the percentage of affected patients in each group.
Decide whether these treatments have a causal effect on that outcome.
You will receive a query describing an outcome and the proportion of patients in each group who experienced it:
- One percentage for patients using GLP-1RA (treatment group).
- One percentage for patients using SGLT2i (control group).
Your task is to determine whether the treatments (GLP-1RA and SGLT2i) have a causal effect on that outcome.
[Cohort Description]
Adults with type 2 diabetes who began either GLP-1RA or SGLT2i.
All had a prior diabetes diagnosis.
GLP-1RA users: mean age 58.0, BMI 37.4.
SGLT2i users: mean age 64.6, BMI 32.8.
Charlson Comorbidity Index ≥ 3 in 65.2% (GLP-1RA) and 68.5% (SGLT2i).
[Instruction]
- Judge whether the treatments causally influence the outcome.
- Both treatments are expected to behave similarly (either both yes or both no).
- “Yes” = Positive Outcome (OOI); “No” = Negative Control Outcome (NCO).
- Reply with only “yes” or “no.”
[Few-shot Examples]
- Treatment group using GLP-1RA (treatment) had 0.20% Foreign body in ear, compared with 0.12% for control group using SGLT2i. Does treatment have causal effect to the Foreign body in ear (is it a Positive Outcome)? - no
- Treatment group using GLP-1RA (treatment) had 94.81% Type 2 diabetes mellitus, compared with 96.68% for control group using SGLT2i. Does treatment have causal effect to the Type 2 diabetes mellitus (is it a Positive Outcome)? - yes
[Your Task]
[Question]
Treatment group using GLP-1RA (treatment) had 2.06% Vision loss, compared with 1.94% for control group using SGLT2i. Does treatment have causal effect to the Vision loss (is it a Positive Outcome)?
Answer: [Your answer, ""yes"" or ""no""]",5,"Okay, so I'm trying to figure out whether GLP-1RA (GLP-1 Receptor Agonists) treatment has a causal effect on vision loss compared to SGLT2i (Sodium-Glucose Cotransporter-2 Inhibitors) in patients with type 2 diabetes. Let's break this down step by step.

First, I need to understand the background. Both GLP-1RA and SGLT2i are medications used to manage type 2 diabetes. GLP-1RA works by mimicking the action of GLP-1, a hormone that helps regulate blood sugar, and it also promotes weight loss. SGLT2i inhibits the SGLT2 enzyme in the kidneys, which reduces glucose reabsorption, leading to more urine output and lower blood sugar levels. Both are considered effective treatments for type 2 diabetes, often prescribed when other medications like metformin aren't sufficient.

The task is to determine if the treatments causally influence the outcome mentioned. In this case, the outcome is vision loss, with 2.06% of GLP-1RA users experiencing it compared to 1.94% of SGLT2i users. The instruction is to reply with ""yes"" or ""no"" based on whether the treatment has a causal effect on the outcome. It also mentions that both treatments are expected to behave similarly, either both having a causal effect or neither.

Looking at the examples provided:

1. Foreign body in ear: The treatment group had a higher rate (0.20%) compared to the control (0.12%). The answer was ""no"". The reasoning probably is that neither treatment is known to cause or prevent ear issues, so it's more coincidental or due to other factors.

2. Type 2 diabetes: The treatment group had a lower rate (94.81%) compared to control (96.68%). The answer was ""yes"". This makes sense because GLP-1RA and SGLT2i are diabetes medications, so they should help in managing the condition, thus reducing the percentage of patients still having diabetes as an outcome.

Now, applying this to vision loss. Vision loss in diabetes is often related to diabetic retinopathy, a microvascular complication. The primary risk factors for diabetic retinopathy include poor glycemic control, hypertension, hyperlipidemia, and other chronic conditions. GLP-1RA and SGLT2i both improve glycemic control, so theoretically, better control could reduce the risk of diabetic retinopathy, leading to less vision loss.

But wait, I should consider whether GLP-1RA or SGLT2i have specific effects beyond just blood glucose. GLP-1RA can cause weight loss and might influence other risk factors like blood pressure and cholesterol, which are also important for eye health. SGLT2i has been shown to have benefits beyond glucose control, such as reducing the risk of cardiovascular events, which could also contribute to better eye health.

Looking at the percentages, GLP-1RA has a slightly higher rate of vision loss (2.06%) compared to SGLT2i (1.94%). That suggests that GLP-1RA might have a small but statistically significant higher risk of vision loss. But does this mean it's causally related?

I need to think about whether the difference in vision loss is due to the treatment or other factors. For instance, maybe the population using GLP-1RA has different characteristics that increase their risk. The cohort description says GLP-1RA users have a mean age of 58.0 vs. 64.6 for SGLT2i, so GLP-1RA users are younger. Also, their BMI is higher (37.4 vs. 32.8), which is a known risk factor for diabetic retinopathy. Additionally, the Charlson Comorbidity Index is higher in both groups, but slightly more in SGLT2i users (68.5% vs. 65.2%). More comorbidities can increase the risk of complications.

So, even though GLP-1RA might have a slight edge in causing vision loss, the higher BMI and age in their user group could be contributing factors. It's possible that the difference is due to these confounding variables rather than the treatment itself.

Another angle is to consider that both treatments are intended to improve glucose control, so if one leads to better control, it should theoretically reduce the risk of diabetic retinopathy. But in this case, GLP-1RA has a higher rate, which is counterintuitive. Maybe SGLT2i is more effective in reducing this specific complication, or perhaps the study period or other factors are influencing the results.

However, the task is to determine causality based solely on the given percentages and the fact that both treatments are expected to behave similarly. If both treatments are supposed to behave similarly, then perhaps the difference here is not significant enough to imply causation. Alternatively, if the difference is statistically significant, it might suggest causation.

Looking at the numbers, 2.06% vs. 1.94% is a small difference, but it's still a statistically significant difference if the sample sizes are large enough. If the sample sizes are comparable, then it's possible that GLP-1RA has a slightly higher risk, but it's unclear whether it's causally related or due to other factors.

Considering the examples, in the Type 2 diabetes case, the lower percentage in treatment group was considered a positive outcome because the treatment is meant to manage diabetes. Similarly, if the treatment leads to a lower rate of diabetes, it's a positive outcome. But here, the outcome is vision loss, which is a complication of diabetes. So, if the treatment reduces the risk of vision loss, that's a positive outcome. If it increases the risk, it might be a negative outcome.

But in this case, GLP-1RA has a higher rate of vision loss. That could be a negative outcome if it's causally related. However, given that both treatments are intended to improve glycemic control, and the slight difference could be due to other factors, it's uncertain whether it's causally related.

Also, considering that SGLT2i has been shown in some studies to have additional benefits beyond glucose control, such as reducing the risk of cardiovascular events and potentially diabetic retinopathy, perhaps SGLT2i is more effective at preventing vision loss. So, the lower rate in SGLT2i users might indicate that SGLT2i is better at preventing vision loss, but that doesn't necessarily mean that GLP-1RA causes vision loss.

Wait, but the question is whether the treatment (GLP-1RA) has a causal effect on vision loss. If SGLT2i is better at preventing it, that doesn't mean GLP-1RA causes it; it just means that SGLT2i is more effective. So, the higher rate in GLP-1RA might just be because of other factors, not causation.

Moreover, the example with Type 2 diabetes had a higher rate in the treatment group, which was considered a positive outcome because the treatment is meant to manage diabetes. Similarly, if the treatment leads to better control, it reduces the risk of complications, so a lower rate of diabetes in the treatment group would be a positive outcome.

In the case of vision loss, if the treatment leads to better control, we'd expect a lower rate of complications, which is a positive outcome. But here, the treatment group has a higher rate, which would be a negative outcome if it's causally related. However, the higher rate could be due to other factors, like the GLP-1RA group having a higher BMI, which is a known risk factor.

So, given that both treatments are supposed to behave similarly, and the higher rate in GLP-1RA could be due to confounding variables, it's more likely that the difference is not causally related by the treatment itself. Therefore, the treatment (GLP-1RA) does not have a causal effect on vision loss in this context.
</think>

no",no
Batch4,v3,medical_questions_v3.txt,3,"Question 3
[Background]
We compare two treatments for type 2 diabetes:
- Treatment: GLP-1 Receptor Agonists (GLP-1RA)
- Control: Sodium-Glucose Cotransporter-2 Inhibitors (SGLT2i)
[Task Description]
You’ll receive an outcome and the percentage of affected patients in each group.
Decide whether these treatments have a causal effect on that outcome.
You will receive a query describing an outcome and the proportion of patients in each group who experienced it:
- One percentage for patients using GLP-1RA (treatment group).
- One percentage for patients using SGLT2i (control group).
Your task is to determine whether the treatments (GLP-1RA and SGLT2i) have a causal effect on that outcome.
[Cohort Description]
Adults with type 2 diabetes who began either GLP-1RA or SGLT2i.
All had a prior diabetes diagnosis.
GLP-1RA users: mean age 58.0, BMI 37.4.
SGLT2i users: mean age 64.6, BMI 32.8.
Charlson Comorbidity Index ≥ 3 in 65.2% (GLP-1RA) and 68.5% (SGLT2i).
[Instruction]
- Judge whether the treatments causally influence the outcome.
- Both treatments are expected to behave similarly (either both yes or both no).
- “Yes” = Positive Outcome (OOI); “No” = Negative Control Outcome (NCO).
- Reply with only “yes” or “no.”
[Few-shot Examples]
- Treatment group using GLP-1RA (treatment) had 0.20% Foreign body in ear, compared with 0.12% for control group using SGLT2i. Does treatment have causal effect to the Foreign body in ear (is it a Positive Outcome)? - no
- Treatment group using GLP-1RA (treatment) had 94.81% Type 2 diabetes mellitus, compared with 96.68% for control group using SGLT2i. Does treatment have causal effect to the Type 2 diabetes mellitus (is it a Positive Outcome)? - yes
[Your Task]
[Question]
Treatment group using GLP-1RA (treatment) had 2.06% Vision loss, compared with 1.94% for control group using SGLT2i. Does treatment have causal effect to the Vision loss (is it a Positive Outcome)?
Answer: [Your answer, ""yes"" or ""no""]",6,"Okay, so I have this question about whether GLP-1RA treatments have a causal effect on vision loss compared to SGLT2i in type 2 diabetes patients. Let me try to break this down.

First, I need to understand the context. Both GLP-1RA and SGLT2i are diabetes medications, but they work differently. GLP-1RA agonists help with glucose control by increasing insulin release and reducing sugar absorption, while SGLT2i inhibits the kidneys from reabsorbing glucose, thus promoting urine excretion.

The question provides the percentage of patients experiencing vision loss in each group. The treatment group (GLP-1RA) has 2.06%, and the control group (SGLT2i) has 1.94%. I need to determine if this difference is due to a causal effect of the treatment.

One approach is to consider whether there's a known association between the medications and vision loss. I recall that both classes of drugs can affect the eyes. High blood sugar levels, which are often uncontrolled in type 2 diabetes, can lead to diabetic retinopathy, a major cause of vision loss. So, both GLP-1RA and SGLT2i are used to lower blood glucose, which might reduce the risk of diabetic retinopathy.

However, I also know that GLP-1RA medications can sometimes cause weight gain, which is a risk factor for diabetic retinopathy. On the other hand, SGLT2i medications, especially the newer ones, have been shown to have benefits beyond glucose control, such as reducing cardiovascular events and potentially lowering the risk of diabetic retinopathy more than GLP-1RA.

Looking at the percentages, the treatment group has a slightly higher incidence of vision loss (2.06%) compared to the control group (1.94%). If GLP-1RA were causing more vision loss, we might expect this difference, but it's actually lower in the SGLT2i group. This suggests that perhaps the SGLT2i is more protective against vision loss.

But wait, the question is about whether GLP-1RA has a causal effect. If GLP-1RA is associated with a higher rate, it might mean that it's a risk factor. However, it's also possible that the difference is due to other factors, like the baseline characteristics of the patients. For example, the GLP-1RA group has a higher BMI (37.4 vs. 32.8) and higher Charlson score (65.2% vs. 68.5%), which might indicate more comorbidities that could affect vision.

Another point is that both medications are used to manage diabetes, which itself is a risk factor for vision loss. The lower rate in the SGLT2i group might be due to better overall glucose control or other benefits beyond just blood sugar, like reduced inflammation.

But the task is to determine causality. Without specific data on how each medication affects retinopathy, it's hard to say definitively. However, based on the slightly higher rate in the GLP-1RA group, it might suggest a possible causal link, but it's not conclusive because other factors could be at play.

In the examples provided, when the treatment group had a higher rate, it was considered a negative outcome. Wait, no, actually, in the example, when the treatment group had a lower rate, it was a positive outcome. Let me check:

In the first example, the treatment group had 0.20% foreign body in ear vs. 0.12% control. The answer was ""no"" because it's not a positive outcome. In the second example, treatment had 94.81% diabetes vs. 96.68% control, so treatment was better, hence ""yes"".

So, if the treatment group has a lower rate, it's a positive outcome. In this case, GLP-1RA has 2.06% vs. 1.94% SGLT2i. So the treatment group has a higher rate, which would be a negative outcome, meaning no causal effect.

Wait, but I thought higher rate in treatment might suggest a causal effect, but according to the examples, if the treatment group has a lower positive outcome, it's a yes. If higher, it's no.

So, in this case, vision loss is the outcome. The treatment group (GLP-1RA) has 2.06%, control (SGLT2i) has 1.94%. So treatment group has a higher rate, which would be a negative outcome, meaning no causal effect.

But I'm a bit confused because both drugs are supposed to help with diabetes, which is a risk factor for vision loss. So if GLP-1RA is leading to worse vision loss, that's negative, but it's possible that the difference is due to other factors.

I think the key here is to follow the instructions. The task says to decide if the treatments have a causal effect on the outcome. If the outcome is higher in the treatment group, it suggests that the treatment might be causing it, but it's not necessarily proven. However, in the examples, when the treatment group had a lower rate of a positive outcome, it was considered a positive effect. When it had a higher rate, it was negative.

So, since the GLP-1RA group has a higher percentage of vision loss, it would be considered a negative outcome, meaning no causal effect. Therefore, the answer should be ""no"".
</think>

no",no
Batch4,v3,medical_questions_v3.txt,3,"Question 3
[Background]
We compare two treatments for type 2 diabetes:
- Treatment: GLP-1 Receptor Agonists (GLP-1RA)
- Control: Sodium-Glucose Cotransporter-2 Inhibitors (SGLT2i)
[Task Description]
You’ll receive an outcome and the percentage of affected patients in each group.
Decide whether these treatments have a causal effect on that outcome.
You will receive a query describing an outcome and the proportion of patients in each group who experienced it:
- One percentage for patients using GLP-1RA (treatment group).
- One percentage for patients using SGLT2i (control group).
Your task is to determine whether the treatments (GLP-1RA and SGLT2i) have a causal effect on that outcome.
[Cohort Description]
Adults with type 2 diabetes who began either GLP-1RA or SGLT2i.
All had a prior diabetes diagnosis.
GLP-1RA users: mean age 58.0, BMI 37.4.
SGLT2i users: mean age 64.6, BMI 32.8.
Charlson Comorbidity Index ≥ 3 in 65.2% (GLP-1RA) and 68.5% (SGLT2i).
[Instruction]
- Judge whether the treatments causally influence the outcome.
- Both treatments are expected to behave similarly (either both yes or both no).
- “Yes” = Positive Outcome (OOI); “No” = Negative Control Outcome (NCO).
- Reply with only “yes” or “no.”
[Few-shot Examples]
- Treatment group using GLP-1RA (treatment) had 0.20% Foreign body in ear, compared with 0.12% for control group using SGLT2i. Does treatment have causal effect to the Foreign body in ear (is it a Positive Outcome)? - no
- Treatment group using GLP-1RA (treatment) had 94.81% Type 2 diabetes mellitus, compared with 96.68% for control group using SGLT2i. Does treatment have causal effect to the Type 2 diabetes mellitus (is it a Positive Outcome)? - yes
[Your Task]
[Question]
Treatment group using GLP-1RA (treatment) had 2.06% Vision loss, compared with 1.94% for control group using SGLT2i. Does treatment have causal effect to the Vision loss (is it a Positive Outcome)?
Answer: [Your answer, ""yes"" or ""no""]",7,"Okay, so I need to determine whether GLP-1RA treatment has a causal effect on vision loss in patients with type 2 diabetes. The data provided shows that 2.06% of GLP-1RA users experienced vision loss, compared to 1.94% in the SGLT2i group. 

First, I should consider what both treatments do. GLP-1RA (like GLP-1 receptor agonists) typically work by increasing insulin secretion and reducing glucose levels, often leading to weight loss. They can also have effects on the eyes, especially related to the eyesight. SGLT2i (sodium-glucose cotransporter-2 inhibitors) are another class used in diabetes treatment. They prevent the kidneys from reabsorbing glucose, which also helps lower blood sugar. They've been linked to some eye benefits, maybe even reducing the risk of diabetic retinopathy.

Vision loss can be related to various factors, including diabetes complications like retinopathy. So, both treatments might influence eye health differently. GLP-1RA might have more direct effects on the eyes, possibly increasing the risk of vision problems, while SGLT2i could have protective effects.

Looking at the percentages: GLP-1RA has a slightly higher incidence of vision loss (2.06%) compared to SGLT2i (1.94%). This suggests that those using GLP-1RA might be at a higher risk. But does this mean the treatment causes it? It's possible, but I need to consider other factors.

The user mentioned that both treatments are expected to behave similarly, either both yes or both no. So, if GLP-1RA is causing vision loss, then SGLT2i might not be causing it, or maybe both do or both don't. 

The example given was about Foreign body in ear, where the treatment group had a higher rate, but it was determined as ""no"" because the treatments don't cause that outcome. Another example was Type 2 diabetes, where the treatment group had a lower rate, but it was a positive outcome because the treatment helps manage the condition.

In this case, vision loss is a complication of diabetes. So, if GLP-1RA increases the risk compared to SGLT2i, it might be that GLP-1RA is contributing to the vision loss. Alternatively, it could be that SGLT2i is better at preventing it, making GLP-1RA the treatment that's causing the higher rate.

But wait, both treatments are being compared, and the user says to decide if the treatment (GLP-1RA) has a causal effect. If the outcome is a positive outcome (i.e., something the treatment should influence), then we say yes. If it's a negative outcome (something unrelated), we say no.

Vision loss is a negative outcome for the treatment because we don't want patients to lose vision. If GLP-1RA is causing more vision loss than SGLT2i, then maybe the treatment isn't beneficial in that aspect. But does that mean it's causal?

Alternatively, if SGLT2i is better at preventing vision loss, then GLP-1RA might not be as effective, implying that GLP-1RA doesn't have a causal effect to improve vision, but perhaps to worsen it.

Wait, but the instruction says to reply with ""yes"" or ""no"" whether the treatment has a causal effect on the outcome. If the outcome is a positive outcome, which is influenced by the treatment, then yes. If it's a negative outcome, meaning the treatment doesn't influence it, then no.

In the example, Type 2 diabetes was considered a positive outcome because the treatment helps manage it, so yes. Vision loss is a negative outcome because it's a complication we don't want. If GLP-1RA is causing more vision loss, does that mean the treatment has a causal effect? Or is it just that the treatment isn't protective against it?

I'm a bit confused. Let me think again. The task is to decide if the treatment has a causal effect on the outcome. If the outcome is a positive outcome (like better glucose control), then yes. If it's a negative outcome (like a side effect), then no.

In this case, vision loss is a negative outcome. So, if GLP-1RA is causing more of it, does that mean the treatment has a causal effect? Or is it just a side effect?

But the question is whether the treatment (GLP-1RA) has a causal effect on vision loss. If the treatment is causing it, then yes. But if it's not causing it, just a coincidence in the data, then no.

Alternatively, since both treatments are being compared, and the GLP-1RA group has a higher rate, it's possible that GLP-1RA is contributing to the vision loss. So, the treatment has a causal effect, making it a positive outcome for the treatment, but in reality, it's a negative outcome.

Wait, I'm getting tangled here. Let me try to apply the examples given.

In the first example, Foreign body in ear: treatment group had 0.20%, control 0.12%. The answer was ""no"" because the treatments don't causally affect that outcome.

In the second example, Type 2 diabetes: treatment group had 94.81%, control 96.68%. The answer was ""yes"" because the treatment helps manage the condition, so the lower rate in the treatment group is a positive outcome.

So, applying that logic, if the outcome is a condition that the treatment is meant to influence, and the treatment group has a better rate (lower), it's a positive outcome. If the outcome is something unrelated, like foreign body, it's a negative outcome.

In this case, vision loss is a complication of diabetes, so it's related to the treatment's effect. If GLP-1RA is causing more vision loss, it might mean that the treatment isn't beneficial in that aspect. But does that mean it's a causal effect?

Wait, the example where the treatment group had a higher rate of Foreign body in ear was considered a negative outcome, so the treatment doesn't cause it. Similarly, if GLP-1RA is causing more vision loss, it's a negative outcome, so the treatment doesn't have a causal effect on it. But wait, in the Type 2 diabetes example, the treatment group had a lower rate, which was a positive outcome.

So, in this case, vision loss is a negative outcome. If GLP-1RA is causing more of it, it's a negative outcome, so the answer would be ""no"".

Alternatively, if the treatment were causing more vision loss, that would imply a negative effect, so the answer would be ""no"".

Wait, but in the Type 2 diabetes example, the treatment group had a lower rate, which was a positive outcome because the treatment is meant to manage diabetes. So, if the treatment group has a lower rate of an adverse event, does that mean the treatment is protective? Or is it a negative outcome because it's a complication?

I think the key is whether the outcome is something the treatment is intended to influence. Vision loss is an adverse effect, so if the treatment is causing more of it, it's a negative outcome, so the treatment doesn't have a causal effect in a positive way. Therefore, the answer would be ""no"".

But wait, in the example, when the treatment group had a lower rate, it was considered a positive outcome because it's the intended effect. So, if the treatment group has a higher rate of a negative outcome, it's not a positive effect, so the treatment doesn't have a causal effect on that outcome.

Therefore, in this case, since GLP-1RA has a higher rate of vision loss, it's a negative outcome, so the answer is ""no"".
</think>

no",no
Batch4,v3,medical_questions_v3.txt,3,"Question 3
[Background]
We compare two treatments for type 2 diabetes:
- Treatment: GLP-1 Receptor Agonists (GLP-1RA)
- Control: Sodium-Glucose Cotransporter-2 Inhibitors (SGLT2i)
[Task Description]
You’ll receive an outcome and the percentage of affected patients in each group.
Decide whether these treatments have a causal effect on that outcome.
You will receive a query describing an outcome and the proportion of patients in each group who experienced it:
- One percentage for patients using GLP-1RA (treatment group).
- One percentage for patients using SGLT2i (control group).
Your task is to determine whether the treatments (GLP-1RA and SGLT2i) have a causal effect on that outcome.
[Cohort Description]
Adults with type 2 diabetes who began either GLP-1RA or SGLT2i.
All had a prior diabetes diagnosis.
GLP-1RA users: mean age 58.0, BMI 37.4.
SGLT2i users: mean age 64.6, BMI 32.8.
Charlson Comorbidity Index ≥ 3 in 65.2% (GLP-1RA) and 68.5% (SGLT2i).
[Instruction]
- Judge whether the treatments causally influence the outcome.
- Both treatments are expected to behave similarly (either both yes or both no).
- “Yes” = Positive Outcome (OOI); “No” = Negative Control Outcome (NCO).
- Reply with only “yes” or “no.”
[Few-shot Examples]
- Treatment group using GLP-1RA (treatment) had 0.20% Foreign body in ear, compared with 0.12% for control group using SGLT2i. Does treatment have causal effect to the Foreign body in ear (is it a Positive Outcome)? - no
- Treatment group using GLP-1RA (treatment) had 94.81% Type 2 diabetes mellitus, compared with 96.68% for control group using SGLT2i. Does treatment have causal effect to the Type 2 diabetes mellitus (is it a Positive Outcome)? - yes
[Your Task]
[Question]
Treatment group using GLP-1RA (treatment) had 2.06% Vision loss, compared with 1.94% for control group using SGLT2i. Does treatment have causal effect to the Vision loss (is it a Positive Outcome)?
Answer: [Your answer, ""yes"" or ""no""]",8,"Okay, so I need to figure out whether GLP-1RA treatment has a causal effect on vision loss compared to SGLT2i in patients with type 2 diabetes. Let me start by understanding the problem.

First, the background says we're comparing GLP-1RA (treatment) and SGLT2i (control). The task is to determine if the treatments causally influence a given outcome. The outcome here is vision loss, with 2.06% in the GLP-1RA group and 1.94% in the SGLT2i group.

I remember from the examples that when the treatment group has a higher percentage of the outcome, it's considered a positive outcome. But I also need to consider whether this difference is causal or just a coincidence.

Looking at the cohort description: both groups have similar demographics, but GLP-1RA users are slightly younger and have a higher BMI. They also have a similar Charlson Comorbidity Index, which suggests they have more serious health conditions. However, since both treatments are being compared, any differences in comorbidities might be controlled for.

Vision loss is a condition that can be related to diabetes complications. Both GLP-1RA and SGLT2i are diabetes medications, but they work differently. GLP-1RA helps with glucose control and appetite, while SGLT2i inhibits the kidneys from reabsorbing glucose, also helping with blood sugar management.

I recall that both classes of drugs are associated with reducing the risk of cardiovascular events and potentially microvascular complications. However, I'm not sure about their specific effects on vision loss. I think that both drugs might affect the eyes in different ways, but I'm not certain if one is more likely to cause vision loss than the other.

Wait, in the examples, when the treatment group had a higher percentage of an outcome, it was considered a positive outcome, but only if it was expected. For instance, the second example was about type 2 diabetes, which is the primary condition, so that makes sense. But vision loss isn't a direct effect of the treatment; it's a possible complication of diabetes.

So, if GLP-1RA and SGLT2i both help manage blood sugar, they might reduce the risk of diabetic retinopathy, which is a cause of vision loss. But in this case, the rates of vision loss are higher in both groups compared to what? The example in the question doesn't provide a baseline, so I can't tell if 2.06% and 1.94% are high or low.

Wait, the example given in the question has treatment group at 2.06% and control at 1.94%. The answer was ""yes"" because it's a positive outcome, implying that the treatment causes vision loss. But that seems counterintuitive because I thought these drugs might reduce the risk of vision problems.

Hmm, maybe I'm misunderstanding. Perhaps the reasoning is that since both groups are using diabetes medications, and vision loss is a diabetes-related complication, the higher rate in the GLP-1RA group suggests that the treatment is causing it. But that doesn't make much sense because both treatments are supposed to help manage diabetes better, possibly reducing complications.

Alternatively, maybe the difference is due to other factors, like the comorbidity index. The GLP-1RA group has a slightly higher Charlson score, meaning more comorbidities, which might increase the risk of vision loss. So, the higher rate in the treatment group could be because they have more health issues overall, not because of the treatment itself.

In the examples, the second one considered the outcome as positive because it was the primary condition. Here, vision loss is a secondary condition, but the reasoning might still apply. If the treatment group has a higher rate, it might be considered a positive outcome, implying the treatment has a causal effect. However, I'm not sure if that's accurate because the higher rate could be due to other factors.

Wait, the instructions say that both treatments are expected to behave similarly, either both yes or both no. So if GLP-1RA is yes, SGLT2i should also be yes. But in the example, the control group had a slightly lower rate, but the answer was yes. So maybe the reasoning is that any difference, even if small, in the treatment group is considered a positive outcome.

Alternatively, perhaps the answer is ""no"" because the difference is small and not statistically significant, but the question doesn't mention statistical significance. It just gives the percentages.

I'm a bit confused. On one hand, the higher rate in the treatment group suggests a positive outcome, but on the other hand, it's possible that other factors are at play, like comorbidities, which might affect vision loss rates.

Wait, the GLP-1RA group has a higher BMI, which is linked to higher risk of diabetic retinopathy. So maybe their higher rate of vision loss is because of the higher BMI, not the treatment itself. Similarly, the SGLT2i group has a lower BMI, which might lower the risk, hence the lower rate.

In that case, the difference isn't due to the treatment but to other characteristics of the groups. So the treatment itself might not have a causal effect on vision loss. Therefore, the answer would be ""no.""
</think>

no",no
Batch4,v3,medical_questions_v3.txt,3,"Question 3
[Background]
We compare two treatments for type 2 diabetes:
- Treatment: GLP-1 Receptor Agonists (GLP-1RA)
- Control: Sodium-Glucose Cotransporter-2 Inhibitors (SGLT2i)
[Task Description]
You’ll receive an outcome and the percentage of affected patients in each group.
Decide whether these treatments have a causal effect on that outcome.
You will receive a query describing an outcome and the proportion of patients in each group who experienced it:
- One percentage for patients using GLP-1RA (treatment group).
- One percentage for patients using SGLT2i (control group).
Your task is to determine whether the treatments (GLP-1RA and SGLT2i) have a causal effect on that outcome.
[Cohort Description]
Adults with type 2 diabetes who began either GLP-1RA or SGLT2i.
All had a prior diabetes diagnosis.
GLP-1RA users: mean age 58.0, BMI 37.4.
SGLT2i users: mean age 64.6, BMI 32.8.
Charlson Comorbidity Index ≥ 3 in 65.2% (GLP-1RA) and 68.5% (SGLT2i).
[Instruction]
- Judge whether the treatments causally influence the outcome.
- Both treatments are expected to behave similarly (either both yes or both no).
- “Yes” = Positive Outcome (OOI); “No” = Negative Control Outcome (NCO).
- Reply with only “yes” or “no.”
[Few-shot Examples]
- Treatment group using GLP-1RA (treatment) had 0.20% Foreign body in ear, compared with 0.12% for control group using SGLT2i. Does treatment have causal effect to the Foreign body in ear (is it a Positive Outcome)? - no
- Treatment group using GLP-1RA (treatment) had 94.81% Type 2 diabetes mellitus, compared with 96.68% for control group using SGLT2i. Does treatment have causal effect to the Type 2 diabetes mellitus (is it a Positive Outcome)? - yes
[Your Task]
[Question]
Treatment group using GLP-1RA (treatment) had 2.06% Vision loss, compared with 1.94% for control group using SGLT2i. Does treatment have causal effect to the Vision loss (is it a Positive Outcome)?
Answer: [Your answer, ""yes"" or ""no""]",9,"Okay, so I need to determine whether GLP-1RA treatments have a causal effect on vision loss compared to SGLT2i in patients with type 2 diabetes. The data given is 2.06% for GLP-1RA and 1.94% for SGLT2i. 

First, I should consider what both treatments do. GLP-1RA (like exenatide, liraglutide) works by increasing insulin secretion and reducing glucose release after meals. They also promote weight loss. SGLT2i (like empagliflozin, dapagliflozin) inhibit the kidneys from reabsorbing glucose, thereby reducing blood sugar levels and also having some effects on the heart and kidneys.

Now, thinking about potential side effects. Both drugs are known to have certain side effects. GLP-1RA can cause gastrointestinal issues like nausea and diarrhea, and in rare cases, they might be associated with pancreatitis or pancreas炎. They might also have effects on the eyes, but I'm not sure. SGLT2i, on the other hand, are known to increase the risk of urinary tract infections and, more importantly, have been linked to a higher risk of ketoacidosis, hypoglycemia in some cases, and, more notably, in clinical trials, they've shown a slight increased risk of cardiovascular events. 

But what about vision loss? I'm trying to recall if either of these treatments is directly linked to vision problems. I know that diabetes can lead to diabetic retinopathy, which is a microvascular complication that can cause vision loss. However, neither GLP-1RA nor SGLT2i is specifically known to cause or prevent diabetic retinopathy. 

Wait, but I should think about whether one of these drugs might have an indirect effect on vision. GLP-1RA can cause weight loss, which might reduce the risk of certain obesity-related conditions, but that's a stretch. SGLT2i might affect kidney function, which could be related to other eye issues, but again, not directly linked to vision loss.

Looking at the percentages: GLP-1RA has a slightly higher rate of vision loss at 2.06% compared to SGLT2i's 1.94%. So, does this mean that GLP-1RA causes more vision loss? Or is it just a coincidence? 

Considering the background, the user mentioned that both treatments are expected to behave similarly, either both yes or both no in terms of causal effect. So, if GLP-1RA is associated with a higher rate, but we don't have evidence that either causes it, it's likely that the difference is due to other factors, like the population differences in age, BMI, or comorbidities.

Wait, the cohort description shows that GLP-1RA users are younger (58 vs 64), have higher BMI (37.4 vs 32.8), and a slightly lower Charlson score. These factors might influence the occurrence of complications. Younger age could mean they have more active diabetes management, but higher BMI is associated with more complications. However, SGLT2i users are older and have higher comorbidities, which might also contribute to more complications. 

So, the difference in vision loss rates could be due to other factors, not the treatment itself. Both drugs might not have a causal effect on vision loss. 

In the examples provided, when the treatment group had a slightly higher rate, it was considered a negative outcome because there was no causal link established. For instance, the foreign body in the ear wasn't caused by the treatment. Similarly, if a treatment group has a slightly higher rate of an outcome, without evidence of causation, it's more likely that it's a coincidence or due to other factors.

Therefore, in this case, even though GLP-1RA has a slightly higher percentage, there's no established causal link between GLP-1RA or SGLT2i and vision loss. So, the answer should be ""no.""
</think>

no",no
Batch4,v3,medical_questions_v3.txt,3,"Question 3
[Background]
We compare two treatments for type 2 diabetes:
- Treatment: GLP-1 Receptor Agonists (GLP-1RA)
- Control: Sodium-Glucose Cotransporter-2 Inhibitors (SGLT2i)
[Task Description]
You’ll receive an outcome and the percentage of affected patients in each group.
Decide whether these treatments have a causal effect on that outcome.
You will receive a query describing an outcome and the proportion of patients in each group who experienced it:
- One percentage for patients using GLP-1RA (treatment group).
- One percentage for patients using SGLT2i (control group).
Your task is to determine whether the treatments (GLP-1RA and SGLT2i) have a causal effect on that outcome.
[Cohort Description]
Adults with type 2 diabetes who began either GLP-1RA or SGLT2i.
All had a prior diabetes diagnosis.
GLP-1RA users: mean age 58.0, BMI 37.4.
SGLT2i users: mean age 64.6, BMI 32.8.
Charlson Comorbidity Index ≥ 3 in 65.2% (GLP-1RA) and 68.5% (SGLT2i).
[Instruction]
- Judge whether the treatments causally influence the outcome.
- Both treatments are expected to behave similarly (either both yes or both no).
- “Yes” = Positive Outcome (OOI); “No” = Negative Control Outcome (NCO).
- Reply with only “yes” or “no.”
[Few-shot Examples]
- Treatment group using GLP-1RA (treatment) had 0.20% Foreign body in ear, compared with 0.12% for control group using SGLT2i. Does treatment have causal effect to the Foreign body in ear (is it a Positive Outcome)? - no
- Treatment group using GLP-1RA (treatment) had 94.81% Type 2 diabetes mellitus, compared with 96.68% for control group using SGLT2i. Does treatment have causal effect to the Type 2 diabetes mellitus (is it a Positive Outcome)? - yes
[Your Task]
[Question]
Treatment group using GLP-1RA (treatment) had 2.06% Vision loss, compared with 1.94% for control group using SGLT2i. Does treatment have causal effect to the Vision loss (is it a Positive Outcome)?
Answer: [Your answer, ""yes"" or ""no""]",10,"Okay, so I'm trying to figure out whether GLP-1RA treatment has a causal effect on vision loss compared to SGLT2i in type 2 diabetes patients. The data given is that 2.06% of GLP-1RA users experienced vision loss, while 1.94% of SGLT2i users did. 

First, I need to consider what these medications typically do. GLP-1RA stands for Glucagon-Like Peptide-1 Receptor Agonists, which work by increasing insulin release and decreasing glucose production in the liver. They also help with weight loss because they suppress appetite. SGLT2i, or Sodium-Glucose Cotransporter-2 Inhibitors, block the kidneys' reabsorption of glucose, leading to more urine output and lower blood sugar levels. Both are commonly used for type 2 diabetes.

Now, the question is about vision loss. I know that diabetes can lead to diabetic retinopathy, which is a condition that can cause vision loss. Diabetic retinopathy is related to blood sugar levels and can be worse if there's high glucose, which SGLT2i might help with by reducing glucose levels. However, GLP-1RA also lowers blood glucose, so both medications are supposed to help with diabetes management.

Looking at the percentages, GLP-1RA has a slightly higher rate of vision loss (2.06%) compared to SGLT2i's 1.94%. But is this difference significant enough to suggest causation? I need to think about potential confounders. The problem statement mentions that the two groups have different characteristics. GLP-1RA users are younger (mean age 58.0 vs. 64.6) and have a higher BMI (37.4 vs. 32.8). They also have a slightly lower Charlson Comorbidity Index (65.2% vs. 68.5%). These differences could mean that GLP-1RA users might have other health issues that affect vision loss.

For example, higher BMI is associated with an increased risk of diabetic retinopathy. So, if GLP-1RA users have a higher BMI, maybe that contributes to a higher incidence of vision loss. Similarly, older age is a risk factor for diabetic retinopathy. SGLT2i users are older, so they might naturally have a higher risk, but their actual rate is lower than GLP-1RA.

Another point is that both medications are used to manage type 2 diabetes, so their impact on blood sugar might influence retinopathy. However, SGLT2i has been shown in some studies to reduce the risk of diabetic retinopathy more effectively than other diabetes medications. If that's the case, maybe SGLT2i is more protective against vision loss, which would mean that GLP-1RA doesn't have the same protective effect, possibly leading to higher rates of vision loss.

But wait, the question is whether GLP-1RA has a causal effect on vision loss. If SGLT2i is better at preventing it, then GLP-1RA might not be as effective, which could mean that GLP-1RA doesn't have a causal protective effect. However, the data shows that GLP-1RA has a higher rate, which might imply that it increases the risk. Alternatively, it could be that the higher BMI and younger age in GLP-1RA users are contributing factors.

I'm a bit confused. On one hand, both drugs are used for diabetes, which can lead to retinopathy. SGLT2i might be better at preventing it, so maybe GLP-1RA is not as effective, leading to higher rates. But without more data on how each drug affects retinopathy risk, it's hard to say definitively.

Another angle: the difference in percentages is small (2.06% vs. 1.94%). In real-world data, such small differences might not be statistically significant, especially considering the different patient profiles. The GLP-1RA group is younger and heavier, which are known risk factors. So, maybe the higher rate in GLP-1RA is due to these other factors rather than the drug itself.

In the example given, a 0.20% vs. 0.12% foreign body in the ear was considered a negative outcome, likely because such an event isn't related to the treatments. Similarly, a 94.81% vs. 96.68% type 2 diabetes rate was considered a positive outcome because the treatment is meant to manage diabetes.

In this case, vision loss is a known complication of diabetes, so if a treatment reduces the risk, it's a positive outcome. If it increases the risk, it's negative. Since the GLP-1RA group has a slightly higher rate, it might suggest that it's not as protective as SGLT2i, which could be a positive outcome if SGLT2i is better. But the question is about GLP-1RA, so if it's not as effective, does that mean it has a negative effect on vision loss?

Alternatively, if GLP-1RA doesn't affect vision loss much, but SGLT2i does, then maybe GLP-1RA isn't causally related. But I'm not sure. The problem statement says that both treatments are expected to behave similarly, either both yes or both no. So if GLP-1RA is a yes, SGLT2i should also be a yes.

Given that vision loss is a diabetic complication, and both drugs are diabetes medications, it's possible that neither has a causal effect in this context because they are both managing the same condition. However, the example given for type 2 diabetes was considered a positive outcome because the treatment is meant to manage it. So maybe vision loss, being a complication, is also a positive outcome if the treatment helps prevent it.

But wait, in the example, the treatment group had a higher rate of type 2 diabetes, which was considered a positive outcome because the treatment is supposed to manage it. So if the treatment isn't effective, more patients still have type 2 diabetes, which is a positive outcome because it's the condition being treated.

Similarly, if a treatment reduces the risk of vision loss, that's a positive outcome. If it doesn't, or if it increases the risk, it's a negative outcome. In this case, GLP-1RA has a slightly higher rate, which might suggest it's not as effective at preventing vision loss as SGLT2i. But without knowing the exact mechanism, it's hard to say for sure.

Given the instruction that both treatments are expected to behave similarly, and the example where a higher rate in the treatment group was considered a negative outcome, I think that in this case, since GLP-1RA has a higher rate, it might be considered that it doesn't have a causal protective effect, hence a negative outcome. But I'm not entirely sure.
</think>

no",no
Batch4,v3,medical_questions_v3.txt,4,"Question 4
[Background]
We compare two treatments for type 2 diabetes:
- Treatment: GLP-1 Receptor Agonists (GLP-1RA)
- Control: Sodium-Glucose Cotransporter-2 Inhibitors (SGLT2i)
[Task Description]
You’ll receive an outcome and the percentage of affected patients in each group.
Decide whether these treatments have a causal effect on that outcome.
You will receive a query describing an outcome and the proportion of patients in each group who experienced it:
- One percentage for patients using GLP-1RA (treatment group).
- One percentage for patients using SGLT2i (control group).
Your task is to determine whether the treatments (GLP-1RA and SGLT2i) have a causal effect on that outcome.
[Cohort Description]
Adults with type 2 diabetes who began either GLP-1RA or SGLT2i.
All had a prior diabetes diagnosis.
GLP-1RA users: mean age 58.0, BMI 37.4.
SGLT2i users: mean age 64.6, BMI 32.8.
Charlson Comorbidity Index ≥ 3 in 65.2% (GLP-1RA) and 68.5% (SGLT2i).
[Instruction]
- Judge whether the treatments causally influence the outcome.
- Both treatments are expected to behave similarly (either both yes or both no).
- “Yes” = Positive Outcome (OOI); “No” = Negative Control Outcome (NCO).
- Reply with only “yes” or “no.”
[Few-shot Examples]
- Treatment group using GLP-1RA (treatment) had 0.20% Foreign body in ear, compared with 0.12% for control group using SGLT2i. Does treatment have causal effect to the Foreign body in ear (is it a Positive Outcome)? - no
- Treatment group using GLP-1RA (treatment) had 94.81% Type 2 diabetes mellitus, compared with 96.68% for control group using SGLT2i. Does treatment have causal effect to the Type 2 diabetes mellitus (is it a Positive Outcome)? - yes
[Your Task]
[Question]
Treatment group using GLP-1RA (treatment) had 8.63% Glaucoma, compared with 8.44% for control group using SGLT2i. Does treatment have causal effect to the Glaucoma (is it a Positive Outcome)?
Answer: [Your answer, ""yes"" or ""no""]",1,"Okay, so I need to figure out whether GLP-1RA treatment has a causal effect on glaucoma in patients with type 2 diabetes. Let's break this down step by step.

First, I know that GLP-1RA stands for Glucagon-Like Peptide-1 Receptor Agonists, which are a class of medications used to help manage type 2 diabetes. They work by increasing insulin release and decreasing glucose production in the liver. They also help with weight loss and can reduce the risk of heart disease.

On the other hand, SGLT2i is Sodium-Glucose Cotransporter-2 Inhibitors, which also help manage type 2 diabetes. They work by preventing the kidneys from reabsorbing glucose, thereby promoting urine excretion and reducing blood sugar levels. They're known to have benefits beyond glucose control, such as reducing the risk of cardiovascular events.

The question gives me the percentages of patients experiencing glaucoma in each group. The treatment group using GLP-1RA has 8.63%, and the control group using SGLT2i has 8.44%. So, the treatment group has a slightly higher rate of glaucoma.

Now, I need to determine if this difference is causal. That is, does using GLP-1RA actually cause glaucoma, or is it just a coincidence? To assess causality, I should consider factors like whether GLP-1RA is known to cause glaucoma, the duration of treatment, other potential confounders, and whether the study controlled for other variables.

I recall that GLP-1RA medications can sometimes cause side effects like nausea, diarrhea, and, less commonly, pancreatitis. However, glaucoma isn't a commonly mentioned side effect of GLP-1RA medications. Glaucoma is more often associated with increased eye pressure, which can be caused by various factors, including certain medications, health conditions, or genetic predispositions.

Looking at the cohort description, both groups have similar baseline characteristics in terms of diabetes diagnosis, age, BMI, and comorbidities. The mean age is 58 for GLP-1RA users and 64 for SGLT2i users, which is a noticeable difference. Older age is a known risk factor for glaucoma. The BMI is slightly higher in the GLP-1RA group, which might also be a risk factor since obesity can contribute to eye pressure issues.

The Charlson Comorbidity Index is similar in both groups, around 65-68%, which suggests that both groups have similar levels of other health conditions. This might mean that the higher rate in the GLP-1RA group isn't due to more comorbidities but perhaps something else.

Now, considering that both treatments are used to manage type 2 diabetes, they might have different side effect profiles. SGLT2i have been associated with a lower risk of certain side effects compared to GLP-1RA, but I'm not sure about glaucoma specifically.

Another angle is the mechanism of action. GLP-1RA can sometimes lead to increased eye pressure because they can affect the sympathetic nervous system, which is involved in eye pressure regulation. However, I'm not certain if this is a well-established side effect or if it's a rare occurrence.

Looking at the few-shot examples provided, in one case, the treatment group had a higher rate of foreign body in the ear, but the answer was ""no"" because it's not a positive outcome related to the treatment. In the second example, a higher rate of type 2 diabetes in the treatment group was considered a positive outcome because it's directly related to the treatment.

In this case, glaucoma is a condition that could be related to diabetes management. However, the question is whether GLP-1RA specifically causes it. Since the treatment group has a slightly higher rate but both groups have different ages and other risk factors, it's possible that the difference is due to other factors rather than the treatment itself.

Moreover, the instruction mentions that both treatments are expected to behave similarly, either both yes or both no. So, if GLP-1RA is a treatment and SGLT2i is the control, and the outcome is glaucoma, which is a condition, I need to see if either treatment would cause it.

From what I know, SGLT2i might not be directly linked to glaucoma either. So, if both groups have slightly increased rates, but it's more likely due to the underlying diabetes or other factors like age and BMI, then the treatment itself might not be causal.

Alternatively, if GLP-1RA has a known side effect of increasing eye pressure, then it might be causal. But I don't recall glaucoma being a common side effect of GLP-1RA medications. Therefore, the slight difference in percentages might be coincidental rather than causal.

So, putting it all together, while the treatment group has a slightly higher rate of glaucoma, the difference is small and likely due to other factors like age and BMI rather than the treatment itself. Therefore, the treatment does not have a causal effect on glaucoma in this context.
</think>

no",no
Batch4,v3,medical_questions_v3.txt,4,"Question 4
[Background]
We compare two treatments for type 2 diabetes:
- Treatment: GLP-1 Receptor Agonists (GLP-1RA)
- Control: Sodium-Glucose Cotransporter-2 Inhibitors (SGLT2i)
[Task Description]
You’ll receive an outcome and the percentage of affected patients in each group.
Decide whether these treatments have a causal effect on that outcome.
You will receive a query describing an outcome and the proportion of patients in each group who experienced it:
- One percentage for patients using GLP-1RA (treatment group).
- One percentage for patients using SGLT2i (control group).
Your task is to determine whether the treatments (GLP-1RA and SGLT2i) have a causal effect on that outcome.
[Cohort Description]
Adults with type 2 diabetes who began either GLP-1RA or SGLT2i.
All had a prior diabetes diagnosis.
GLP-1RA users: mean age 58.0, BMI 37.4.
SGLT2i users: mean age 64.6, BMI 32.8.
Charlson Comorbidity Index ≥ 3 in 65.2% (GLP-1RA) and 68.5% (SGLT2i).
[Instruction]
- Judge whether the treatments causally influence the outcome.
- Both treatments are expected to behave similarly (either both yes or both no).
- “Yes” = Positive Outcome (OOI); “No” = Negative Control Outcome (NCO).
- Reply with only “yes” or “no.”
[Few-shot Examples]
- Treatment group using GLP-1RA (treatment) had 0.20% Foreign body in ear, compared with 0.12% for control group using SGLT2i. Does treatment have causal effect to the Foreign body in ear (is it a Positive Outcome)? - no
- Treatment group using GLP-1RA (treatment) had 94.81% Type 2 diabetes mellitus, compared with 96.68% for control group using SGLT2i. Does treatment have causal effect to the Type 2 diabetes mellitus (is it a Positive Outcome)? - yes
[Your Task]
[Question]
Treatment group using GLP-1RA (treatment) had 8.63% Glaucoma, compared with 8.44% for control group using SGLT2i. Does treatment have causal effect to the Glaucoma (is it a Positive Outcome)?
Answer: [Your answer, ""yes"" or ""no""]",2,"Okay, so I'm trying to figure out whether GLP-1RA treatment has a causal effect on Glaucoma compared to SGLT2i. Let's break this down step by step.

First, I need to understand what GLP-1RA and SGLT2i are. GLP-1 Receptor Agonists are medications used to help manage type 2 diabetes by helping the pancreas release insulin and slowing down digestion. They're often given by injection. On the other hand, SGLT2 Inhibitors are a class of medications that prevent the kidneys from reabsorbing glucose, thereby promoting urine excretion of excess glucose, which helps lower blood sugar levels.

Now, the question is about the occurrence of Glaucoma in each treatment group. The treatment group (GLP-1RA) had 8.63% of patients experiencing Glaucoma, while the control group (SGLT2i) had 8.44%. So, both groups have a similar incidence of Glaucoma, with a slight increase in the treatment group.

I need to determine if this difference is due to a causal effect of GLP-1RA on Glaucoma. Causality can be tricky because it's about whether one thing directly causes another. However, I should consider whether there's any known relationship between GLP-1RA and Glaucoma.

From what I remember, GLP-1RA can sometimes cause side effects like nausea, vomiting, and in rare cases, pancreatitis. I don't recall Glaucoma being a common side effect of GLP-1RA. In fact, I think Glaucoma is more commonly associated with other medications, especially those that affect the eye, like certain blood pressure drugs or steroids.

On the other hand, SGLT2i have been linked to some eye-related side effects as well, though I'm not sure about Glaucoma specifically. I think there was some concern about SGLT2i possibly increasing the risk of diabetic retinopathy, but that's a different condition.

Looking at the numbers, the percentage increase is minimal (8.63% vs. 8.44%). This is a very small difference, and it's possible that this could be due to chance, especially considering that the sample size might be large enough to have some variation. Without more data or a clearer mechanism linking GLP-1RA to Glaucoma, it's hard to establish causation.

Additionally, the problem statement mentions that both treatments are expected to behave similarly in terms of causality—either both have a causal effect or neither does. Given that the incidence is almost the same in both groups, it suggests that there might not be a significant causal relationship here.

Moreover, the comorbidity indices are quite high in both groups (around 65-68%), which means patients in both treatment arms have other health issues. This could mean that other factors are contributing to the development of Glaucoma, making it less likely that either treatment is the primary cause.

In the example provided, when the treatment group had a slightly higher incidence of Foreign Body in Ear compared to the control, the answer was ""no,"" likely because there's no known causal link between the treatment and that outcome. Similarly, in the Type 2 Diabetes example, the higher percentage in the treatment group was considered a ""yes"" because the treatment is meant to manage diabetes, so it's expected that more patients would still have diabetes.

But in this case, Glaucoma isn't directly related to managing diabetes. Therefore, the slight increase in the treatment group doesn't align with an expected causal effect. It's more likely that the difference is coincidental or due to other factors not accounted for, like the higher baseline comorbidities.

So, putting it all together, while the treatment group has a slightly higher incidence of Glaucoma, there's no strong evidence or known mechanism linking GLP-1RA to Glaucoma. The similarity in percentages between the two groups and the nature of the treatment make it more likely that the difference is not causal. Therefore, the answer should be ""no.""
</think>

no",no
Batch4,v3,medical_questions_v3.txt,4,"Question 4
[Background]
We compare two treatments for type 2 diabetes:
- Treatment: GLP-1 Receptor Agonists (GLP-1RA)
- Control: Sodium-Glucose Cotransporter-2 Inhibitors (SGLT2i)
[Task Description]
You’ll receive an outcome and the percentage of affected patients in each group.
Decide whether these treatments have a causal effect on that outcome.
You will receive a query describing an outcome and the proportion of patients in each group who experienced it:
- One percentage for patients using GLP-1RA (treatment group).
- One percentage for patients using SGLT2i (control group).
Your task is to determine whether the treatments (GLP-1RA and SGLT2i) have a causal effect on that outcome.
[Cohort Description]
Adults with type 2 diabetes who began either GLP-1RA or SGLT2i.
All had a prior diabetes diagnosis.
GLP-1RA users: mean age 58.0, BMI 37.4.
SGLT2i users: mean age 64.6, BMI 32.8.
Charlson Comorbidity Index ≥ 3 in 65.2% (GLP-1RA) and 68.5% (SGLT2i).
[Instruction]
- Judge whether the treatments causally influence the outcome.
- Both treatments are expected to behave similarly (either both yes or both no).
- “Yes” = Positive Outcome (OOI); “No” = Negative Control Outcome (NCO).
- Reply with only “yes” or “no.”
[Few-shot Examples]
- Treatment group using GLP-1RA (treatment) had 0.20% Foreign body in ear, compared with 0.12% for control group using SGLT2i. Does treatment have causal effect to the Foreign body in ear (is it a Positive Outcome)? - no
- Treatment group using GLP-1RA (treatment) had 94.81% Type 2 diabetes mellitus, compared with 96.68% for control group using SGLT2i. Does treatment have causal effect to the Type 2 diabetes mellitus (is it a Positive Outcome)? - yes
[Your Task]
[Question]
Treatment group using GLP-1RA (treatment) had 8.63% Glaucoma, compared with 8.44% for control group using SGLT2i. Does treatment have causal effect to the Glaucoma (is it a Positive Outcome)?
Answer: [Your answer, ""yes"" or ""no""]",3,"Okay, so I need to determine whether GLP-1RA (GLP-1 Receptor Agonists) treatment has a causal effect on Glaucoma in this scenario. The data provided is that 8.63% of GLP-1RA users developed Glaucoma, while 8.44% of SGLT2i users did. 

First, I should consider what I know about these medications. GLP-1RAs are often used to manage type 2 diabetes and can help with weight loss and blood sugar control. They work by increasing insulin release and slowing down digestion, which can lead to weight loss. SGLT2i (Sodium-Glucose Cotransporter-2 Inhibitors) are also used for type 2 diabetes management. They work by preventing the kidneys from reabsorbing glucose, thus promoting urine output and lowering blood sugar levels.

Now, looking at the outcomes, both treatments have similar percentages of patients developing Glaucoma—8.63% vs. 8.44%. That's a very small difference, only about 0.19% more in the GLP-1RA group. 

I should think about whether either of these medications is known to cause Glaucoma. From what I remember, Glaucoma is often associated with increased eye pressure. Some medications can affect eye pressure, either by increasing or decreasing it. For instance, some blood pressure medications can affect eye health. 

I don't recall any direct link between GLP-1RAs and Glaucoma. They might influence eye health indirectly through blood sugar control, but I don't think they're known to cause Glaucoma. Similarly, SGLT2i might affect blood sugar levels, but again, I don't think they're directly linked to Glaucoma either.

The small difference in percentages could be due to random chance, especially since the study groups have different characteristics. For example, GLP-1RA users are slightly younger (mean age 58.0 vs. 64.6) and have a higher BMI (37.4 vs. 32.8). They also have similar comorbidity indices, so the difference in Glaucoma rates might not be significant enough to establish causation.

Another angle is to consider whether either treatment is more likely to cause eye-related side effects. I know that some medications, like some NSAIDs, can increase eye pressure, but neither GLP-1RAs nor SGLT2i are known for that. In fact, GLP-1RAs can sometimes cause hypoglycemia, but that's not directly related to Glaucoma.

Given that both treatments have very similar rates of Glaucoma and there's no known mechanism linking either to Glaucoma, it's unlikely that either treatment is causally responsible for the outcome. The small difference is probably a coincidence given the different demographics of the two groups.

Therefore, I don't think GLP-1RA treatment has a causal effect on Glaucoma in this case.
</think>

no",no
Batch4,v3,medical_questions_v3.txt,4,"Question 4
[Background]
We compare two treatments for type 2 diabetes:
- Treatment: GLP-1 Receptor Agonists (GLP-1RA)
- Control: Sodium-Glucose Cotransporter-2 Inhibitors (SGLT2i)
[Task Description]
You’ll receive an outcome and the percentage of affected patients in each group.
Decide whether these treatments have a causal effect on that outcome.
You will receive a query describing an outcome and the proportion of patients in each group who experienced it:
- One percentage for patients using GLP-1RA (treatment group).
- One percentage for patients using SGLT2i (control group).
Your task is to determine whether the treatments (GLP-1RA and SGLT2i) have a causal effect on that outcome.
[Cohort Description]
Adults with type 2 diabetes who began either GLP-1RA or SGLT2i.
All had a prior diabetes diagnosis.
GLP-1RA users: mean age 58.0, BMI 37.4.
SGLT2i users: mean age 64.6, BMI 32.8.
Charlson Comorbidity Index ≥ 3 in 65.2% (GLP-1RA) and 68.5% (SGLT2i).
[Instruction]
- Judge whether the treatments causally influence the outcome.
- Both treatments are expected to behave similarly (either both yes or both no).
- “Yes” = Positive Outcome (OOI); “No” = Negative Control Outcome (NCO).
- Reply with only “yes” or “no.”
[Few-shot Examples]
- Treatment group using GLP-1RA (treatment) had 0.20% Foreign body in ear, compared with 0.12% for control group using SGLT2i. Does treatment have causal effect to the Foreign body in ear (is it a Positive Outcome)? - no
- Treatment group using GLP-1RA (treatment) had 94.81% Type 2 diabetes mellitus, compared with 96.68% for control group using SGLT2i. Does treatment have causal effect to the Type 2 diabetes mellitus (is it a Positive Outcome)? - yes
[Your Task]
[Question]
Treatment group using GLP-1RA (treatment) had 8.63% Glaucoma, compared with 8.44% for control group using SGLT2i. Does treatment have causal effect to the Glaucoma (is it a Positive Outcome)?
Answer: [Your answer, ""yes"" or ""no""]",4,"Okay, so I'm trying to figure out whether GLP-1RA treatments cause Glaucoma compared to SGLT2i in type 2 diabetes patients. Let me start by understanding the problem.

First, I remember from the background that we're comparing two diabetes treatments: GLP-1 Receptor Agonists (GLP-1RA) and Sodium-Glucose Cotransporter-2 Inhibitors (SGLT2i). The task is to determine if either of these treatments has a causal effect on a specific outcome, which in this case is Glaucoma.

The data provided shows that 8.63% of GLP-1RA users experienced Glaucoma, while 8.44% of SGLT2i users did. The question is whether this difference is significant enough to suggest that GLP-1RA causes Glaucoma.

I know that both GLP-1RA and SGLT2i are used to manage type 2 diabetes, but they work differently. GLP-1RA helps with glucose control by increasing insulin release and decreasing sugar production, while SGLT2i works by inhibiting the kidneys from reabsorbing glucose, thus promoting urine excretion and lowering blood sugar.

Now, looking at the percentages, GLP-1RA has a slightly higher incidence of Glaucoma (8.63%) compared to SGLT2i (8.44%). The difference is pretty small, only 0.19%. I'm wondering if this difference is statistically significant or if it's just a coincidence due to random variation.

Given that both treatments are used in similar patient populations (adults with type 2 diabetes), the instruction says that both treatments are expected to behave similarly. That means if GLP-1RA has a higher rate, it's possible that this is a true causal effect, but it's also possible that the difference is due to other factors not accounted for in the data.

I should consider whether Glaucoma is a known side effect of GLP-1RA medications. From what I recall, GLP-1RA can sometimes cause weight gain, which might be a risk factor for Glaucoma, as obesity is associated with increased eye pressure. However, I'm not sure if the increase in Glaucoma cases is directly caused by the medication or if it's a result of other factors like weight gain.

On the other hand, SGLT2i can also cause weight loss, which might have a different effect on Glaucoma risk. Weight loss can sometimes lead to reduced eye pressure, but if SGLT2i is causing weight loss, maybe that's why their Glaucoma rate is slightly lower. But again, this is speculative.

Another angle is to look at the comorbidities. The GLP-1RA group has a higher Charlson Comorbidity Index (65.2% vs. 68.5% in SGLT2i). A higher comorbidity index means more patients have other health issues, which could influence the occurrence of Glaucoma. However, both groups have similar comorbidity levels, so it's unclear if that plays a role here.

The age and BMI differences between the groups might also be relevant. GLP-1RA users are younger (mean age 58.0) and have a higher BMI (37.4), while SGLT2i users are older (64.6) with a lower BMI (32.8). Since Glaucoma is more common with age and higher BMI can contribute to eye pressure, it's possible that these factors are influencing the rates. But since both groups are treated differently, it's hard to disentangle the effects.

In the few-shot examples provided, when the treatment group had a higher rate, the answer was ""yes"" only if the outcome was a Positive Outcome (like Type 2 diabetes), but ""no"" if it was a Negative Outcome (like Foreign body in ear). However, in this case, Glaucoma is a condition related to diabetes management, so it's a Positive Outcome if it's caused by the treatment.

But wait, the examples might not be directly applicable here because the outcome in the examples was sometimes a disease and sometimes a different condition. Glaucoma is a disease, so if GLP-1RA increases Glaucoma risk, it's a Positive Outcome, but if it's just a side effect, it's still a Negative Outcome in terms of the treatment's effectiveness.

I'm a bit confused about what exactly constitutes a Positive or Negative Outcome in this context. From the instructions, ""Yes"" means the treatment has a causal effect on a Positive Outcome, and ""No"" means it's a Negative Control Outcome. So, if Glaucoma is a Positive Outcome, then if GLP-1RA increases it, it's a Positive Outcome, meaning the treatment does have a causal effect. But if it's just a side effect, perhaps it's not a Positive Outcome.

But in the example given, Type 2 diabetes was considered a Positive Outcome, and the treatment group had a slightly lower rate, so it was considered a Positive Outcome. In this case, Glaucoma is a condition that might be considered a Positive Outcome if the treatment causes it, but it's also possible that it's just a side effect.

Given the small difference in percentages (0.19%), and considering that both treatments have different side effect profiles, it's uncertain if this difference is significant enough to conclude causation. The instructions also mention that both treatments are expected to behave similarly, either both yes or both no. So if GLP-1RA has a higher rate, it's a Positive Outcome, but without more data or statistical analysis, it's hard to be certain.

I think the key here is to follow the instructions and consider if the difference is significant. Since the difference is quite small (less than 0.2%), it might not be statistically significant. Also, given that both treatments are used in similar populations, the higher rate in GLP-1RA might just be a coincidence or due to other factors rather than a direct causal effect.

Therefore, after considering all these factors, I'm leaning towards the answer being ""no"" because the difference is too small and it's not clear if it's causally related. There might be other confounding variables at play, like comorbidities or other health factors, that are influencing the rates of Glaucoma in both groups.
</think>

no",no
Batch4,v3,medical_questions_v3.txt,4,"Question 4
[Background]
We compare two treatments for type 2 diabetes:
- Treatment: GLP-1 Receptor Agonists (GLP-1RA)
- Control: Sodium-Glucose Cotransporter-2 Inhibitors (SGLT2i)
[Task Description]
You’ll receive an outcome and the percentage of affected patients in each group.
Decide whether these treatments have a causal effect on that outcome.
You will receive a query describing an outcome and the proportion of patients in each group who experienced it:
- One percentage for patients using GLP-1RA (treatment group).
- One percentage for patients using SGLT2i (control group).
Your task is to determine whether the treatments (GLP-1RA and SGLT2i) have a causal effect on that outcome.
[Cohort Description]
Adults with type 2 diabetes who began either GLP-1RA or SGLT2i.
All had a prior diabetes diagnosis.
GLP-1RA users: mean age 58.0, BMI 37.4.
SGLT2i users: mean age 64.6, BMI 32.8.
Charlson Comorbidity Index ≥ 3 in 65.2% (GLP-1RA) and 68.5% (SGLT2i).
[Instruction]
- Judge whether the treatments causally influence the outcome.
- Both treatments are expected to behave similarly (either both yes or both no).
- “Yes” = Positive Outcome (OOI); “No” = Negative Control Outcome (NCO).
- Reply with only “yes” or “no.”
[Few-shot Examples]
- Treatment group using GLP-1RA (treatment) had 0.20% Foreign body in ear, compared with 0.12% for control group using SGLT2i. Does treatment have causal effect to the Foreign body in ear (is it a Positive Outcome)? - no
- Treatment group using GLP-1RA (treatment) had 94.81% Type 2 diabetes mellitus, compared with 96.68% for control group using SGLT2i. Does treatment have causal effect to the Type 2 diabetes mellitus (is it a Positive Outcome)? - yes
[Your Task]
[Question]
Treatment group using GLP-1RA (treatment) had 8.63% Glaucoma, compared with 8.44% for control group using SGLT2i. Does treatment have causal effect to the Glaucoma (is it a Positive Outcome)?
Answer: [Your answer, ""yes"" or ""no""]",5,"Okay, so I need to figure out whether GLP-1RA treatment has a causal effect on glaucoma in type 2 diabetes patients. The data given is that 8.63% of GLP-1RA users developed glaucoma, compared to 8.44% in the SGLT2i group. 

First, I should consider what I know about these medications. GLP-1RA, like Lirapalutide or Semaglutide, are known to help with weight loss and blood sugar control. They work by increasing insulin release and slowing digestion, which can lead to weight loss. SGLT2i medications, such as Empagliflozin or Dapagliflozin, also help lower blood glucose levels but they work differently, often by promoting urine excretion of glucose, which can lead to weight loss as well.

Now, looking at the specific outcome, glaucoma. Glaucoma is an eye condition where the optic nerve is damaged, often due to increased eye pressure. It's not directly related to diabetes, but it can be influenced by other factors like age, obesity, and blood pressure levels. 

In terms of comorbidities, both groups have a similar Charlson Comorbidity Index (65.2% vs. 68.5%), which suggests they have about the same level of other health issues. The treatment groups have different age distributions and BMIs: GLP-1RA users are younger (mean age 58) and more overweight (BMI 37.4) compared to SGLT2i users (age 64.6, BMI 32.8). 

Obesity is a known risk factor for glaucoma, as it can lead to increased eye pressure. So, GLP-1RA users, being more overweight, might have a higher incidence of glaucoma. However, SGLT2i is also associated with weight loss, so perhaps both groups have similar risks based on their weight. 

Looking at the percentages, GLP-1RA has a slightly higher rate (8.63%) compared to SGLT2i (8.44%). The difference is very small, just 0.19%. Considering that both groups have different baseline characteristics, especially age, it's possible that age could influence the incidence of glaucoma. Older patients might be more susceptible to eye conditions like glaucoma. 

But wait, the SGLT2i group is older, so if age is a factor, that could explain the lower rate in their group. However, both treatments are meant to improve blood sugar control and might have different side effects. GLP-1RA is known to sometimes cause gastrointestinal issues, but I'm not sure about glaucoma. SGLT2i can cause urinary tract infections or increased urination, which might not directly cause glaucoma.

Another angle is to consider whether either treatment is specifically linked to glaucoma. From what I know, there's no direct link between these medications and glaucoma. However, weight loss from both treatments could lead to changes in eye pressure. 

Since the difference in the incidence is so small (0.19%), and considering that the groups have different age and weight profiles, it's hard to attribute the difference solely to the treatment. It's more likely that other factors, like age or baseline health conditions, are playing a bigger role here. 

Therefore, without strong evidence that either treatment directly causes glaucoma, it's safer to say that there's no causal effect. The small difference could be due to other factors, not the treatment itself.
</think>

no",no
Batch4,v3,medical_questions_v3.txt,4,"Question 4
[Background]
We compare two treatments for type 2 diabetes:
- Treatment: GLP-1 Receptor Agonists (GLP-1RA)
- Control: Sodium-Glucose Cotransporter-2 Inhibitors (SGLT2i)
[Task Description]
You’ll receive an outcome and the percentage of affected patients in each group.
Decide whether these treatments have a causal effect on that outcome.
You will receive a query describing an outcome and the proportion of patients in each group who experienced it:
- One percentage for patients using GLP-1RA (treatment group).
- One percentage for patients using SGLT2i (control group).
Your task is to determine whether the treatments (GLP-1RA and SGLT2i) have a causal effect on that outcome.
[Cohort Description]
Adults with type 2 diabetes who began either GLP-1RA or SGLT2i.
All had a prior diabetes diagnosis.
GLP-1RA users: mean age 58.0, BMI 37.4.
SGLT2i users: mean age 64.6, BMI 32.8.
Charlson Comorbidity Index ≥ 3 in 65.2% (GLP-1RA) and 68.5% (SGLT2i).
[Instruction]
- Judge whether the treatments causally influence the outcome.
- Both treatments are expected to behave similarly (either both yes or both no).
- “Yes” = Positive Outcome (OOI); “No” = Negative Control Outcome (NCO).
- Reply with only “yes” or “no.”
[Few-shot Examples]
- Treatment group using GLP-1RA (treatment) had 0.20% Foreign body in ear, compared with 0.12% for control group using SGLT2i. Does treatment have causal effect to the Foreign body in ear (is it a Positive Outcome)? - no
- Treatment group using GLP-1RA (treatment) had 94.81% Type 2 diabetes mellitus, compared with 96.68% for control group using SGLT2i. Does treatment have causal effect to the Type 2 diabetes mellitus (is it a Positive Outcome)? - yes
[Your Task]
[Question]
Treatment group using GLP-1RA (treatment) had 8.63% Glaucoma, compared with 8.44% for control group using SGLT2i. Does treatment have causal effect to the Glaucoma (is it a Positive Outcome)?
Answer: [Your answer, ""yes"" or ""no""]",6,"Okay, so I need to figure out whether GLP-1RA treatments have a causal effect on glaucoma in patients with type 2 diabetes. The data given is that 8.63% of GLP-1RA users developed glaucoma, while 8.44% of SGLT2i users did. 

First, I should consider what I know about these medications. GLP-1 receptor agonists are typically used for weight loss and glucose control. They work by increasing insulin release and reducing sugar production in the liver. They can also cause some side effects like nausea, diarrhea, and, more rarely, pancreatitis.

SGLT2 inhibitors, on the other hand, are also used for glucose control but work by preventing the kidneys from reabsorbing glucose, thus promoting urine output and lowering blood sugar levels. They've been linked to side effects like increased urination, ketoacidosis, and, in rare cases, hypoglycemia when used with other diabetes medications.

Now, glaucoma is an eye condition that damages the optic nerve, often caused by increased pressure inside the eye. It can be treated with medications that reduce eye pressure. I'm not immediately aware of a direct link between these diabetes medications and glaucoma development. However, both classes of drugs can cause increased intraocular pressure in some patients, but I think this is a rare side effect.

Looking at the percentages, both treatments have slightly higher rates of glaucoma compared to each other, but the difference is minimal—8.63% vs. 8.44%. This small difference could be due to chance, especially since the study groups might have different characteristics. For example, the GLP-1RA group had a younger age (58.0 vs. 64.6) and a higher BMI (37.4 vs. 32.8), which might influence the prevalence of eye conditions. The higher BMI could be associated with other eye health issues, but I'm not sure about glaucoma specifically.

Also, the Charlson Comorbidity Index, which measures the risk of complications, was higher in both groups but slightly more so in the SGLT2i group. This could mean that patients in the SGLT2i group had more comorbidities that might also affect eye health, but again, I don't know if that directly ties to glaucoma.

Another consideration is whether these medications share mechanisms that could affect eye health. Both GLP-1RA and SGLT2i affect glucose levels, which could indirectly impact eye health, but I'm not sure if they directly cause glaucoma. There might be a theoretical link through glycemic control affecting blood flow to the eyes, but I don't have evidence that either medication specifically increases glaucoma risk.

I should also think about whether there's any existing research or guidelines linking these medications to glaucoma. From what I recall, neither GLP-1RA nor SGLT2i are commonly associated with glaucoma as major side effects. They are more linked to gastrointestinal issues or ketoacidosis.

Given the minimal difference in the percentages and the lack of a clear causal mechanism, it's hard to conclude that either treatment causally affects glaucoma. The small percentage difference could be coincidental, especially considering the differences in the study populations.

So, putting it all together, I don't have enough evidence to say that GLP-1RA causes glaucoma. The data doesn't show a significant difference that would suggest causation, and both treatments have minimal and similar rates. Therefore, the answer is likely ""no.""
</think>

no",no
Batch4,v3,medical_questions_v3.txt,4,"Question 4
[Background]
We compare two treatments for type 2 diabetes:
- Treatment: GLP-1 Receptor Agonists (GLP-1RA)
- Control: Sodium-Glucose Cotransporter-2 Inhibitors (SGLT2i)
[Task Description]
You’ll receive an outcome and the percentage of affected patients in each group.
Decide whether these treatments have a causal effect on that outcome.
You will receive a query describing an outcome and the proportion of patients in each group who experienced it:
- One percentage for patients using GLP-1RA (treatment group).
- One percentage for patients using SGLT2i (control group).
Your task is to determine whether the treatments (GLP-1RA and SGLT2i) have a causal effect on that outcome.
[Cohort Description]
Adults with type 2 diabetes who began either GLP-1RA or SGLT2i.
All had a prior diabetes diagnosis.
GLP-1RA users: mean age 58.0, BMI 37.4.
SGLT2i users: mean age 64.6, BMI 32.8.
Charlson Comorbidity Index ≥ 3 in 65.2% (GLP-1RA) and 68.5% (SGLT2i).
[Instruction]
- Judge whether the treatments causally influence the outcome.
- Both treatments are expected to behave similarly (either both yes or both no).
- “Yes” = Positive Outcome (OOI); “No” = Negative Control Outcome (NCO).
- Reply with only “yes” or “no.”
[Few-shot Examples]
- Treatment group using GLP-1RA (treatment) had 0.20% Foreign body in ear, compared with 0.12% for control group using SGLT2i. Does treatment have causal effect to the Foreign body in ear (is it a Positive Outcome)? - no
- Treatment group using GLP-1RA (treatment) had 94.81% Type 2 diabetes mellitus, compared with 96.68% for control group using SGLT2i. Does treatment have causal effect to the Type 2 diabetes mellitus (is it a Positive Outcome)? - yes
[Your Task]
[Question]
Treatment group using GLP-1RA (treatment) had 8.63% Glaucoma, compared with 8.44% for control group using SGLT2i. Does treatment have causal effect to the Glaucoma (is it a Positive Outcome)?
Answer: [Your answer, ""yes"" or ""no""]",7,"Okay, so I'm trying to figure out whether GLP-1RA or SGLT2i treatments have a causal effect on glaucoma in patients with type 2 diabetes. The problem gives me some data: 8.63% of GLP-1RA users experienced glaucoma, while 8.44% of SGLT2i users did. 

First, I need to understand what these treatments do. GLP-1RA stands for GLP-1 Receptor Agonists, which work by increasing insulin release and decreasing glucose levels. They're often used as a last-line treatment when other medications aren't controlling blood sugar well. SGLT2i are Sodium-Glucose Cotransporter-2 Inhibitors, which prevent the kidneys from reabsorbing glucose, thereby promoting urine output and lowering blood sugar. Both are used to manage type 2 diabetes, but they work through different mechanisms.

Now, the question is about glaucoma. Glaucoma is an eye condition caused by increased pressure in the eye, which can lead to vision loss if untreated. I'm wondering if either of these medications increases the risk of glaucoma.

I recall that SGLT2i medications can sometimes cause an increase in urinary albumin, which might be related to kidney issues, but I'm not sure if that's directly linked to glaucoma. On the other hand, GLP-1RA medications, especially when used with insulin, might have some association with eye problems. I think there was some research suggesting that GLP-1RA might increase the risk of glaucoma or other eye issues, possibly due to an effect on the optic nerve or blood flow to the eyes.

Looking at the percentages given: 8.63% in GLP-1RA vs. 8.44% in SGLT2i. The difference is quite small, only 0.19%. This is a very small percentage overall, considering that the control group is around 8-9%. So both treatments have a low incidence of glaucoma, but GLP-1RA seems slightly higher.

I need to determine if this difference is significant enough to suggest causation. In clinical trials, a difference of this magnitude might not reach statistical significance unless the studies are very large. Also, it's possible that both treatments have some association with glaucoma, but the difference between them might be minimal or due to other factors.

Another angle is to consider the mechanism of action. SGLT2i primarily affect glucose metabolism through the kidneys, while GLP-1RA influence insulin and glucagon. It's unclear if either directly causes glaucoma, but there might be indirect effects. For example, medications that cause weight loss could be associated with an increased risk of glaucoma, but that's speculative.

I should also think about whether there's any known causal relationship. From what I remember, both GLP-1RA and SGLT2i have been linked to rare but serious side effects, including glaucoma. However, I think SGLT2i might be more commonly associated with urinary tract infections or other genitourinary issues, while GLP-1RA could have more ocular side effects.

Given the small percentages and the similarity between the two groups, it's possible that both treatments have a causal effect on glaucoma, but the difference is minimal. However, the question asks if the treatment (GLP-1RA) has a causal effect, compared to the control (SGLT2i). So, if both are associated with glaucoma, but GLP-1RA has a slightly higher rate, it might be that GLP-1RA does have a causal effect, but it's a very small effect.

But wait, the instruction says that both treatments are expected to behave similarly—either both yes or both no. So if GLP-1RA is slightly higher, but the difference is small and both are low, it's possible that neither has a significant causal effect, or both do, but the difference is not enough to conclude causation.

Alternatively, if the outcome is a Positive Outcome (POI), which is a good thing, but glaucoma is a bad outcome. Wait, the instruction says: ""Yes"" = Positive Outcome (OOI); “No” = Negative Control Outcome (NCO). But in this case, glaucoma is a negative outcome because it's a side effect or a complication, not a good outcome. So if the outcome is negative, then the treatment should be considered as having a negative effect, but the question is whether the treatment causes it.

Wait, I'm getting confused. The instruction says: “Yes” = Positive Outcome (OOI); “No” = Negative Control Outcome (NCO). So if the outcome is glaucoma, which is a negative outcome, then the answer should be ""no"" because it's not a positive outcome. But the task is to determine if the treatment has a causal effect on that outcome. So regardless of whether it's a positive or negative outcome, we just need to see if the treatment causes it.

But the problem is, both treatments have a similar incidence. So if both groups have about the same rate, it's possible that neither treatment is causing it, or both are contributing factors. Alternatively, if one is higher, maybe that one is causing it.

But given that the difference is very small (0.19%), and both are in the same ballpark, it's more likely that neither treatment is causally related to glaucoma, or both have a minimal effect. However, the question is about whether GLP-1RA has a causal effect on glaucoma compared to SGLT2i.

Given that both have similar rates, and the difference is minimal, it's possible that neither has a causal effect, or both do. But since the task is to decide yes or no, and considering that both treatments are supposed to behave similarly, the answer would likely be ""no"" because the difference is too small to suggest causation.
</think>

no",no
Batch4,v3,medical_questions_v3.txt,4,"Question 4
[Background]
We compare two treatments for type 2 diabetes:
- Treatment: GLP-1 Receptor Agonists (GLP-1RA)
- Control: Sodium-Glucose Cotransporter-2 Inhibitors (SGLT2i)
[Task Description]
You’ll receive an outcome and the percentage of affected patients in each group.
Decide whether these treatments have a causal effect on that outcome.
You will receive a query describing an outcome and the proportion of patients in each group who experienced it:
- One percentage for patients using GLP-1RA (treatment group).
- One percentage for patients using SGLT2i (control group).
Your task is to determine whether the treatments (GLP-1RA and SGLT2i) have a causal effect on that outcome.
[Cohort Description]
Adults with type 2 diabetes who began either GLP-1RA or SGLT2i.
All had a prior diabetes diagnosis.
GLP-1RA users: mean age 58.0, BMI 37.4.
SGLT2i users: mean age 64.6, BMI 32.8.
Charlson Comorbidity Index ≥ 3 in 65.2% (GLP-1RA) and 68.5% (SGLT2i).
[Instruction]
- Judge whether the treatments causally influence the outcome.
- Both treatments are expected to behave similarly (either both yes or both no).
- “Yes” = Positive Outcome (OOI); “No” = Negative Control Outcome (NCO).
- Reply with only “yes” or “no.”
[Few-shot Examples]
- Treatment group using GLP-1RA (treatment) had 0.20% Foreign body in ear, compared with 0.12% for control group using SGLT2i. Does treatment have causal effect to the Foreign body in ear (is it a Positive Outcome)? - no
- Treatment group using GLP-1RA (treatment) had 94.81% Type 2 diabetes mellitus, compared with 96.68% for control group using SGLT2i. Does treatment have causal effect to the Type 2 diabetes mellitus (is it a Positive Outcome)? - yes
[Your Task]
[Question]
Treatment group using GLP-1RA (treatment) had 8.63% Glaucoma, compared with 8.44% for control group using SGLT2i. Does treatment have causal effect to the Glaucoma (is it a Positive Outcome)?
Answer: [Your answer, ""yes"" or ""no""]",8,"Okay, so I need to determine whether GLP-1RA treatment has a causal effect on Glaucoma in patients with type 2 diabetes. The data given is that 8.63% of GLP-1RA users experienced Glaucoma, while 8.44% of SGLT2i users did as well. 

First, I should consider what GLP-1RA and SGLT2i do. GLP-1 Receptor Agonists are typically used to help with weight loss and lower blood glucose by increasing insulin release and slowing digestion. They are also associated with an increased risk of pancreatitis, but I'm not sure about Glaucoma. SGLT2 inhibitors work by inhibiting the kidneys' reabsorption of glucose, leading to more urine output and lower blood sugar levels. They've been linked to a reduction in heart disease and lower risk of certain side effects like hypoglycemia.

Now, looking at Glaucoma, which is an eye condition related to increased eye pressure. I'm not sure if either of these medications directly causes Glaucoma. I don't recall Glaucoma being a common side effect of GLP-1RA or SGLT2i. Maybe there's an indirect effect, like if one medication causes more eye exams, but that seems unlikely. The percentages are very close, 8.63% vs. 8.44%, which is a small difference. This suggests that if there's a causal relationship, it's weak or that there's another confounding factor at play.

Since both treatments are used for similar conditions and the occurrence of Glaucoma is about the same in both groups, it's possible that Glaucoma is not a direct result of either treatment. It could be that both groups just have similar rates of Glaucoma due to other factors, like age or pre-existing conditions. For example, older age is a risk factor for Glaucoma, and both treatment groups have different age distributions—GLP-1RA users are younger on average (58 vs. 64 for SGLT2i). But the percentage difference is so small that it's hard to attribute it solely to the treatment effect.

Also, considering the examples provided, when the percentages are close and the outcome is a common condition, the answer was ""no."" In this case, Glaucoma is a specific condition, but the percentages are very similar. Without strong evidence linking either treatment to Glaucoma, it's safer to assume there's no causal effect here.
</think>

no",no
Batch4,v3,medical_questions_v3.txt,4,"Question 4
[Background]
We compare two treatments for type 2 diabetes:
- Treatment: GLP-1 Receptor Agonists (GLP-1RA)
- Control: Sodium-Glucose Cotransporter-2 Inhibitors (SGLT2i)
[Task Description]
You’ll receive an outcome and the percentage of affected patients in each group.
Decide whether these treatments have a causal effect on that outcome.
You will receive a query describing an outcome and the proportion of patients in each group who experienced it:
- One percentage for patients using GLP-1RA (treatment group).
- One percentage for patients using SGLT2i (control group).
Your task is to determine whether the treatments (GLP-1RA and SGLT2i) have a causal effect on that outcome.
[Cohort Description]
Adults with type 2 diabetes who began either GLP-1RA or SGLT2i.
All had a prior diabetes diagnosis.
GLP-1RA users: mean age 58.0, BMI 37.4.
SGLT2i users: mean age 64.6, BMI 32.8.
Charlson Comorbidity Index ≥ 3 in 65.2% (GLP-1RA) and 68.5% (SGLT2i).
[Instruction]
- Judge whether the treatments causally influence the outcome.
- Both treatments are expected to behave similarly (either both yes or both no).
- “Yes” = Positive Outcome (OOI); “No” = Negative Control Outcome (NCO).
- Reply with only “yes” or “no.”
[Few-shot Examples]
- Treatment group using GLP-1RA (treatment) had 0.20% Foreign body in ear, compared with 0.12% for control group using SGLT2i. Does treatment have causal effect to the Foreign body in ear (is it a Positive Outcome)? - no
- Treatment group using GLP-1RA (treatment) had 94.81% Type 2 diabetes mellitus, compared with 96.68% for control group using SGLT2i. Does treatment have causal effect to the Type 2 diabetes mellitus (is it a Positive Outcome)? - yes
[Your Task]
[Question]
Treatment group using GLP-1RA (treatment) had 8.63% Glaucoma, compared with 8.44% for control group using SGLT2i. Does treatment have causal effect to the Glaucoma (is it a Positive Outcome)?
Answer: [Your answer, ""yes"" or ""no""]",9,"Okay, so I need to determine whether GLP-1RA or SGLT2i treatments have a causal effect on glaucoma in patients with type 2 diabetes. The data provided shows that 8.63% of GLP-1RA users developed glaucoma compared to 8.44% of SGLT2i users. 

First, I should consider the background information. Both treatments are used for managing type 2 diabetes, but they work differently. GLP-1RA agonists help with glucose control and sometimes weight loss, while SGLT2i inhibitors also help with glucose control and may have effects on other factors like kidney function.

The task is to decide if one treatment causes glaucoma more than the other. I should look at the percentages. GLP-1RA has a slightly higher rate of glaucoma (8.63%) compared to SGLT2i's 8.44%. 

But wait, the instruction says to judge whether the treatments causally influence the outcome. Both treatments are expected to behave similarly—either both yes or both no. So if one has a slightly higher rate, does that mean it's causing the outcome more than the other, or is it just a coincidence?

I should also think about comorbidities. The Charlson Comorbidity Index is higher in both groups, but slightly more in SGLT2i users. However, I don't see a direct link between comorbidities and glaucoma here. Glaucoma is an eye condition, so perhaps factors like age or other diabetes-related complications could play a role.

Looking at the age and BMI: GLP-1RA users are younger and have a higher BMI, which might be associated with higher risk factors for glaucoma. SGLT2i users are older and have a lower BMI. So, maybe the higher rate in GLP-1RA is due to other factors related to age or BMI rather than the treatment itself.

In the few-shot examples, when the treatment group had a slightly higher rate, the answer was no because it was considered a negative control outcome. The example with Type 2 diabetes was a positive outcome because the treatment (GLP-1RA) was directly related to managing diabetes.

Here, glaucoma isn't directly related to managing diabetes but is a potential side effect. Since both treatments have similar rates but GLP-1RA is slightly higher, it's possible that it's due to other factors, not causation. Therefore, it's more likely a negative control outcome, meaning the treatment doesn't causally influence glaucoma.
</think>

no",no
Batch4,v3,medical_questions_v3.txt,4,"Question 4
[Background]
We compare two treatments for type 2 diabetes:
- Treatment: GLP-1 Receptor Agonists (GLP-1RA)
- Control: Sodium-Glucose Cotransporter-2 Inhibitors (SGLT2i)
[Task Description]
You’ll receive an outcome and the percentage of affected patients in each group.
Decide whether these treatments have a causal effect on that outcome.
You will receive a query describing an outcome and the proportion of patients in each group who experienced it:
- One percentage for patients using GLP-1RA (treatment group).
- One percentage for patients using SGLT2i (control group).
Your task is to determine whether the treatments (GLP-1RA and SGLT2i) have a causal effect on that outcome.
[Cohort Description]
Adults with type 2 diabetes who began either GLP-1RA or SGLT2i.
All had a prior diabetes diagnosis.
GLP-1RA users: mean age 58.0, BMI 37.4.
SGLT2i users: mean age 64.6, BMI 32.8.
Charlson Comorbidity Index ≥ 3 in 65.2% (GLP-1RA) and 68.5% (SGLT2i).
[Instruction]
- Judge whether the treatments causally influence the outcome.
- Both treatments are expected to behave similarly (either both yes or both no).
- “Yes” = Positive Outcome (OOI); “No” = Negative Control Outcome (NCO).
- Reply with only “yes” or “no.”
[Few-shot Examples]
- Treatment group using GLP-1RA (treatment) had 0.20% Foreign body in ear, compared with 0.12% for control group using SGLT2i. Does treatment have causal effect to the Foreign body in ear (is it a Positive Outcome)? - no
- Treatment group using GLP-1RA (treatment) had 94.81% Type 2 diabetes mellitus, compared with 96.68% for control group using SGLT2i. Does treatment have causal effect to the Type 2 diabetes mellitus (is it a Positive Outcome)? - yes
[Your Task]
[Question]
Treatment group using GLP-1RA (treatment) had 8.63% Glaucoma, compared with 8.44% for control group using SGLT2i. Does treatment have causal effect to the Glaucoma (is it a Positive Outcome)?
Answer: [Your answer, ""yes"" or ""no""]",10,"Okay, so I have this question about whether GLP-1RA treatments cause glaucoma compared to SGLT2i in type 2 diabetes patients. Let me break this down step by step.

First, the background information tells me that both GLP-1RA and SGLT2i are treatments for type 2 diabetes. The task is to determine if either of these treatments has a causal effect on a specific outcome, which in this case is glaucoma. I'll get the percentage of patients experiencing this outcome in each group.

In this specific question, the treatment group using GLP-1RA had 8.63% glaucoma, while the control group using SGLT2i had 8.44%. So, the percentages are pretty close—8.63 vs. 8.44. The question is whether this difference is significant enough to suggest a causal effect.

I remember from the examples given that when the treatment group had a higher percentage of an outcome, like 94.81% vs. 96.68%, the answer was ""yes"" because it's a positive outcome. Conversely, when the treatment group had a lower percentage, like 0.20% vs. 0.12%, the answer was ""no"" because it's a negative outcome.

In this case, GLP-1RA has a slightly higher percentage (8.63%) than SGLT2i (8.44%). So, if we follow the examples, this would be considered a positive outcome. But wait, I should consider if the difference is statistically significant. However, I don't have information about statistical testing here, so I have to make an assumption based on the given percentages.

Also, the instructions mention that both treatments should behave similarly—either both have a causal effect or neither does. So, if one group has a higher rate, the other should too if it's causal. But here, only GLP-1RA is higher. Does that mean it's causal? Or is it just a coincidence?

Another point is the comorbidities. The GLP-1RA group has a higher Charlson score (65.2%) compared to SGLT2i (68.5%), but I'm not sure how that affects glaucoma. Maybe higher comorbidity could mean more health issues, but I don't know if that directly links to glaucoma rates.

I also think about the mechanisms of these drugs. GLP-1RA works by increasing GLP-1, which can help with weight loss and blood sugar control. SGLT2i inhibits SGLT2, which also helps with glucose lowering but might affect other aspects of health. I'm not exactly sure how these mechanisms relate to glaucoma, but perhaps one could influence eye health more than the other. However, I'm not certain about this, so I might be overcomplicating it.

Given the example where a higher percentage in the treatment group led to a ""yes,"" I think I should follow that pattern here. Since 8.63% is higher than 8.44%, it might indicate a positive outcome, suggesting that GLP-1RA could have a causal effect on glaucoma. But I'm a bit uncertain because the difference is small, and without more data, it's hard to tell if it's significant.

Wait, but in the examples, the treatment group had a higher percentage and it was considered a positive outcome. So, even if the difference is small, if it's higher, it's a positive outcome. Therefore, I think the answer should be ""yes.""
</think>

Yes",yes
Batch4,v3,medical_questions_v3.txt,5,"Question 5
[Background]
We compare two treatments for type 2 diabetes:
- Treatment: GLP-1 Receptor Agonists (GLP-1RA)
- Control: Sodium-Glucose Cotransporter-2 Inhibitors (SGLT2i)
[Task Description]
You’ll receive an outcome and the percentage of affected patients in each group.
Decide whether these treatments have a causal effect on that outcome.
You will receive a query describing an outcome and the proportion of patients in each group who experienced it:
- One percentage for patients using GLP-1RA (treatment group).
- One percentage for patients using SGLT2i (control group).
Your task is to determine whether the treatments (GLP-1RA and SGLT2i) have a causal effect on that outcome.
[Cohort Description]
Adults with type 2 diabetes who began either GLP-1RA or SGLT2i.
All had a prior diabetes diagnosis.
GLP-1RA users: mean age 58.0, BMI 37.4.
SGLT2i users: mean age 64.6, BMI 32.8.
Charlson Comorbidity Index ≥ 3 in 65.2% (GLP-1RA) and 68.5% (SGLT2i).
[Instruction]
- Judge whether the treatments causally influence the outcome.
- Both treatments are expected to behave similarly (either both yes or both no).
- “Yes” = Positive Outcome (OOI); “No” = Negative Control Outcome (NCO).
- Reply with only “yes” or “no.”
[Few-shot examples]
- Treatment group using GLP-1RA (treatment) had 0.20% Foreign body in ear, compared with 0.12% for control group using SGLT2i. Does treatment have causal effect to the Foreign body in ear (is it a Positive Outcome)? - no
- Treatment group using GLP-1RA (treatment) had 94.81% Type 2 diabetes mellitus, compared with 96.68% for control group using SGLT2i. Does treatment have causal effect to the Type 2 diabetes mellitus (is it a Positive Outcome)? - yes
[Your Task]
[Question]
Treatment group using GLP-1RA (treatment) had 0.63% Macular drusen, compared with 0.55% for control group using SGLT2i. Does treatment have causal effect to the Macular drusen (is it a Positive Outcome)?
Answer: [Your answer, ""yes"" or ""no""]",1,"Okay, so I need to figure out whether GLP-1RA or SGLT2i treatments have a causal effect on macular drusen in type 2 diabetes patients. Macular drusen is associated with aging and age-related macular degeneration, I think. Let me break this down.

First, the question gives the percentages of patients in each treatment group experiencing macular drusen. The treatment group (GLP-1RA) has 0.63%, and the control group (SGLT2i) has 0.55%. So, GLP-1RA users have a slightly higher rate. But I need to determine causality here.

GLP-1RA works by increasing insulin release and reducing glucose levels, and it's often used alongside diet and exercise. SGLT2i inhibits the kidneys from reabsorbing glucose, thus promoting urine excretion and lowering blood glucose. Both are used for type 2 diabetes, so they're both glucose-lowering medications.

Macular drusen is a condition related to aging. I'm trying to recall if either of these drugs has been linked to eye health. I know that SGLT2i has been studied for potential benefits beyond glucose control, like reducing the risk of cardiovascular events, but I'm not sure about eye health. Similarly, GLP-1RA might affect inflammation or other factors, but I don't remember any direct link to macular drusen.

Looking at the comorbidities, both groups have a similar high Charlson score, which suggests they have other health issues. Age-wise, GLP-1RA users are younger (mean age 58) compared to SGLT2i (64.6), and their BMI is higher. Maybe BMI affects eye health? Higher BMI could be associated with more complications, but I'm not certain.

The example given was about foreign body in the ear, where the treatment group had a higher rate, but the answer was ""no"" because it's not a disease related to the treatment. Similarly, in the Type 2 diabetes example, the treatment group had a lower rate, so the answer was ""yes.""

In this case, GLP-1RA has a slightly higher rate of macular drusen. But do these drugs cause macular drusen? I don't think so. Both drugs are used for diabetes management, but macular drusen is more about aging. Since the treatment groups have different ages and other factors, maybe the higher rate in GLP-1RA is just due to other factors, not the drug itself.

Also, the example where the treatment group had a lower rate was considered a positive outcome, implying that the treatment was effective. Here, GLP-1RA is slightly higher, but without evidence linking these drugs to causing macular drusen, it's more likely that the higher rate is a coincidence based on other factors, like age or comorbidities.

So, I think the answer should be ""no"" because there's no causal relationship established between these treatments and macular drusen. Both drugs are for diabetes, and macular drusen is an age-related condition not directly linked to these treatments.
</think>

no",no
Batch4,v3,medical_questions_v3.txt,5,"Question 5
[Background]
We compare two treatments for type 2 diabetes:
- Treatment: GLP-1 Receptor Agonists (GLP-1RA)
- Control: Sodium-Glucose Cotransporter-2 Inhibitors (SGLT2i)
[Task Description]
You’ll receive an outcome and the percentage of affected patients in each group.
Decide whether these treatments have a causal effect on that outcome.
You will receive a query describing an outcome and the proportion of patients in each group who experienced it:
- One percentage for patients using GLP-1RA (treatment group).
- One percentage for patients using SGLT2i (control group).
Your task is to determine whether the treatments (GLP-1RA and SGLT2i) have a causal effect on that outcome.
[Cohort Description]
Adults with type 2 diabetes who began either GLP-1RA or SGLT2i.
All had a prior diabetes diagnosis.
GLP-1RA users: mean age 58.0, BMI 37.4.
SGLT2i users: mean age 64.6, BMI 32.8.
Charlson Comorbidity Index ≥ 3 in 65.2% (GLP-1RA) and 68.5% (SGLT2i).
[Instruction]
- Judge whether the treatments causally influence the outcome.
- Both treatments are expected to behave similarly (either both yes or both no).
- “Yes” = Positive Outcome (OOI); “No” = Negative Control Outcome (NCO).
- Reply with only “yes” or “no.”
[Few-shot examples]
- Treatment group using GLP-1RA (treatment) had 0.20% Foreign body in ear, compared with 0.12% for control group using SGLT2i. Does treatment have causal effect to the Foreign body in ear (is it a Positive Outcome)? - no
- Treatment group using GLP-1RA (treatment) had 94.81% Type 2 diabetes mellitus, compared with 96.68% for control group using SGLT2i. Does treatment have causal effect to the Type 2 diabetes mellitus (is it a Positive Outcome)? - yes
[Your Task]
[Question]
Treatment group using GLP-1RA (treatment) had 0.63% Macular drusen, compared with 0.55% for control group using SGLT2i. Does treatment have causal effect to the Macular drusen (is it a Positive Outcome)?
Answer: [Your answer, ""yes"" or ""no""]",2,"Alright, I'm trying to figure out whether GLP-1RA treatments have a causal effect on macular drusen in patients with type 2 diabetes. Let's break down the problem step by step.

First, I know that both GLP-1RA and SGLT2i are medications used to manage type 2 diabetes. GLP-1RA works by stimulating the GLP-1 receptor, which helps in glucose regulation and can lead to weight loss and reduced appetite. SGLT2i inhibitors work by blocking the SGLT2 enzyme in the kidneys, which also helps in lowering blood glucose levels and can have benefits like weight loss and reduced risk of heart disease.

The question gives me the percentage of patients in each group who experienced macular drusen. For GLP-1RA, it's 0.63%, and for SGLT2i, it's 0.55%. So, the treatment group has a slightly higher percentage of patients with macular drusen compared to the control group.

Macular drusen are age-related changes in the macula, often associated with aging and conditions like age-related macular degeneration (AMD). I'm not sure if these medications directly cause macular drusen. It seems like macular drusen are more related to the natural aging process or other underlying conditions rather than a side effect of diabetes medications.

Looking at the background, both treatments are compared, and the task is to determine if they have a causal effect on the outcome. The instruction says that both treatments should behave similarly, either both yes or both no. In the examples provided, when the treatment group had a higher rate, it was considered a positive outcome, but in the second example, it was a negative outcome. Hmm, that seems a bit conflicting.

Wait, in the second example, the outcome was type 2 diabetes, which is the underlying condition. So, if the treatment group had a higher rate, it's because they're better at managing diabetes, but it's not a causal effect. So, the answer was ""yes"" because it's a positive outcome, but it's not necessarily causal. Or maybe it's considering that better management leads to better outcomes, but I'm not entirely sure.

In this case, macular drusen are not a direct consequence of diabetes medications. They are more likely related to age or other eye health factors. So, the higher rate in the GLP-1RA group might be due to other factors, like age. Looking at the cohort description, the GLP-1RA users have a mean age of 58.0, which is slightly younger than the SGLT2i group at 64.6. So, younger age is associated with lower incidence of macular drusen. But in this case, the GLP-1RA group is slightly older than the SGLT2i group? Wait, no, 58 is younger than 64.6. So, younger patients in GLP-1RA might have less chance of having macular drusen, but the rate is slightly higher. That seems contradictory.

Alternatively, maybe the comorbidities play a role. The Charlson Comorbidity Index is higher in SGLT2i users (68.5% vs 65.2% in GLP-1RA). A higher comorbidity index often indicates more severe or chronic conditions, which could be associated with other eye health issues. But I'm not sure if that's directly linked to macular drusen.

Another angle is that both treatments can cause weight loss, which might be a factor, but I don't see a direct link between weight loss and macular drusen. Obesity is more associated with diabetic retinopathy, not macular drusen.

I think macular drusen are more related to chronological age and possibly other genetic or environmental factors. Since both treatments are diabetes medications and not known to cause macular drusen, the higher rate in the GLP-1RA group might be coincidental or due to other factors not accounted for, like baseline characteristics.

Therefore, it's unlikely that either treatment has a causal effect on macular drusen. The higher percentage in the GLP-1RA group might be a result of other variables, but not due to the treatment itself.
</think>

no",no
Batch4,v3,medical_questions_v3.txt,5,"Question 5
[Background]
We compare two treatments for type 2 diabetes:
- Treatment: GLP-1 Receptor Agonists (GLP-1RA)
- Control: Sodium-Glucose Cotransporter-2 Inhibitors (SGLT2i)
[Task Description]
You’ll receive an outcome and the percentage of affected patients in each group.
Decide whether these treatments have a causal effect on that outcome.
You will receive a query describing an outcome and the proportion of patients in each group who experienced it:
- One percentage for patients using GLP-1RA (treatment group).
- One percentage for patients using SGLT2i (control group).
Your task is to determine whether the treatments (GLP-1RA and SGLT2i) have a causal effect on that outcome.
[Cohort Description]
Adults with type 2 diabetes who began either GLP-1RA or SGLT2i.
All had a prior diabetes diagnosis.
GLP-1RA users: mean age 58.0, BMI 37.4.
SGLT2i users: mean age 64.6, BMI 32.8.
Charlson Comorbidity Index ≥ 3 in 65.2% (GLP-1RA) and 68.5% (SGLT2i).
[Instruction]
- Judge whether the treatments causally influence the outcome.
- Both treatments are expected to behave similarly (either both yes or both no).
- “Yes” = Positive Outcome (OOI); “No” = Negative Control Outcome (NCO).
- Reply with only “yes” or “no.”
[Few-shot examples]
- Treatment group using GLP-1RA (treatment) had 0.20% Foreign body in ear, compared with 0.12% for control group using SGLT2i. Does treatment have causal effect to the Foreign body in ear (is it a Positive Outcome)? - no
- Treatment group using GLP-1RA (treatment) had 94.81% Type 2 diabetes mellitus, compared with 96.68% for control group using SGLT2i. Does treatment have causal effect to the Type 2 diabetes mellitus (is it a Positive Outcome)? - yes
[Your Task]
[Question]
Treatment group using GLP-1RA (treatment) had 0.63% Macular drusen, compared with 0.55% for control group using SGLT2i. Does treatment have causal effect to the Macular drusen (is it a Positive Outcome)?
Answer: [Your answer, ""yes"" or ""no""]",3,"Okay, so I need to figure out whether GLP-1RA treatment has a causal effect on macular drusen in patients with type 2 diabetes. Let's break down the information given.

First, the background states that we're comparing GLP-1RA (a treatment) and SGLT2i (a control). Both are used by adults with type 2 diabetes. The patients in each group have similar characteristics: they started on one of these medications, have been diagnosed with diabetes, and have some comorbidities.

The task is to determine if the treatments cause the outcome mentioned, which in this case is macular drusen. The outcome is given as the percentage of patients who experienced it in each group. So, 0.63% in the GLP-1RA group and 0.55% in the SGLT2i group.

I remember from the examples provided that if the treatment group has a higher percentage of an outcome, it might suggest a causal effect. For instance, in the first example, a higher percentage in the treatment group for foreign body in the ear led to a ""no"" because it's an unexpected and likely unrelated outcome. The second example had a higher percentage in the treatment group for type 2 diabetes, which led to a ""yes"" because it's the primary condition.

Here, the outcome is macular drusen, which I believe is related to eye health. Type 2 diabetes can affect various organs, including the eyes. GLP-1RA medications are known to help with weight loss and blood sugar control, but I'm not sure about their direct effect on eye health issues like macular drusen.

Looking at the percentages, the GLP-1RA group has a slightly higher rate (0.63%) compared to SGLT2i (0.55%). Since both drugs are used for similar conditions, it's possible that this difference is due to other factors, like comorbidities or other health behaviors, rather than a direct causal effect.

Also, considering the comorbidity indices, the GLP-1RA group has a slightly lower percentage (65.2%) compared to SGLT2i (68.5%). Maybe patients in the GLP-1RA group have different underlying health conditions that could influence eye health more than the treatment itself.

Moreover, macular drusen is more commonly associated with aging and other chronic conditions like hypertension or dyslipidemia. Since both treatments target diabetes, which is a chronic condition, it's possible that the presence of these comorbidities is contributing to the development of macular drusen rather than the medications themselves.

In the examples, when the treatment group had a higher percentage of the outcome, it was considered a positive outcome. However, in this case, the difference is very small (0.08%), which is quite minimal. It's unlikely that such a small difference is statistically significant or causally related.

Therefore, considering all these factors, it's more plausible that the difference in macular drusen rates is due to other variables rather than a causal effect of the treatment itself. So, the answer would be ""no.""
</think>

no",no
Batch4,v3,medical_questions_v3.txt,5,"Question 5
[Background]
We compare two treatments for type 2 diabetes:
- Treatment: GLP-1 Receptor Agonists (GLP-1RA)
- Control: Sodium-Glucose Cotransporter-2 Inhibitors (SGLT2i)
[Task Description]
You’ll receive an outcome and the percentage of affected patients in each group.
Decide whether these treatments have a causal effect on that outcome.
You will receive a query describing an outcome and the proportion of patients in each group who experienced it:
- One percentage for patients using GLP-1RA (treatment group).
- One percentage for patients using SGLT2i (control group).
Your task is to determine whether the treatments (GLP-1RA and SGLT2i) have a causal effect on that outcome.
[Cohort Description]
Adults with type 2 diabetes who began either GLP-1RA or SGLT2i.
All had a prior diabetes diagnosis.
GLP-1RA users: mean age 58.0, BMI 37.4.
SGLT2i users: mean age 64.6, BMI 32.8.
Charlson Comorbidity Index ≥ 3 in 65.2% (GLP-1RA) and 68.5% (SGLT2i).
[Instruction]
- Judge whether the treatments causally influence the outcome.
- Both treatments are expected to behave similarly (either both yes or both no).
- “Yes” = Positive Outcome (OOI); “No” = Negative Control Outcome (NCO).
- Reply with only “yes” or “no.”
[Few-shot examples]
- Treatment group using GLP-1RA (treatment) had 0.20% Foreign body in ear, compared with 0.12% for control group using SGLT2i. Does treatment have causal effect to the Foreign body in ear (is it a Positive Outcome)? - no
- Treatment group using GLP-1RA (treatment) had 94.81% Type 2 diabetes mellitus, compared with 96.68% for control group using SGLT2i. Does treatment have causal effect to the Type 2 diabetes mellitus (is it a Positive Outcome)? - yes
[Your Task]
[Question]
Treatment group using GLP-1RA (treatment) had 0.63% Macular drusen, compared with 0.55% for control group using SGLT2i. Does treatment have causal effect to the Macular drusen (is it a Positive Outcome)?
Answer: [Your answer, ""yes"" or ""no""]",4,"Okay, so I have this question about whether GLP-1RA treatments for type 2 diabetes cause macular drusen. I'm a bit new to this, so I'll try to break it down step by step.

First, I remember that GLP-1 Receptor Agonists (GLP-1RA) are medications that help with blood sugar control by increasing insulin release and decreasing sugar production. They're often used in people with type 2 diabetes. On the other hand, Sodium-Glucose Cotransporter-2 Inhibitors (SGLT2i) work by preventing the kidneys from reabsorbing glucose, which also helps lower blood sugar.

The question gives me that 0.63% of GLP-1RA users experienced macular drusen, compared to 0.55% in the SGLT2i group. The task is to determine if this difference is causal, meaning that GLP-1RA actually causes macular drusen.

I think about the background information provided. Both groups are adults with type 2 diabetes who started on either GLP-1RA or SGLT2i. They have similar characteristics in terms of age, BMI, and comorbidity indices. The only differences are in the treatment types.

Macular drusen are age-related changes in the eye that can lead to conditions like macular degeneration. I wonder if these treatments are linked to eye health. GLP-1RA might affect other aspects of health beyond blood sugar. For example, they can cause weight loss, which might be good, but could also have other effects.

Looking at the examples given, in one case, a treatment had a higher percentage of a foreign body, and the answer was ""no"" because it's unlikely the treatment caused it. In the other example, a high percentage of the same condition in both groups was considered a positive outcome because it's expected.

So, applying that logic here, if GLP-1RA has a slightly higher percentage of macular drusen, does that mean it's causing it? Or is it just a coincidence?

I should consider whether macular drusen are related to diabetes or its treatments. Type 2 diabetes is associated with various complications, including retinopathy, but macular drusen are more common with age and are part of normal aging. However, some studies suggest that certain medications might increase the risk of these drusen.

But wait, the example given where the answer was ""yes"" was when the treatment group had a higher percentage of the same condition as the control. That made sense because it's a known complication. So, if GLP-1RA is linked to an increased risk of macular drusen, then the causal effect would be ""yes.""

However, I'm not sure if macular drusen are a known side effect of GLP-1RA. I should think about whether there's any evidence linking these medications to eye diseases. From what I remember, GLP-1RA can cause some eye-related side effects, but macular drusen specifically—I'm not certain.

Also, considering the differences in comorbidities between the groups, the GLP-1RA group had a slightly lower BMI (37.4 vs. 32.8). Lower BMI is associated with a lower risk of diabetic retinopathy, but I'm not sure about macular drusen. Maybe the lower BMI in GLP-1RA users could explain the higher percentage, but that's just a thought.

Another angle is that both treatments are used for type 2 diabetes, so any difference in complications could be due to the disease itself or other factors, not the treatment. But the question is specifically about whether the treatment causes it.

Given the examples and the instruction that both treatments should behave similarly, if one has a higher percentage, it might indicate a causal effect. So, even if I'm not sure about the medical specifics, following the instructions, the higher percentage in GLP-1RA suggests a positive outcome, meaning the treatment might cause it.
</think>

yes",yes
Batch4,v3,medical_questions_v3.txt,5,"Question 5
[Background]
We compare two treatments for type 2 diabetes:
- Treatment: GLP-1 Receptor Agonists (GLP-1RA)
- Control: Sodium-Glucose Cotransporter-2 Inhibitors (SGLT2i)
[Task Description]
You’ll receive an outcome and the percentage of affected patients in each group.
Decide whether these treatments have a causal effect on that outcome.
You will receive a query describing an outcome and the proportion of patients in each group who experienced it:
- One percentage for patients using GLP-1RA (treatment group).
- One percentage for patients using SGLT2i (control group).
Your task is to determine whether the treatments (GLP-1RA and SGLT2i) have a causal effect on that outcome.
[Cohort Description]
Adults with type 2 diabetes who began either GLP-1RA or SGLT2i.
All had a prior diabetes diagnosis.
GLP-1RA users: mean age 58.0, BMI 37.4.
SGLT2i users: mean age 64.6, BMI 32.8.
Charlson Comorbidity Index ≥ 3 in 65.2% (GLP-1RA) and 68.5% (SGLT2i).
[Instruction]
- Judge whether the treatments causally influence the outcome.
- Both treatments are expected to behave similarly (either both yes or both no).
- “Yes” = Positive Outcome (OOI); “No” = Negative Control Outcome (NCO).
- Reply with only “yes” or “no.”
[Few-shot examples]
- Treatment group using GLP-1RA (treatment) had 0.20% Foreign body in ear, compared with 0.12% for control group using SGLT2i. Does treatment have causal effect to the Foreign body in ear (is it a Positive Outcome)? - no
- Treatment group using GLP-1RA (treatment) had 94.81% Type 2 diabetes mellitus, compared with 96.68% for control group using SGLT2i. Does treatment have causal effect to the Type 2 diabetes mellitus (is it a Positive Outcome)? - yes
[Your Task]
[Question]
Treatment group using GLP-1RA (treatment) had 0.63% Macular drusen, compared with 0.55% for control group using SGLT2i. Does treatment have causal effect to the Macular drusen (is it a Positive Outcome)?
Answer: [Your answer, ""yes"" or ""no""]",5,"Okay, so I'm trying to figure out whether GLP-1RA treatments have a causal effect on macular drusen in patients with type 2 diabetes. The question gives me some data: 0.63% of GLP-1RA users experienced macular drusen, compared to 0.55% in the SGLT2i group. 

First, I need to understand what macular drusen are. From what I remember, macular drusen are yellow deposits under the retina, which are associated with aging and age-related macular degeneration (AMD). So, it's a condition related to the aging process.

Now, considering the treatments. GLP-1RA stands for Glucagon-Like Peptide-1 Receptor Agonists. These drugs are typically used to help with weight loss and glucose control in type 2 diabetes. They work by increasing the amount of insulin released and decreasing the release of glucagon. They can also promote feelings of fullness, which helps in weight management.

On the other hand, SGLT2i are Sodium-Glucose Cotransporter-2 Inhibitors. These drugs help reduce blood glucose levels by preventing the kidneys from reabsorbing glucose back into the blood, thus promoting urine output and lowering blood sugar. They've also been shown to have benefits beyond glucose control, such as reducing the risk of cardiovascular events.

The question is about whether either of these treatments causes macular drusen. Macular drusen are more common with age, so I'm thinking about whether these drugs have any link to eye health. I don't recall GLP-1RA being directly linked to eye conditions like macular drusen. They're more about metabolism and diabetes management.

SGLT2i, while effective for glucose control, have also been associated with some side effects, but I don't think they're linked to macular drusen either. In fact, both drugs are generally well-tolerated and not known for causing eye-related issues. 

Looking at the percentages, GLP-1RA has a slightly higher rate (0.63%) compared to SGLT2i (0.55%). But since both are very low percentages, it's unlikely that these treatments are causing the condition. It's more plausible that macular drusen are related to other factors, like age and genetics, which both groups share.

Also, the instruction mentions that both treatments are expected to behave similarly in terms of causality. So, if GLP-1RA isn't causing macular drusen, SGLT2i probably isn't either. Both are diabetes medications, not eye treatments.

Therefore, considering the lack of known causal relationship between these drugs and macular drusen, and the small percentages involved, it's more likely that the outcome is not causally related to the treatments. So, the answer should be ""no"".
</think>

no",no
Batch4,v3,medical_questions_v3.txt,5,"Question 5
[Background]
We compare two treatments for type 2 diabetes:
- Treatment: GLP-1 Receptor Agonists (GLP-1RA)
- Control: Sodium-Glucose Cotransporter-2 Inhibitors (SGLT2i)
[Task Description]
You’ll receive an outcome and the percentage of affected patients in each group.
Decide whether these treatments have a causal effect on that outcome.
You will receive a query describing an outcome and the proportion of patients in each group who experienced it:
- One percentage for patients using GLP-1RA (treatment group).
- One percentage for patients using SGLT2i (control group).
Your task is to determine whether the treatments (GLP-1RA and SGLT2i) have a causal effect on that outcome.
[Cohort Description]
Adults with type 2 diabetes who began either GLP-1RA or SGLT2i.
All had a prior diabetes diagnosis.
GLP-1RA users: mean age 58.0, BMI 37.4.
SGLT2i users: mean age 64.6, BMI 32.8.
Charlson Comorbidity Index ≥ 3 in 65.2% (GLP-1RA) and 68.5% (SGLT2i).
[Instruction]
- Judge whether the treatments causally influence the outcome.
- Both treatments are expected to behave similarly (either both yes or both no).
- “Yes” = Positive Outcome (OOI); “No” = Negative Control Outcome (NCO).
- Reply with only “yes” or “no.”
[Few-shot examples]
- Treatment group using GLP-1RA (treatment) had 0.20% Foreign body in ear, compared with 0.12% for control group using SGLT2i. Does treatment have causal effect to the Foreign body in ear (is it a Positive Outcome)? - no
- Treatment group using GLP-1RA (treatment) had 94.81% Type 2 diabetes mellitus, compared with 96.68% for control group using SGLT2i. Does treatment have causal effect to the Type 2 diabetes mellitus (is it a Positive Outcome)? - yes
[Your Task]
[Question]
Treatment group using GLP-1RA (treatment) had 0.63% Macular drusen, compared with 0.55% for control group using SGLT2i. Does treatment have causal effect to the Macular drusen (is it a Positive Outcome)?
Answer: [Your answer, ""yes"" or ""no""]",6,"Okay, so I'm trying to figure out whether GLP-1 Receptor Agonists (GLP-1RA) have a causal effect on macular drusen compared to SGLT2 inhibitors (SGLT2i) in patients with type 2 diabetes. The question gives me the percentages of patients in each group who experienced macular drusen. The treatment group (GLP-1RA) had 0.63%, and the control group (SGLT2i) had 0.55%. 

First, I need to understand what macular drusen is. From what I remember, macular drusen are yellow deposits under the retina, often associated with aging. They are a common cause of age-related macular degeneration. Now, the question is whether these treatments are causally linked to the development or progression of macular drusen.

I know that GLP-1RA medications, like exenatide, liraglutide, etc., are used to help manage type 2 diabetes. They work by helping the pancreas release insulin and suppressing appetite, which can lead to weight loss. They are also associated with a lower risk of heart disease and maybe some other benefits.

SGLT2i medications, like empagliflozin and dapagliflozin, work by inhibiting the kidneys' reabsorption of glucose, thus promoting urine output and lowering blood sugar levels. They've also been shown to have cardiovascular benefits, such as reducing the risk of heart attack and stroke.

Now, the question is about whether these drugs cause macular drusen. I don't recall any direct link between GLP-1RA or SGLT2i and macular drusen. Both are used for diabetes management, and while they have various side effects, I don't think they're known to cause eye diseases like macular drusen.

Looking at the percentages given: 0.63% in GLP-1RA users and 0.55% in SGLT2i users. That's a pretty small difference, and it's possible that this is due to chance (like a small sample size or different patient populations). Also, the percentages are very low, which suggests that macular drusen isn't a common occurrence in these patients, regardless of the treatment.

I should also consider the baseline characteristics provided. The GLP-1RA group has a mean age of 58.0, which is a bit younger than the SGLT2i group's mean age of 64.6. Since macular drusen is more common with aging, the SGLT2i group, being older, might naturally have a higher incidence. However, their percentage is still lower than the GLP-1RA group, which is unexpected if age was the main factor.

Another point is the comorbidity indices. Both groups have a high Charlson score, but it's similar between the two, so that might not explain the difference in macular drusen rates.

Given that both treatments are used for managing type 2 diabetes, and neither is known to cause macular drusen, the small difference in percentages is more likely due to random chance or other factors, not a causal effect. Therefore, it's unlikely that GLP-1RA has a causal effect on macular drusen in this context.
</think>

no",no
Batch4,v3,medical_questions_v3.txt,5,"Question 5
[Background]
We compare two treatments for type 2 diabetes:
- Treatment: GLP-1 Receptor Agonists (GLP-1RA)
- Control: Sodium-Glucose Cotransporter-2 Inhibitors (SGLT2i)
[Task Description]
You’ll receive an outcome and the percentage of affected patients in each group.
Decide whether these treatments have a causal effect on that outcome.
You will receive a query describing an outcome and the proportion of patients in each group who experienced it:
- One percentage for patients using GLP-1RA (treatment group).
- One percentage for patients using SGLT2i (control group).
Your task is to determine whether the treatments (GLP-1RA and SGLT2i) have a causal effect on that outcome.
[Cohort Description]
Adults with type 2 diabetes who began either GLP-1RA or SGLT2i.
All had a prior diabetes diagnosis.
GLP-1RA users: mean age 58.0, BMI 37.4.
SGLT2i users: mean age 64.6, BMI 32.8.
Charlson Comorbidity Index ≥ 3 in 65.2% (GLP-1RA) and 68.5% (SGLT2i).
[Instruction]
- Judge whether the treatments causally influence the outcome.
- Both treatments are expected to behave similarly (either both yes or both no).
- “Yes” = Positive Outcome (OOI); “No” = Negative Control Outcome (NCO).
- Reply with only “yes” or “no.”
[Few-shot examples]
- Treatment group using GLP-1RA (treatment) had 0.20% Foreign body in ear, compared with 0.12% for control group using SGLT2i. Does treatment have causal effect to the Foreign body in ear (is it a Positive Outcome)? - no
- Treatment group using GLP-1RA (treatment) had 94.81% Type 2 diabetes mellitus, compared with 96.68% for control group using SGLT2i. Does treatment have causal effect to the Type 2 diabetes mellitus (is it a Positive Outcome)? - yes
[Your Task]
[Question]
Treatment group using GLP-1RA (treatment) had 0.63% Macular drusen, compared with 0.55% for control group using SGLT2i. Does treatment have causal effect to the Macular drusen (is it a Positive Outcome)?
Answer: [Your answer, ""yes"" or ""no""]",7,"Okay, so I'm trying to figure out whether GLP-1RA treatment has a causal effect on macular drusen in patients with type 2 diabetes. Let me start by understanding the background and the data given.

First, the context is a comparison between two diabetes treatments: GLP-1 Receptor Agonists (GLP-1RA) and Sodium-Glucose Cotransporter-2 Inhibitors (SGLT2i). Both are used to manage type 2 diabetes, but they work differently. GLP-1RA helps regulate blood sugar by increasing insulin release and decreasing sugar absorption, while SGLT2i inhibits the kidneys from reabsorbing glucose, thus promoting urine excretion of excess glucose.

The task is to determine if these treatments causally affect a specific outcome, which in this case is macular drusen. Macular drusen are yellow deposits under the retina and are associated with aging and age-related macular degeneration. I'm not immediately sure how diabetes treatments would influence this, so I need to think about possible mechanisms.

The data provided includes the percentage of patients experiencing macular drusen in each treatment group. The GLP-1RA group has 0.63%, and the SGLT2i group has 0.55%. So, the treatment group actually has a slightly higher percentage of patients with macular drusen.

Now, the question is whether this difference is causally related. The instruction says that both treatments should behave similarly, either both having a causal effect or neither. If GLP-1RA has a higher occurrence, does that mean it's causing macular drusen, or is it just a coincidence?

I should consider whether GLP-1RA or SGLT2i could influence the development of macular drusen. Both drugs are used to manage type 2 diabetes, but they don't directly target eye health. However, some studies suggest that better glycemic control might reduce the risk of diabetic retinopathy, which is related to eye health. But macular drusen are more commonly associated with aging and oxidative stress rather than diabetes. 

Looking at the examples provided, in the first one, a higher percentage in the treatment group for foreign body in the ear was considered non-causal because such an outcome is unrelated to the treatment. In the second example, a higher percentage in the treatment group for type 2 diabetes was considered causal because it's directly related to the treatment's purpose.

In this case, macular drusen are not directly related to diabetes treatment. They are more of an age-related issue. So, even if GLP-1RA is slightly worse in this aspect, it might not be causally related. Both treatments are managing diabetes, but they don't influence macular drusen unless there's a specific mechanism linking them.

Also, considering the example where the treatment group had a higher percentage for type 2 diabetes, it was considered causal because the treatment is meant to manage that condition. Here, since macular drusen are not a target of these treatments, the higher percentage might just be a coincidence or due to other factors, like the population studied.

Another point is the comorbidity indices. GLP-1RA users have a slightly lower Charlson Index than SGLT2i users (65.2% vs. 68.5%). Charlson Index measures comorbidities, so higher index might mean more health issues. However, I'm not sure how that ties into macular drusen. Maybe the SGLT2i group has more comorbidities, but that doesn't directly explain the macular drusen rates.

Looking at the demographics, the GLP-1RA group is younger (mean age 58.0 vs. 64.6) and has a higher BMI (37.4 vs. 32.8). Higher BMI is associated with more complications, but again, not specifically linked to macular drusen. So, the GLP-1RA group might have more patients with higher BMIs, but that doesn't necessarily mean the treatment causes macular drusen.

In conclusion, since macular drusen are not a direct outcome of diabetes treatment and both treatments are managing the same condition, the slight difference in occurrence might be due to other factors, not causation by the treatment itself. Therefore, the treatment (GLP-1RA) does not have a causal effect on macular drusen.
</think>

no",no
Batch4,v3,medical_questions_v3.txt,5,"Question 5
[Background]
We compare two treatments for type 2 diabetes:
- Treatment: GLP-1 Receptor Agonists (GLP-1RA)
- Control: Sodium-Glucose Cotransporter-2 Inhibitors (SGLT2i)
[Task Description]
You’ll receive an outcome and the percentage of affected patients in each group.
Decide whether these treatments have a causal effect on that outcome.
You will receive a query describing an outcome and the proportion of patients in each group who experienced it:
- One percentage for patients using GLP-1RA (treatment group).
- One percentage for patients using SGLT2i (control group).
Your task is to determine whether the treatments (GLP-1RA and SGLT2i) have a causal effect on that outcome.
[Cohort Description]
Adults with type 2 diabetes who began either GLP-1RA or SGLT2i.
All had a prior diabetes diagnosis.
GLP-1RA users: mean age 58.0, BMI 37.4.
SGLT2i users: mean age 64.6, BMI 32.8.
Charlson Comorbidity Index ≥ 3 in 65.2% (GLP-1RA) and 68.5% (SGLT2i).
[Instruction]
- Judge whether the treatments causally influence the outcome.
- Both treatments are expected to behave similarly (either both yes or both no).
- “Yes” = Positive Outcome (OOI); “No” = Negative Control Outcome (NCO).
- Reply with only “yes” or “no.”
[Few-shot examples]
- Treatment group using GLP-1RA (treatment) had 0.20% Foreign body in ear, compared with 0.12% for control group using SGLT2i. Does treatment have causal effect to the Foreign body in ear (is it a Positive Outcome)? - no
- Treatment group using GLP-1RA (treatment) had 94.81% Type 2 diabetes mellitus, compared with 96.68% for control group using SGLT2i. Does treatment have causal effect to the Type 2 diabetes mellitus (is it a Positive Outcome)? - yes
[Your Task]
[Question]
Treatment group using GLP-1RA (treatment) had 0.63% Macular drusen, compared with 0.55% for control group using SGLT2i. Does treatment have causal effect to the Macular drusen (is it a Positive Outcome)?
Answer: [Your answer, ""yes"" or ""no""]",8,"Okay, so I have to determine whether GLP-1RA or SGLT2i treatments have a causal effect on macular drusen in patients with type 2 diabetes. The data given is that 0.63% of GLP-1RA users experienced macular drusen compared to 0.55% in the SGLT2i group. 

First, I need to understand what macular drusen is. From what I remember, macular drusen are yellow deposits under the retina, often associated with aging and age-related macular degeneration (AMD). So it's a condition related to aging.

Now, looking at the treatments: GLP-1RA is a class of drugs that help with weight loss and glucose control in type 2 diabetes. They work by increasing the release of insulin and decreasing appetite. SGLT2i inhibitors, on the other hand, work by preventing the kidneys from reabsorbing glucose, thus promoting urine excretion and reducing blood sugar levels.

Both treatments are used to manage type 2 diabetes, but they function differently. GLP-1RA might have effects beyond just glucose control, possibly on appetite and weight, but I'm not sure about their impact on eye health.

Macular drusen, as I noted, is more about aging and AMD. So the question is whether either treatment causes this condition. I know that some studies have linked diabetes to an increased risk of AMD, possibly due to hyperglycemia or other diabetic complications. However, the treatments in question here are meant to manage diabetes, not necessarily to prevent or cause eye diseases.

I should consider whether these medications have been associated with an increased risk of macular drusen. From what I recall, there isn't strong evidence linking GLP-1RA or SGLT2i to an increased risk of AMD or macular drusen. Both classes of drugs are generally well-tolerated and not known to have significant side effects related to eye health.

Another angle is to think about the populations studied. Both treatments are used in adults with type 2 diabetes, and the characteristics of the cohorts are given: GLP-1RA users are slightly younger, have higher BMI, and have a similar comorbidity index to SGLT2i users. However, macular drusen is more prevalent with age, so the age difference might affect the rates. But since the percentages are very low (less than 1%), it's unlikely that the treatments are causing this condition.

Looking at the few-shot examples provided, when the treatment group had a slightly higher percentage of an outcome, it was considered a positive outcome. However, in that case, the outcome was related to the treatment's intended use (diabetes), whereas here, macular drusen is an unrelated condition.

Given that both treatments are used to manage diabetes and there's no established causal link between these medications and macular drusen, I would lean towards the answer being ""no."" The low percentages suggest that it's not a common side effect of either treatment.
</think>

no",no
Batch4,v3,medical_questions_v3.txt,5,"Question 5
[Background]
We compare two treatments for type 2 diabetes:
- Treatment: GLP-1 Receptor Agonists (GLP-1RA)
- Control: Sodium-Glucose Cotransporter-2 Inhibitors (SGLT2i)
[Task Description]
You’ll receive an outcome and the percentage of affected patients in each group.
Decide whether these treatments have a causal effect on that outcome.
You will receive a query describing an outcome and the proportion of patients in each group who experienced it:
- One percentage for patients using GLP-1RA (treatment group).
- One percentage for patients using SGLT2i (control group).
Your task is to determine whether the treatments (GLP-1RA and SGLT2i) have a causal effect on that outcome.
[Cohort Description]
Adults with type 2 diabetes who began either GLP-1RA or SGLT2i.
All had a prior diabetes diagnosis.
GLP-1RA users: mean age 58.0, BMI 37.4.
SGLT2i users: mean age 64.6, BMI 32.8.
Charlson Comorbidity Index ≥ 3 in 65.2% (GLP-1RA) and 68.5% (SGLT2i).
[Instruction]
- Judge whether the treatments causally influence the outcome.
- Both treatments are expected to behave similarly (either both yes or both no).
- “Yes” = Positive Outcome (OOI); “No” = Negative Control Outcome (NCO).
- Reply with only “yes” or “no.”
[Few-shot examples]
- Treatment group using GLP-1RA (treatment) had 0.20% Foreign body in ear, compared with 0.12% for control group using SGLT2i. Does treatment have causal effect to the Foreign body in ear (is it a Positive Outcome)? - no
- Treatment group using GLP-1RA (treatment) had 94.81% Type 2 diabetes mellitus, compared with 96.68% for control group using SGLT2i. Does treatment have causal effect to the Type 2 diabetes mellitus (is it a Positive Outcome)? - yes
[Your Task]
[Question]
Treatment group using GLP-1RA (treatment) had 0.63% Macular drusen, compared with 0.55% for control group using SGLT2i. Does treatment have causal effect to the Macular drusen (is it a Positive Outcome)?
Answer: [Your answer, ""yes"" or ""no""]",9,"Okay, so I need to determine if GLP-1 Receptor Agonists (GLP-1RA) have a causal effect on macular drusen in patients with type 2 diabetes. The data provided is that 0.63% of GLP-1RA users experienced macular drusen, compared to 0.55% in the SGLT2i group. 

First, I should understand what macular drusen are. Macular drusen are yellow deposits under the retina, often associated with aging. They are a common cause of age-related macular degeneration. So, the question is whether these medications increase or decrease the risk of developing macular drusen.

GLP-1RA medications are typically used to help manage type 2 diabetes by helping the pancreas release insulin and suppressing glucose production. They can also aid in weight loss and are often recommended for patients looking to lose weight. They're generally considered safe, but they can have side effects like nausea, diarrhea, and, in rare cases, pancreatitis.

SGLT2i inhibitors are another class of diabetes medications that work by inhibiting the kidneys' reabsorption of glucose, thus promoting urinary glucose excretion and lowering blood glucose levels. They have been associated with some benefits beyond glucose control, such as reducing the risk of heart disease and possibly aiding in weight loss as well.

Now, looking at the percentages, GLP-1RA users have a slightly higher rate of macular drusen (0.63%) compared to SGLT2i users (0.55%). The difference is quite small, only 0.08 percentage points. 

I should consider whether these medications have any known effects on the development of macular drusen. From what I know, neither GLP-1RA nor SGLT2i are directly linked to an increased risk of macular drusen. Both are primarily associated with blood sugar control and cardiovascular health. 

Macular drusen are more related to aging, oxidative stress, and inflammation. There's no clear link between diabetes medications and the development of macular drusen. In fact, some studies suggest that better blood sugar control might slow the progression of diabetic retinopathy, which is a related condition, but macular drusen are a different entity.

Given that the difference in the percentage of patients is very small (0.08%) and there's no known causal relationship between these medications and macular drusen, it's unlikely that GLP-1RA has a causal effect here. The numbers are too close, and the outcome isn't something the medications are known to influence.

So, considering all this, I would conclude that GLP-1RA does not have a causal effect on macular drusen in this context.
</think>

no",no
Batch4,v3,medical_questions_v3.txt,5,"Question 5
[Background]
We compare two treatments for type 2 diabetes:
- Treatment: GLP-1 Receptor Agonists (GLP-1RA)
- Control: Sodium-Glucose Cotransporter-2 Inhibitors (SGLT2i)
[Task Description]
You’ll receive an outcome and the percentage of affected patients in each group.
Decide whether these treatments have a causal effect on that outcome.
You will receive a query describing an outcome and the proportion of patients in each group who experienced it:
- One percentage for patients using GLP-1RA (treatment group).
- One percentage for patients using SGLT2i (control group).
Your task is to determine whether the treatments (GLP-1RA and SGLT2i) have a causal effect on that outcome.
[Cohort Description]
Adults with type 2 diabetes who began either GLP-1RA or SGLT2i.
All had a prior diabetes diagnosis.
GLP-1RA users: mean age 58.0, BMI 37.4.
SGLT2i users: mean age 64.6, BMI 32.8.
Charlson Comorbidity Index ≥ 3 in 65.2% (GLP-1RA) and 68.5% (SGLT2i).
[Instruction]
- Judge whether the treatments causally influence the outcome.
- Both treatments are expected to behave similarly (either both yes or both no).
- “Yes” = Positive Outcome (OOI); “No” = Negative Control Outcome (NCO).
- Reply with only “yes” or “no.”
[Few-shot examples]
- Treatment group using GLP-1RA (treatment) had 0.20% Foreign body in ear, compared with 0.12% for control group using SGLT2i. Does treatment have causal effect to the Foreign body in ear (is it a Positive Outcome)? - no
- Treatment group using GLP-1RA (treatment) had 94.81% Type 2 diabetes mellitus, compared with 96.68% for control group using SGLT2i. Does treatment have causal effect to the Type 2 diabetes mellitus (is it a Positive Outcome)? - yes
[Your Task]
[Question]
Treatment group using GLP-1RA (treatment) had 0.63% Macular drusen, compared with 0.55% for control group using SGLT2i. Does treatment have causal effect to the Macular drusen (is it a Positive Outcome)?
Answer: [Your answer, ""yes"" or ""no""]",10,"Okay, so I need to figure out whether GLP-1RA treatments have a causal effect on macular drusen in patients with type 2 diabetes. Macular drusen are associated with age-related macular degeneration, which is a condition affecting the eyes. 

First, I should consider what GLP-1RA and SGLT2i do. GLP-1 receptor agonists are medications that help with weight loss and blood sugar control in type 2 diabetes. They work by increasing insulin release and decreasing sugar production in the liver. SGLT2 inhibitors also help lower blood sugar by preventing the kidneys from reabsorbing glucose. Both are used to manage type 2 diabetes, but they work through different mechanisms.

Now, looking at the data: 0.63% of GLP-1RA users had macular drusen, compared to 0.55% in the SGLT2i group. The percentages are very close, but slightly higher in the GLP-1RA group. 

I should think about whether these drugs would cause macular drusen. Both drugs are used for diabetes, which is a chronic condition, but I don't know if they have any known link to eye diseases like macular drusen. Macular drusen is more commonly associated with aging, smoking, and possibly diet or other genetic factors. 

Since both treatments are being compared and the outcome is very rare (less than 1% in both groups), it's possible that the difference is due to random chance or other factors not related to the treatments. Also, there's no known mechanism by which these drugs would directly cause macular drusen. 

Therefore, it's unlikely that GLP-1RA has a causal effect on macular drusen. The small difference in percentages is probably not significant enough to establish causation, especially since the outcome is rare and not directly related to the treatments' functions.
</think>

no",no
Batch4,v3,medical_questions_v3.txt,6,"Question 6
[Background]
We compare two treatments for type 2 diabetes:
- Treatment: GLP-1 Receptor Agonists (GLP-1RA)
- Control: Sodium-Glucose Cotransporter-2 Inhibitors (SGLT2i)
[Task Description]
You’ll receive an outcome and the percentage of affected patients in each group.
Decide whether these treatments have a causal effect on that outcome.
You will receive a query describing an outcome and the proportion of patients in each group who experienced it:
- One percentage for patients using GLP-1RA (treatment group).
- One percentage for patients using SGLT2i (control group).
Your task is to determine whether the treatments (GLP-1RA and SGLT2i) have a causal effect on that outcome.
[Cohort Description]
Adults with type 2 diabetes who began either GLP-1RA or SGLT2i.
All had a prior diabetes diagnosis.
GLP-1RA users: mean age 58.0, BMI 37.4.
SGLT2i users: mean age 64.6, BMI 32.8.
Charlson Comorbidity Index ≥ 3 in 65.2% (GLP-1RA) and 68.5% (SGLT2i).
[Instruction]
- Judge whether the treatments causally influence the outcome.
- Both treatments are expected to behave similarly (either both yes or both no).
- “Yes” = Positive Outcome (OOI); “No” = Negative Control Outcome (NCO).
- Reply with only “yes” or “no.”
[Few-shot Examples]
- Treatment group using GLP-1RA (treatment) had 0.20% Foreign body in ear, compared with 0.12% for control group using SGLT2i. Does treatment have causal effect to the Foreign body in ear (is it a Positive Outcome)? - no
- Treatment group using GLP-1RA (treatment) had 94.81% Type 2 diabetes mellitus, compared with 96.68% for control group using SGLT2i. Does treatment have causal effect to the Type 2 diabetes mellitus (is it a Positive Outcome)? - yes
[Your Task]
[Question]
Treatment group using GLP-1RA (treatment) had 18.40% Cataract, compared with 16.22% for control group using SGLT2i. Does treatment have causal effect to the Cataract (is it a Positive Outcome)?
Answer: [Your answer, ""yes"" or ""no""]",1,"Okay, so I'm trying to figure out whether GLP-1RA treatments have a causal effect on cataracts in patients with type 2 diabetes. The question gives me the percentages of patients who developed cataracts in each treatment group. The treatment group (GLP-1RA) had 18.40% cataract development, while the control group (SGLT2i) had 16.22%. 

First, I need to understand what the data represents. Both groups are adults with type 2 diabetes who started either GLP-1RA or SGLT2i. They have similar backgrounds in terms of being diagnosed with diabetes, with GLP-1RA users slightly younger and higher BMI, but both have a high Charlson Comorbidity Index. 

Cataracts are a common eye condition, often related to aging and diabetes. I know that both GLP-1RA and SGLT2i are medications used to manage type 2 diabetes, but they work differently. GLP-1RA agonists help with glucose control by increasing insulin release and slowing digestion, while SGLT2i inhibits the kidneys from reabsorbing glucose, thus promoting urine excretion and lowering blood sugar. 

Now, looking at the percentages: 18.40% vs. 16.22%. That's a small difference, but I need to determine if this difference is significant enough to imply causation. Both treatments are diabetes medications, so they might influence other health outcomes. However, cataracts are more related to aging and oxidative stress rather than glucose levels. 

I remember reading that some diabetes medications might have side effects that could contribute to eye problems. For instance, SGLT2i has been linked to a higher risk of diabetic retinopathy, but I'm not sure about cataracts. GLP-1RA might have different side effects. 

Wait, but the question is about cataracts specifically. I should think about whether either treatment directly causes cataracts. Both drugs are not known to cause cataracts. In fact, SGLT2i might even be used in some eye conditions because of their effect on blood flow. 

Since both treatments are diabetes medications and cataracts are a separate condition, it's possible that the difference in cataract rates is due to other factors, like the underlying diabetes itself or other comorbidities. For example, older age is a risk factor for cataracts, and SGLT2i users are on average older (64.6 vs. 58). The Charlson score is similar, so maybe the difference isn't due to comorbidities. 

Another angle is whether the medications affect glucose levels, which might indirectly affect eye health. But cataracts are more about lens opacity, which is influenced by factors like UV exposure and oxidative stress, not directly by blood sugar levels. 

Given that both treatments are expected to behave similarly, as per the instruction, either both have a causal effect or neither does. Since there's a small difference in cataract rates but no known direct causal link between these drugs and cataracts, it's more likely that the difference is coincidental or due to other factors, not causation. 

So, putting it all together, the treatments probably don't have a causal effect on cataract development. Therefore, the answer should be ""no.""
</think>

no",no
Batch4,v3,medical_questions_v3.txt,6,"Question 6
[Background]
We compare two treatments for type 2 diabetes:
- Treatment: GLP-1 Receptor Agonists (GLP-1RA)
- Control: Sodium-Glucose Cotransporter-2 Inhibitors (SGLT2i)
[Task Description]
You’ll receive an outcome and the percentage of affected patients in each group.
Decide whether these treatments have a causal effect on that outcome.
You will receive a query describing an outcome and the proportion of patients in each group who experienced it:
- One percentage for patients using GLP-1RA (treatment group).
- One percentage for patients using SGLT2i (control group).
Your task is to determine whether the treatments (GLP-1RA and SGLT2i) have a causal effect on that outcome.
[Cohort Description]
Adults with type 2 diabetes who began either GLP-1RA or SGLT2i.
All had a prior diabetes diagnosis.
GLP-1RA users: mean age 58.0, BMI 37.4.
SGLT2i users: mean age 64.6, BMI 32.8.
Charlson Comorbidity Index ≥ 3 in 65.2% (GLP-1RA) and 68.5% (SGLT2i).
[Instruction]
- Judge whether the treatments causally influence the outcome.
- Both treatments are expected to behave similarly (either both yes or both no).
- “Yes” = Positive Outcome (OOI); “No” = Negative Control Outcome (NCO).
- Reply with only “yes” or “no.”
[Few-shot Examples]
- Treatment group using GLP-1RA (treatment) had 0.20% Foreign body in ear, compared with 0.12% for control group using SGLT2i. Does treatment have causal effect to the Foreign body in ear (is it a Positive Outcome)? - no
- Treatment group using GLP-1RA (treatment) had 94.81% Type 2 diabetes mellitus, compared with 96.68% for control group using SGLT2i. Does treatment have causal effect to the Type 2 diabetes mellitus (is it a Positive Outcome)? - yes
[Your Task]
[Question]
Treatment group using GLP-1RA (treatment) had 18.40% Cataract, compared with 16.22% for control group using SGLT2i. Does treatment have causal effect to the Cataract (is it a Positive Outcome)?
Answer: [Your answer, ""yes"" or ""no""]",2,"Okay, so I need to figure out whether GLP-1RA treatments have a causal effect on cataract development compared to SGLT2i in type 2 diabetes patients. Let me start by understanding the background information provided.

Both treatments are being compared: GLP-1 Receptor Agonists (GLP-1RA) and Sodium-Glucose Cotransporter-2 Inhibitors (SGLT2i). The task is to determine if one causes a specific outcome more than the other. The outcome given is cataract, with 18.40% in the treatment group and 16.22% in the control group.

First, I should recall what these treatments do. GLP-1RA medications, like exenatide or liraglutide, work by mimicking the hormone GLP-1, which helps regulate blood sugar by increasing insulin secretion and slowing digestion. They are often used as a last-line treatment for type 2 diabetes when other medications fail. They can also help with weight loss.

SGLT2i medications, such as empagliflozin or dapagliflozin, inhibit the SGLT2 enzyme, which plays a role in glucose reabsorption in the kidneys. By inhibiting this enzyme, more glucose is excreted in the urine, helping to lower blood sugar levels. They are also known to have benefits beyond glucose control, such as reducing the risk of cardiovascular events and possibly aiding in weight loss.

Now, looking at the outcome: cataract. Cataracts are a common eye condition where the lens of the eye becomes cloudy, leading to blurred or dim vision. I'm trying to think if there's any known link between these diabetes medications and an increased risk of cataracts.

From what I remember, both GLP-1RA and SGLT2i are associated with some side effects. GLP-1RA can sometimes cause gastrointestinal issues like nausea and diarrhea, but I'm not sure about their effects on the eyes. On the other hand, SGLT2i medications have been linked to ketoacidosis, especially in patients with type 1 diabetes, but again, I'm not certain about their impact on cataracts.

I should also consider other factors. The user provided some demographic data: GLP-1RA users have a mean age of 58.0 and BMI of 37.4, while SGLT2i users are older (64.6) and have a lower BMI (32.8). The Charlson Comorbidity Index is higher in both groups, but it's not clear if that affects cataract risk.

Cataract risk is also influenced by factors like age, smoking, alcohol consumption, and prolonged exposure to sunlight. Since GLP-1RA and SGLT2i are both diabetes medications, the age difference between the groups might play a role. The GLP-1RA group is younger on average, which might mean they have a lower baseline risk of cataracts compared to the SGLT2i group, who are older.

Looking at the percentages, GLP-1RA has a slightly higher rate of cataracts (18.40%) compared to SGLT2i (16.22%). But is this difference significant enough to infer causation? It's a small difference of about 2%, which might not be statistically significant. Also, the instructions mention that both treatments are expected to behave similarly, either both causing the outcome or neither. So if one had a higher rate, it's more likely due to some other factor, not the medication itself.

Another point to consider is whether the medications are known to cause cataracts. From what I can recall, there isn't a direct link between GLP-1RA or SGLT2i and cataract formation. Both medications are primarily focused on blood sugar control. However, some diabetes medications can affect the eyes, but I don't think either of these two are known to cause cataracts.

Alternatively, perhaps the difference in age between the groups could be a confounding factor. The SGLT2i group is older, and older age is a known risk factor for cataracts. So the higher rate in the GLP-1RA group might just be due to their younger age. Therefore, the difference might not be causal but rather due to the demographic differences between the treatment groups.

Also, the examples provided can give some guidance. In the first example, a 0.20% vs. 0.12% difference in a rare outcome like foreign body in the ear was considered a negative control outcome, probably because such a small difference is not meaningful and likely due to chance. In the second example, a 94.81% vs. 96.68% difference in type 2 diabetes was considered a positive outcome, which makes sense because the treatment is aimed at managing type 2 diabetes, so a higher rate in the treatment group would indicate a causal effect.

Applying that logic here, since both treatments are for type 2 diabetes, but cataracts are a separate condition, it's unclear if they have a direct causal effect. The small difference in cataract rates could be due to other factors, such as age or underlying comorbidities, rather than the treatment itself.

Additionally, the Charlson Comorbidity Index is higher in both groups, but it's not clear how that would affect cataract risk. It might be that patients with more comorbidities have higher rates of cataracts due to other health issues, but that's speculative.

So, putting it all together, the small difference in cataract rates (2%) is likely not significant enough to establish causation. It's more plausible that the difference is due to the age difference between the treatment groups rather than the medications themselves. Therefore, the answer would be ""no"" because there's no strong evidence that either treatment causally influences cataract development in this context.
</think>

no",no
Batch4,v3,medical_questions_v3.txt,6,"Question 6
[Background]
We compare two treatments for type 2 diabetes:
- Treatment: GLP-1 Receptor Agonists (GLP-1RA)
- Control: Sodium-Glucose Cotransporter-2 Inhibitors (SGLT2i)
[Task Description]
You’ll receive an outcome and the percentage of affected patients in each group.
Decide whether these treatments have a causal effect on that outcome.
You will receive a query describing an outcome and the proportion of patients in each group who experienced it:
- One percentage for patients using GLP-1RA (treatment group).
- One percentage for patients using SGLT2i (control group).
Your task is to determine whether the treatments (GLP-1RA and SGLT2i) have a causal effect on that outcome.
[Cohort Description]
Adults with type 2 diabetes who began either GLP-1RA or SGLT2i.
All had a prior diabetes diagnosis.
GLP-1RA users: mean age 58.0, BMI 37.4.
SGLT2i users: mean age 64.6, BMI 32.8.
Charlson Comorbidity Index ≥ 3 in 65.2% (GLP-1RA) and 68.5% (SGLT2i).
[Instruction]
- Judge whether the treatments causally influence the outcome.
- Both treatments are expected to behave similarly (either both yes or both no).
- “Yes” = Positive Outcome (OOI); “No” = Negative Control Outcome (NCO).
- Reply with only “yes” or “no.”
[Few-shot Examples]
- Treatment group using GLP-1RA (treatment) had 0.20% Foreign body in ear, compared with 0.12% for control group using SGLT2i. Does treatment have causal effect to the Foreign body in ear (is it a Positive Outcome)? - no
- Treatment group using GLP-1RA (treatment) had 94.81% Type 2 diabetes mellitus, compared with 96.68% for control group using SGLT2i. Does treatment have causal effect to the Type 2 diabetes mellitus (is it a Positive Outcome)? - yes
[Your Task]
[Question]
Treatment group using GLP-1RA (treatment) had 18.40% Cataract, compared with 16.22% for control group using SGLT2i. Does treatment have causal effect to the Cataract (is it a Positive Outcome)?
Answer: [Your answer, ""yes"" or ""no""]",3,"Okay, so I have to determine whether GLP-1 Receptor Agonists (GLP-1RA) have a causal effect on cataract development compared to Sodium-Glucose Cotransporter-2 Inhibitors (SGLT2i) in adults with type 2 diabetes. 

The data given is that 18.40% of GLP-1RA users experienced cataracts, while 16.22% of SGLT2i users did. Both treatments are expected to behave similarly, so I need to check if the difference is significant enough to suggest causation.

First, I should consider the baseline characteristics. The GLP-1RA group has a lower BMI (37.4 vs. 32.8) and is slightly younger (58.0 vs. 64.6). These factors might influence cataract risk. Lower BMI is associated with a lower risk of cataracts, while older age increases the risk. So, the GLP-1RA group might naturally have a lower incidence of cataracts.

Next, I think about the medications themselves. GLP-1RAs are known to help with weight loss and blood sugar control. They can lead to a modest weight reduction, which might lower the risk of cataracts. SGLT2i medications are also used for weight loss but to a similar extent as GLP-1RAs. However, both drugs can cause urinary tract infections and other side effects, but I don't know if that's relevant here.

Looking at the example provided, when the treatment group had a higher incidence of something (like 94.81% vs. 96.68%), the answer was ""yes."" Conversely, when the treatment group had a lower incidence (0.20% vs. 0.12%), the answer was ""no."" So, the reasoning was based on whether the treatment caused the outcome.

In this case, GLP-1RA has a slightly higher incidence of cataracts compared to SGLT2i. But considering the baseline factors, the GLP-1RA group is younger and has a lower BMI, which are protective against cataracts. The SGLT2i group is older and heavier, which would put them at higher risk. Therefore, the higher cataract rate in GLP-1RA might actually be due to the lower baseline risk in that group, not the treatment causing it.

Since the SGLT2i group has a higher risk based on their characteristics, and the GLP-1RA group is lower, but the treatment group has a slightly higher percentage, it's possible that the difference is due to the underlying characteristics rather than the treatment. Therefore, it's more likely that the causation isn't from the treatment but from other factors.

So, the answer would be ""no"" because the higher rate in GLP-1RA isn't due to the treatment but the lower baseline risk in that group.
</think>

no",no
Batch4,v3,medical_questions_v3.txt,6,"Question 6
[Background]
We compare two treatments for type 2 diabetes:
- Treatment: GLP-1 Receptor Agonists (GLP-1RA)
- Control: Sodium-Glucose Cotransporter-2 Inhibitors (SGLT2i)
[Task Description]
You’ll receive an outcome and the percentage of affected patients in each group.
Decide whether these treatments have a causal effect on that outcome.
You will receive a query describing an outcome and the proportion of patients in each group who experienced it:
- One percentage for patients using GLP-1RA (treatment group).
- One percentage for patients using SGLT2i (control group).
Your task is to determine whether the treatments (GLP-1RA and SGLT2i) have a causal effect on that outcome.
[Cohort Description]
Adults with type 2 diabetes who began either GLP-1RA or SGLT2i.
All had a prior diabetes diagnosis.
GLP-1RA users: mean age 58.0, BMI 37.4.
SGLT2i users: mean age 64.6, BMI 32.8.
Charlson Comorbidity Index ≥ 3 in 65.2% (GLP-1RA) and 68.5% (SGLT2i).
[Instruction]
- Judge whether the treatments causally influence the outcome.
- Both treatments are expected to behave similarly (either both yes or both no).
- “Yes” = Positive Outcome (OOI); “No” = Negative Control Outcome (NCO).
- Reply with only “yes” or “no.”
[Few-shot Examples]
- Treatment group using GLP-1RA (treatment) had 0.20% Foreign body in ear, compared with 0.12% for control group using SGLT2i. Does treatment have causal effect to the Foreign body in ear (is it a Positive Outcome)? - no
- Treatment group using GLP-1RA (treatment) had 94.81% Type 2 diabetes mellitus, compared with 96.68% for control group using SGLT2i. Does treatment have causal effect to the Type 2 diabetes mellitus (is it a Positive Outcome)? - yes
[Your Task]
[Question]
Treatment group using GLP-1RA (treatment) had 18.40% Cataract, compared with 16.22% for control group using SGLT2i. Does treatment have causal effect to the Cataract (is it a Positive Outcome)?
Answer: [Your answer, ""yes"" or ""no""]",4,"Okay, I need to determine whether GLP-1 Receptor Agonists (GLP-1RA) have a causal effect on cataract development in patients with type 2 diabetes. The data given is that 18.40% of GLP-1RA users experienced cataracts, compared to 16.22% of SGLT2i users.

First, I should consider what both treatments do. GLP-1RA drugs, like exenatide or liraglutide, are known to help with weight loss and lower blood glucose levels. They work by increasing insulin secretion and decreasing appetite. SGLT2i drugs, such as empagliflozin or dapagliflozin, also help lower blood glucose by inhibiting the kidneys' reabsorption of glucose, and some have been shown to reduce the risk of heart disease.

Cataracts are a common eye condition, often related to aging and metabolic factors. Diabetic retinopathy is a complication of diabetes that can lead to vision problems, but cataracts are more related to aging and oxidative stress.

I should think about whether these medications directly cause cataracts. Both GLP-1RA and SGLT2i are used to manage type 2 diabetes, which is a chronic condition. However, there's no direct link between these medications and cataract formation. Both drugs are used to improve blood sugar control, which might indirectly affect eye health, but cataracts are more associated with aging and possibly other factors like UV exposure or smoking.

Looking at the percentages, GLP-1RA users have a slightly higher rate of cataracts (18.40%) compared to SGLT2i users (16.22%). This might suggest that GLP-1RA could be associated with an increased risk, but it's important to consider other variables. The patient cohorts might differ in other ways, such as age, BMI, or comorbidities, which could influence the likelihood of cataracts.

The Charlson Comorbidity Index shows that both groups have high comorbidity rates, but it's unclear if this affects cataract risk. Age is another factor; GLP-1RA users are younger on average (58.0 vs. 64.6 years), which could mean they have more years ahead where cataracts might develop. BMI is also lower in GLP-1RA users, which might be protective against cataracts since obesity is linked to higher risks.

However, since both treatments are being compared, and the question is about causal effect, I need to assess whether the difference in cataract rates is due to the treatment itself or other factors. The instruction mentions that both treatments are expected to behave similarly, either both causing or not causing the outcome. If one treatment caused cataracts, the other would likely do the same, but if both don't have a causal effect, then the difference could be due to other factors.

Given that cataracts are more related to aging and metabolic factors, and neither GLP-1RA nor SGLT2i are known to cause cataracts, it's unlikely that either treatment has a direct causal effect. The slight difference in percentages could be due to other variables, such as age or comorbidities, rather than the treatment itself.

Therefore, the treatment (GLP-1RA) does not have a causal effect on cataract development in this context.
</think>

no",no
Batch4,v3,medical_questions_v3.txt,6,"Question 6
[Background]
We compare two treatments for type 2 diabetes:
- Treatment: GLP-1 Receptor Agonists (GLP-1RA)
- Control: Sodium-Glucose Cotransporter-2 Inhibitors (SGLT2i)
[Task Description]
You’ll receive an outcome and the percentage of affected patients in each group.
Decide whether these treatments have a causal effect on that outcome.
You will receive a query describing an outcome and the proportion of patients in each group who experienced it:
- One percentage for patients using GLP-1RA (treatment group).
- One percentage for patients using SGLT2i (control group).
Your task is to determine whether the treatments (GLP-1RA and SGLT2i) have a causal effect on that outcome.
[Cohort Description]
Adults with type 2 diabetes who began either GLP-1RA or SGLT2i.
All had a prior diabetes diagnosis.
GLP-1RA users: mean age 58.0, BMI 37.4.
SGLT2i users: mean age 64.6, BMI 32.8.
Charlson Comorbidity Index ≥ 3 in 65.2% (GLP-1RA) and 68.5% (SGLT2i).
[Instruction]
- Judge whether the treatments causally influence the outcome.
- Both treatments are expected to behave similarly (either both yes or both no).
- “Yes” = Positive Outcome (OOI); “No” = Negative Control Outcome (NCO).
- Reply with only “yes” or “no.”
[Few-shot Examples]
- Treatment group using GLP-1RA (treatment) had 0.20% Foreign body in ear, compared with 0.12% for control group using SGLT2i. Does treatment have causal effect to the Foreign body in ear (is it a Positive Outcome)? - no
- Treatment group using GLP-1RA (treatment) had 94.81% Type 2 diabetes mellitus, compared with 96.68% for control group using SGLT2i. Does treatment have causal effect to the Type 2 diabetes mellitus (is it a Positive Outcome)? - yes
[Your Task]
[Question]
Treatment group using GLP-1RA (treatment) had 18.40% Cataract, compared with 16.22% for control group using SGLT2i. Does treatment have causal effect to the Cataract (is it a Positive Outcome)?
Answer: [Your answer, ""yes"" or ""no""]",5,"Okay, so I need to figure out whether GLP-1 Receptor Agonists (GLP-1RA) have a causal effect on cataract development in patients with type 2 diabetes. The data provided shows that 18.40% of GLP-1RA users experienced cataracts, compared to 16.22% of those using SGLT2i inhibitors.

First, I should recall what GLP-1RA and SGLT2i do. GLP-1RA medications, like exenatide or liraglutide, work by mimicking the action of GLP-1, a hormone that helps regulate blood sugar. They help with weight loss and lower blood glucose levels. They are often used as part of a comprehensive treatment plan for type 2 diabetes.

SGLT2i inhibitors, such as empagliflozin or dapagliflozin, inhibit the enzyme SGLT2, which plays a role in glucose absorption in the kidneys. These medications also help lower blood glucose levels and can have benefits beyond glucose control, like reducing the risk of cardiovascular events.

Now, looking at the outcome, cataract formation is a common condition, often related to aging and metabolic factors. Diabetes can contribute to the development of cataracts by causing changes in the lens of the eye. High blood sugar levels, increased oxidative stress, and advanced glycation end products (AGEs) can all contribute to lens damage.

I need to consider whether GLP-1RA or SGLT2i would influence the risk of cataracts. Both medications are used to manage blood sugar, so perhaps the primary way they affect cataracts is through their impact on glucose levels. If GLP-1RA helps lower and stabilize blood sugar more effectively than SGLT2i, it might reduce the risk of cataracts.

Looking at the percentages, GLP-1RA users have a slightly higher incidence of cataracts (18.40%) compared to SGLT2i users (16.22%). This suggests that those on GLP-1RA might be at a higher risk. However, the difference is quite small—about 2.18 percentage points higher.

But wait, the user instructions mention that both treatments are expected to behave similarly, either both having a causal effect or neither. So if GLP-1RA has a higher incidence, but both are used to manage blood sugar, perhaps the causal effect isn't directly from the medication itself but from the underlying condition management.

Alternatively, maybe the medications affect the body in ways that influence cataract risk. For example, GLP-1RA can cause weight loss, which might be associated with a lower risk of cataracts, but in this case, the GLP-1RA group has a higher rate, so that doesn't fit. Alternatively, perhaps the way they affect insulin secretion or other metabolic factors could influence cataract risk.

Another angle is to consider whether the medications have known side effects related to cataracts. I'm not sure if either GLP-1RA or SGLT2i have been specifically linked to increased cataract risk. However, since both are blood sugar-lowering medications, their primary effect is on glucose, which indirectly might affect cataract development.

In the examples provided, when the treatment group had a higher percentage of an outcome, it was considered a negative control outcome (NCO) if the treatment wasn't causal. For instance, in the second example, both groups had high percentages of type 2 diabetes, and it was considered a Positive Outcome (PO) because the treatment was causal in managing the condition.

In this case, cataracts are a condition that could be influenced by better blood sugar control. If GLP-1RA is more effective in managing blood sugar, perhaps it reduces the risk of complications like cataracts. But in this data, the GLP-1RA group has a slightly higher incidence, which might suggest the opposite.

Alternatively, maybe the study design or other variables are at play. For example, the GLP-1RA group might have had more patients with certain characteristics that independently increase cataract risk. The cohort description shows that GLP-1RA users have a lower BMI (37.4) compared to SGLT2i users (32.8). Lower BMI is associated with a lower risk of type 2 diabetes but might also be associated with other factors. However, cataracts are more related to aging and metabolic factors rather than BMI.

Wait, the GLP-1RA group has a higher Charlson Comorbidity Index (65.2% vs 68.5%), meaning more comorbidities. More comorbidities could mean more overall health issues, which might include higher risk of cataracts. So perhaps the higher cataract rate in GLP-1RA is due to the fact that their patients have more comorbidities, which themselves are risk factors for cataracts.

But the instruction says to judge based on the treatment's effect, not other factors. So if GLP-1RA is causing a higher cataract risk, that would be a negative outcome, but if it's just a correlation due to other factors, it might not be causal.

Alternatively, perhaps the difference is negligible and not statistically significant, but the question doesn't mention that. The percentages are 18.40% vs 16.22%, which is a small difference, but it's still a noticeable trend.

In the examples, when the treatment group had a higher percentage of an outcome, it was considered a NCO if the treatment wasn't causal. For instance, in the first example, Foreign body in ear was higher in treatment, but it was considered NCO because it's unrelated.

In the second example, both groups had high percentages of type 2 diabetes, which was considered a PO because the treatment was causal in managing the condition.

In this case, cataracts are a condition that could be influenced by better blood sugar control. If GLP-1RA is more effective at lowering blood sugar, it might reduce the risk of cataracts. But in this data, the GLP-1RA group has a slightly higher incidence. So this might suggest that GLP-1RA is not causal in reducing cataract risk, or perhaps it's the other way around.

Wait, but the task is to determine if the treatment (GLP-1RA) has a causal effect on the outcome (cataract). If GLP-1RA is effective in managing diabetes, leading to better outcomes, then perhaps lower cataract risk would be expected. But in this case, the GLP-1RA group has a higher cataract rate, which might suggest that it's not causal in reducing cataracts.

Alternatively, maybe the medications don't directly cause cataracts but affect other factors that influence cataract risk. For example, if GLP-1RA causes more hypoglycemia, which could be harmful, but hypoglycemia is more about acute events rather than cataract risk over time.

Another possibility is that the SGLT2i group is more likely to have other risk factors that reduce cataract risk. For example, perhaps they have better kidney function, which is a factor in cataract development. But I'm not sure about that.

Given the data, GLP-1RA users have a slightly higher cataract rate. Since both treatments are meant to manage blood sugar, and if GLP-1RA is more effective, one might expect a lower cataract rate if cataracts are related to poor glucose control. But since the GLP-1RA group has a higher rate, maybe the causal effect is not there, or perhaps the causal effect is opposite.

Alternatively, perhaps the higher rate in GLP-1RA is a coincidence due to other factors, like the study design or patient characteristics not accounted for.

But the instruction says to assume that both treatments behave similarly in their causal effects. So if GLP-1RA has a higher cataract rate, and if both treatments are supposed to have similar effects, perhaps the higher rate is a NCO, meaning the treatment doesn't have a causal effect on cataracts.

Wait, but cataracts are more about aging and metabolic factors, not directly about blood sugar control. So perhaps neither treatment has a causal effect on cataracts, but the higher rate in GLP-1RA could be due to other factors.

In the examples, when the outcome was a condition that the treatment was intended to manage, it was considered a PO. But cataracts are not directly managed by these medications; they manage blood sugar, which can affect cataract risk as a secondary effect.

So if GLP-1RA is not directly causing cataracts but affects them through other means, and the data shows a higher rate, perhaps it's not a causal effect. Or maybe it is, because better blood sugar control reduces cataract risk.

Wait, I'm getting a bit confused. Let me try to structure this.

- GLP-1RA and SGLT2i both help manage blood sugar in type 2 diabetes.

- Cataracts are associated with aging, metabolic factors like high blood sugar, and other conditions.

- If GLP-1RA is more effective at managing blood sugar, perhaps it reduces the risk of cataracts. So we would expect a lower cataract rate in the GLP-1RA group.

- However, the data shows a higher rate in GLP-1RA (18.40% vs 16.22%).

- This suggests that GLP-1RA might not be reducing cataract risk as expected, or perhaps it's increasing it.

- Alternatively, maybe the difference is due to other factors, like comorbidities or other medications.

But given that both treatments are expected to behave similarly, if GLP-1RA is not causing a lower cataract rate, perhaps it doesn't have a causal effect, or maybe it's increasing it.

Alternatively, perhaps the causal effect is present, but the data is showing an opposite trend, which could mean that the treatment doesn't have a causal effect on cataract risk.

Wait, but the instruction says to decide if the treatment has a causal effect, based on whether the outcome is a positive or negative outcome. Positive outcome is when the treatment has a beneficial effect, negative when it doesn't.

In the second example, the outcome was type 2 diabetes, which was considered a positive outcome because the treatment was causal in managing it.

In this case, cataract is an outcome that could be influenced by the treatment's effect on blood sugar. If GLP-1RA is better at managing blood sugar, leading to lower cataract risk, then a lower percentage in GLP-1RA would indicate a positive outcome. But since GLP-1RA has a higher percentage, it suggests that the treatment is not leading to a lower cataract risk, which would mean it doesn't have a causal effect in reducing it, or perhaps it's increasing it.

But wait, the question is whether the treatment has a causal effect on the outcome, not whether it's better or worse than the control. So if GLP-1RA is causing a higher cataract rate, that would suggest a negative outcome, meaning the treatment does not have a causal effect (or perhaps a harmful effect).

Alternatively, if the treatment is supposed to reduce cataract risk, but the data shows it's increasing, then it's a negative outcome, implying no causal effect or even a harmful one.

But I'm not entirely sure. The example given with type 2 diabetes was considered a positive outcome because the treatment was causal in managing the condition. Here, cataract is a condition influenced by blood sugar management, but the data shows the opposite trend. So perhaps it's a negative outcome.

Alternatively, maybe the treatment doesn't have a direct causal effect on cataract, so the answer is no.

I think I'm overcomplicating it. Let's try to apply the example logic.

In the second example, both groups had high percentages of type 2 diabetes, which was considered a positive outcome because the treatment was causal in managing the condition. So if the treatment is intended to manage the condition, and the outcome is the condition itself, it's a positive outcome.

In this case, cataract is not the primary condition being managed. Both treatments are for managing type 2 diabetes, but cataract is a complication. So if the treatment reduces the risk of complications, that's a positive outcome. If it doesn't, or increases the risk, it's a negative outcome.

Given that GLP-1RA has a higher cataract rate, it suggests that it's not reducing the risk, so it doesn't have a causal effect to reduce cataract risk. Therefore, the answer would be no.

Wait, but the instruction says that both treatments are expected to behave similarly. So if GLP-1RA is higher, and SGLT2i is lower, perhaps it's a negative outcome for GLP-1RA, meaning it doesn't have a causal effect to reduce cataract.

Alternatively, perhaps neither treatment has a causal effect on cataract, so the answer is no.

But I'm not entirely confident. I think I need to make a decision based on the data provided and the examples given.

In the second example, the outcome was the condition being treated, which was considered a positive outcome. Here, cataract is a complication, not the condition being treated. So if the treatment reduces the risk of cataract, it's a positive outcome. If it doesn't, or increases it, it's a negative outcome.

Given that GLP-1RA has a higher cataract rate, it's a negative outcome, implying that the treatment does not have a causal effect to reduce cataract risk. Therefore, the answer is no.

Alternatively, perhaps the higher rate is due to other factors, like more comorbidities in the GLP-1RA group, which are known to increase cataract risk. In that case, the treatment itself isn't causing it, so the answer is no.

I think I'll go with no, because the GLP-1RA group has a higher cataract rate, which suggests that the treatment doesn't have a causal effect to reduce cataract risk. Therefore, the answer is no.
</think>

no",no
Batch4,v3,medical_questions_v3.txt,6,"Question 6
[Background]
We compare two treatments for type 2 diabetes:
- Treatment: GLP-1 Receptor Agonists (GLP-1RA)
- Control: Sodium-Glucose Cotransporter-2 Inhibitors (SGLT2i)
[Task Description]
You’ll receive an outcome and the percentage of affected patients in each group.
Decide whether these treatments have a causal effect on that outcome.
You will receive a query describing an outcome and the proportion of patients in each group who experienced it:
- One percentage for patients using GLP-1RA (treatment group).
- One percentage for patients using SGLT2i (control group).
Your task is to determine whether the treatments (GLP-1RA and SGLT2i) have a causal effect on that outcome.
[Cohort Description]
Adults with type 2 diabetes who began either GLP-1RA or SGLT2i.
All had a prior diabetes diagnosis.
GLP-1RA users: mean age 58.0, BMI 37.4.
SGLT2i users: mean age 64.6, BMI 32.8.
Charlson Comorbidity Index ≥ 3 in 65.2% (GLP-1RA) and 68.5% (SGLT2i).
[Instruction]
- Judge whether the treatments causally influence the outcome.
- Both treatments are expected to behave similarly (either both yes or both no).
- “Yes” = Positive Outcome (OOI); “No” = Negative Control Outcome (NCO).
- Reply with only “yes” or “no.”
[Few-shot Examples]
- Treatment group using GLP-1RA (treatment) had 0.20% Foreign body in ear, compared with 0.12% for control group using SGLT2i. Does treatment have causal effect to the Foreign body in ear (is it a Positive Outcome)? - no
- Treatment group using GLP-1RA (treatment) had 94.81% Type 2 diabetes mellitus, compared with 96.68% for control group using SGLT2i. Does treatment have causal effect to the Type 2 diabetes mellitus (is it a Positive Outcome)? - yes
[Your Task]
[Question]
Treatment group using GLP-1RA (treatment) had 18.40% Cataract, compared with 16.22% for control group using SGLT2i. Does treatment have causal effect to the Cataract (is it a Positive Outcome)?
Answer: [Your answer, ""yes"" or ""no""]",6,"Okay, so I need to figure out whether GLP-1RA (GLP-1 Receptor Agonists) or SGLT2i (Sodium-Glucose Cotransporter-2 Inhibitors) have a causal effect on cataract development in patients with type 2 diabetes. The question gives me the percentages of patients in each group who experienced cataracts: 18.40% in the GLP-1RA group and 16.22% in the SGLT2i group. 

First, I should recall what these medications do. GLP-1RAs are medications that help lower blood glucose by mimicking the action of GLP-1, a hormone that promotes insulin release and slows digestion. They are often used in the treatment of type 2 diabetes. They can also lead to weight loss and may have effects on other comorbid conditions.

SGLT2i inhibitors work by blocking the enzyme SGLT2 in the kidneys, which reduces glucose reabsorption, thereby lowering blood sugar levels. They are also used for type 2 diabetes management and have been linked to benefits beyond glucose control, such as reducing the risk of cardiovascular events and possibly aiding in weight loss.

Now, the outcome in question is cataract development. Cataracts are lens opacities that can develop due to aging, trauma, or certain diseases. In the context of diabetes, there's some research suggesting that hyperglycemia (high blood sugar) can contribute to the development of cataracts. However, I'm not sure if the specific medications GLP-1RA and SGLT2i would directly cause cataracts or if their effects on blood sugar would influence this.

Looking at the data, the GLP-1RA group has a slightly higher rate of cataracts (18.40%) compared to the SGLT2i group (16.22%). But does this mean that GLP-1RA causes cataracts? Or is it just a coincidence based on other factors?

I should consider whether these medications have known side effects related to cataracts. From what I remember, GLP-1RAs can cause side effects like nausea, diarrhea, and in rare cases, pancreatitis. SGLT2i may have side effects such as increased urination, urinary tract infections, and, more rarely, ketoacidosis. I don't recall cataracts being a common side effect of either of these medications.

Another angle is to think about how these drugs affect blood sugar levels. If one medication leads to better glycemic control, could that indirectly affect cataract risk? Studies have shown that better blood sugar control can reduce the risk of diabetic retinopathy, but I'm not sure about cataracts. In fact, some research suggests that intensive glucose control might not reduce cataract risk as much as previously thought, and even high blood sugar might not be the primary driver of cataract development.

Also, considering the comorbidity indices, the GLP-1RA group has a slightly lower Charlson score (65.2%) compared to the SGLT2i group (68.5%). This might mean that the GLP-1RA group has fewer comorbidities, which could affect the incidence of cataracts. However, since both groups have a high Charlson score, they likely have significant comorbidities, which could be a confounding factor.

The age and BMI differences between the groups could also play a role. The GLP-1RA group is younger (mean age 58.0 vs. 64.6) and has a higher BMI (37.4 vs. 32.8). Higher BMI is associated with an increased risk of cataracts, as obesity can lead to lens changes. So, the GLP-1RA group might have a higher baseline risk for cataracts simply due to their higher BMI.

Furthermore, GLP-1RAs can cause weight loss, which might reduce the risk of cataracts. Wait, no, actually, weight loss might not directly affect cataracts, but higher BMI is a known risk factor. So, if the GLP-1RA group has a higher BMI, that's a confounding variable. But in this case, the GLP-1RA group has a higher BMI, leading to a higher cataract rate, but SGLT2i might have other effects that could influence cataracts differently.

Another point is that both treatments are used for type 2 diabetes, so the patients in both groups are similar in that they have diabetes. The difference is the medication used. However, the medications themselves might affect other factors that influence cataract risk, such as blood sugar levels, cholesterol, or inflammation.

I should also consider whether there's any specific study or evidence linking GLP-1RAs or SGLT2i to an increased or decreased risk of cataracts. From what I can recall, there isn't strong evidence that these medications directly cause cataracts. Cataract development is often related to aging, UV exposure, and other lifestyle factors, but hyperglycemia might play a role as well.

In the examples provided, when the treatment group had a higher percentage of an outcome, sometimes it was considered a positive outcome (e.g., Type 2 diabetes), but sometimes not (e.g., Foreign body in ear). The reasoning there was based on whether the treatment caused the outcome. So, in the case of cataracts, if the treatment group has a higher rate, does that mean the treatment causes it?

But in the case of the Type 2 diabetes example, the treatment group (GLP-1RA) had a slightly lower percentage (94.81%) compared to control (96.68%), so it was considered a positive outcome because perhaps the treatment helps in managing diabetes, preventing complications. But in the cataract case, the GLP-1RA group has a higher rate, so it's not clear if that's a positive or negative outcome.

Wait, the instructions say that ""yes"" is a positive outcome and ""no"" is a negative control outcome. So, if the treatment has a causal effect on the outcome, we say ""yes"". But we need to determine if the higher rate in the treatment group is because the treatment causes the outcome or if it's just a coincidence.

Given that cataracts are more common with age and other factors, and the treatment groups have different characteristics (age, BMI, comorbidities), it's possible that the higher rate in the GLP-1RA group is due to other factors rather than the medication itself.

Moreover, since both treatments are supposed to behave similarly, either both have a causal effect or neither does. If GLP-1RA is higher, but SGLT2i is lower, but both are similar, it's unclear. However, the question is whether the treatment (GLP-1RA) has a causal effect on cataract. If the control group (SGLT2i) has a lower rate, does that mean GLP-1RA causes it? Or is it just that SGLT2i is better at preventing cataracts?

Alternatively, perhaps neither treatment has a causal effect on cataracts, and the differences are due to other factors like BMI, age, or other comorbidities.

Given that, I think the answer is ""no"" because the higher rate in the GLP-1RA group is likely due to other factors, not the treatment itself causing cataracts.
</think>

no",no
Batch4,v3,medical_questions_v3.txt,6,"Question 6
[Background]
We compare two treatments for type 2 diabetes:
- Treatment: GLP-1 Receptor Agonists (GLP-1RA)
- Control: Sodium-Glucose Cotransporter-2 Inhibitors (SGLT2i)
[Task Description]
You’ll receive an outcome and the percentage of affected patients in each group.
Decide whether these treatments have a causal effect on that outcome.
You will receive a query describing an outcome and the proportion of patients in each group who experienced it:
- One percentage for patients using GLP-1RA (treatment group).
- One percentage for patients using SGLT2i (control group).
Your task is to determine whether the treatments (GLP-1RA and SGLT2i) have a causal effect on that outcome.
[Cohort Description]
Adults with type 2 diabetes who began either GLP-1RA or SGLT2i.
All had a prior diabetes diagnosis.
GLP-1RA users: mean age 58.0, BMI 37.4.
SGLT2i users: mean age 64.6, BMI 32.8.
Charlson Comorbidity Index ≥ 3 in 65.2% (GLP-1RA) and 68.5% (SGLT2i).
[Instruction]
- Judge whether the treatments causally influence the outcome.
- Both treatments are expected to behave similarly (either both yes or both no).
- “Yes” = Positive Outcome (OOI); “No” = Negative Control Outcome (NCO).
- Reply with only “yes” or “no.”
[Few-shot Examples]
- Treatment group using GLP-1RA (treatment) had 0.20% Foreign body in ear, compared with 0.12% for control group using SGLT2i. Does treatment have causal effect to the Foreign body in ear (is it a Positive Outcome)? - no
- Treatment group using GLP-1RA (treatment) had 94.81% Type 2 diabetes mellitus, compared with 96.68% for control group using SGLT2i. Does treatment have causal effect to the Type 2 diabetes mellitus (is it a Positive Outcome)? - yes
[Your Task]
[Question]
Treatment group using GLP-1RA (treatment) had 18.40% Cataract, compared with 16.22% for control group using SGLT2i. Does treatment have causal effect to the Cataract (is it a Positive Outcome)?
Answer: [Your answer, ""yes"" or ""no""]",7,"Okay, so I'm trying to figure out whether GLP-1RA or SGLT2i treatments for type 2 diabetes have a causal effect on cataracts. The question gives me the percentages of patients in each group who experienced cataracts. The treatment group (GLP-1RA) had 18.40%, and the control group (SGLT2i) had 16.22%. 

First, I need to understand what causes cataracts. From what I know, cataracts are typically related to aging and are influenced by factors like diet, sunlight exposure, and possibly diabetes. Type 2 diabetes can contribute to complications like retinopathy, which might increase the risk of cataracts. 

Now, looking at the two treatments: GLP-1RA is a class of medications that help with weight loss and glucose control. They work by increasing the release of insulin and slowing down gastric emptying. SGLT2i inhibitors work by preventing the kidneys from reabsorbing glucose, thus promoting urine output and lowering blood sugar levels.

I need to determine if either of these treatments causally affects cataract development. The example provided in the task mentioned that when the treatment group had a higher percentage of a particular outcome, it was considered a positive outcome if it's expected to be caused by the treatment. However, in that example, the outcome was a foreign body in the ear, which isn't related to the treatments, so it was a negative outcome.

In the given question, both GLP-1RA and SGLT2i are diabetes medications. Cataracts are more common in older adults, but since both treatments are used in type 2 diabetes patients, there might be a link. However, I'm not sure if these medications directly cause cataracts.

I should consider whether there's any known association between these medications and cataracts. From what I recall, there's some research suggesting that GLP-1RA might be associated with a lower risk of certain diabetic complications, but I'm not certain about cataracts. SGLT2i have been linked to reductions in the risk of heart disease and possibly other complications, but again, I'm not sure about cataracts.

Another angle is to think about the comorbidities. The cohort description mentions that both groups have similar comorbidity indices (around 65-68%), which might suggest that the patients are otherwise healthy enough for these treatments. But comorbidities don't directly link to cataracts in this context.

The task also mentions that both treatments should behave similarly. If one had a higher rate of cataracts, it's likely that the other would too if there's a causal effect. Since the treatment group (GLP-1RA) has a slightly higher percentage (18.40%) compared to the control (16.22%), I need to decide if this difference is significant enough to imply causation.

However, I'm not sure if this difference is statistically significant or if it's due to other factors, like the age difference between the groups. The GLP-1RA users are younger on average (58.0 vs. 64.6 years), which might naturally have a lower prevalence of cataracts. This could mean that the higher percentage in the treatment group isn't because of the treatment but due to the age difference.

Additionally, BMI is slightly lower in the SGLT2i group (32.8 vs. 37.4), which might also influence cataract risk. Lower BMI is sometimes associated with a lower risk of cataracts, but I'm not certain.

Given that both treatments are glucose-lowering medications and the difference in cataract rates isn't drastically high, and considering that the age and BMI differences might play a role, it's possible that the higher rate in the GLP-1RA group isn't causal. Therefore, it's more likely that cataracts are influenced by other factors, making the effect of the treatment on cataract development not causal.
</think>

no",no
Batch4,v3,medical_questions_v3.txt,6,"Question 6
[Background]
We compare two treatments for type 2 diabetes:
- Treatment: GLP-1 Receptor Agonists (GLP-1RA)
- Control: Sodium-Glucose Cotransporter-2 Inhibitors (SGLT2i)
[Task Description]
You’ll receive an outcome and the percentage of affected patients in each group.
Decide whether these treatments have a causal effect on that outcome.
You will receive a query describing an outcome and the proportion of patients in each group who experienced it:
- One percentage for patients using GLP-1RA (treatment group).
- One percentage for patients using SGLT2i (control group).
Your task is to determine whether the treatments (GLP-1RA and SGLT2i) have a causal effect on that outcome.
[Cohort Description]
Adults with type 2 diabetes who began either GLP-1RA or SGLT2i.
All had a prior diabetes diagnosis.
GLP-1RA users: mean age 58.0, BMI 37.4.
SGLT2i users: mean age 64.6, BMI 32.8.
Charlson Comorbidity Index ≥ 3 in 65.2% (GLP-1RA) and 68.5% (SGLT2i).
[Instruction]
- Judge whether the treatments causally influence the outcome.
- Both treatments are expected to behave similarly (either both yes or both no).
- “Yes” = Positive Outcome (OOI); “No” = Negative Control Outcome (NCO).
- Reply with only “yes” or “no.”
[Few-shot Examples]
- Treatment group using GLP-1RA (treatment) had 0.20% Foreign body in ear, compared with 0.12% for control group using SGLT2i. Does treatment have causal effect to the Foreign body in ear (is it a Positive Outcome)? - no
- Treatment group using GLP-1RA (treatment) had 94.81% Type 2 diabetes mellitus, compared with 96.68% for control group using SGLT2i. Does treatment have causal effect to the Type 2 diabetes mellitus (is it a Positive Outcome)? - yes
[Your Task]
[Question]
Treatment group using GLP-1RA (treatment) had 18.40% Cataract, compared with 16.22% for control group using SGLT2i. Does treatment have causal effect to the Cataract (is it a Positive Outcome)?
Answer: [Your answer, ""yes"" or ""no""]",8,"Okay, so I need to figure out whether GLP-1RA or SGLT2i treatments for type 2 diabetes have a causal effect on cataracts. The question says that 18.40% of GLP-1RA users had cataracts compared to 16.22% of SGLT2i users. 

First, I should consider what I know about these medications. GLP-1RA stands for GLP-1 Receptor Agonists, which are typically used for weight loss or to help with glucose control. They work by increasing insulin release and decreasing sugar production. They might also have effects on the eyes, but I'm not sure about cataracts specifically.

SGLT2i, on the other hand, stands for Sodium-Glucose Cotransporter-2 Inhibitors. These drugs are also used for type 2 diabetes and can help with weight loss and reducing cardiovascular risks. They work by preventing the kidneys from reabsorbing glucose, which leads to more glucose being excreted in urine. I don't recall SGLT2i being linked to cataracts either.

Cataracts are related to aging and are more common in people with diabetes. They are lens opacity, leading to blurred or cloudy vision. So, perhaps both treatments might have some association with cataracts because they are used in diabetes patients who are at higher risk for eye complications.

Looking at the example given, when the treatment group had a higher percentage of a specific outcome, the answer was ""yes"". But in that case, it was a positive outcome, like the presence of Type 2 diabetes. Here, cataracts are also a positive outcome in a way because they are a condition that can develop.

The instructions say that both treatments should behave similarly, either both yes or no. So, if GLP-1RA and SGLT2i both affect cataract risk, then the answer would be yes for both. But if one doesn't affect it, then the answer would be no.

I don't have specific information on whether GLP-1RA or SGLT2i cause cataracts. Both are used in patients with diabetes, who are already at higher risk for eye issues. So, it's possible that the medications themselves don't cause cataracts but are used in a population that's more prone to them. Therefore, the higher percentage in both groups might just reflect the underlying condition rather than a causal effect of the treatments.

In the example provided, the higher percentage in the treatment group led to a ""yes"" because it was the same outcome as the control, implying a common cause. So, if both groups have higher percentages, it suggests a common factor, not a causal relationship from the treatment.

So, in this case, since both groups have a higher rate of cataracts, it's likely due to the shared risk factors like diabetes, age, and possibly other comorbidities, rather than the medications themselves. Therefore, the treatments don't causally influence cataracts; it's more of a confounding factor.

I should also consider the comorbidity indices given. GLP-1RA users have a Charlson score of 3.0, and SGLT2i users have 3.68. A higher score indicates more comorbidities. Since both groups have similar or higher comorbidity indices, it might mean they have more health issues overall, including those that could lead to cataracts.

So, putting it all together, the higher percentage of cataracts in both groups is more likely due to shared characteristics of the patients (like diabetes, age, other health problems) rather than the specific treatments. Therefore, the treatments don't causally affect cataract development.
</think>

no",no
Batch4,v3,medical_questions_v3.txt,6,"Question 6
[Background]
We compare two treatments for type 2 diabetes:
- Treatment: GLP-1 Receptor Agonists (GLP-1RA)
- Control: Sodium-Glucose Cotransporter-2 Inhibitors (SGLT2i)
[Task Description]
You’ll receive an outcome and the percentage of affected patients in each group.
Decide whether these treatments have a causal effect on that outcome.
You will receive a query describing an outcome and the proportion of patients in each group who experienced it:
- One percentage for patients using GLP-1RA (treatment group).
- One percentage for patients using SGLT2i (control group).
Your task is to determine whether the treatments (GLP-1RA and SGLT2i) have a causal effect on that outcome.
[Cohort Description]
Adults with type 2 diabetes who began either GLP-1RA or SGLT2i.
All had a prior diabetes diagnosis.
GLP-1RA users: mean age 58.0, BMI 37.4.
SGLT2i users: mean age 64.6, BMI 32.8.
Charlson Comorbidity Index ≥ 3 in 65.2% (GLP-1RA) and 68.5% (SGLT2i).
[Instruction]
- Judge whether the treatments causally influence the outcome.
- Both treatments are expected to behave similarly (either both yes or both no).
- “Yes” = Positive Outcome (OOI); “No” = Negative Control Outcome (NCO).
- Reply with only “yes” or “no.”
[Few-shot Examples]
- Treatment group using GLP-1RA (treatment) had 0.20% Foreign body in ear, compared with 0.12% for control group using SGLT2i. Does treatment have causal effect to the Foreign body in ear (is it a Positive Outcome)? - no
- Treatment group using GLP-1RA (treatment) had 94.81% Type 2 diabetes mellitus, compared with 96.68% for control group using SGLT2i. Does treatment have causal effect to the Type 2 diabetes mellitus (is it a Positive Outcome)? - yes
[Your Task]
[Question]
Treatment group using GLP-1RA (treatment) had 18.40% Cataract, compared with 16.22% for control group using SGLT2i. Does treatment have causal effect to the Cataract (is it a Positive Outcome)?
Answer: [Your answer, ""yes"" or ""no""]",9,"Alright, so I have this question about whether GLP-1RA treatments have a causal effect on cataract development in patients with type 2 diabetes. The question provides the percentages of patients in each treatment group who experienced cataracts. The treatment group using GLP-1RA had 18.40%, and the control group using SGLT2i had 16.22%. 

First, I need to understand what the task is asking. It wants me to determine if there's a causal effect between the treatment and the outcome, which in this case is cataract. The instructions mention that both treatments should behave similarly, meaning if one has a causal effect, the other should too. So, it's a yes or no answer, and if it's yes, it's a positive outcome; if no, it's a negative control outcome.

I recall from the background that both GLP-1RA and SGLT2i are diabetes medications. GLP-1RA works by mimicking the hormone GLP-1, which helps in controlling blood sugar and can lead to weight loss. SGLT2i inhibits the enzyme SGLT2, which also helps in controlling blood sugar but might have additional effects like reducing the risk of cardiovascular events.

Now, the outcome here is cataract, which is a condition related to eye health. I'm not sure off the top of my head how these medications affect the risk of cataracts. I know that some diabetes medications might have side effects related to the eyes, but I'm not certain about GLP-1RA or SGLT2i specifically.

I should think about whether either of these medications is known to increase or decrease the risk of cataracts. From what I remember, SGLT2i might have been linked to a lower risk of diabetic retinopathy, but I'm not sure about cataracts. GLP-1RA, on the other hand, might have some association with weight loss, which could potentially lead to long-term complications, but I don't recall a direct link to cataracts.

Looking at the percentages provided, the treatment group has a slightly higher percentage of cataracts (18.40%) compared to the control group (16.22%). That suggests that GLP-1RA might be associated with a higher incidence of cataracts. But does that mean it's causally related?

I need to consider if there's a plausible biological mechanism. Do GLP-1RA medications increase the risk of cataracts? I don't have specific knowledge about that, but I can try to think about the mechanisms. GLP-1RA can cause nausea, vomiting, and diarrhea, which might lead to weight loss. However, weight loss itself might reduce the risk of certain diabetic complications, but I'm not sure if it affects cataracts.

Alternatively, perhaps the medications don't directly cause cataracts, but the underlying diabetes or other factors associated with these treatments could influence the outcome. For example, if GLP-1RA users have other comorbidities that increase the risk of cataracts, that could explain the higher percentage.

Looking at the cohort description, both groups have similar demographics, with GLP-1RA users being slightly younger and having a higher BMI. The Charlson Comorbidity Index is slightly lower for GLP-1RA users, but the difference isn't huge. So, the higher incidence in the GLP-1RA group could be due to other factors rather than the treatment itself.

I also remember that in the examples provided, when the treatment group had a higher percentage, it was considered a positive outcome if there was a plausible reason. For instance, in the second example, both groups had similar percentages, but the outcome was considered a positive outcome because it was a known effect of the treatment.

But in the first example, the treatment group had a slightly higher percentage, but it was not a positive outcome because there was no causal link. So, in this case, I need to determine if there's a causal link between GLP-1RA use and cataract development.

I think I need to consider whether cataracts are a known side effect of GLP-1RA. From my knowledge, GLP-1RA doesn't directly cause cataracts. Cataracts are more commonly associated with aging, trauma, or chronic conditions like diabetes that can lead to oxidative stress and lens damage. However, diabetes can increase the risk of cataracts, but that's more general.

SGLT2i might also be linked to cataracts, but I don't recall any specific studies linking them directly. So, if both medications don't cause cataracts, then the higher percentage in the GLP-1RA group might just be a coincidence or due to other factors, like the fact that GLP-1RA users might have higher BMI, which is a known risk factor for cataracts.

Alternatively, perhaps there's a study that suggests an association between GLP-1RA and cataracts, but I'm not aware of it. Without such evidence, I would lean towards the higher percentage being coincidental rather than causally related.

Given that both treatments are diabetes medications and don't specifically target the eye, it's unlikely that either causes cataracts. Therefore, the higher percentage in the GLP-1RA group might be due to other factors, like the fact that GLP-1RA can cause weight loss, which might lead to other health issues, but not necessarily cataracts.

So, putting it all together, I think the treatment doesn't have a causal effect on cataract development. The higher percentage is more likely a coincidence or due to other underlying factors, not the medication itself.
</think>

no",no
Batch4,v3,medical_questions_v3.txt,6,"Question 6
[Background]
We compare two treatments for type 2 diabetes:
- Treatment: GLP-1 Receptor Agonists (GLP-1RA)
- Control: Sodium-Glucose Cotransporter-2 Inhibitors (SGLT2i)
[Task Description]
You’ll receive an outcome and the percentage of affected patients in each group.
Decide whether these treatments have a causal effect on that outcome.
You will receive a query describing an outcome and the proportion of patients in each group who experienced it:
- One percentage for patients using GLP-1RA (treatment group).
- One percentage for patients using SGLT2i (control group).
Your task is to determine whether the treatments (GLP-1RA and SGLT2i) have a causal effect on that outcome.
[Cohort Description]
Adults with type 2 diabetes who began either GLP-1RA or SGLT2i.
All had a prior diabetes diagnosis.
GLP-1RA users: mean age 58.0, BMI 37.4.
SGLT2i users: mean age 64.6, BMI 32.8.
Charlson Comorbidity Index ≥ 3 in 65.2% (GLP-1RA) and 68.5% (SGLT2i).
[Instruction]
- Judge whether the treatments causally influence the outcome.
- Both treatments are expected to behave similarly (either both yes or both no).
- “Yes” = Positive Outcome (OOI); “No” = Negative Control Outcome (NCO).
- Reply with only “yes” or “no.”
[Few-shot Examples]
- Treatment group using GLP-1RA (treatment) had 0.20% Foreign body in ear, compared with 0.12% for control group using SGLT2i. Does treatment have causal effect to the Foreign body in ear (is it a Positive Outcome)? - no
- Treatment group using GLP-1RA (treatment) had 94.81% Type 2 diabetes mellitus, compared with 96.68% for control group using SGLT2i. Does treatment have causal effect to the Type 2 diabetes mellitus (is it a Positive Outcome)? - yes
[Your Task]
[Question]
Treatment group using GLP-1RA (treatment) had 18.40% Cataract, compared with 16.22% for control group using SGLT2i. Does treatment have causal effect to the Cataract (is it a Positive Outcome)?
Answer: [Your answer, ""yes"" or ""no""]",10,"Okay, so I need to figure out whether GLP-1RA treatment has a causal effect on cataract development in patients with type 2 diabetes. Let me start by understanding the problem.

First, the background says we're comparing two treatments: GLP-1RA and SGLT2i. Both are used for type 2 diabetes. The task is to determine if one causes a specific outcome more than the other. In this case, the outcome is cataract, with percentages given for each treatment group.

The data provided shows that 18.40% of GLP-1RA users had cataracts, compared to 16.22% in the SGLT2i group. The question is whether this difference is due to a causal effect of GLP-1RA on cataracts.

I remember from the examples that sometimes the treatment group might have a higher or lower rate, but it's about whether it's a positive outcome (yes) or not (no). The instruction says both treatments are expected to behave similarly, so if one is yes, the other should be too. But wait, in the examples, sometimes the treatment group had a higher rate, but it was still considered a negative outcome. Hmm, maybe it's not just about the rate difference but whether the treatment causes the outcome.

Looking at the first example: treatment group had 0.20% foreign body in ear vs. 0.12% control. The answer was no, so maybe because it's a rare event and not causally related. The second example: treatment group had 94.81% diabetes vs. 96.68% control. The answer was yes, probably because GLP-1RA might improve diabetes, so more patients might have it under control, but that's a bit confusing.

Wait, maybe the reasoning is that if the treatment is effective, the outcome (like better diabetes control) is a positive. So in the second example, GLP-1RA leads to better diabetes management, so more patients are in control, hence a positive outcome. In the first example, foreign body in ear isn't related to treatment, so it's a negative outcome.

Applying this to the current question: cataracts. I know that diabetes can increase the risk of cataracts. Treatments that help manage blood sugar might influence this. GLP-1RA helps with weight loss and glucose control. SGLT2i also helps with glucose control and might have benefits beyond that, like reducing the risk of heart disease.

So, if GLP-1RA is better at controlling blood sugar, maybe it's associated with lower risk of cataracts. But wait, the GLP-1RA group has a higher BMI (37.4) vs. SGLT2i (32.8). Higher BMI is a risk factor for cataracts. So, the GLP-1RA group has more obese patients, which could contribute to higher cataract rates. Conversely, SGLT2i might be prescribed to older or sicker patients, as seen in the Charlson scores: 65.2% vs. 68.5%. Maybe SGLT2i patients are more likely to have comorbidities that increase cataract risk.

But the question is whether GLP-1RA causes cataracts. If the higher rate in GLP-1RA is due to higher BMI, then the treatment itself might not be causal. Alternatively, if GLP-1RA improves glucose control, leading to lower risk, but the data shows higher rates in the treatment group.

Wait, in the data, GLP-1RA has a higher percentage of cataracts than SGLT2i. So, GLP-1RA might be causing cataracts more often. But I'm not sure. Maybe the higher BMI in GLP-1RA group is the cause, not the treatment. So, the treatment itself might not directly cause cataracts but is associated because of other factors.

In the instruction, it says to decide whether the treatments have a causal effect. So, if the difference is due to the treatment, then yes. If it's due to other factors like BMI, then no.

Looking at the example where the treatment group had a higher rate but it was still a no, perhaps because the outcome was unrelated or the difference was due to other factors. So, in this case, the higher cataract rate in GLP-1RA might be because of higher BMI, not the treatment itself causing cataracts.

Therefore, the treatment (GLP-1RA) doesn't causally influence cataract development. So the answer would be no.
</think>

no",no
Batch4,v3,medical_questions_v3.txt,7,"Question 7
[Background]
We compare two treatments for type 2 diabetes:
- Treatment: GLP-1 Receptor Agonists (GLP-1RA)
- Control: Sodium-Glucose Cotransporter-2 Inhibitors (SGLT2i)
[Task Description]
You’ll receive an outcome and the percentage of affected patients in each group.
Decide whether these treatments have a causal effect on that outcome.
You will receive a query describing an outcome and the proportion of patients in each group who experienced it:
- One percentage for patients using GLP-1RA (treatment group).
- One percentage for patients using SGLT2i (control group).
Your task is to determine whether the treatments (GLP-1RA and SGLT2i) have a causal effect on that outcome.
[Cohort Description]
Adults with type 2 diabetes who began either GLP-1RA or SGLT2i.
All had a prior diabetes diagnosis.
GLP-1RA users: mean age 58.0, BMI 37.4.
SGLT2i users: mean age 64.6, BMI 32.8.
Charlson Comorbidity Index ≥ 3 in 65.2% (GLP-1RA) and 68.5% (SGLT2i).
[Instruction]
- Judge whether the treatments causally influence the outcome.
- Both treatments are expected to behave similarly (either both yes or both no).
- “Yes” = Positive Outcome (OOI); “No” = Negative Control Outcome (NCO).
- Reply with only “yes” or “no.”
[Few-shot examples]
- Treatment group using GLP-1RA (treatment) had 0.20% Foreign body in ear, compared with 0.12% for control group using SGLT2i. Does treatment have causal effect to the Foreign body in ear (is it a Positive Outcome)? - no
- Treatment group using GLP-1RA (treatment) had 94.81% Type 2 diabetes mellitus, compared with 96.68% for control group using SGLT2i. Does treatment have causal effect to the Type 2 diabetes mellitus (is it a Positive Outcome)? - yes
[Your Task]
[Question]
Treatment group using GLP-1RA (treatment) had 0.06% Lagophthalmos, compared with 0.04% for control group using SGLT2i. Does treatment have causal effect to the Lagophthalmos (is it a Positive Outcome)?
Answer: [Your answer, ""yes"" or ""no""]",1,"Okay, so I need to determine whether GLP-1RA treatments have a causal effect on Lagophthalmos compared to SGLT2i. Let me break this down.

First, I know that GLP-1RA and SGLT2i are both medications used to treat type 2 diabetes. They work differently: GLP-1RA helps with glucose control by stimulating insulin secretion and slowing digestion, while SGLT2i inhibits the kidneys from reabsorbing glucose, thus promoting urine excretion of glucose.

The question gives me the percentage of patients in each group who experienced Lagophthalmos. The treatment group (GLP-1RA) had 0.06%, and the control group (SGLT2i) had 0.04%. The task is to decide if this difference is due to a causal effect of the treatment.

I recall that in clinical trials, a positive outcome for a treatment would mean that the treatment caused an improvement or a desired effect. However, in this case, Lagophthalmos is a condition related to eye movement, specifically difficulty closing the eye. I'm not sure how diabetes medications would directly cause this. 

Looking at the examples provided, the first one was about a foreign body in the ear. The treatment group had a slightly higher rate, but it was considered a negative outcome because it's unrelated to the treatment's mechanism. The second example was about type 2 diabetes itself, which is obviously related, so it was a positive outcome.

In this case, Lagophthalmos doesn't seem related to the primary functions of GLP-1RA or SGLT2i. These medications are focused on blood sugar control, not eye health. Therefore, it's unlikely that using GLP-1RA would cause Lagophthalmos. The small difference in percentages between the two groups (0.06% vs. 0.04%) could just be due to random chance or other factors not related to the treatment, like pre-existing conditions in the patients.

Also, the instruction mentions that both treatments should behave similarly, either both causal or both not. Since neither of these drugs is known to affect eye movements, it's reasonable to conclude that neither has a causal effect on Lagophthalmos. Therefore, the answer should be ""no.""
</think>

no",no
Batch4,v3,medical_questions_v3.txt,7,"Question 7
[Background]
We compare two treatments for type 2 diabetes:
- Treatment: GLP-1 Receptor Agonists (GLP-1RA)
- Control: Sodium-Glucose Cotransporter-2 Inhibitors (SGLT2i)
[Task Description]
You’ll receive an outcome and the percentage of affected patients in each group.
Decide whether these treatments have a causal effect on that outcome.
You will receive a query describing an outcome and the proportion of patients in each group who experienced it:
- One percentage for patients using GLP-1RA (treatment group).
- One percentage for patients using SGLT2i (control group).
Your task is to determine whether the treatments (GLP-1RA and SGLT2i) have a causal effect on that outcome.
[Cohort Description]
Adults with type 2 diabetes who began either GLP-1RA or SGLT2i.
All had a prior diabetes diagnosis.
GLP-1RA users: mean age 58.0, BMI 37.4.
SGLT2i users: mean age 64.6, BMI 32.8.
Charlson Comorbidity Index ≥ 3 in 65.2% (GLP-1RA) and 68.5% (SGLT2i).
[Instruction]
- Judge whether the treatments causally influence the outcome.
- Both treatments are expected to behave similarly (either both yes or both no).
- “Yes” = Positive Outcome (OOI); “No” = Negative Control Outcome (NCO).
- Reply with only “yes” or “no.”
[Few-shot examples]
- Treatment group using GLP-1RA (treatment) had 0.20% Foreign body in ear, compared with 0.12% for control group using SGLT2i. Does treatment have causal effect to the Foreign body in ear (is it a Positive Outcome)? - no
- Treatment group using GLP-1RA (treatment) had 94.81% Type 2 diabetes mellitus, compared with 96.68% for control group using SGLT2i. Does treatment have causal effect to the Type 2 diabetes mellitus (is it a Positive Outcome)? - yes
[Your Task]
[Question]
Treatment group using GLP-1RA (treatment) had 0.06% Lagophthalmos, compared with 0.04% for control group using SGLT2i. Does treatment have causal effect to the Lagophthalmos (is it a Positive Outcome)?
Answer: [Your answer, ""yes"" or ""no""]",2,"Alright, so I'm trying to figure out whether GLP-1RA treatments have a causal effect on Lagophthalmos compared to SGLT2i in type 2 diabetes patients. Let me start by understanding the problem.

First, the question gives me the percentages of patients experiencing Lagophthalmos in each treatment group. The treatment group using GLP-1RA has 0.06% prevalence, and the control group using SGLT2i has 0.04%. The task is to determine if GLP-1RA causes Lagophthalmos, considering that both treatments are expected to behave similarly.

I remember from the examples provided that if the treatment group has a higher percentage of an outcome, it's considered a positive outcome (yes), and if it's lower, it's a negative outcome (no). But I need to be careful here because just seeing a higher number doesn't automatically mean causation. There might be other factors at play.

Looking at the cohort description, both groups have similar characteristics in terms of age, BMI, and comorbidity index. The only differences are in age and BMI between the two treatment groups. GLP-1RA users are slightly younger and have a higher BMI compared to SGLT2i users. Higher BMI is a known risk factor for conditions like obesity-related eye diseases, which might include Lagophthalmos.

Wait, but in this case, the GLP-1RA group actually has a slightly higher incidence of Lagophthalmos (0.06%) compared to the SGLT2i group (0.04%). That seems counterintuitive because GLP-1RA is often associated with weight loss or maintenance, which might reduce the risk of obesity-related conditions. However, in this case, the GLP-1RA group has a higher BMI, so maybe that's why they have a higher incidence of Lagophthalmos.

But hold on, the instructions say that both treatments are expected to behave similarly. So if one has a higher incidence, it's only a positive outcome if it's expected due to the treatment. However, in this case, the higher incidence might be due to the higher BMI in the GLP-1RA group, not necessarily the treatment itself causing Lagophthalmos.

I'm a bit confused here. On one hand, the GLP-1RA group has a higher incidence, which might suggest a positive outcome. But on the other hand, the higher BMI could be a confounding factor. Since the treatment groups differ in BMI, we can't directly attribute the higher incidence to the GLP-1RA treatment without adjusting for BMI.

In the examples provided, when the treatment group had a higher percentage, it was considered a positive outcome, but I think that was when the only difference was the treatment and not other variables. Here, the difference in BMI complicates things. So, maybe the higher incidence in GLP-1RA is because of the higher BMI, not the treatment itself.

Therefore, the treatment might not have a causal effect on Lagophthalmos. Instead, the difference could be due to the underlying characteristics of the patients in each group, like BMI. So, I should probably answer ""no"" because the treatment itself isn't the direct cause; it's more about the patient characteristics.
</think>

no",no
Batch4,v3,medical_questions_v3.txt,7,"Question 7
[Background]
We compare two treatments for type 2 diabetes:
- Treatment: GLP-1 Receptor Agonists (GLP-1RA)
- Control: Sodium-Glucose Cotransporter-2 Inhibitors (SGLT2i)
[Task Description]
You’ll receive an outcome and the percentage of affected patients in each group.
Decide whether these treatments have a causal effect on that outcome.
You will receive a query describing an outcome and the proportion of patients in each group who experienced it:
- One percentage for patients using GLP-1RA (treatment group).
- One percentage for patients using SGLT2i (control group).
Your task is to determine whether the treatments (GLP-1RA and SGLT2i) have a causal effect on that outcome.
[Cohort Description]
Adults with type 2 diabetes who began either GLP-1RA or SGLT2i.
All had a prior diabetes diagnosis.
GLP-1RA users: mean age 58.0, BMI 37.4.
SGLT2i users: mean age 64.6, BMI 32.8.
Charlson Comorbidity Index ≥ 3 in 65.2% (GLP-1RA) and 68.5% (SGLT2i).
[Instruction]
- Judge whether the treatments causally influence the outcome.
- Both treatments are expected to behave similarly (either both yes or both no).
- “Yes” = Positive Outcome (OOI); “No” = Negative Control Outcome (NCO).
- Reply with only “yes” or “no.”
[Few-shot examples]
- Treatment group using GLP-1RA (treatment) had 0.20% Foreign body in ear, compared with 0.12% for control group using SGLT2i. Does treatment have causal effect to the Foreign body in ear (is it a Positive Outcome)? - no
- Treatment group using GLP-1RA (treatment) had 94.81% Type 2 diabetes mellitus, compared with 96.68% for control group using SGLT2i. Does treatment have causal effect to the Type 2 diabetes mellitus (is it a Positive Outcome)? - yes
[Your Task]
[Question]
Treatment group using GLP-1RA (treatment) had 0.06% Lagophthalmos, compared with 0.04% for control group using SGLT2i. Does treatment have causal effect to the Lagophthalmos (is it a Positive Outcome)?
Answer: [Your answer, ""yes"" or ""no""]",3,"Okay, so I'm trying to figure out whether GLP-1RA treatment has a causal effect on Lagophthalmos compared to SGLT2i. Let me break this down step by step.

First, I need to understand what Lagophthalmos is. From what I remember, it's a condition where the eye can't close properly, leading to dry eyes and sometimes vision problems. I'm not sure if it's directly related to diabetes, but I know diabetes can have various complications affecting the eyes, like diabetic retinopathy.

Now, looking at the percentages: 0.06% in the GLP-1RA group and 0.04% in the SGLT2i group. That means slightly more people in the treatment group experienced Lagophthalmos. But wait, 0.06% and 0.04% are both very low percentages. Like, out of 1000 people, only 0.06 would have it in the treatment group and 0.04 in the control. That's a small absolute difference.

I should consider the background information. Both treatments are for type 2 diabetes, but GLP-1RA and SGLT2i work differently. GLP-1RA helps with glucose control by increasing insulin release and slowing absorption, while SGLT2i inhibits glucose reabsorption, also helping lower blood sugar. They have different side effects too. I think SGLT2i might have been linked to urinary tract infections or other issues, but I'm not sure about eye problems.

Looking at the cohort description: the GLP-1RA users are younger (58 vs. 64 years) and have a higher BMI (37.4 vs. 32.8). They also have a slightly lower Charlson Comorbidity Index, meaning maybe fewer comorbidities. So GLP-1RA users might be more likely to have other conditions that could cause eye issues, but I'm not sure.

Wait, the example given in the task had a treatment group with a higher percentage of the outcome, but the answer was ""no"" because it was a negative control outcome. So even if the treatment group has a higher rate, if it's not an expected positive outcome, it might not be causal.

Lagophthalmos isn't a typical diabetes complication I'm aware of. Diabetic retinopathy is more common, but that's a different condition. Maybe the medications don't directly cause Lagophthalmos. Both GLP-1RA and SGLT2i are glucose-lowering drugs, but they don't target eye health directly.

Also, the small percentages suggest that this might be a rare side effect. If both groups have low rates, it's hard to attribute it to the treatment. Plus, the example showed that a higher rate in the treatment group didn't mean causation because it was a negative outcome.

So, considering all this, the slight increase in Lagophthalmos in the GLP-1RA group might just be a coincidence, especially since both drugs are used for similar patient populations. There's no strong evidence that either treatment causes this specific eye condition. Therefore, it's more likely that the difference is due to other factors, not causation by the treatment.
</think>

no",no
Batch4,v3,medical_questions_v3.txt,7,"Question 7
[Background]
We compare two treatments for type 2 diabetes:
- Treatment: GLP-1 Receptor Agonists (GLP-1RA)
- Control: Sodium-Glucose Cotransporter-2 Inhibitors (SGLT2i)
[Task Description]
You’ll receive an outcome and the percentage of affected patients in each group.
Decide whether these treatments have a causal effect on that outcome.
You will receive a query describing an outcome and the proportion of patients in each group who experienced it:
- One percentage for patients using GLP-1RA (treatment group).
- One percentage for patients using SGLT2i (control group).
Your task is to determine whether the treatments (GLP-1RA and SGLT2i) have a causal effect on that outcome.
[Cohort Description]
Adults with type 2 diabetes who began either GLP-1RA or SGLT2i.
All had a prior diabetes diagnosis.
GLP-1RA users: mean age 58.0, BMI 37.4.
SGLT2i users: mean age 64.6, BMI 32.8.
Charlson Comorbidity Index ≥ 3 in 65.2% (GLP-1RA) and 68.5% (SGLT2i).
[Instruction]
- Judge whether the treatments causally influence the outcome.
- Both treatments are expected to behave similarly (either both yes or both no).
- “Yes” = Positive Outcome (OOI); “No” = Negative Control Outcome (NCO).
- Reply with only “yes” or “no.”
[Few-shot examples]
- Treatment group using GLP-1RA (treatment) had 0.20% Foreign body in ear, compared with 0.12% for control group using SGLT2i. Does treatment have causal effect to the Foreign body in ear (is it a Positive Outcome)? - no
- Treatment group using GLP-1RA (treatment) had 94.81% Type 2 diabetes mellitus, compared with 96.68% for control group using SGLT2i. Does treatment have causal effect to the Type 2 diabetes mellitus (is it a Positive Outcome)? - yes
[Your Task]
[Question]
Treatment group using GLP-1RA (treatment) had 0.06% Lagophthalmos, compared with 0.04% for control group using SGLT2i. Does treatment have causal effect to the Lagophthalmos (is it a Positive Outcome)?
Answer: [Your answer, ""yes"" or ""no""]",4,"Okay, so I'm trying to figure out whether GLP-1RA treatment has a causal effect on Lagophthalmos compared to SGLT2i. Let me start by understanding the problem.

First, the question provides some background: we're comparing two diabetes treatments, GLP-1RA and SGLT2i. The task is to determine if these treatments causally affect a given outcome. The outcome here is Lagophthalmos, which I know is a condition where the eye can't close properly, leading to dry eyes and discomfort.

The data given is that 0.06% of GLP-1RA users experienced Lagophthalmos, compared to 0.04% of SGLT2i users. The user is asking whether this difference is statistically significant enough to suggest a causal effect.

I remember from the examples provided that sometimes a small difference might not be significant, especially if the overall incidence is low. For instance, in the first example, the difference in foreign body in the ear was from 0.20% to 0.12%, which was considered a negative outcome, meaning no causal effect. The second example was about Type 2 diabetes, where the treatment group had a higher incidence (94.81% vs 96.68%), but that was considered a positive outcome because it's the same condition they're treating, so it's expected.

Now, applying that logic here. GLP-1RA and SGLT2i are both diabetes medications. The outcome is Lagophthalmos, which isn't directly related to diabetes treatment. So, I need to consider whether these medications could cause or affect eye-related conditions.

I know that GLP-1RA medications are often associated with weight loss and can sometimes lead to diabetic retinopathy, which is related to diabetes, but not directly to Lagophthalmos. SGLT2i drugs are also associated with weight loss and can reduce the risk of cardiovascular events, but again, not specifically linked to eye issues like Lagophthalmos.

Looking at the percentages, 0.06% vs 0.04% is a small difference. Considering that both groups have low baseline incidences, it's possible that this difference is due to random chance rather than a causal effect. Also, there's no known mechanism by which these medications would directly cause Lagophthalmos. It's more likely that this is a coincidence or a very rare side effect not strongly associated with either drug.

Moreover, the instruction mentioned that both treatments should behave similarly in terms of causality. If GLP-1RA were causing Lagophthalmos, SGLT2i would likely also have a similar or higher incidence if they share the same mechanisms. But here, SGLT2i has a slightly lower incidence, which doesn't fit the pattern of a causal effect.

In conclusion, the small difference in incidence is likely not significant enough to suggest a causal relationship between the treatments and Lagophthalmos. Therefore, the answer should be ""no.""
</think>

no",no
Batch4,v3,medical_questions_v3.txt,7,"Question 7
[Background]
We compare two treatments for type 2 diabetes:
- Treatment: GLP-1 Receptor Agonists (GLP-1RA)
- Control: Sodium-Glucose Cotransporter-2 Inhibitors (SGLT2i)
[Task Description]
You’ll receive an outcome and the percentage of affected patients in each group.
Decide whether these treatments have a causal effect on that outcome.
You will receive a query describing an outcome and the proportion of patients in each group who experienced it:
- One percentage for patients using GLP-1RA (treatment group).
- One percentage for patients using SGLT2i (control group).
Your task is to determine whether the treatments (GLP-1RA and SGLT2i) have a causal effect on that outcome.
[Cohort Description]
Adults with type 2 diabetes who began either GLP-1RA or SGLT2i.
All had a prior diabetes diagnosis.
GLP-1RA users: mean age 58.0, BMI 37.4.
SGLT2i users: mean age 64.6, BMI 32.8.
Charlson Comorbidity Index ≥ 3 in 65.2% (GLP-1RA) and 68.5% (SGLT2i).
[Instruction]
- Judge whether the treatments causally influence the outcome.
- Both treatments are expected to behave similarly (either both yes or both no).
- “Yes” = Positive Outcome (OOI); “No” = Negative Control Outcome (NCO).
- Reply with only “yes” or “no.”
[Few-shot examples]
- Treatment group using GLP-1RA (treatment) had 0.20% Foreign body in ear, compared with 0.12% for control group using SGLT2i. Does treatment have causal effect to the Foreign body in ear (is it a Positive Outcome)? - no
- Treatment group using GLP-1RA (treatment) had 94.81% Type 2 diabetes mellitus, compared with 96.68% for control group using SGLT2i. Does treatment have causal effect to the Type 2 diabetes mellitus (is it a Positive Outcome)? - yes
[Your Task]
[Question]
Treatment group using GLP-1RA (treatment) had 0.06% Lagophthalmos, compared with 0.04% for control group using SGLT2i. Does treatment have causal effect to the Lagophthalmos (is it a Positive Outcome)?
Answer: [Your answer, ""yes"" or ""no""]",5,"Okay, so I need to determine whether GLP-1RA treatments have a causal effect on Lagophthalmos compared to SGLT2i. The problem gives me that in the treatment group, 0.06% of patients experienced Lagophthalmos, while in the control group, it's 0.04%. 

First, I should recall what Lagophthalmos is. From what I remember, it's a condition where the eye can't close properly, leading to dry eyes and discomfort. It's not directly related to diabetes, but I should consider if any treatments could cause or exacerbate this condition.

GLP-1RA (Glucagon-Like Peptide-1 Receptor Agonists) are medications that help with weight loss and blood sugar control in type 2 diabetes. They work by increasing insulin release and reducing sugar production in the liver. They can also have side effects like nausea, diarrhea, and, in some cases, pancreatitis. However, I don't immediately think they're linked to eye issues like Lagophthalmos.

SGLT2i (Sodium-Glucose Cotransporter-2 Inhibitors) are another class of diabetes medications. They work by preventing the kidneys from reabsorbing glucose, leading to more urine output and lower blood sugar levels. They're also known to have benefits beyond glucose control, such as reducing the risk of heart disease and helping with weight loss. I don't recall SGLT2i being associated with eye conditions either.

Now, looking at the percentages, the treatment group has a slightly higher rate of Lagophthalmos (0.06%) compared to the control group (0.04%). This suggests that patients on GLP-1RA might be more likely to develop Lagophthalmos. However, I need to consider whether this is a causal effect or just a coincidence.

Given that both treatments are diabetes medications and are used in similar patient populations (adults with type 2 diabetes), it's possible that there's a confounding factor. Maybe patients on GLP-1RA have other underlying conditions that increase their risk of Lagophthalmos, or perhaps there's another factor, like age or comorbidities, that's influencing both the treatment choice and the occurrence of Lagophthalmos.

The cohort description mentions that GLP-1RA users have a slightly lower BMI (37.4) compared to SGLT2i users (32.8). Wait, no, actually, SGLT2i users have a lower BMI. That might be a point to consider. Obese individuals are more likely to develop certain conditions, including eye issues. So, if SGLT2i is associated with a lower BMI, maybe that's why fewer patients on that treatment have Lagophthalmos. But then, the GLP-1RA group has a higher BMI, which could increase the risk.

But wait, the GLP-1RA group has a higher BMI, which is a risk factor for Lagophthalmos. However, the control group (SGLT2i) has lower BMI, which is protective. So, if GLP-1RA is associated with higher BMI, that could explain why their Lagophthalmos rate is higher. But does that mean GLP-1RA causes it? Or is it just that higher BMI is a risk factor, and GLP-1RA is just a marker for higher BMI?

Another point is the Charlson Comorbidity Index. The GLP-1RA group has a higher index (≥3 in 65.2%) compared to SGLT2i (68.5%). A higher comorbidity index suggests more underlying health issues. Maybe these comorbidities are linked to eye conditions. But again, this could be a confounding factor rather than a causal effect of the treatment.

Looking at the examples provided, in the first one, the treatment group had a higher rate of foreign body in the ear, but it was considered a negative outcome because it's not related to the treatment. In the second example, a higher rate in the treatment group was considered a positive outcome because it was directly related to the treatment.

In this case, Lagophthalmos isn't directly related to either treatment's known side effects. So, it's more likely a confounding factor rather than a causal effect of the treatment. The difference in BMI between the groups could be a significant confounder. Patients on SGLT2i might have lower BMIs, which are protective against Lagophthalmos, while those on GLP-1RA have higher BMIs, increasing their risk.

Therefore, it's more plausible that the difference is due to BMI rather than the treatment itself causing Lagophthalmos. So, the treatment (GLP-1RA) doesn't have a causal effect on Lagophthalmos; it's just a confounding factor related to BMI.
</think>

no",no
Batch4,v3,medical_questions_v3.txt,7,"Question 7
[Background]
We compare two treatments for type 2 diabetes:
- Treatment: GLP-1 Receptor Agonists (GLP-1RA)
- Control: Sodium-Glucose Cotransporter-2 Inhibitors (SGLT2i)
[Task Description]
You’ll receive an outcome and the percentage of affected patients in each group.
Decide whether these treatments have a causal effect on that outcome.
You will receive a query describing an outcome and the proportion of patients in each group who experienced it:
- One percentage for patients using GLP-1RA (treatment group).
- One percentage for patients using SGLT2i (control group).
Your task is to determine whether the treatments (GLP-1RA and SGLT2i) have a causal effect on that outcome.
[Cohort Description]
Adults with type 2 diabetes who began either GLP-1RA or SGLT2i.
All had a prior diabetes diagnosis.
GLP-1RA users: mean age 58.0, BMI 37.4.
SGLT2i users: mean age 64.6, BMI 32.8.
Charlson Comorbidity Index ≥ 3 in 65.2% (GLP-1RA) and 68.5% (SGLT2i).
[Instruction]
- Judge whether the treatments causally influence the outcome.
- Both treatments are expected to behave similarly (either both yes or both no).
- “Yes” = Positive Outcome (OOI); “No” = Negative Control Outcome (NCO).
- Reply with only “yes” or “no.”
[Few-shot examples]
- Treatment group using GLP-1RA (treatment) had 0.20% Foreign body in ear, compared with 0.12% for control group using SGLT2i. Does treatment have causal effect to the Foreign body in ear (is it a Positive Outcome)? - no
- Treatment group using GLP-1RA (treatment) had 94.81% Type 2 diabetes mellitus, compared with 96.68% for control group using SGLT2i. Does treatment have causal effect to the Type 2 diabetes mellitus (is it a Positive Outcome)? - yes
[Your Task]
[Question]
Treatment group using GLP-1RA (treatment) had 0.06% Lagophthalmos, compared with 0.04% for control group using SGLT2i. Does treatment have causal effect to the Lagophthalmos (is it a Positive Outcome)?
Answer: [Your answer, ""yes"" or ""no""]",6,"Okay, so I need to figure out whether GLP-1RA treatment has a causal effect on lagophthalmos compared to SGLT2i in type 2 diabetes patients. Let me break this down step by step.

First, I remember that lagophthalmos is a condition where the eye can't close properly, leading to dry eyes and discomfort. It's not directly related to diabetes, but certain medications might have side effects. 

GLP-1RA medications, like exenatide or liraglutide, are known for their effects on blood sugar control. They work by slowing digestion and helping with weight loss. They're also associated with some side effects, such as nausea, vomiting, and, in some cases, pancreatitis. But I'm not sure if they're linked to eye issues like lagophthalmos.

On the other hand, SGLT2i medications, like empagliflozin or dapagliflozin, are also used for type 2 diabetes. They work by inhibiting the kidneys' reabsorption of glucose, thus promoting urine excretion and lowering blood sugar. They're often used as a second-line treatment when other medications fail. I've heard that SGLT2i medications might have side effects related to the kidneys and heart, but again, nothing specific about eye problems comes to mind.

The question mentions that 0.06% of GLP-1RA users experienced lagophthalmos, compared to 0.04% in the SGLT2i group. That's a small percentage, but it's still a difference. The task is to determine if this difference is causally related to the treatment.

I should consider whether these medications are known to cause lagophthalmos. From what I know, neither GLP-1RA nor SGLT2i are directly linked to eye conditions. Both are primarily focused on metabolic aspects of diabetes. However, it's possible that other factors might be at play, such as differences in how the patient populations were managed or other medications they're taking. But the problem states that the only treatments being compared are GLP-1RA and SGLT2i, so I don't need to consider other factors beyond these two.

Another angle is the idea of confounding variables. The study mentions that GLP-1RA users are slightly younger and have a higher BMI compared to SGLT2i users. The Charlson Comorbidity Index is also higher in both groups, but not significantly different between the treatments. Could these factors contribute to lagophthalmos? Higher BMI is sometimes associated with more complications, including possibly eye issues, but I'm not sure if that's a direct link. However, the task is to determine causality between the treatments and the outcome, not to adjust for other factors.

Given that neither treatment is known for causing lagophthalmos, and the small percentage difference between the two groups, it's unlikely that GLP-1RA is causally related to this outcome. Both groups have similar very low rates, and the difference is minimal. It's more plausible that this is a coincidence or due to other factors not accounted for in the data provided.

So, putting it all together, I don't think GLP-1RA treatment has a causal effect on lagophthalmos in this context. The differences are too small, and there's no known association between these medications and this condition.
</think>

no",no
Batch4,v3,medical_questions_v3.txt,7,"Question 7
[Background]
We compare two treatments for type 2 diabetes:
- Treatment: GLP-1 Receptor Agonists (GLP-1RA)
- Control: Sodium-Glucose Cotransporter-2 Inhibitors (SGLT2i)
[Task Description]
You’ll receive an outcome and the percentage of affected patients in each group.
Decide whether these treatments have a causal effect on that outcome.
You will receive a query describing an outcome and the proportion of patients in each group who experienced it:
- One percentage for patients using GLP-1RA (treatment group).
- One percentage for patients using SGLT2i (control group).
Your task is to determine whether the treatments (GLP-1RA and SGLT2i) have a causal effect on that outcome.
[Cohort Description]
Adults with type 2 diabetes who began either GLP-1RA or SGLT2i.
All had a prior diabetes diagnosis.
GLP-1RA users: mean age 58.0, BMI 37.4.
SGLT2i users: mean age 64.6, BMI 32.8.
Charlson Comorbidity Index ≥ 3 in 65.2% (GLP-1RA) and 68.5% (SGLT2i).
[Instruction]
- Judge whether the treatments causally influence the outcome.
- Both treatments are expected to behave similarly (either both yes or both no).
- “Yes” = Positive Outcome (OOI); “No” = Negative Control Outcome (NCO).
- Reply with only “yes” or “no.”
[Few-shot examples]
- Treatment group using GLP-1RA (treatment) had 0.20% Foreign body in ear, compared with 0.12% for control group using SGLT2i. Does treatment have causal effect to the Foreign body in ear (is it a Positive Outcome)? - no
- Treatment group using GLP-1RA (treatment) had 94.81% Type 2 diabetes mellitus, compared with 96.68% for control group using SGLT2i. Does treatment have causal effect to the Type 2 diabetes mellitus (is it a Positive Outcome)? - yes
[Your Task]
[Question]
Treatment group using GLP-1RA (treatment) had 0.06% Lagophthalmos, compared with 0.04% for control group using SGLT2i. Does treatment have causal effect to the Lagophthalmos (is it a Positive Outcome)?
Answer: [Your answer, ""yes"" or ""no""]",7,"Okay, so I'm trying to figure out whether GLP-1RA treatments have a causal effect on Lagophthalmos compared to SGLT2i. Let's break this down step by step.

First, I know that Lagophthalmos is a condition where the eye doesn't close properly, leading to dry eyes and possible damage to the cornea. I'm not exactly sure what causes it, but I think it's related to nerve issues, maybe from diabetes.

Looking at the background, both GLP-1RA and SGLT2i are medications used to treat type 2 diabetes. GLP-1RA stands for GLP-1 Receptor Agonists, which help with blood sugar control and also promote weight loss and might help with heart health. SGLT2i, or Sodium-Glucose Cotransporter-2 Inhibitors, are also used for blood sugar control and have been shown to reduce the risk of heart disease and kidney issues.

Now, the task is to determine if these medications cause Lagophthalmos. The example given was about Foreign Body in Ear, where the treatment group had a slightly higher rate, but it was ruled a ""No"" because it's not a diabetes-related outcome and the difference was small. In that case, the answer was ""no"" because it's unlikely the treatments caused it directly.

In the current question, the treatment group using GLP-1RA has 0.06% Lagophthalmos, and the control group with SGLT2i has 0.04%. So, the treatment group has a slightly higher rate. But I'm not sure if this is significant or if it's related to the diabetes medications.

I should consider if either of these medications is known to cause eye issues like Lagophthalmos. From what I remember, SGLT2i can sometimes cause urinary tract infections or other urinary-related issues, but I don't recall them being linked to eye problems. GLP-1RA might cause nausea or pancreatitis, but again, not directly linked to eye conditions.

Another point is that both groups are part of the same diabetes cohort, so their baseline risk for diabetes-related complications is similar. Lagophthalmos, as I mentioned, is more about nerve damage. Diabetic neuropathy can cause issues with eye movements, leading to Lagophthalmos. But does treatment with GLP-1RA or SGLT2i directly cause or exacerbate this?

I think both medications don't directly cause neuropathy. They help with blood sugar control, which in turn can help prevent some complications, but they don't cause nerve damage themselves. So, the slightly higher rate in the GLP-1RA group might just be a coincidence or due to other factors.

Also, considering the example where a higher rate in the treatment group led to ""no"", I think the key is whether the outcome is a known side effect of the treatment. Since Lagophthalmos isn't a known side effect of either GLP-1RA or SGLT2i, it's unlikely that the treatments are causing it.

Therefore, even though the GLP-1RA group has a slightly higher rate, it's probably not causal. It's more likely that both groups are just part of the same diabetes population, and the slightly higher percentage is due to other factors, not the treatment itself.
</think>

no",no
Batch4,v3,medical_questions_v3.txt,7,"Question 7
[Background]
We compare two treatments for type 2 diabetes:
- Treatment: GLP-1 Receptor Agonists (GLP-1RA)
- Control: Sodium-Glucose Cotransporter-2 Inhibitors (SGLT2i)
[Task Description]
You’ll receive an outcome and the percentage of affected patients in each group.
Decide whether these treatments have a causal effect on that outcome.
You will receive a query describing an outcome and the proportion of patients in each group who experienced it:
- One percentage for patients using GLP-1RA (treatment group).
- One percentage for patients using SGLT2i (control group).
Your task is to determine whether the treatments (GLP-1RA and SGLT2i) have a causal effect on that outcome.
[Cohort Description]
Adults with type 2 diabetes who began either GLP-1RA or SGLT2i.
All had a prior diabetes diagnosis.
GLP-1RA users: mean age 58.0, BMI 37.4.
SGLT2i users: mean age 64.6, BMI 32.8.
Charlson Comorbidity Index ≥ 3 in 65.2% (GLP-1RA) and 68.5% (SGLT2i).
[Instruction]
- Judge whether the treatments causally influence the outcome.
- Both treatments are expected to behave similarly (either both yes or both no).
- “Yes” = Positive Outcome (OOI); “No” = Negative Control Outcome (NCO).
- Reply with only “yes” or “no.”
[Few-shot examples]
- Treatment group using GLP-1RA (treatment) had 0.20% Foreign body in ear, compared with 0.12% for control group using SGLT2i. Does treatment have causal effect to the Foreign body in ear (is it a Positive Outcome)? - no
- Treatment group using GLP-1RA (treatment) had 94.81% Type 2 diabetes mellitus, compared with 96.68% for control group using SGLT2i. Does treatment have causal effect to the Type 2 diabetes mellitus (is it a Positive Outcome)? - yes
[Your Task]
[Question]
Treatment group using GLP-1RA (treatment) had 0.06% Lagophthalmos, compared with 0.04% for control group using SGLT2i. Does treatment have causal effect to the Lagophthalmos (is it a Positive Outcome)?
Answer: [Your answer, ""yes"" or ""no""]",8,"Okay, so I need to figure out whether GLP-1 Receptor Agonists (GLP-1RA) have a causal effect on Lagophthalmos compared to Sodium-Glucose Cotransporter-2 Inhibitors (SGLT2i) in type 2 diabetes patients. The data given is that 0.06% of GLP-1RA users experienced Lagophthalmos, while 0.04% of SGLT2i users did. 

First, I should understand what Lagophthalmos is. From what I know, it's a condition where the eye can't close properly, leading to dry eyes and potential damage to the cornea. It's not something I'd expect to be directly caused by diabetes medications, but I should consider the potential effects of each treatment.

GLP-1RA medications, like exenatide or liraglutide, are known to help with weight loss and lower blood glucose by increasing insulin secretion and decreasing appetite. They're often used in combination with other diabetes medications. SGLT2i drugs, like empagliflozin or dapagliflozin, work by inhibiting the kidneys' reabsorption of glucose, thus promoting urine excretion and lowering blood sugar levels. They've also been linked to benefits like weight loss and reduced cardiovascular risks.

Now, looking at the specific outcome, Lagophthalmos. I don't recall this being a common side effect of either GLP-1RA or SGLT2i. Both classes of drugs are generally well-tolerated, with common side effects including nausea, vomiting, diarrhea, and, for SGLT2i, increased urination. There's no immediate link between these medications and eye conditions like Lagophthalmos.

The percentages are very low (0.06% and 0.04%), which suggests that this outcome is rare and not a significant adverse effect related to either treatment. It's possible that these low percentages are just due to chance or that Lagophthalmos is underreported in these patient populations. 

Since both treatments don't have Lagophthalmos as a known side effect and the occurrence is equally low in both groups, it's unlikely that either treatment is causing it causally. Both groups are part of a similar population (adults with type 2 diabetes), so any differences in the occurrence might be due to other factors not accounted for in this data, like differences in comorbidities or other medications taken.

Therefore, I don't think GLP-1RA has a causal effect on Lagophthalmos in this context. The answer should be ""no.""
</think>

no",no
Batch4,v3,medical_questions_v3.txt,7,"Question 7
[Background]
We compare two treatments for type 2 diabetes:
- Treatment: GLP-1 Receptor Agonists (GLP-1RA)
- Control: Sodium-Glucose Cotransporter-2 Inhibitors (SGLT2i)
[Task Description]
You’ll receive an outcome and the percentage of affected patients in each group.
Decide whether these treatments have a causal effect on that outcome.
You will receive a query describing an outcome and the proportion of patients in each group who experienced it:
- One percentage for patients using GLP-1RA (treatment group).
- One percentage for patients using SGLT2i (control group).
Your task is to determine whether the treatments (GLP-1RA and SGLT2i) have a causal effect on that outcome.
[Cohort Description]
Adults with type 2 diabetes who began either GLP-1RA or SGLT2i.
All had a prior diabetes diagnosis.
GLP-1RA users: mean age 58.0, BMI 37.4.
SGLT2i users: mean age 64.6, BMI 32.8.
Charlson Comorbidity Index ≥ 3 in 65.2% (GLP-1RA) and 68.5% (SGLT2i).
[Instruction]
- Judge whether the treatments causally influence the outcome.
- Both treatments are expected to behave similarly (either both yes or both no).
- “Yes” = Positive Outcome (OOI); “No” = Negative Control Outcome (NCO).
- Reply with only “yes” or “no.”
[Few-shot examples]
- Treatment group using GLP-1RA (treatment) had 0.20% Foreign body in ear, compared with 0.12% for control group using SGLT2i. Does treatment have causal effect to the Foreign body in ear (is it a Positive Outcome)? - no
- Treatment group using GLP-1RA (treatment) had 94.81% Type 2 diabetes mellitus, compared with 96.68% for control group using SGLT2i. Does treatment have causal effect to the Type 2 diabetes mellitus (is it a Positive Outcome)? - yes
[Your Task]
[Question]
Treatment group using GLP-1RA (treatment) had 0.06% Lagophthalmos, compared with 0.04% for control group using SGLT2i. Does treatment have causal effect to the Lagophthalmos (is it a Positive Outcome)?
Answer: [Your answer, ""yes"" or ""no""]",9,"Alright, let's try to figure this out. So, the question is about whether GLP-1RA treatment causes lagophthalmos compared to SGLT2i. 

First, I need to understand what lagophthalmos is. From what I remember, it's a condition where the eye can't close properly, leading to dry eyes and sometimes eye damage. It can be caused by various factors like nerve damage, infections, or even Bell's palsy.

Now, looking at the data: in the treatment group using GLP-1RA, 0.06% of patients had lagophthalmos, while in the control group using SGLT2i, it was 0.04%. So, GLP-1RA users had a slightly higher incidence of this condition.

But wait, GLP-1RA is usually used to manage type 2 diabetes. It helps in glucose control by increasing insulin release and reducing sugar absorption. SGLT2i works similarly by inhibiting glucose reabsorption, thus lowering blood sugar levels. Both are diabetes medications, so their primary effects are on blood sugar.

I'm trying to think if these medications have any known side effects related to eye conditions like lagophthalmos. I don't recall any direct link between GLP-1RA or SGLT2i and lagophthalmos. These drugs are more about metabolism and diabetes management. 

Additionally, the comorbidity indices are similar, with both groups having a high percentage (over 65%) of patients with significant comorbidities. This suggests that the patient populations are otherwise quite comparable, which might mean that the higher rate in GLP-1RA isn't necessarily due to the treatment itself but perhaps other factors.

The example given in the problem helps clarify. In that case, even though the treatment group had a slightly higher rate, it was determined that the treatment didn't have a causal effect because the condition is unlikely related to the medication. The same logic might apply here.

Furthermore, both treatments are expected to behave similarly in terms of causing or not causing the outcome. Since both are diabetes medications without known connections to eye conditions like lagophthalmos, it's likely that neither treatment is the cause. 

So, putting it all together, the slight difference in incidence doesn't indicate a causal effect by the treatments. Therefore, the answer should be ""no"".
</think>

no",no
Batch4,v3,medical_questions_v3.txt,7,"Question 7
[Background]
We compare two treatments for type 2 diabetes:
- Treatment: GLP-1 Receptor Agonists (GLP-1RA)
- Control: Sodium-Glucose Cotransporter-2 Inhibitors (SGLT2i)
[Task Description]
You’ll receive an outcome and the percentage of affected patients in each group.
Decide whether these treatments have a causal effect on that outcome.
You will receive a query describing an outcome and the proportion of patients in each group who experienced it:
- One percentage for patients using GLP-1RA (treatment group).
- One percentage for patients using SGLT2i (control group).
Your task is to determine whether the treatments (GLP-1RA and SGLT2i) have a causal effect on that outcome.
[Cohort Description]
Adults with type 2 diabetes who began either GLP-1RA or SGLT2i.
All had a prior diabetes diagnosis.
GLP-1RA users: mean age 58.0, BMI 37.4.
SGLT2i users: mean age 64.6, BMI 32.8.
Charlson Comorbidity Index ≥ 3 in 65.2% (GLP-1RA) and 68.5% (SGLT2i).
[Instruction]
- Judge whether the treatments causally influence the outcome.
- Both treatments are expected to behave similarly (either both yes or both no).
- “Yes” = Positive Outcome (OOI); “No” = Negative Control Outcome (NCO).
- Reply with only “yes” or “no.”
[Few-shot examples]
- Treatment group using GLP-1RA (treatment) had 0.20% Foreign body in ear, compared with 0.12% for control group using SGLT2i. Does treatment have causal effect to the Foreign body in ear (is it a Positive Outcome)? - no
- Treatment group using GLP-1RA (treatment) had 94.81% Type 2 diabetes mellitus, compared with 96.68% for control group using SGLT2i. Does treatment have causal effect to the Type 2 diabetes mellitus (is it a Positive Outcome)? - yes
[Your Task]
[Question]
Treatment group using GLP-1RA (treatment) had 0.06% Lagophthalmos, compared with 0.04% for control group using SGLT2i. Does treatment have causal effect to the Lagophthalmos (is it a Positive Outcome)?
Answer: [Your answer, ""yes"" or ""no""]",10,"Okay, so I'm trying to figure out whether GLP-1 Receptor Agonists (GLP-1RA) have a causal effect on Lagophthalmos compared to Sodium-Glucose Cotransporter-2 Inhibitors (SGLT2i) in patients with type 2 diabetes. 

First, I need to understand what Lagophthalmos is. From what I remember, it's a condition where the eye can't close properly, leading to dry eyes and discomfort. It's not something directly related to diabetes, as far as I know. Diabetes primarily affects blood sugar levels, and its complications can include things like nerve damage, retinopathy, and possibly eye dryness, but Lagophthalmos specifically is more about the eye structure and muscles.

Looking at the data provided, both treatments have very low percentages of patients experiencing Lagophthalmos. The treatment group (GLP-1RA) has 0.06%, and the control group (SGLT2i) has 0.04%. These are extremely low percentages, which suggests that Lagophthalmos isn't a common occurrence in these patients, regardless of the treatment they're receiving.

Since both groups have such low rates, it's hard to see a causal relationship. Both drugs are designed to manage blood sugar levels, but they don't directly target eye muscles or tissues. Therefore, it's unlikely that either treatment would cause Lagophthalmos. Both groups are similar in their usage, and the percentages are too low to indicate a meaningful difference caused by the treatment.

Additionally, the examples provided earlier show that when the treatment group has a higher rate than the control, it's considered a positive outcome if the condition is expected to be influenced by the treatment. However, in this case, the condition isn't something the treatments are known to affect. So, even if one group had a slightly higher rate, it wouldn't imply causation because the condition isn't relevant to the treatments' mechanisms.

Moreover, the comorbidity indices are similar between the two groups, and the age and BMI differences aren't significant enough to suggest that they would influence Lagophthalmos risk. The age difference is about 6 years, and BMI is about 4.6 points. While these factors can contribute to eye health, the low overall rates make it unlikely that the treatments are the main cause.

In conclusion, given that both treatments have very low rates of Lagophthalmos and the condition isn't a known side effect of either drug, it's reasonable to say that neither treatment has a causal effect on Lagophthalmos. Therefore, the answer should be ""no.""
</think>

no",no
Batch4,v3,medical_questions_v3.txt,8,"Question 8
[Background]
We compare two treatments for type 2 diabetes:
- Treatment: GLP-1 Receptor Agonists (GLP-1RA)
- Control: Sodium-Glucose Cotransporter-2 Inhibitors (SGLT2i)
[Task Description]
You’ll receive an outcome and the percentage of affected patients in each group.
Decide whether these treatments have a causal effect on that outcome.
You will receive a query describing an outcome and the proportion of patients in each group who experienced it:
- One percentage for patients using GLP-1RA (treatment group).
- One percentage for patients using SGLT2i (control group).
Your task is to determine whether the treatments (GLP-1RA and SGLT2i) have a causal effect on that outcome.
[Cohort Description]
Adults with type 2 diabetes who began either GLP-1RA or SGLT2i.
All had a prior diabetes diagnosis.
GLP-1RA users: mean age 58.0, BMI 37.4.
SGLT2i users: mean age 64.6, BMI 32.8.
Charlson Comorbidity Index ≥ 3 in 65.2% (GLP-1RA) and 68.5% (SGLT2i).
[Instruction]
- Judge whether the treatments causally influence the outcome.
- Both treatments are expected to behave similarly (either both yes or both no).
- “Yes” = Positive Outcome (OOI); “No” = Negative Control Outcome (NCO).
- Reply with only “yes” or “no.”
[Few-shot examples]
- Treatment group using GLP-1RA (treatment) had 0.20% Foreign body in ear, compared with 0.12% for control group using SGLT2i. Does treatment have causal effect to the Foreign body in ear (is it a Positive Outcome)? - no
- Treatment group using GLP-1RA (treatment) had 94.81% Type 2 diabetes mellitus, compared with 96.68% for control group using SGLT2i. Does treatment have causal effect to the Type 2 diabetes mellitus (is it a Positive Outcome)? - yes
[Your Task]
[Question]
Treatment group using GLP-1RA (treatment) had 5.18% Presbyopia, compared with 2.95% for control group using SGLT2i. Does treatment have causal effect to the Presbyopia (is it a Positive Outcome)?
Answer: [Your answer, ""yes"" or ""no""]",1,"Alright, so I'm trying to figure out whether GLP-1RA treatment causes presbyopia in patients with type 2 diabetes. Let me break down the information given.

First, the question states that the treatment group (GLP-1RA) has a 5.18% incidence of presbyopia, while the control group (SGLT2i) has 2.95%. So, GLP-1RA users are more likely to have presbyopia.

Now, I need to determine if this difference is causal. Presbyopia is an eye condition where the eye's ability to focus on near objects decreases, typically associated with aging. So, I should consider whether GLP-1RA medications are linked to this condition.

GLP-1RA drugs, like exenatide or liraglutide, are known to help with weight loss and blood sugar control in type 2 diabetes. They work by increasing insulin release and reducing sugar production in the liver. These drugs are generally well-tolerated, but they can have side effects like nausea, diarrhea, and, in rare cases, pancreatitis.

I don't recall any direct link between GLP-1RA medications and presbyopia. Presbyopia is more commonly related to aging, cataracts, or refractive errors. SGLT2i drugs, like empagliflozin or dapagliflozin, are also used for type 2 diabetes and have a different mechanism of action, affecting sugar reabsorption in the kidneys. They have side effects like urinary tract infections and increased urination, but again, nothing directly pointing to presbyopia.

Looking at the comorbidity indices, GLP-1RA users have a slightly lower Charlson score than SGLT2i users (65.2% vs. 68.5%), but this doesn't directly relate to presbyopia. Age and BMI are different between the groups, which could be confounding factors. The GLP-1RA group is younger (58.0 vs. 64.6) and has a higher BMI (37.4 vs. 32.8). Both of these factors are associated with higher risk of age-related conditions like presbyopia.

So, the higher incidence in GLP-1RA users could be due to their younger age or higher BMI, not necessarily the medication itself. Without specific data linking GLP-1RA to presbyopia, it's safer to assume that the difference is not causal. Therefore, the treatment doesn't have a causal effect on presbyopia.
</think>

no",no
Batch4,v3,medical_questions_v3.txt,8,"Question 8
[Background]
We compare two treatments for type 2 diabetes:
- Treatment: GLP-1 Receptor Agonists (GLP-1RA)
- Control: Sodium-Glucose Cotransporter-2 Inhibitors (SGLT2i)
[Task Description]
You’ll receive an outcome and the percentage of affected patients in each group.
Decide whether these treatments have a causal effect on that outcome.
You will receive a query describing an outcome and the proportion of patients in each group who experienced it:
- One percentage for patients using GLP-1RA (treatment group).
- One percentage for patients using SGLT2i (control group).
Your task is to determine whether the treatments (GLP-1RA and SGLT2i) have a causal effect on that outcome.
[Cohort Description]
Adults with type 2 diabetes who began either GLP-1RA or SGLT2i.
All had a prior diabetes diagnosis.
GLP-1RA users: mean age 58.0, BMI 37.4.
SGLT2i users: mean age 64.6, BMI 32.8.
Charlson Comorbidity Index ≥ 3 in 65.2% (GLP-1RA) and 68.5% (SGLT2i).
[Instruction]
- Judge whether the treatments causally influence the outcome.
- Both treatments are expected to behave similarly (either both yes or both no).
- “Yes” = Positive Outcome (OOI); “No” = Negative Control Outcome (NCO).
- Reply with only “yes” or “no.”
[Few-shot examples]
- Treatment group using GLP-1RA (treatment) had 0.20% Foreign body in ear, compared with 0.12% for control group using SGLT2i. Does treatment have causal effect to the Foreign body in ear (is it a Positive Outcome)? - no
- Treatment group using GLP-1RA (treatment) had 94.81% Type 2 diabetes mellitus, compared with 96.68% for control group using SGLT2i. Does treatment have causal effect to the Type 2 diabetes mellitus (is it a Positive Outcome)? - yes
[Your Task]
[Question]
Treatment group using GLP-1RA (treatment) had 5.18% Presbyopia, compared with 2.95% for control group using SGLT2i. Does treatment have causal effect to the Presbyopia (is it a Positive Outcome)?
Answer: [Your answer, ""yes"" or ""no""]",2,"Okay, so I'm trying to figure out whether GLP-1RA treatments causally affect Presbyopia in patients with type 2 diabetes. Presbyopia is an eye condition where the eyes have difficulty focusing on near objects, usually associated with aging. 

First, I need to understand the data given. The treatment group using GLP-1RA had 5.18% of patients experiencing Presbyopia, while the control group using SGLT2i had 2.95%. The question is whether this difference is a causal effect.

I remember from the background that both GLP-1RA and SGLT2i are diabetes treatments. They work differently, but both are used to manage type 2 diabetes. GLP-1RA stimulates insulin secretion and suppresses glucagon, while SGLT2i inhibits sugar reabsorption in the kidneys, which helps with blood sugar control.

Now, the task is to determine if one treatment causes Presbyopia more than the other. Presbyopia is a condition related to aging, so I wonder if the treatments themselves are causing it or if it's just a matter of the patients' age.

Looking at the cohort description, both groups have different characteristics. GLP-1RA users are slightly younger (mean age 58.0 vs. 64.6) and have a higher BMI (37.4 vs. 32.8). They also have a similar Charlson Comorbidity Index, with both groups having around two-thirds of patients with ≥3 comorbidities.

Since age is a major risk factor for Presbyopia, I need to consider whether the age difference between the groups could be influencing the higher rate in the GLP-1RA group. If GLP-1RA users are younger on average, they might naturally have a lower prevalence of Presbyopia because it's an age-related condition. However, the higher BMI in GLP-1RA users might also contribute, as obesity is linked to various health issues, including eye problems.

But the problem is whether the treatment itself is causing Presbyopia. Treatments like GLP-1RA and SGLT2i are designed to manage blood sugar levels. They don't directly target eye health. So, it's possible that the difference in Presbyopia rates between the groups is due to other factors, such as age, BMI, or underlying comorbidities, rather than the treatments themselves.

The example provided in the question where the treatment group had a higher rate of Foreign Body in Ear was considered a negative outcome, probably because the treatment doesn't cause that condition. Similarly, in the Type 2 Diabetes example, the treatment group had a slightly lower rate, which was considered a positive outcome, but that might have been because the treatment is meant to manage the condition.

In this case, Presbyopia is not directly related to diabetes treatment. Therefore, it's more likely that the higher rate in the GLP-1RA group is due to other factors, like age or BMI, rather than the treatment itself causing it. Since both treatments are expected to behave similarly, if one doesn't cause it, the other likely doesn't either.

So, based on this reasoning, I don't think GLP-1RA treatment causally affects Presbyopia in this context. The difference is more likely due to other characteristics of the patients, not the treatment.
</think>

no",no
Batch4,v3,medical_questions_v3.txt,8,"Question 8
[Background]
We compare two treatments for type 2 diabetes:
- Treatment: GLP-1 Receptor Agonists (GLP-1RA)
- Control: Sodium-Glucose Cotransporter-2 Inhibitors (SGLT2i)
[Task Description]
You’ll receive an outcome and the percentage of affected patients in each group.
Decide whether these treatments have a causal effect on that outcome.
You will receive a query describing an outcome and the proportion of patients in each group who experienced it:
- One percentage for patients using GLP-1RA (treatment group).
- One percentage for patients using SGLT2i (control group).
Your task is to determine whether the treatments (GLP-1RA and SGLT2i) have a causal effect on that outcome.
[Cohort Description]
Adults with type 2 diabetes who began either GLP-1RA or SGLT2i.
All had a prior diabetes diagnosis.
GLP-1RA users: mean age 58.0, BMI 37.4.
SGLT2i users: mean age 64.6, BMI 32.8.
Charlson Comorbidity Index ≥ 3 in 65.2% (GLP-1RA) and 68.5% (SGLT2i).
[Instruction]
- Judge whether the treatments causally influence the outcome.
- Both treatments are expected to behave similarly (either both yes or both no).
- “Yes” = Positive Outcome (OOI); “No” = Negative Control Outcome (NCO).
- Reply with only “yes” or “no.”
[Few-shot examples]
- Treatment group using GLP-1RA (treatment) had 0.20% Foreign body in ear, compared with 0.12% for control group using SGLT2i. Does treatment have causal effect to the Foreign body in ear (is it a Positive Outcome)? - no
- Treatment group using GLP-1RA (treatment) had 94.81% Type 2 diabetes mellitus, compared with 96.68% for control group using SGLT2i. Does treatment have causal effect to the Type 2 diabetes mellitus (is it a Positive Outcome)? - yes
[Your Task]
[Question]
Treatment group using GLP-1RA (treatment) had 5.18% Presbyopia, compared with 2.95% for control group using SGLT2i. Does treatment have causal effect to the Presbyopia (is it a Positive Outcome)?
Answer: [Your answer, ""yes"" or ""no""]",3,"Okay, I need to determine whether GLP-1RA treatment has a causal effect on Presbyopia in this cohort of type 2 diabetes patients. Let's break this down step by step.

First, I know that Presbyopia is an eye condition where the eyes have difficulty focusing on close objects, typically associated with aging. So, it's more common in older populations. Looking at the cohort description, the mean age for GLP-1RA users is 58.0, and for SGLT2i users, it's 64.6. That's a significant difference; SGLT2i users are older on average.

BMI is another factor. GLP-1RA users have a higher BMI (37.4) compared to SGLT2i users (32.8). BMI is linked to several health issues, including diabetes, which is already a given here. Higher BMI can contribute to various comorbidities, including metabolic syndrome, which might also influence eye health.

Looking at the Charlson Comorbidity Index, both groups have high comorbidity rates, but it's slightly higher in the SGLT2i group (68.5% vs. 65.2%). Comorbidities can affect overall health and potentially influence the development of conditions like Presbyopia.

Now, the percentages given: 5.18% in the treatment group (GLP-1RA) and 2.95% in the control group (SGLT2i) experienced Presbyopia. The absolute difference isn't huge, but it's still a noticeable gap. 

I should consider if there's a confounding variable here. Age is a strong confounder for Presbyopia. Since SGLT2i users are older, their higher likelihood of Presbyopia isn't necessarily because of the treatment but due to their age. Similarly, the higher BMI in GLP-1RA users could contribute to other health issues, but Presbyopia isn't directly linked to BMI as much as it is to age.

Looking at the examples provided: when the treatment group had a higher rate of a condition, it was considered a positive outcome, leading to ""yes"". Conversely, a lower rate in the treatment group was considered a negative control outcome, leading to ""no"". 

In this case, the GLP-1RA group has a higher rate (5.18%) compared to SGLT2i (2.95%). According to the examples, if the treatment group has a higher rate, it's considered a positive outcome, implying a causal effect. However, I need to question whether this difference is due to the treatment itself or other factors like age and BMI.

Since the SGLT2i group is older on average, their higher Presbyopia rate could be due to aging rather than the medication. Similarly, the GLP-1RA group's higher rate might be a result of their higher BMI or other comorbidities, not necessarily the treatment effect. 

Therefore, the observed difference might be confounded by these variables, leading us to conclude that the treatment doesn't have a causal effect on Presbyopia. The higher rate in the treatment group isn't a direct result of GLP-1RA but rather due to other characteristics of the patients in that group.
</think>

no",no
Batch4,v3,medical_questions_v3.txt,8,"Question 8
[Background]
We compare two treatments for type 2 diabetes:
- Treatment: GLP-1 Receptor Agonists (GLP-1RA)
- Control: Sodium-Glucose Cotransporter-2 Inhibitors (SGLT2i)
[Task Description]
You’ll receive an outcome and the percentage of affected patients in each group.
Decide whether these treatments have a causal effect on that outcome.
You will receive a query describing an outcome and the proportion of patients in each group who experienced it:
- One percentage for patients using GLP-1RA (treatment group).
- One percentage for patients using SGLT2i (control group).
Your task is to determine whether the treatments (GLP-1RA and SGLT2i) have a causal effect on that outcome.
[Cohort Description]
Adults with type 2 diabetes who began either GLP-1RA or SGLT2i.
All had a prior diabetes diagnosis.
GLP-1RA users: mean age 58.0, BMI 37.4.
SGLT2i users: mean age 64.6, BMI 32.8.
Charlson Comorbidity Index ≥ 3 in 65.2% (GLP-1RA) and 68.5% (SGLT2i).
[Instruction]
- Judge whether the treatments causally influence the outcome.
- Both treatments are expected to behave similarly (either both yes or both no).
- “Yes” = Positive Outcome (OOI); “No” = Negative Control Outcome (NCO).
- Reply with only “yes” or “no.”
[Few-shot examples]
- Treatment group using GLP-1RA (treatment) had 0.20% Foreign body in ear, compared with 0.12% for control group using SGLT2i. Does treatment have causal effect to the Foreign body in ear (is it a Positive Outcome)? - no
- Treatment group using GLP-1RA (treatment) had 94.81% Type 2 diabetes mellitus, compared with 96.68% for control group using SGLT2i. Does treatment have causal effect to the Type 2 diabetes mellitus (is it a Positive Outcome)? - yes
[Your Task]
[Question]
Treatment group using GLP-1RA (treatment) had 5.18% Presbyopia, compared with 2.95% for control group using SGLT2i. Does treatment have causal effect to the Presbyopia (is it a Positive Outcome)?
Answer: [Your answer, ""yes"" or ""no""]",4,"Alright, let's try to figure this out. So, the question is whether GLP-1RA treatment has a causal effect on Presbyopia. The data given is that 5.18% of GLP-1RA users experienced Presbyopia, compared to 2.95% in the SGLT2i group. 

First, I need to understand what Presbyopia is. It's a type of vision loss where you can't focus on objects close up, often associated with aging. So, it's more common as people get older.

Now, looking at the cohort description: GLP-1RA users have a mean age of 58.0, while SGLT2i users are older at 64.6. BMI is also lower in SGLT2i users, but that might not be directly related to Presbyopia. The Charlson Comorbidity Index is a bit higher in SGLT2i users, but that's more about comorbid conditions.

The key here is the difference in the percentage of patients with Presbyopia. GLP-1RA has a higher percentage, but SGLT2i has a lower one. Now, the instruction says both treatments are expected to behave similarly—either both yes or both no. So, if GLP-1RA is causing Presbyopia, we'd expect both groups to show a similar effect. But here, GLP-1RA has a higher rate, which might suggest it's more common, but that doesn't necessarily mean causation.

I should think about whether Presbyopia is something that's caused by the medications. GLP-1RA drugs are typically used for weight loss and blood sugar control in type 2 diabetes. They don't directly relate to eye health or vision issues. SGLT2i drugs are also for blood sugar control and might have some benefits related to heart health but not specifically linked to eye diseases.

Presbyopia is more related to aging and possibly other factors like diet, lifestyle, or genetics. The higher rate in GLP-1RA users might just be a coincidence due to other factors, like their age. Wait, GLP-1RA users are younger on average, so maybe that's why they have a higher incidence of Presbyopia. Or perhaps it's the other way around—older SGLT2i users have more Presbyopia because of their age, but the lower percentage doesn't align with that.

Alternatively, maybe there's a confounding factor, like more GLP-1RA users have other eye problems, but without more data, it's hard to tell. The problem is, the question is about causation. If the treatment caused Presbyopia, we'd expect it to show up in both groups, but here only GLP-1RA does. Since both drugs are supposed to behave similarly, and if GLP-1RA had a higher rate, it's more likely that it's not a causal effect but perhaps due to other factors, like age differences.

So, putting it all together, I don't think GLP-1RA causes Presbyopia. The higher percentage in the GLP-1RA group is likely due to their younger age or another factor, not the treatment itself. Therefore, the answer should be ""no.""
</think>

no",no
Batch4,v3,medical_questions_v3.txt,8,"Question 8
[Background]
We compare two treatments for type 2 diabetes:
- Treatment: GLP-1 Receptor Agonists (GLP-1RA)
- Control: Sodium-Glucose Cotransporter-2 Inhibitors (SGLT2i)
[Task Description]
You’ll receive an outcome and the percentage of affected patients in each group.
Decide whether these treatments have a causal effect on that outcome.
You will receive a query describing an outcome and the proportion of patients in each group who experienced it:
- One percentage for patients using GLP-1RA (treatment group).
- One percentage for patients using SGLT2i (control group).
Your task is to determine whether the treatments (GLP-1RA and SGLT2i) have a causal effect on that outcome.
[Cohort Description]
Adults with type 2 diabetes who began either GLP-1RA or SGLT2i.
All had a prior diabetes diagnosis.
GLP-1RA users: mean age 58.0, BMI 37.4.
SGLT2i users: mean age 64.6, BMI 32.8.
Charlson Comorbidity Index ≥ 3 in 65.2% (GLP-1RA) and 68.5% (SGLT2i).
[Instruction]
- Judge whether the treatments causally influence the outcome.
- Both treatments are expected to behave similarly (either both yes or both no).
- “Yes” = Positive Outcome (OOI); “No” = Negative Control Outcome (NCO).
- Reply with only “yes” or “no.”
[Few-shot examples]
- Treatment group using GLP-1RA (treatment) had 0.20% Foreign body in ear, compared with 0.12% for control group using SGLT2i. Does treatment have causal effect to the Foreign body in ear (is it a Positive Outcome)? - no
- Treatment group using GLP-1RA (treatment) had 94.81% Type 2 diabetes mellitus, compared with 96.68% for control group using SGLT2i. Does treatment have causal effect to the Type 2 diabetes mellitus (is it a Positive Outcome)? - yes
[Your Task]
[Question]
Treatment group using GLP-1RA (treatment) had 5.18% Presbyopia, compared with 2.95% for control group using SGLT2i. Does treatment have causal effect to the Presbyopia (is it a Positive Outcome)?
Answer: [Your answer, ""yes"" or ""no""]",5,"Okay, so I need to figure out whether GLP-1RA treatment has a causal effect on Presbyopia in this cohort of type 2 diabetes patients. Let me start by understanding the problem.

First, the background says we're comparing two treatments: GLP-1 Receptor Agonists (GLP-1RA) and Sodium-Glucose Cotransporter-2 Inhibitors (SGLT2i). The task is to determine if these treatments causally influence a given outcome, which in this case is Presbyopia.

The data provided includes the percentages of patients experiencing Presbyopia in each group. The treatment group (GLP-1RA) has 5.18%, and the control group (SGLT2i) has 2.95%. So, more patients on GLP-1RA developed Presbyopia.

Now, I need to decide if this difference is causal. The instruction says that both treatments are expected to behave similarly, either both yes (positive outcome) or both no (negative control outcome). So, if GLP-1RA is causing Presbyopia, then SGLT2i should also have a causal effect on it. If not, neither does.

Looking at the examples provided helps. In the first example, the treatment group had a slightly higher rate of Foreign body in ear, but the answer was ""no,"" meaning it's not causal. In the second example, the treatment group had a lower rate of Type 2 diabetes, but the answer was ""yes"" because it's a positive outcome—though that seems a bit confusing since Type 2 diabetes is the disease they're treating. Maybe because the treatment is intended to manage the condition, so it's a positive outcome.

Wait, but in this case, Presbyopia is a condition not directly related to diabetes treatment. So, I need to assess if the treatments cause Presbyopia.

GLP-1RA works by helping the body release insulin and reducing glucose production. They can also affect weight loss and might influence other metabolic factors. SGLT2i inhibits the kidneys from reabsorbing glucose, leading to more urine output and lower blood sugar levels.

Now, Presbyopia is an eye condition where the eyes have difficulty focusing on near objects, often associated with aging. But does it relate to diabetes or these treatments?

I don't recall a direct link between GLP-1RA or SGLT2i and Presbyopia. These medications are more about blood sugar control. So, if more patients on GLP-1RA have Presbyopia, it might just be a coincidence due to other factors, like age or comorbidities.

Looking at the cohort description: GLP-1RA users are slightly younger (58.0 vs. 64.6) and have higher BMI (37.4 vs. 32.8). They also have a higher Charlson Comorbidity Index (65.2% vs. 68.5%). So, GLP-1RA users might have more comorbidities, which could increase the risk of Presbyopia, but that's speculative.

However, the instruction says that both treatments should behave similarly. If GLP-1RA increases Presbyopia, SGLT2i should too. But in the data, SGLT2i has a lower percentage (2.95% vs. 5.18%), which is the opposite. So, if GLP-1RA is higher, and they're supposed to behave similarly, it's more likely that neither is causing Presbyopia, hence the answer should be ""no.""
</think>

no",no
Batch4,v3,medical_questions_v3.txt,8,"Question 8
[Background]
We compare two treatments for type 2 diabetes:
- Treatment: GLP-1 Receptor Agonists (GLP-1RA)
- Control: Sodium-Glucose Cotransporter-2 Inhibitors (SGLT2i)
[Task Description]
You’ll receive an outcome and the percentage of affected patients in each group.
Decide whether these treatments have a causal effect on that outcome.
You will receive a query describing an outcome and the proportion of patients in each group who experienced it:
- One percentage for patients using GLP-1RA (treatment group).
- One percentage for patients using SGLT2i (control group).
Your task is to determine whether the treatments (GLP-1RA and SGLT2i) have a causal effect on that outcome.
[Cohort Description]
Adults with type 2 diabetes who began either GLP-1RA or SGLT2i.
All had a prior diabetes diagnosis.
GLP-1RA users: mean age 58.0, BMI 37.4.
SGLT2i users: mean age 64.6, BMI 32.8.
Charlson Comorbidity Index ≥ 3 in 65.2% (GLP-1RA) and 68.5% (SGLT2i).
[Instruction]
- Judge whether the treatments causally influence the outcome.
- Both treatments are expected to behave similarly (either both yes or both no).
- “Yes” = Positive Outcome (OOI); “No” = Negative Control Outcome (NCO).
- Reply with only “yes” or “no.”
[Few-shot examples]
- Treatment group using GLP-1RA (treatment) had 0.20% Foreign body in ear, compared with 0.12% for control group using SGLT2i. Does treatment have causal effect to the Foreign body in ear (is it a Positive Outcome)? - no
- Treatment group using GLP-1RA (treatment) had 94.81% Type 2 diabetes mellitus, compared with 96.68% for control group using SGLT2i. Does treatment have causal effect to the Type 2 diabetes mellitus (is it a Positive Outcome)? - yes
[Your Task]
[Question]
Treatment group using GLP-1RA (treatment) had 5.18% Presbyopia, compared with 2.95% for control group using SGLT2i. Does treatment have causal effect to the Presbyopia (is it a Positive Outcome)?
Answer: [Your answer, ""yes"" or ""no""]",6,"Okay, so I'm trying to figure out whether GLP-1RA treatments causally affect presbyopia in patients with type 2 diabetes. Let me start by understanding the question and the context.

From the background, I know that we're comparing two diabetes treatments: GLP-1 Receptor Agonists (GLP-1RA) and Sodium-Glucose Cotransporter-2 Inhibitors (SGLT2i). The task is to determine if either of these treatments has a causal effect on a specific outcome, which in this case is presbyopia. Presbyopia is a type of vision problem where the eyes have difficulty focusing on close objects, typically associated with aging.

The user provided a few examples to illustrate how the task should be approached. For instance, in one case, the treatment group had a slightly higher rate of a foreign body in the ear, but it was concluded that there was no causal effect. In another example, a higher rate of type 2 diabetes in the treatment group led to a ""yes"" for a causal effect because it's expected given the treatment's mechanism.

Now, the specific question here is about presbyopia. The data given is that the treatment group (GLP-1RA) had 5.18% of patients experiencing presbyopia, while the control group (SGLT2i) had 2.95%. The task is to decide whether this difference indicates a causal effect.

First, I need to consider the baseline rates. Presbyopia is a common condition, especially as people age. Since both treatment groups are made up of adults with type 2 diabetes, who are likely older, the baseline rate of presbyopia should be considered. The example given in the few-shot section mentioned that a higher rate in the treatment group for type 2 diabetes was considered a positive outcome because the treatment is meant to manage diabetes, not cause it.

But in this case, the outcome is presbyopia, which is not directly related to diabetes treatment. Both treatments are meant to manage blood sugar levels, so they shouldn't inherently cause or cure presbyopia. However, if one of the treatments has side effects that influence eye health or lead to conditions that cause presbyopia, that could be a factor.

Looking at the example where the treatment group had a higher rate of a condition (type 2 diabetes), it was considered a positive outcome because the treatment was meant to manage it. But here, presbyopia is not a direct target of these treatments. So, I need to think about whether either GLP-1RA or SGLT2i would cause or influence presbyopia.

GLP-1RA medications are commonly used for weight loss and glucose control. They can have side effects like nausea, diarrhea, and, in some cases, pancreatitis. However, I'm not aware of a direct link between GLP-1RA use and presbyopia. Similarly, SGLT2i medications are often used for their effects on blood sugar and may have side effects like urinary tract infections or increased risk of hypoglycemia, but again, no direct link to presbyopia as far as I know.

Since both treatments are used for managing diabetes and don't have known side effects related to eye health or presbyopia, it's unlikely that they causally affect presbyopia rates. The difference in the percentages between the two groups (5.18% vs. 2.95%) might be due to other factors, such as differences in the populations studied, like age or other comorbidities, rather than the treatment itself.

Additionally, the user mentioned that both treatments are expected to behave similarly, either both having a causal effect or neither. Given that neither treatment is associated with presbyopia, it's more plausible that there's no causal effect here. The small percentage difference is more likely due to chance or other variables not accounted for in the data provided.

Therefore, based on the lack of known causal relationship between the treatments and presbyopia, and considering that the example where a condition was directly related to the treatment's purpose was a ""yes,"" in this case, since presbyopia isn't a target of these treatments, the answer should be ""no.""
</think>

no",no
Batch4,v3,medical_questions_v3.txt,8,"Question 8
[Background]
We compare two treatments for type 2 diabetes:
- Treatment: GLP-1 Receptor Agonists (GLP-1RA)
- Control: Sodium-Glucose Cotransporter-2 Inhibitors (SGLT2i)
[Task Description]
You’ll receive an outcome and the percentage of affected patients in each group.
Decide whether these treatments have a causal effect on that outcome.
You will receive a query describing an outcome and the proportion of patients in each group who experienced it:
- One percentage for patients using GLP-1RA (treatment group).
- One percentage for patients using SGLT2i (control group).
Your task is to determine whether the treatments (GLP-1RA and SGLT2i) have a causal effect on that outcome.
[Cohort Description]
Adults with type 2 diabetes who began either GLP-1RA or SGLT2i.
All had a prior diabetes diagnosis.
GLP-1RA users: mean age 58.0, BMI 37.4.
SGLT2i users: mean age 64.6, BMI 32.8.
Charlson Comorbidity Index ≥ 3 in 65.2% (GLP-1RA) and 68.5% (SGLT2i).
[Instruction]
- Judge whether the treatments causally influence the outcome.
- Both treatments are expected to behave similarly (either both yes or both no).
- “Yes” = Positive Outcome (OOI); “No” = Negative Control Outcome (NCO).
- Reply with only “yes” or “no.”
[Few-shot examples]
- Treatment group using GLP-1RA (treatment) had 0.20% Foreign body in ear, compared with 0.12% for control group using SGLT2i. Does treatment have causal effect to the Foreign body in ear (is it a Positive Outcome)? - no
- Treatment group using GLP-1RA (treatment) had 94.81% Type 2 diabetes mellitus, compared with 96.68% for control group using SGLT2i. Does treatment have causal effect to the Type 2 diabetes mellitus (is it a Positive Outcome)? - yes
[Your Task]
[Question]
Treatment group using GLP-1RA (treatment) had 5.18% Presbyopia, compared with 2.95% for control group using SGLT2i. Does treatment have causal effect to the Presbyopia (is it a Positive Outcome)?
Answer: [Your answer, ""yes"" or ""no""]",7,"Okay, so I need to figure out whether GLP-1RA treatments have a causal effect on Presbyopia in this cohort of type 2 diabetes patients. The question gives me the percentages of patients in each group experiencing Presbyopia. The treatment group (GLP-1RA) has 5.18%, and the control group (SGLT2i) has 2.95%. 

First, I should recall what Presbyopia is. Presbyopia is an eye condition where the eye's lens becomes harder to focus on near objects, making it difficult to see clearly at close distances. It's a common condition, especially as people age. 

Now, looking at the context, both GLP-1RA and SGLT2i are medications used to treat type 2 diabetes. GLP-1RA stands for Glucagon-Like Peptide-1 Receptor Agonists, which help in glucose regulation by increasing insulin release and reducing sugar production in the liver. They are also known to have effects on weight loss and might influence other metabolic factors.

SGLT2i, or Sodium-Glucose Cotransporter-2 Inhibitors, work by preventing the kidneys from reabsorbing glucose, which leads to increased urine excretion of glucose and reduced blood glucose levels. They are also associated with weight loss and other cardiovascular benefits.

The problem is to determine if the use of GLP-1RA causes Presbyopia compared to SGLT2i. The task is to decide if the treatment (GLP-1RA) has a causal effect on Presbyopia, considering that both treatments are expected to behave similarly. If both have a similar effect, then if one does, the other probably does too.

Looking at the examples provided:

1. In the first example, Foreign body in ear: treatment group had 0.20%, control 0.12%. The answer was ""no"". The reasoning might be that neither treatment causes ear issues, so it's just a coincidence.

2. In the second example, Type 2 diabetes: treatment group had 94.81%, control 96.68%. The answer was ""yes"". The reasoning is that the treatment (GLP-1RA) is intended to manage diabetes, so a higher percentage in the treatment group would indicate a positive outcome.

So, applying this to Presbyopia. Presbyopia is a condition that can develop with age. Now, GLP-1RA and SGLT2i are both medications used in diabetes management. Do they have any known association with Presbyopia?

From what I know, GLP-1RA and SGLT2i primarily affect glucose metabolism. They can have side effects related to their mechanisms. For instance, SGLT2i can cause urinary tract infections or increased urination, but I don't recall them being linked to eye conditions like Presbyopia. Similarly, GLP-1RA can cause nausea, vomiting, and diarrhea, but again, not directly linked to eye issues.

Presbyopia is more commonly associated with aging, genetics, and possibly lifestyle factors like prolonged near work or reading. So, if the GLP-1RA or SGLT2i are not known to cause Presbyopia, then the higher percentage in the treatment group might just be a coincidence related to other factors, such as the age of the patients.

Looking at the cohort description, the GLP-1RA users have a mean age of 58.0, while SGLT2i users are slightly older at 64.6. Since Presbyopia is more common with age, the older SGLT2i group would naturally have a higher incidence. But in this case, the SGLT2i group has a lower percentage (2.95%) compared to the GLP-1RA group (5.18%). That seems contradictory because older age should lead to higher Presbyopia rates.

Wait, that's a bit confusing. The GLP-1RA group is younger (58 vs 64), but they have a higher percentage (5.18% vs 2.95%). That suggests that GLP-1RA might be associated with a higher incidence of Presbyopia despite being a younger group. But that doesn't make much sense because Presbyopia increases with age. So perhaps there's another factor at play here.

Alternatively, maybe the higher percentage in GLP-1RA is due to another factor. For example, perhaps GLP-1RA users are more likely to have other conditions that co-occur with Presbyopia, but that's speculative.

Another angle is to consider if there's any mechanism by which GLP-1RA could cause or influence Presbyopia. I don't recall any such link. Similarly, SGLT2i isn't known to cause Presbyopia either. Both medications are more about blood sugar control and don't have direct effects on the eyes.

Therefore, the higher incidence in the GLP-1RA group might just be a statistical fluke or due to other confounding factors not accounted for in the data. Since both treatments don't have a known causal link to Presbyopia, and the expected behavior is that they should act similarly, the answer would likely be ""no"". 

But wait, in the second example, the answer was ""yes"" because the treatment was directly related to the outcome (diabetes). Here, Presbyopia isn't directly related to diabetes treatment. So, it's more probable that the difference is coincidental, especially considering the age difference between the groups.
</think>

no",no
Batch4,v3,medical_questions_v3.txt,8,"Question 8
[Background]
We compare two treatments for type 2 diabetes:
- Treatment: GLP-1 Receptor Agonists (GLP-1RA)
- Control: Sodium-Glucose Cotransporter-2 Inhibitors (SGLT2i)
[Task Description]
You’ll receive an outcome and the percentage of affected patients in each group.
Decide whether these treatments have a causal effect on that outcome.
You will receive a query describing an outcome and the proportion of patients in each group who experienced it:
- One percentage for patients using GLP-1RA (treatment group).
- One percentage for patients using SGLT2i (control group).
Your task is to determine whether the treatments (GLP-1RA and SGLT2i) have a causal effect on that outcome.
[Cohort Description]
Adults with type 2 diabetes who began either GLP-1RA or SGLT2i.
All had a prior diabetes diagnosis.
GLP-1RA users: mean age 58.0, BMI 37.4.
SGLT2i users: mean age 64.6, BMI 32.8.
Charlson Comorbidity Index ≥ 3 in 65.2% (GLP-1RA) and 68.5% (SGLT2i).
[Instruction]
- Judge whether the treatments causally influence the outcome.
- Both treatments are expected to behave similarly (either both yes or both no).
- “Yes” = Positive Outcome (OOI); “No” = Negative Control Outcome (NCO).
- Reply with only “yes” or “no.”
[Few-shot examples]
- Treatment group using GLP-1RA (treatment) had 0.20% Foreign body in ear, compared with 0.12% for control group using SGLT2i. Does treatment have causal effect to the Foreign body in ear (is it a Positive Outcome)? - no
- Treatment group using GLP-1RA (treatment) had 94.81% Type 2 diabetes mellitus, compared with 96.68% for control group using SGLT2i. Does treatment have causal effect to the Type 2 diabetes mellitus (is it a Positive Outcome)? - yes
[Your Task]
[Question]
Treatment group using GLP-1RA (treatment) had 5.18% Presbyopia, compared with 2.95% for control group using SGLT2i. Does treatment have causal effect to the Presbyopia (is it a Positive Outcome)?
Answer: [Your answer, ""yes"" or ""no""]",8,"Okay, so I need to figure out whether GLP-1RA treatment has a causal effect on Presbyopia in the given scenario. Let me break this down step by step.

First, I remember that Presbyopia is an eye condition where the eye's lens becomes harder to bend, making it difficult to focus on close objects. It's common in older adults. Now, the question is comparing two diabetes treatments: GLP-1 Receptor Agonists (GLP-1RA) and Sodium-Glucose Cotransporter-2 Inhibitors (SGLT2i). 

The data provided shows that 5.18% of GLP-1RA users developed Presbyopia, while only 2.95% of SGLT2i users did. At first glance, this might suggest that GLP-1RA could be causing Presbyopia because a higher percentage in their group had the condition. But I need to be careful here.

I should consider whether Presbyopia is related to diabetes or its treatment. Diabetes itself can cause various complications, including eye problems like diabetic retinopathy, but Presbyopia is more about aging. However, some medications might have side effects that could contribute to eye issues. 

GLP-1RA drugs are often associated with weight loss and can have side effects like nausea, diarrhea, and, in rare cases, pancreatitis. I don't immediately recall Presbyopia being a common side effect of these medications, but it's possible. On the other hand, SGLT2i drugs are known to have side effects like urinary tract infections and increased risk of hypoglycemia when used with other diabetes medications, but again, I don't know about Presbyopia being linked to them.

Looking at the example provided, when the treatment group had a higher percentage of a condition, it was considered a Positive Outcome if it was expected to be caused by the treatment. However, in that example, the outcome was a foreign body in the ear, which wasn't related to the treatments, so it was a No. Conversely, if the outcome is something the treatment is known to cause, then it's a Yes.

In this case, Presbyopia isn't a typical side effect of either treatment that I'm aware of. Both GLP-1RA and SGLT2i are more about blood sugar control. Therefore, it's unlikely that either treatment is causing Presbyopia. The higher percentage in the GLP-1RA group might just be a coincidence or due to other factors, like the characteristics of the patients in each group.

Also, the cohort description shows that GLP-1RA users are younger and have a higher BMI, which might be related to other health issues, but not necessarily Presbyopia. The Charlson Comorbidity Index is higher in SGLT2i users, indicating more comorbidities, which could influence the occurrence of other conditions.

Since neither treatment is directly linked to causing Presbyopia, and there's no evidence in the provided data that would suggest a causal relationship, I would lean towards the answer being ""no.""
</think>

no",no
Batch4,v3,medical_questions_v3.txt,8,"Question 8
[Background]
We compare two treatments for type 2 diabetes:
- Treatment: GLP-1 Receptor Agonists (GLP-1RA)
- Control: Sodium-Glucose Cotransporter-2 Inhibitors (SGLT2i)
[Task Description]
You’ll receive an outcome and the percentage of affected patients in each group.
Decide whether these treatments have a causal effect on that outcome.
You will receive a query describing an outcome and the proportion of patients in each group who experienced it:
- One percentage for patients using GLP-1RA (treatment group).
- One percentage for patients using SGLT2i (control group).
Your task is to determine whether the treatments (GLP-1RA and SGLT2i) have a causal effect on that outcome.
[Cohort Description]
Adults with type 2 diabetes who began either GLP-1RA or SGLT2i.
All had a prior diabetes diagnosis.
GLP-1RA users: mean age 58.0, BMI 37.4.
SGLT2i users: mean age 64.6, BMI 32.8.
Charlson Comorbidity Index ≥ 3 in 65.2% (GLP-1RA) and 68.5% (SGLT2i).
[Instruction]
- Judge whether the treatments causally influence the outcome.
- Both treatments are expected to behave similarly (either both yes or both no).
- “Yes” = Positive Outcome (OOI); “No” = Negative Control Outcome (NCO).
- Reply with only “yes” or “no.”
[Few-shot examples]
- Treatment group using GLP-1RA (treatment) had 0.20% Foreign body in ear, compared with 0.12% for control group using SGLT2i. Does treatment have causal effect to the Foreign body in ear (is it a Positive Outcome)? - no
- Treatment group using GLP-1RA (treatment) had 94.81% Type 2 diabetes mellitus, compared with 96.68% for control group using SGLT2i. Does treatment have causal effect to the Type 2 diabetes mellitus (is it a Positive Outcome)? - yes
[Your Task]
[Question]
Treatment group using GLP-1RA (treatment) had 5.18% Presbyopia, compared with 2.95% for control group using SGLT2i. Does treatment have causal effect to the Presbyopia (is it a Positive Outcome)?
Answer: [Your answer, ""yes"" or ""no""]",9,"Okay, so I need to determine whether GLP-1 Receptor Agonists (GLP-1RA) have a causal effect on Presbyopia in patients with type 2 diabetes. The data provided is that 5.18% of GLP-1RA users experienced Presbyopia, compared to 2.95% in the SGLT2i group. 

First, I should understand what Presbyopia is. It's a condition where the eye's lens becomes stiff, making it hard to focus on close objects, typically associated with aging. Now, looking at the cohorts, both GLP-1RA and SGLT2i are diabetes medications, but they work differently. GLP-1RA helps with glucose control by increasing insulin and decreasing glucagon, while SGLT2i inhibits the kidneys from reabsorbing glucose, thus promoting urine output and lowering blood sugar.

The question is whether using GLP-1RA causes more cases of Presbyopia. Since both treatments are for diabetes, their users might have similar baseline characteristics, but there are differences in age and BMI between the two groups. The GLP-1RA users are slightly younger (mean age 58.0 vs. 64.6) and have a higher BMI (37.4 vs. 32.8). Charlson Comorbidity Index is higher in both groups, but the GLP-1RA group is slightly lower (65.2% vs. 68.5%).

Presbyopia is more common with age, so older age is a risk factor. Since the SGLT2i group is older, I would expect more Presbyopia in them. The data shows that the GLP-1RA group has a higher percentage (5.18%) compared to SGLT2i's 2.95%. This seems counterintuitive because older age is linked to more Presbyopia. If the GLP-1RA group is younger, why are they having more cases?

One possibility is that GLP-1RA might have side effects that contribute to Presbyopia. For example, some diabetes medications can affect the eyes or lead to conditions that might cause eye strain or other issues related to Presbyopia. Alternatively, perhaps the SGLT2i group has other factors that reduce Presbyopia risk, but that's less likely.

Another angle is to consider whether the higher BMI in GLP-1RA users could contribute. BMI is associated with an increased risk of some eye conditions, but I'm not sure about Presbyopia specifically. Higher BMI might be linked to other eye diseases, but not necessarily Presbyopia.

The Charlson Comorbidity Index is higher in both groups, but the GLP-1RA group is slightly lower. More comorbidities could mean more eye issues, but again, the direction isn't clear.

Looking at the examples provided, when the treatment group has a higher rate than the control, it's sometimes considered a Positive Outcome if the treatment is expected to cause it. For instance, in the Type 2 diabetes example, it's expected, so it's yes. In the Foreign body example, it's unexpected, so it's no.

In this case, Presbyopia is more common with age, and the GLP-1RA group is younger, yet they have a higher rate. This could suggest that GLP-1RA might be causing Presbyopia, which seems odd because older age is the main factor. Alternatively, maybe there's something else causing it.

Wait, but in the SGLT2i group, which is older, Presbyopia is lower. That seems contradictory. If older age increases Presbyopia, why is the SGLT2i group, being older, having a lower rate? That doesn't make sense unless there's something else at play.

Perhaps the medications themselves affect eye health differently. For example, GLP-1RA might affect the eyes more, leading to Presbyopia, while SGLT2i might have protective effects. Or maybe the opposite. Alternatively, the higher BMI in GLP-1RA users could contribute to eye problems.

But considering the task, I need to judge causality. If GLP-1RA is causing Presbyopia, then it's a Positive Outcome. If it's just a coincidence or due to other factors, it's a Negative Outcome.

Given that age is a major factor, and GLP-1RA users are younger, but they have a higher Presbyopia rate, it's possible that GLP-1RA might be contributing. However, without more data, it's hard to be certain. The task says that both treatments are expected to behave similarly, either both yes or no.

In the examples, when the treatment group has a higher rate, it's sometimes yes if it's expected, no otherwise. Here, since Presbyopia is more common in older age, and GLP-1RA users are younger but have a higher rate, it's a bit confusing. Maybe the higher BMI in GLP-1RA users is a confounding factor. Alternatively, perhaps GLP-1RA doesn't affect Presbyopia much, and the higher rate is due to other reasons.

I think the key is to look at whether the higher rate in GLP-1RA is expected. Since Presbyopia is age-related, and GLP-1RA users are younger, it's unexpected that they have a higher rate. Therefore, it's more likely that the higher rate in GLP-1RA is due to some causal effect, perhaps a side effect of the medication.

Alternatively, if the higher rate in GLP-1RA is a coincidence, then it's a Negative Outcome. But considering that the task expects both treatments to behave similarly, if GLP-1RA is higher, SGLT2i should also have a similar effect, but in this case, SGLT2i's Presbyopia rate is lower, which contradicts the assumption.

Wait, but the task says to assume both treatments behave similarly, either both yes or both no. So if GLP-1RA has a higher rate, it's considered a Positive Outcome, and SGLT2i should also have a similar effect. But in this case, SGLT2i has a lower rate. That seems contradictory.

Alternatively, maybe the higher rate in GLP-1RA is a Positive Outcome because the treatment is causing it, but SGLT2i isn't, which contradicts the assumption. Therefore, perhaps the correct answer is no, as the higher rate in GLP-1RA might be a coincidence or due to other factors, not causation.

But I'm getting confused. Let me think again. Presbyopia is more common in older people. GLP-1RA users are younger, but their Presbyopia rate is higher. That's unexpected. So it's possible that GLP-1RA is causing it, which would be a Positive Outcome. Alternatively, maybe the higher BMI in GLP-1RA users is contributing more to Presbyopia than age.

In the examples, when the treatment group has a higher rate, it's considered a Positive Outcome if it's expected. Here, Presbyopia is more expected in older age, so GLP-1RA, being for younger people, having a higher rate suggests causation. Therefore, the answer would be yes.
</think>

yes",yes
Batch4,v3,medical_questions_v3.txt,8,"Question 8
[Background]
We compare two treatments for type 2 diabetes:
- Treatment: GLP-1 Receptor Agonists (GLP-1RA)
- Control: Sodium-Glucose Cotransporter-2 Inhibitors (SGLT2i)
[Task Description]
You’ll receive an outcome and the percentage of affected patients in each group.
Decide whether these treatments have a causal effect on that outcome.
You will receive a query describing an outcome and the proportion of patients in each group who experienced it:
- One percentage for patients using GLP-1RA (treatment group).
- One percentage for patients using SGLT2i (control group).
Your task is to determine whether the treatments (GLP-1RA and SGLT2i) have a causal effect on that outcome.
[Cohort Description]
Adults with type 2 diabetes who began either GLP-1RA or SGLT2i.
All had a prior diabetes diagnosis.
GLP-1RA users: mean age 58.0, BMI 37.4.
SGLT2i users: mean age 64.6, BMI 32.8.
Charlson Comorbidity Index ≥ 3 in 65.2% (GLP-1RA) and 68.5% (SGLT2i).
[Instruction]
- Judge whether the treatments causally influence the outcome.
- Both treatments are expected to behave similarly (either both yes or both no).
- “Yes” = Positive Outcome (OOI); “No” = Negative Control Outcome (NCO).
- Reply with only “yes” or “no.”
[Few-shot examples]
- Treatment group using GLP-1RA (treatment) had 0.20% Foreign body in ear, compared with 0.12% for control group using SGLT2i. Does treatment have causal effect to the Foreign body in ear (is it a Positive Outcome)? - no
- Treatment group using GLP-1RA (treatment) had 94.81% Type 2 diabetes mellitus, compared with 96.68% for control group using SGLT2i. Does treatment have causal effect to the Type 2 diabetes mellitus (is it a Positive Outcome)? - yes
[Your Task]
[Question]
Treatment group using GLP-1RA (treatment) had 5.18% Presbyopia, compared with 2.95% for control group using SGLT2i. Does treatment have causal effect to the Presbyopia (is it a Positive Outcome)?
Answer: [Your answer, ""yes"" or ""no""]",10,"Okay, so I need to figure out whether GLP-1RA (GLP-1 Receptor Agonists) or SGLT2i (Sodium-Glucose Cotransporter-2 Inhibitors) have a causal effect on presbyopia in patients with type 2 diabetes. The question gives me the percentages of patients experiencing presbyopia in each group: 5.18% in the GLP-1RA group and 2.95% in the SGLT2i group.

First, I should understand what presbyopia is. Presbyopia is an eye condition where the eye's lens becomes hard to focus on close objects, making it difficult to see clearly at close distances. It's common in older adults, but can also occur in younger people, especially those with diabetes.

The background mentions that both treatments are being compared in adults with type 2 diabetes. The GLP-1RA group has a mean age of 58.0, BMI 37.4, and 65.2% with a Charlson Comorbidity Index ≥3. The SGLT2i group has a mean age of 64.6, BMI 32.8, and 68.5% with a Charlson Comorbidity Index ≥3.

Presbyopia is more prevalent with advancing age. So, the older the population, the higher the likelihood of presbyopia. The SGLT2i group is older on average (64.6 vs. 58.0). This could mean that the higher percentage in SGLT2i is just due to the age difference, not necessarily the treatment effect.

Looking at the few-shot examples provided, in the first one, the treatment group had a higher percentage, but it was ruled a ""no"" because it was probably due to another factor. In the second example, the treatment group had a slightly lower percentage, but it was considered a ""yes"" because it's a positive outcome.

In this case, the GLP-1RA group has a higher percentage (5.18%) compared to SGLT2i (2.95%). Since both treatments are expected to behave similarly, the difference might be due to other factors. The age difference is significant here. The GLP-1RA group is younger, which would naturally have a lower prevalence of presbyopia. Therefore, the higher percentage in the GLP-1RA group could be because the patients are younger, not because of the treatment itself.

Additionally, presbyopia is not a common diabetes-related complication, but age is a known risk factor. The comorbidity indices are similar, so the difference isn't likely due to comorbidities.

So, the higher percentage in the GLP-1RA group is probably because the patients are younger on average. Therefore, the treatment might not have a causal effect; the difference is likely due to the age difference between the groups.
</think>

no",no
Batch4,v3,medical_questions_v3.txt,9,"Question 9
[Background]
We compare two treatments for type 2 diabetes:
- Treatment: GLP-1 Receptor Agonists (GLP-1RA)
- Control: Sodium-Glucose Cotransporter-2 Inhibitors (SGLT2i)
[Task Description]
You’ll receive an outcome and the percentage of affected patients in each group.
Decide whether these treatments have a causal effect on that outcome.
You will receive a query describing an outcome and the proportion of patients in each group who experienced it:
- One percentage for patients using GLP-1RA (treatment group).
- One percentage for patients using SGLT2i (control group).
Your task is to determine whether the treatments (GLP-1RA and SGLT2i) have a causal effect on that outcome.
[Cohort Description]
Adults with type 2 diabetes who began either GLP-1RA or SGLT2i.
All had a prior diabetes diagnosis.
GLP-1RA users: mean age 58.0, BMI 37.4.
SGLT2i users: mean age 64.6, BMI 32.8.
Charlson Comorbidity Index ≥ 3 in 65.2% (GLP-1RA) and 68.5% (SGLT2i).
[Instruction]
- Judge whether the treatments causally influence the outcome.
- Both treatments are expected to behave similarly (either both yes or both no).
- “Yes” = Positive Outcome (OOI); “No” = Negative Control Outcome (NCO).
- Reply with only “yes” or “no.”
[Few-shot examples]
- Treatment group using GLP-1RA (treatment) had 0.20% Foreign body in ear, compared with 0.12% for control group using SGLT2i. Does treatment have causal effect to the Foreign body in ear (is it a Positive Outcome)? - no
- Treatment group using GLP-1RA (treatment) had 94.81% Type 2 diabetes mellitus, compared with 96.68% for control group using SGLT2i. Does treatment have causal effect to the Type 2 diabetes mellitus (is it a Positive Outcome)? - yes
[Your Task]
[Question]
Treatment group using GLP-1RA (treatment) had 1.84% Regular astigmatism, compared with 1.01% for control group using SGLT2i. Does treatment have causal effect to the Regular astigmatism (is it a Positive Outcome)?
Answer: [Your answer, ""yes"" or ""no""]",1,"Okay, so I have this question about whether GLP-1RA treatments cause regular astigmatism compared to SGLT2i. Let me break this down step by step.

First, I remember that GLP-1RA stands for GLP-1 Receptor Agonists, which are a type of medication used to help manage type 2 diabetes. They work by promoting insulin release and reducing sugar production in the liver. SGLT2i is Sodium-Glucose Cotransporter-2 Inhibitors, another class of diabetes medications that prevent the kidneys from reabsorbing glucose, thus promoting urine output and lowering blood sugar levels.

The question provides the percentages of patients in each group who experienced regular astigmatism. The treatment group (GLP-1RA) had 1.84%, and the control group (SGLT2i) had 1.01%. So, the treatment group has a slightly higher rate.

I need to determine if this difference suggests a causal effect. The instructions say that both treatments should behave similarly—either both have a causal effect or neither does. So, if one group has a higher percentage, I should check if it's due to the treatment or another factor.

Looking at the cohort description: adults with type 2 diabetes, mean ages 58 for GLP-1RA and 64 for SGLT2i. BMI is slightly higher in SGLT2i users. Charlson Comorbidity Index is a measure of comorbid conditions; both groups have around 65-68%, which is quite high, indicating more serious health issues.

Regular astigmatism is a common eye condition, but I'm not sure how it's related to diabetes treatments. Astigmatism can be caused by factors like eye shape, refractive errors, or previous trauma. I don't recall a direct link between diabetes medications and eye conditions like astigmatism.

Given that both groups have similar comorbidity indices and the age difference isn't huge, the higher rate in the GLP-1RA group might be a coincidence or due to another factor. Since the medications are meant to manage blood sugar, which is a systemic issue, it's unclear if they would directly affect eye conditions unless there's a known mechanism, which I'm not aware of.

In the few-shot examples provided, when the treatment group had a slightly higher percentage for a condition, it was considered a negative control outcome (NCO), meaning no causal effect. The reasoning was that it's more likely due to other factors, like the disease itself or other health issues.

So applying that logic here, the higher percentage in the GLP-1RA group doesn't indicate a causal effect. It's more likely that other factors, such as underlying diabetes complications or other health problems, are contributing. Therefore, the treatment doesn't causally influence regular astigmatism.
</think>

no",no
Batch4,v3,medical_questions_v3.txt,9,"Question 9
[Background]
We compare two treatments for type 2 diabetes:
- Treatment: GLP-1 Receptor Agonists (GLP-1RA)
- Control: Sodium-Glucose Cotransporter-2 Inhibitors (SGLT2i)
[Task Description]
You’ll receive an outcome and the percentage of affected patients in each group.
Decide whether these treatments have a causal effect on that outcome.
You will receive a query describing an outcome and the proportion of patients in each group who experienced it:
- One percentage for patients using GLP-1RA (treatment group).
- One percentage for patients using SGLT2i (control group).
Your task is to determine whether the treatments (GLP-1RA and SGLT2i) have a causal effect on that outcome.
[Cohort Description]
Adults with type 2 diabetes who began either GLP-1RA or SGLT2i.
All had a prior diabetes diagnosis.
GLP-1RA users: mean age 58.0, BMI 37.4.
SGLT2i users: mean age 64.6, BMI 32.8.
Charlson Comorbidity Index ≥ 3 in 65.2% (GLP-1RA) and 68.5% (SGLT2i).
[Instruction]
- Judge whether the treatments causally influence the outcome.
- Both treatments are expected to behave similarly (either both yes or both no).
- “Yes” = Positive Outcome (OOI); “No” = Negative Control Outcome (NCO).
- Reply with only “yes” or “no.”
[Few-shot examples]
- Treatment group using GLP-1RA (treatment) had 0.20% Foreign body in ear, compared with 0.12% for control group using SGLT2i. Does treatment have causal effect to the Foreign body in ear (is it a Positive Outcome)? - no
- Treatment group using GLP-1RA (treatment) had 94.81% Type 2 diabetes mellitus, compared with 96.68% for control group using SGLT2i. Does treatment have causal effect to the Type 2 diabetes mellitus (is it a Positive Outcome)? - yes
[Your Task]
[Question]
Treatment group using GLP-1RA (treatment) had 1.84% Regular astigmatism, compared with 1.01% for control group using SGLT2i. Does treatment have causal effect to the Regular astigmatism (is it a Positive Outcome)?
Answer: [Your answer, ""yes"" or ""no""]",2,"Okay, so I'm trying to figure out whether GLP-1RA treatment has a causal effect on regular astigmatism based on the given data. Let me break this down step by step.

First, I know that GLP-1 receptor agonists (GLP-1RA) are a type of medication used to treat type 2 diabetes. They help regulate blood sugar levels and can also aid in weight loss. On the other hand, SGLT2 inhibitors (SGLT2i) are another class of diabetes medications that work by preventing the kidneys from reabsorbing glucose, thus promoting urine output and lowering blood sugar levels.

The question presents data comparing the occurrence of regular astigmatism between the two treatment groups. The treatment group (GLP-1RA users) had 1.84% of patients experiencing regular astigmatism, while the control group (SGLT2i users) had 1.01%. 

Now, I need to determine if there's a causal relationship here. One approach is to consider whether these medications are known to cause or prevent astigmatism. Astigmatism is a common eye condition where the eye has a different power in one direction than the other, leading to blurring or distortion of vision. I'm not aware of any direct link between GLP-1RA or SGLT2i medications and the development or progression of astigmatism.

Both medications are focused on managing diabetes and related metabolic issues. They don't have a primary function related to eye health. Therefore, it's unlikely that they would causally influence astigmatism. 

Looking at the example provided, when the treatment group had a higher percentage of a specific outcome, it was considered a positive outcome if the treatment was expected to cause it. However, in that case, the outcome was related to the treatment's intended use. In this question, regular astigmatism isn't related to the medications' known functions.

Another factor to consider is the characteristics of the patients in each cohort. The GLP-1RA group had a younger age (58.0 vs. 64.6), higher BMI (37.4 vs. 32.8), and slightly lower Charlson Comorbidity Index (65.2% vs. 68.5%). These differences might influence health outcomes, but regular astigmatism isn't a diabetes-related complication. Therefore, the higher percentage in the GLP-1RA group isn't necessarily due to the medication but could be a result of other factors related to the patient population.

Since both treatments are expected to behave similarly in terms of causal influence on the outcome, and neither is known to affect astigmatism, it's reasonable to conclude that there's no causal effect here. Therefore, the treatment doesn't causally influence regular astigmatism.
</think>

no",no
Batch4,v3,medical_questions_v3.txt,9,"Question 9
[Background]
We compare two treatments for type 2 diabetes:
- Treatment: GLP-1 Receptor Agonists (GLP-1RA)
- Control: Sodium-Glucose Cotransporter-2 Inhibitors (SGLT2i)
[Task Description]
You’ll receive an outcome and the percentage of affected patients in each group.
Decide whether these treatments have a causal effect on that outcome.
You will receive a query describing an outcome and the proportion of patients in each group who experienced it:
- One percentage for patients using GLP-1RA (treatment group).
- One percentage for patients using SGLT2i (control group).
Your task is to determine whether the treatments (GLP-1RA and SGLT2i) have a causal effect on that outcome.
[Cohort Description]
Adults with type 2 diabetes who began either GLP-1RA or SGLT2i.
All had a prior diabetes diagnosis.
GLP-1RA users: mean age 58.0, BMI 37.4.
SGLT2i users: mean age 64.6, BMI 32.8.
Charlson Comorbidity Index ≥ 3 in 65.2% (GLP-1RA) and 68.5% (SGLT2i).
[Instruction]
- Judge whether the treatments causally influence the outcome.
- Both treatments are expected to behave similarly (either both yes or both no).
- “Yes” = Positive Outcome (OOI); “No” = Negative Control Outcome (NCO).
- Reply with only “yes” or “no.”
[Few-shot examples]
- Treatment group using GLP-1RA (treatment) had 0.20% Foreign body in ear, compared with 0.12% for control group using SGLT2i. Does treatment have causal effect to the Foreign body in ear (is it a Positive Outcome)? - no
- Treatment group using GLP-1RA (treatment) had 94.81% Type 2 diabetes mellitus, compared with 96.68% for control group using SGLT2i. Does treatment have causal effect to the Type 2 diabetes mellitus (is it a Positive Outcome)? - yes
[Your Task]
[Question]
Treatment group using GLP-1RA (treatment) had 1.84% Regular astigmatism, compared with 1.01% for control group using SGLT2i. Does treatment have causal effect to the Regular astigmatism (is it a Positive Outcome)?
Answer: [Your answer, ""yes"" or ""no""]",3,"Okay, so I need to figure out whether GLP-1RA treatments have a causal effect on regular astigmatism in patients with type 2 diabetes. The data given is that 1.84% of GLP-1RA users experienced regular astigmatism, compared to 1.01% in the SGLT2i group. 

First, I should recall what regular astigmatism is. It's a common eye condition where the cornea isn't perfectly spherical, causing blurry vision. Now, considering that both treatments are for type 2 diabetes, I wonder if they directly cause astigmatism. 

GLP-1RA (Glucagon-Like Peptide-1 Receptor Agonists) are usually used to help manage blood sugar levels. They work by increasing insulin release and decreasing glucose output from the liver. They might also have some effects on weight loss and cardiovascular health. 

SGLT2i (Sodium-Glucose Cotransporter-2 Inhibitors) are another class of diabetes medications that work by preventing the kidneys from reabsorbing glucose, thus promoting urine excretion and lowering blood sugar levels. They've also been linked to benefits like weight loss and a reduced risk of cardiovascular events.

Now, considering the outcomes, regular astigmatism is related to eye health. I'm not immediately seeing a connection between diabetes treatments and eye conditions. Both GLP-1RA and SGLT2i are medications that affect blood sugar and other metabolic factors, but do they affect the eyes? 

I know that diabetes can lead to complications like diabetic retinopathy, which affects the blood vessels in the eyes. However, regular astigmatism is a different condition. It's more about the shape of the cornea. I don't recall any direct link between diabetes medications and astigmatism.

Looking at the percentages, GLP-1RA users have a slightly higher rate of regular astigmatism (1.84%) compared to SGLT2i users (1.01%). But the difference is small, only about 0.83 percentage points. This isn't a large difference, and it's possible that this could be due to chance or other factors, like differences in the populations studied, such as age or other comorbidities.

The cohort description mentions that GLP-1RA users are younger (mean age 58.0 vs. 64.6 for SGLT2i) and have a higher BMI (37.4 vs. 32.8). They also have a slightly lower Charlson Comorbidity Index (65.2% vs. 68.5%). These differences might mean that GLP-1RA users are more likely to have other health issues that could be related to astigmatism, but I'm not sure.

Another angle is whether the medications themselves cause astigmatism. I don't think either of these drugs have been associated with eye changes that would cause astigmatism. Both are more about metabolic effects. 

Considering the examples given, when the treatment group had a slightly higher percentage for a specific outcome, sometimes it was considered a positive outcome and sometimes not. For instance, in the first example, a higher percentage of foreign bodies in the ear was considered a negative outcome, possibly because it's unrelated. In the second example, a high percentage of Type 2 diabetes was considered a positive outcome because it's directly related to the treatment.

In this case, regular astigmatism isn't a diabetes-related complication. Therefore, it's unlikely that either treatment is causing it. The small difference in percentages might just be a coincidence or influenced by other factors not related to the treatments.

So, putting it all together, I don't think GLP-1RA or SGLT2i have a causal effect on regular astigmatism. The small difference in percentages doesn't indicate a meaningful causal relationship, especially since neither treatment is known to influence eye structure or disease.
</think>

no",no
Batch4,v3,medical_questions_v3.txt,9,"Question 9
[Background]
We compare two treatments for type 2 diabetes:
- Treatment: GLP-1 Receptor Agonists (GLP-1RA)
- Control: Sodium-Glucose Cotransporter-2 Inhibitors (SGLT2i)
[Task Description]
You’ll receive an outcome and the percentage of affected patients in each group.
Decide whether these treatments have a causal effect on that outcome.
You will receive a query describing an outcome and the proportion of patients in each group who experienced it:
- One percentage for patients using GLP-1RA (treatment group).
- One percentage for patients using SGLT2i (control group).
Your task is to determine whether the treatments (GLP-1RA and SGLT2i) have a causal effect on that outcome.
[Cohort Description]
Adults with type 2 diabetes who began either GLP-1RA or SGLT2i.
All had a prior diabetes diagnosis.
GLP-1RA users: mean age 58.0, BMI 37.4.
SGLT2i users: mean age 64.6, BMI 32.8.
Charlson Comorbidity Index ≥ 3 in 65.2% (GLP-1RA) and 68.5% (SGLT2i).
[Instruction]
- Judge whether the treatments causally influence the outcome.
- Both treatments are expected to behave similarly (either both yes or both no).
- “Yes” = Positive Outcome (OOI); “No” = Negative Control Outcome (NCO).
- Reply with only “yes” or “no.”
[Few-shot examples]
- Treatment group using GLP-1RA (treatment) had 0.20% Foreign body in ear, compared with 0.12% for control group using SGLT2i. Does treatment have causal effect to the Foreign body in ear (is it a Positive Outcome)? - no
- Treatment group using GLP-1RA (treatment) had 94.81% Type 2 diabetes mellitus, compared with 96.68% for control group using SGLT2i. Does treatment have causal effect to the Type 2 diabetes mellitus (is it a Positive Outcome)? - yes
[Your Task]
[Question]
Treatment group using GLP-1RA (treatment) had 1.84% Regular astigmatism, compared with 1.01% for control group using SGLT2i. Does treatment have causal effect to the Regular astigmatism (is it a Positive Outcome)?
Answer: [Your answer, ""yes"" or ""no""]",4,"Alright, let's try to figure out whether GLP-1RA treatment has a causal effect on regular astigmatism in this scenario. So, the question gives me that 1.84% of GLP-1RA users experienced regular astigmatism, compared to 1.01% in the SGLT2i control group. I need to determine if this difference is due to a causal effect of the treatment.

First, I should consider what regular astigmatism is. Astigmatism is a common eye condition where the eye's surfaces are not perfectly round, leading to blurred or distorted vision. I'm not sure if it's related to diabetes or the medications used to treat it.

GLP-1RA stands for GLP-1 Receptor Agonists, which are medications used to help manage type 2 diabetes by helping the pancreas release insulin and suppressing appetite. They're often used in conjunction with other treatments. SGLT2i are Sodium-Glucose Cotransporter-2 Inhibitors, another class of diabetes medications that work by preventing the kidneys from reabsorbing glucose, thus promoting weight loss and reducing the risk of heart disease.

Now, looking at the percentages, GLP-1RA users have a higher rate of regular astigmatism than SGLT2i users. But does that mean the treatment causes it? I need to think about potential confounders. Both groups are adults with type 2 diabetes, so they might have similar underlying eye health conditions. However, the question mentions that the cohorts have different characteristics: GLP-1RA users are younger (mean age 58.0 vs. 64.6), have a higher BMI (37.4 vs. 32.8), and a slightly lower Charlson Comorbidity Index (65.2% vs. 68.5%). These factors could influence the occurrence of astigmatism.

Age is a significant factor in eye health. Younger adults might be more likely to have different eye conditions than older adults, but I'm not sure if that's directly related. BMI is also linked to eye health issues; higher BMI can lead to conditions like diabetic retinopathy, but regular astigmatism is different. The Charlson Comorbidity Index measures comorbidities; a higher index means more chronic conditions. SGLT2i users have a slightly higher comorbidity burden, which might affect their overall health and perhaps their eye health.

Another angle is the medications themselves. Do GLP-1RA medications have side effects that could lead to astigmatism? I'm not aware of a direct link between GLP-1RA use and eye conditions like astigmatism. SGLT2i have been associated with lower risks of certain eye complications in diabetes, but I don't know if they're linked to astigmatism either.

Given that both treatments are for diabetes, but the comorbidity profiles and other factors differ, it's hard to isolate the treatment as the cause. The higher percentage in GLP-1RA users could be due to other factors related to their demographic or health status, not necessarily the medication itself.

Additionally, the example provided in the problem showed that when the treatment group had a higher percentage of a particular outcome, it was determined to be a negative outcome, meaning the treatment didn't cause it. So, in that case, even though the numbers were higher, the treatment wasn't the cause.

Applying that logic here, since GLP-1RA users have a higher rate of regular astigmatism, but considering the differences in age, BMI, and comorbidities, it's possible that these factors are contributing more to the outcome than the treatment itself. Therefore, it's likely that the treatment does not have a causal effect on regular astigmatism.
</think>

no",no
Batch4,v3,medical_questions_v3.txt,9,"Question 9
[Background]
We compare two treatments for type 2 diabetes:
- Treatment: GLP-1 Receptor Agonists (GLP-1RA)
- Control: Sodium-Glucose Cotransporter-2 Inhibitors (SGLT2i)
[Task Description]
You’ll receive an outcome and the percentage of affected patients in each group.
Decide whether these treatments have a causal effect on that outcome.
You will receive a query describing an outcome and the proportion of patients in each group who experienced it:
- One percentage for patients using GLP-1RA (treatment group).
- One percentage for patients using SGLT2i (control group).
Your task is to determine whether the treatments (GLP-1RA and SGLT2i) have a causal effect on that outcome.
[Cohort Description]
Adults with type 2 diabetes who began either GLP-1RA or SGLT2i.
All had a prior diabetes diagnosis.
GLP-1RA users: mean age 58.0, BMI 37.4.
SGLT2i users: mean age 64.6, BMI 32.8.
Charlson Comorbidity Index ≥ 3 in 65.2% (GLP-1RA) and 68.5% (SGLT2i).
[Instruction]
- Judge whether the treatments causally influence the outcome.
- Both treatments are expected to behave similarly (either both yes or both no).
- “Yes” = Positive Outcome (OOI); “No” = Negative Control Outcome (NCO).
- Reply with only “yes” or “no.”
[Few-shot examples]
- Treatment group using GLP-1RA (treatment) had 0.20% Foreign body in ear, compared with 0.12% for control group using SGLT2i. Does treatment have causal effect to the Foreign body in ear (is it a Positive Outcome)? - no
- Treatment group using GLP-1RA (treatment) had 94.81% Type 2 diabetes mellitus, compared with 96.68% for control group using SGLT2i. Does treatment have causal effect to the Type 2 diabetes mellitus (is it a Positive Outcome)? - yes
[Your Task]
[Question]
Treatment group using GLP-1RA (treatment) had 1.84% Regular astigmatism, compared with 1.01% for control group using SGLT2i. Does treatment have causal effect to the Regular astigmatism (is it a Positive Outcome)?
Answer: [Your answer, ""yes"" or ""no""]",5,"Okay, so I need to figure out whether GLP-1RA or SGLT2i treatments have a causal effect on regular astigmatism in patients with type 2 diabetes. Let's break this down step by step.

First, I'll recall what GLP-1RA and SGLT2i do. GLP-1 Receptor Agonists, like exenatide or liraglutide, help regulate blood sugar by increasing insulin release and reducing sugar absorption in the gut. They can also lead to weight loss. SGLT2 Inhibitors, such as empagliflozin or dapagliflozin, work by preventing the kidneys from reabsorbing glucose, thus promoting urine excretion of excess glucose. Both are used to manage type 2 diabetes, but they have different mechanisms.

Regular astigmatism is a type of eye condition where the eye's cornea is not perfectly round, causing vision distortion. Now, I need to determine if either of these medications causes or significantly affects this condition.

Looking at the example provided, when the treatment group had a higher percentage of a certain outcome, it was considered a Positive Outcome if it's expected to be caused by the treatment. Conversely, if the outcome is a Negative Control Outcome, the answer is ""no.""

In the example given, when the treatment group had a higher percentage of Foreign body in ear, it was considered a Negative Control Outcome because neither treatment is expected to cause that. Similarly, a higher percentage of Type 2 diabetes in the treatment group was considered a Positive Outcome because the treatment is used for that condition, so it's expected.

Applying this to the current question: the treatment group (GLP-1RA) has 1.84% of patients experiencing Regular astigmatism, compared to 1.01% in the control group (SGLT2i). 

Now, do either of these treatments cause astigmatism? From what I know, neither GLP-1RA nor SGLT2i has any known connection to eye conditions like astigmatism. Both are focused on blood sugar management and don't have side effects related to eye health as far as I'm aware. Astigmatism is typically related to eye health issues, possibly due to refractive errors or other eye conditions, not blood sugar medications.

Therefore, since neither treatment is expected to influence astigmatism, the higher percentage in the treatment group doesn't indicate causation. Instead, it might just be a coincidence or due to other factors not related to the treatments.

So, the answer should be ""no"" because the treatments don't causally influence regular astigmatism.
</think>

no",no
Batch4,v3,medical_questions_v3.txt,9,"Question 9
[Background]
We compare two treatments for type 2 diabetes:
- Treatment: GLP-1 Receptor Agonists (GLP-1RA)
- Control: Sodium-Glucose Cotransporter-2 Inhibitors (SGLT2i)
[Task Description]
You’ll receive an outcome and the percentage of affected patients in each group.
Decide whether these treatments have a causal effect on that outcome.
You will receive a query describing an outcome and the proportion of patients in each group who experienced it:
- One percentage for patients using GLP-1RA (treatment group).
- One percentage for patients using SGLT2i (control group).
Your task is to determine whether the treatments (GLP-1RA and SGLT2i) have a causal effect on that outcome.
[Cohort Description]
Adults with type 2 diabetes who began either GLP-1RA or SGLT2i.
All had a prior diabetes diagnosis.
GLP-1RA users: mean age 58.0, BMI 37.4.
SGLT2i users: mean age 64.6, BMI 32.8.
Charlson Comorbidity Index ≥ 3 in 65.2% (GLP-1RA) and 68.5% (SGLT2i).
[Instruction]
- Judge whether the treatments causally influence the outcome.
- Both treatments are expected to behave similarly (either both yes or both no).
- “Yes” = Positive Outcome (OOI); “No” = Negative Control Outcome (NCO).
- Reply with only “yes” or “no.”
[Few-shot examples]
- Treatment group using GLP-1RA (treatment) had 0.20% Foreign body in ear, compared with 0.12% for control group using SGLT2i. Does treatment have causal effect to the Foreign body in ear (is it a Positive Outcome)? - no
- Treatment group using GLP-1RA (treatment) had 94.81% Type 2 diabetes mellitus, compared with 96.68% for control group using SGLT2i. Does treatment have causal effect to the Type 2 diabetes mellitus (is it a Positive Outcome)? - yes
[Your Task]
[Question]
Treatment group using GLP-1RA (treatment) had 1.84% Regular astigmatism, compared with 1.01% for control group using SGLT2i. Does treatment have causal effect to the Regular astigmatism (is it a Positive Outcome)?
Answer: [Your answer, ""yes"" or ""no""]",6,"Okay, so I need to figure out whether GLP-1 Receptor Agonists (GLP-1RA) or Sodium-Glucose Cotransporter-2 Inhibitors (SGLT2i) have a causal effect on Regular astigmatism in patients with type 2 diabetes. The question provides the percentages of patients experiencing Regular astigmatism in each group: 1.84% in the GLP-1RA group and 1.01% in the SGLT2i group.

First, I should understand what Regular astigmatism is. Astigmatism is a common eye condition where the eye's surface isn't perfectly round, causing blurry or distorted vision. Regular astigmatism specifically refers to the most common type, with the cornea being a little more curved than flat.

Now, thinking about the treatments. GLP-1RA drugs, like exenatide or liraglutide, are used to help manage type 2 diabetes by aiding in weight loss, reducing appetite, and promoting insulin secretion. They're often used as part of a comprehensive treatment plan. On the other hand, SGLT2i inhibitors, like empagliflozin or dapagliflozin, work by inhibiting the kidneys' reabsorption of glucose, thereby increasing urine output and lowering blood sugar levels. These drugs are also sometimes used for cardiovascular benefits beyond just glucose control.

The task is to determine if either of these treatments causally affects Regular astigmatism. The instruction says that both treatments are expected to behave similarly—either both have a causal effect or neither does. So, I need to assess if there's a plausible link between the use of these medications and the occurrence of astigmatism.

Looking at the percentages, the GLP-1RA group has a higher rate of Regular astigmatism (1.84%) compared to the SGLT2i group (1.01%). At first glance, this might suggest that GLP-1RA could be causing the condition, but it's important to consider other factors.

The cohort description provides some relevant information: both groups consist of adults with type 2 diabetes, with GLP-1RA users being slightly younger (mean age 58.0 vs. 64.6) and having a higher BMI (37.4 vs. 32.8). They also have similar comorbidity indices, with about two-thirds of each group having a Charlson Comorbidity Index of at least 3.

BMI is a known risk factor for astigmatism. Higher BMI is associated with greater corneal curvature, which can lead to astigmatism. So, the GLP-1RA group, having a higher BMI, might have a higher prevalence of Regular astigmatism not because of the medication but because of the associated weight gain or other metabolic factors linked to obesity.

Additionally, both GLP-1RA and SGLT2i can cause weight loss or changes in body composition. However, SGLT2i are often associated with a slight weight loss or maintenance, while GLP-1RA can lead to more significant weight loss. But in this case, the SGLT2i group has a lower BMI, which might contribute to a lower incidence of astigmatism.

Another point to consider is whether these medications have any known effects on eye health. GLP-1RA drugs are generally well-tolerated, but I don't recall any direct link to eye conditions like astigmatism. SGLT2i have been associated with some eye effects, such as increased risk of diabetic retinopathy, but not astigmatism. However, the data here is about a specific type of astigmatism, and it's unclear if the medication directly causes it.

The example provided in the question shows that when the treatment group had a higher percentage of a particular outcome, it was determined to be a negative control outcome (NCO). In that case, the higher percentage was attributed to other factors, not the treatment. So, applying that reasoning here, the higher percentage in the GLP-1RA group might be due to factors like BMI rather than the medication itself.

Furthermore, both GLP-1RA and SGLT2i are used to manage type 2 diabetes, and while they have different mechanisms, they are both glucose-lowering agents. The outcome in question, Regular astigmatism, is not directly related to glucose control but is more of an eye condition. Therefore, the causal link between the treatment and the outcome is weak.

In conclusion, it's more plausible that the higher rate of Regular astigmatism in the GLP-1RA group is due to the higher BMI and other associated factors rather than the medication itself. Since both treatments don't have a known causal relationship with Regular astigmatism, and the higher rate in one group can be explained by other variables, the answer would be that neither treatment has a causal effect on Regular astigmatism.
</think>

no",no
Batch4,v3,medical_questions_v3.txt,9,"Question 9
[Background]
We compare two treatments for type 2 diabetes:
- Treatment: GLP-1 Receptor Agonists (GLP-1RA)
- Control: Sodium-Glucose Cotransporter-2 Inhibitors (SGLT2i)
[Task Description]
You’ll receive an outcome and the percentage of affected patients in each group.
Decide whether these treatments have a causal effect on that outcome.
You will receive a query describing an outcome and the proportion of patients in each group who experienced it:
- One percentage for patients using GLP-1RA (treatment group).
- One percentage for patients using SGLT2i (control group).
Your task is to determine whether the treatments (GLP-1RA and SGLT2i) have a causal effect on that outcome.
[Cohort Description]
Adults with type 2 diabetes who began either GLP-1RA or SGLT2i.
All had a prior diabetes diagnosis.
GLP-1RA users: mean age 58.0, BMI 37.4.
SGLT2i users: mean age 64.6, BMI 32.8.
Charlson Comorbidity Index ≥ 3 in 65.2% (GLP-1RA) and 68.5% (SGLT2i).
[Instruction]
- Judge whether the treatments causally influence the outcome.
- Both treatments are expected to behave similarly (either both yes or both no).
- “Yes” = Positive Outcome (OOI); “No” = Negative Control Outcome (NCO).
- Reply with only “yes” or “no.”
[Few-shot examples]
- Treatment group using GLP-1RA (treatment) had 0.20% Foreign body in ear, compared with 0.12% for control group using SGLT2i. Does treatment have causal effect to the Foreign body in ear (is it a Positive Outcome)? - no
- Treatment group using GLP-1RA (treatment) had 94.81% Type 2 diabetes mellitus, compared with 96.68% for control group using SGLT2i. Does treatment have causal effect to the Type 2 diabetes mellitus (is it a Positive Outcome)? - yes
[Your Task]
[Question]
Treatment group using GLP-1RA (treatment) had 1.84% Regular astigmatism, compared with 1.01% for control group using SGLT2i. Does treatment have causal effect to the Regular astigmatism (is it a Positive Outcome)?
Answer: [Your answer, ""yes"" or ""no""]",7,"Okay, so I need to figure out whether GLP-1RA treatment has a causal effect on regular astigmatism compared to SGLT2i. Let me start by understanding the problem.

First, the background says we're comparing two diabetes treatments: GLP-1 Receptor Agonists (GLP-1RA) and Sodium-Glucose Cotransporter-2 Inhibitors (SGLT2i). The task is to determine if these treatments causally influence a given outcome, which in this case is regular astigmatism. I'll receive the percentage of patients in each group who experienced the outcome, and I need to decide if the treatment caused it.

The example given was for foreign body in the ear, where the treatment group had a higher rate but the answer was ""no,"" meaning it wasn't a positive outcome. The second example was for Type 2 diabetes, where both groups had similar rates, but the answer was ""yes."" Wait, that seems contradictory. So in the first example, higher rate in treatment, answer was no. In the second, both had similar rates but the answer was yes. Hmm, maybe the key isn't just the difference but whether the treatment is expected to cause that outcome.

Looking at the instruction, it says to judge whether the treatments causally influence the outcome. Both treatments are expected to behave similarly, either both yes or both no. So if the outcome is something that both treatments are supposed to influence, then if one group has a higher rate, it's a positive outcome, but if it's something unrelated, it's a negative outcome.

Now, considering the specific question: treatment group (GLP-1RA) had 1.84% regular astigmatism, control (SGLT2i) had 1.01%. So the treatment group has a higher percentage. But does GLP-1RA cause regular astigmatism?

I know that GLP-1RA is used for diabetes management, often helping with weight loss and blood sugar control. They can sometimes cause side effects like nausea, diarrhea, and even thyroid issues, but I don't recall astigmatism being a common side effect. Astigmatism is a common eye condition where the eye has a mismatched curvature of the cornea and lens, causing blurry or distorted vision. It's usually related to the eye structure and not directly linked to diabetes treatments.

SGLT2i, on the other hand, are also used for diabetes and can have side effects like urinary tract infections, increased urination, and sometimes ketoacidosis. I don't think they're linked to eye issues either. So both treatments are for diabetes but don't typically cause eye conditions like astigmatism.

Since both treatments don't cause regular astigmatism, the higher rate in the treatment group might just be a coincidence or due to other factors, like maybe the study population had more people with existing eye conditions, or the way the data was collected. Therefore, it's unlikely that GLP-1RA caused the astigmatism. So the answer should be ""no.""
</think>

no",no
Batch4,v3,medical_questions_v3.txt,9,"Question 9
[Background]
We compare two treatments for type 2 diabetes:
- Treatment: GLP-1 Receptor Agonists (GLP-1RA)
- Control: Sodium-Glucose Cotransporter-2 Inhibitors (SGLT2i)
[Task Description]
You’ll receive an outcome and the percentage of affected patients in each group.
Decide whether these treatments have a causal effect on that outcome.
You will receive a query describing an outcome and the proportion of patients in each group who experienced it:
- One percentage for patients using GLP-1RA (treatment group).
- One percentage for patients using SGLT2i (control group).
Your task is to determine whether the treatments (GLP-1RA and SGLT2i) have a causal effect on that outcome.
[Cohort Description]
Adults with type 2 diabetes who began either GLP-1RA or SGLT2i.
All had a prior diabetes diagnosis.
GLP-1RA users: mean age 58.0, BMI 37.4.
SGLT2i users: mean age 64.6, BMI 32.8.
Charlson Comorbidity Index ≥ 3 in 65.2% (GLP-1RA) and 68.5% (SGLT2i).
[Instruction]
- Judge whether the treatments causally influence the outcome.
- Both treatments are expected to behave similarly (either both yes or both no).
- “Yes” = Positive Outcome (OOI); “No” = Negative Control Outcome (NCO).
- Reply with only “yes” or “no.”
[Few-shot examples]
- Treatment group using GLP-1RA (treatment) had 0.20% Foreign body in ear, compared with 0.12% for control group using SGLT2i. Does treatment have causal effect to the Foreign body in ear (is it a Positive Outcome)? - no
- Treatment group using GLP-1RA (treatment) had 94.81% Type 2 diabetes mellitus, compared with 96.68% for control group using SGLT2i. Does treatment have causal effect to the Type 2 diabetes mellitus (is it a Positive Outcome)? - yes
[Your Task]
[Question]
Treatment group using GLP-1RA (treatment) had 1.84% Regular astigmatism, compared with 1.01% for control group using SGLT2i. Does treatment have causal effect to the Regular astigmatism (is it a Positive Outcome)?
Answer: [Your answer, ""yes"" or ""no""]",8,"Okay, so I need to figure out whether GLP-1RA treatments have a causal effect on regular astigmatism compared to SGLT2i. The data given is that 1.84% of GLP-1RA users experienced regular astigmatism, while 1.01% of SGLT2i users did. 

First, I should recall what regular astigmatism is. Astigmatism is a common eye condition where the eye's surface is not perfectly round, causing distorted or blurry vision. It's a refractive error, meaning it's related to how the eyes focus light. 

Now, GLP-1RA stands for Glucagon-Like Peptide-1 Receptor Agonists. These medications are used to help regulate blood sugar in type 2 diabetes. They work by slowing down digestion, which helps reduce blood sugar levels. They can also have effects on weight loss and might help with cardiovascular health.

SGLT2i, Sodium-Glucose Cotransporter-2 Inhibitors, also help regulate blood sugar by preventing the kidneys from reabsorbing glucose, thus promoting urine output and lowering blood sugar. They have been shown to have benefits beyond just glucose control, such as reducing the risk of heart disease and helping with weight loss.

Looking at the percentages, both treatments have a very low incidence of regular astigmatism. The GLP-1RA group has a slightly higher rate (1.84%) compared to SGLT2i (1.01%). 

I need to determine if this difference is causally related. So, does using GLP-1RA cause more astigmatism, or is there another factor at play? 

Astigmatism is primarily a result of the shape of the eye. It's a congenital condition, meaning it's present from birth and isn't typically caused by lifestyle factors or medications. Therefore, the medications themselves are unlikely to cause astigmatism. 

However, it's also possible that there's a confounding factor. For example, maybe patients with more severe diabetes or those with certain comorbidities are more likely to develop astigmatism, and the treatment they're on might be a marker for that. But in this case, the instructions mention that both treatments are expected to behave similarly, either both yes or both no. 

Looking at the examples provided, in one case, a treatment group had a higher rate of a condition, and it was considered a positive outcome, implying causation. In another case, even though the treatment group had a slightly higher rate, it was considered a negative control outcome, possibly because the condition isn't related to the treatment. 

Regular astigmatism is an eye condition, and it's not directly related to diabetes or the medications used to treat it. Therefore, the higher percentage in the GLP-1RA group might just be a coincidence or due to other factors not accounted for, like age, BMI, or other comorbidities. 

Given that both treatments are medications for diabetes and don't have known effects on astigmatism, the difference is likely not causal. Therefore, the answer should be ""no,"" indicating that GLP-1RA does not causally influence regular astigmatism in this context.
</think>

no",no
Batch4,v3,medical_questions_v3.txt,9,"Question 9
[Background]
We compare two treatments for type 2 diabetes:
- Treatment: GLP-1 Receptor Agonists (GLP-1RA)
- Control: Sodium-Glucose Cotransporter-2 Inhibitors (SGLT2i)
[Task Description]
You’ll receive an outcome and the percentage of affected patients in each group.
Decide whether these treatments have a causal effect on that outcome.
You will receive a query describing an outcome and the proportion of patients in each group who experienced it:
- One percentage for patients using GLP-1RA (treatment group).
- One percentage for patients using SGLT2i (control group).
Your task is to determine whether the treatments (GLP-1RA and SGLT2i) have a causal effect on that outcome.
[Cohort Description]
Adults with type 2 diabetes who began either GLP-1RA or SGLT2i.
All had a prior diabetes diagnosis.
GLP-1RA users: mean age 58.0, BMI 37.4.
SGLT2i users: mean age 64.6, BMI 32.8.
Charlson Comorbidity Index ≥ 3 in 65.2% (GLP-1RA) and 68.5% (SGLT2i).
[Instruction]
- Judge whether the treatments causally influence the outcome.
- Both treatments are expected to behave similarly (either both yes or both no).
- “Yes” = Positive Outcome (OOI); “No” = Negative Control Outcome (NCO).
- Reply with only “yes” or “no.”
[Few-shot examples]
- Treatment group using GLP-1RA (treatment) had 0.20% Foreign body in ear, compared with 0.12% for control group using SGLT2i. Does treatment have causal effect to the Foreign body in ear (is it a Positive Outcome)? - no
- Treatment group using GLP-1RA (treatment) had 94.81% Type 2 diabetes mellitus, compared with 96.68% for control group using SGLT2i. Does treatment have causal effect to the Type 2 diabetes mellitus (is it a Positive Outcome)? - yes
[Your Task]
[Question]
Treatment group using GLP-1RA (treatment) had 1.84% Regular astigmatism, compared with 1.01% for control group using SGLT2i. Does treatment have causal effect to the Regular astigmatism (is it a Positive Outcome)?
Answer: [Your answer, ""yes"" or ""no""]",9,"Okay, so I'm trying to figure out whether GLP-1RA treatments have a causal effect on regular astigmatism in patients with type 2 diabetes. Let's break down the information given.

First, the question states that 1.84% of GLP-1RA users experienced regular astigmatism, compared to 1.01% in the SGLT2i group. So, the treatment group has a higher rate of this outcome.

I remember from the background that both GLP-1RA and SGLT2i are diabetes treatments, but they work differently. GLP-1RA helps with glucose control by increasing insulin release and decreasing sugar production, while SGLT2i inhibits the kidneys from reabsorbing glucose, thus promoting excretion.

Now, the task is to determine if either treatment causes regular astigmatism. But wait, regular astigmatism is a condition related to the eyes, specifically the shape of the cornea. It's a refractive error, not directly related to diabetes or treatments for it. 

Looking at the examples provided, when the outcome was something related to diabetes (like Type 2 diabetes mellitus), the answer was ""yes"" because the treatment is directly aimed at managing diabetes. However, when the outcome was something unrelated, like a foreign body in the ear, the answer was ""no"" because there's no causal link.

So, in this case, regular astigmatism is not something that's directly caused by diabetes or its treatments. Both GLP-1RA and SGLT2i are focused on blood sugar control. There's no known link between these medications and eye conditions like astigmatism. 

Also, considering the cohort details, the patients are adults with type 2 diabetes, but their comorbidities and other factors like age and BMI might influence eye health, but that's speculative. The question is specifically about whether the treatments cause the outcome, not whether the condition is related to diabetes.

Therefore, since regular astigmatism is an eye condition and the treatments are for diabetes, there's no causal relationship here. So, the answer should be ""no.""
</think>

The treatments GLP-1RA and SGLT2i are designed to manage blood sugar levels in type 2 diabetes. Regular astigmatism, a refractive eye condition, is unrelated to diabetes or these medications. There's no established causal connection between these treatments and astigmatism.

Answer: no",
Batch4,v3,medical_questions_v3.txt,9,"Question 9
[Background]
We compare two treatments for type 2 diabetes:
- Treatment: GLP-1 Receptor Agonists (GLP-1RA)
- Control: Sodium-Glucose Cotransporter-2 Inhibitors (SGLT2i)
[Task Description]
You’ll receive an outcome and the percentage of affected patients in each group.
Decide whether these treatments have a causal effect on that outcome.
You will receive a query describing an outcome and the proportion of patients in each group who experienced it:
- One percentage for patients using GLP-1RA (treatment group).
- One percentage for patients using SGLT2i (control group).
Your task is to determine whether the treatments (GLP-1RA and SGLT2i) have a causal effect on that outcome.
[Cohort Description]
Adults with type 2 diabetes who began either GLP-1RA or SGLT2i.
All had a prior diabetes diagnosis.
GLP-1RA users: mean age 58.0, BMI 37.4.
SGLT2i users: mean age 64.6, BMI 32.8.
Charlson Comorbidity Index ≥ 3 in 65.2% (GLP-1RA) and 68.5% (SGLT2i).
[Instruction]
- Judge whether the treatments causally influence the outcome.
- Both treatments are expected to behave similarly (either both yes or both no).
- “Yes” = Positive Outcome (OOI); “No” = Negative Control Outcome (NCO).
- Reply with only “yes” or “no.”
[Few-shot examples]
- Treatment group using GLP-1RA (treatment) had 0.20% Foreign body in ear, compared with 0.12% for control group using SGLT2i. Does treatment have causal effect to the Foreign body in ear (is it a Positive Outcome)? - no
- Treatment group using GLP-1RA (treatment) had 94.81% Type 2 diabetes mellitus, compared with 96.68% for control group using SGLT2i. Does treatment have causal effect to the Type 2 diabetes mellitus (is it a Positive Outcome)? - yes
[Your Task]
[Question]
Treatment group using GLP-1RA (treatment) had 1.84% Regular astigmatism, compared with 1.01% for control group using SGLT2i. Does treatment have causal effect to the Regular astigmatism (is it a Positive Outcome)?
Answer: [Your answer, ""yes"" or ""no""]",10,"Okay, so I'm trying to figure out whether GLP-1RA treatments have a causal effect on regular astigmatism based on the given data. Let me break this down step by step.

First, the problem states that we have two groups: one using GLP-1RA (treatment) and the other using SGLT2i (control). The outcome in question is regular astigmatism, with 1.84% of GLP-1RA users experiencing it compared to 1.01% in the SGLT2i group. 

I remember that in the examples provided, when the treatment group had a higher percentage of a certain outcome, it was considered a positive outcome. For instance, if the treatment group had a higher incidence of something, it was ""yes,"" meaning the treatment caused it. Conversely, if the treatment group had a lower incidence, it was ""no.""

In this case, the treatment group (GLP-1RA) has a higher percentage (1.84%) compared to the control (1.01%). According to the examples, this suggests a positive outcome, so the treatment might have a causal effect.

However, I should consider whether there are other factors that could influence this outcome. Both groups have similar backgrounds: adults with type 2 diabetes, similar comorbidities, and differences in age and BMI. But regular astigmatism is an eye condition, which might not be directly related to diabetes treatments. 

Wait, that's a point. Regular astigmatism is an eye condition, and the treatments here are for diabetes. Are there any known connections between GLP-1RA or SGLT2i and astigmatism? I don't recall any specific link. So, maybe the higher percentage in the GLP-1RA group is just a coincidence or perhaps influenced by other factors.

Also, the example provided earlier had a situation where the treatment group had a higher percentage, and the answer was ""yes."" So, following that logic, since GLP-1RA has a higher rate here, the answer should be ""yes.""

But I'm a bit unsure because regular astigmatism is a medical condition, and the treatments are for diabetes. It might not make sense for these drugs to cause astigmatism. Maybe the higher percentage is due to another confounding factor, like more eye exams in the GLP-1RA group or something else.

However, based on the instruction, I should go with the data provided. Since the GLP-1RA group has a higher percentage, it's considered a positive outcome, so the answer is ""yes.""
</think>

yes",yes
Batch4,v3,medical_questions_v3.txt,10,"Question 10
[Background]
We compare two treatments for type 2 diabetes:
- Treatment: GLP-1 Receptor Agonists (GLP-1RA)
- Control: Sodium-Glucose Cotransporter-2 Inhibitors (SGLT2i)
[Task Description]
You’ll receive an outcome and the percentage of affected patients in each group.
Decide whether these treatments have a causal effect on that outcome.
You will receive a query describing an outcome and the proportion of patients in each group who experienced it:
- One percentage for patients using GLP-1RA (treatment group).
- One percentage for patients using SGLT2i (control group).
Your task is to determine whether the treatments (GLP-1RA and SGLT2i) have a causal effect on that outcome.
[Cohort Description]
Adults with type 2 diabetes who began either GLP-1RA or SGLT2i.
All had a prior diabetes diagnosis.
GLP-1RA users: mean age 58.0, BMI 37.4.
SGLT2i users: mean age 64.6, BMI 32.8.
Charlson Comorbidity Index ≥ 3 in 65.2% (GLP-1RA) and 68.5% (SGLT2i).
[Instruction]
- Judge whether the treatments causally influence the outcome.
- Both treatments are expected to behave similarly (either both yes or both no).
- “Yes” = Positive Outcome (OOI); “No” = Negative Control Outcome (NCO).
- Reply with only “yes” or “no.”
[Few-shot examples]
- Treatment group using GLP-1RA (treatment) had 0.20% Foreign body in ear, compared with 0.12% for control group using SGLT2i. Does treatment have causal effect to the Foreign body in ear (is it a Positive Outcome)? - no
- Treatment group using GLP-1RA (treatment) had 94.81% Type 2 diabetes mellitus, compared with 96.68% for control group using SGLT2i. Does treatment have causal effect to the Type 2 diabetes mellitus (is it a Positive Outcome)? - yes
[Your Task]
[Question]
Treatment group using GLP-1RA (treatment) had 4.17% Impacted cerumen, compared with 3.26% for control group using SGLT2i. Does treatment have causal effect to the Impacted cerumen (is it a Positive Outcome)?
Answer: [Your answer, ""yes"" or ""no""]",1,"Okay, so I'm trying to figure out whether GLP-1 Receptor Agonists (GLP-1RA) have a causal effect on impacted cerumen in patients with type 2 diabetes. The data given is that 4.17% of GLP-1RA users experienced this outcome, compared to 3.26% in the SGLT2i group. 

First, I need to understand what impacted cerumen is. Cerumen is the wax-like substance produced by ear canals. Impacted cerumen is when it builds up and blocks the ear canal, causing issues like hearing loss or ear infections. Now, the question is whether using GLP-1RA causes this condition more than SGLT2i.

GLP-1RA medications are typically used to help with weight loss and blood sugar control in type 2 diabetes. They work by increasing the release of insulin and slowing down glucose absorption. They can also cause nausea and vomiting, which might be why the example given earlier had a foreign body in the ear related to GLP-1RA use, though that was a negative outcome.

Looking at the comorbidities, GLP-1RA users have a higher Charlson Comorbidity Index (65.2%) compared to SGLT2i users (68.5%), but that's actually higher in SGLT2i. Wait, no, 68.5% is higher than 65.2%, so SGLT2i users have more comorbidities. But I'm not sure how that directly affects cerumen.

The age and BMI are different too. GLP-1RA users are younger (mean age 58.0) and have a higher BMI (37.4), while SGLT2i users are older (64.6) and have a lower BMI (32.8). Higher BMI is associated with more cerumen, as it can trap more earwax. So GLP-1RA users, with higher BMIs, might naturally have more cerumen. However, SGLT2i users are older, which can also lead to more cerumen as age can affect earwax production.

But the question is about the causal effect of the treatment. So, does using GLP-1RA cause impacted cerumen, or is it just a correlation with higher BMI? The example given where the treatment didn't cause a foreign body in the ear was answered with ""no,"" probably because it's more related to BMI or other factors.

In this case, the percentage of impacted cerumen is slightly higher in GLP-1RA users. But considering that GLP-1RA might cause more gastrointestinal issues, like nausea, which could lead to more ear cleaning or other behaviors that might affect cerumen. However, the example with foreign body was negative, so maybe impacted cerumen is just a side effect of having more cerumen, not directly caused by the medication.

Alternatively, maybe the medications don't directly cause cerumen issues. Both treatments are supposed to behave similarly, so if one didn't have a causal effect, neither would. Since in the example, it was ""no,"" maybe this case is similar. The difference in percentages is small (4.17% vs. 3.26%), and considering the comorbidities and other factors like BMI, it might just be a coincidence rather than a causal effect.

Also, the instruction says to assume both treatments behave similarly, so if one doesn't have a causal effect, the other doesn't either. Therefore, it's likely that neither treatment causally affects cerumen, so the answer would be ""no.""
</think>

no",no
Batch4,v3,medical_questions_v3.txt,10,"Question 10
[Background]
We compare two treatments for type 2 diabetes:
- Treatment: GLP-1 Receptor Agonists (GLP-1RA)
- Control: Sodium-Glucose Cotransporter-2 Inhibitors (SGLT2i)
[Task Description]
You’ll receive an outcome and the percentage of affected patients in each group.
Decide whether these treatments have a causal effect on that outcome.
You will receive a query describing an outcome and the proportion of patients in each group who experienced it:
- One percentage for patients using GLP-1RA (treatment group).
- One percentage for patients using SGLT2i (control group).
Your task is to determine whether the treatments (GLP-1RA and SGLT2i) have a causal effect on that outcome.
[Cohort Description]
Adults with type 2 diabetes who began either GLP-1RA or SGLT2i.
All had a prior diabetes diagnosis.
GLP-1RA users: mean age 58.0, BMI 37.4.
SGLT2i users: mean age 64.6, BMI 32.8.
Charlson Comorbidity Index ≥ 3 in 65.2% (GLP-1RA) and 68.5% (SGLT2i).
[Instruction]
- Judge whether the treatments causally influence the outcome.
- Both treatments are expected to behave similarly (either both yes or both no).
- “Yes” = Positive Outcome (OOI); “No” = Negative Control Outcome (NCO).
- Reply with only “yes” or “no.”
[Few-shot examples]
- Treatment group using GLP-1RA (treatment) had 0.20% Foreign body in ear, compared with 0.12% for control group using SGLT2i. Does treatment have causal effect to the Foreign body in ear (is it a Positive Outcome)? - no
- Treatment group using GLP-1RA (treatment) had 94.81% Type 2 diabetes mellitus, compared with 96.68% for control group using SGLT2i. Does treatment have causal effect to the Type 2 diabetes mellitus (is it a Positive Outcome)? - yes
[Your Task]
[Question]
Treatment group using GLP-1RA (treatment) had 4.17% Impacted cerumen, compared with 3.26% for control group using SGLT2i. Does treatment have causal effect to the Impacted cerumen (is it a Positive Outcome)?
Answer: [Your answer, ""yes"" or ""no""]",2,"Okay, so I need to figure out whether GLP-1RA treatments have a causal effect on impacted cerumen in patients with type 2 diabetes. The data given is that 4.17% of GLP-1RA users experienced this outcome, compared to 3.26% in the SGLT2i group. 

First, I should understand what impacted cerumen is. Impacted cerumen is when earwax becomes built up and causes blockage, leading to symptoms like hearing loss or discomfort. It's not directly related to diabetes, but I should consider if any of the treatments could indirectly cause this.

GLP-1RA medications, like exenatide or liraglutide, are known to help with weight loss and blood sugar control. They work by slowing digestion and increasing feelings of fullness. SGLT2i drugs, like empagliflozin, also help with blood sugar control but work differently, often leading to weight loss as well.

Looking at the percentages, GLP-1RA has a slightly higher rate of impacted cerumen. However, both treatments are used for managing type 2 diabetes, and there's no direct link between diabetes medications and earwax issues. It's possible that the higher percentage in GLP-1RA is due to other factors, like differences in how the drugs affect the body, but impacted cerumen is not a known side effect of these medications.

Also, considering the other factors provided, like age, BMI, and comorbidities, both groups have different demographics. The GLP-1RA group is younger and has a higher BMI, which might be associated with more earwax issues. SGLT2i users are older and have a lower BMI, which might be protective. So, the difference in impacted cerumen could be due to these confounding factors rather than the treatment itself.

Since both treatments are expected to behave similarly, and there's no strong evidence that either causes impacted cerumen, it's more likely that the difference is coincidental or due to other variables. Therefore, it's reasonable to conclude that GLP-1RA does not causally influence impacted cerumen in this context.
</think>

no",no
Batch4,v3,medical_questions_v3.txt,10,"Question 10
[Background]
We compare two treatments for type 2 diabetes:
- Treatment: GLP-1 Receptor Agonists (GLP-1RA)
- Control: Sodium-Glucose Cotransporter-2 Inhibitors (SGLT2i)
[Task Description]
You’ll receive an outcome and the percentage of affected patients in each group.
Decide whether these treatments have a causal effect on that outcome.
You will receive a query describing an outcome and the proportion of patients in each group who experienced it:
- One percentage for patients using GLP-1RA (treatment group).
- One percentage for patients using SGLT2i (control group).
Your task is to determine whether the treatments (GLP-1RA and SGLT2i) have a causal effect on that outcome.
[Cohort Description]
Adults with type 2 diabetes who began either GLP-1RA or SGLT2i.
All had a prior diabetes diagnosis.
GLP-1RA users: mean age 58.0, BMI 37.4.
SGLT2i users: mean age 64.6, BMI 32.8.
Charlson Comorbidity Index ≥ 3 in 65.2% (GLP-1RA) and 68.5% (SGLT2i).
[Instruction]
- Judge whether the treatments causally influence the outcome.
- Both treatments are expected to behave similarly (either both yes or both no).
- “Yes” = Positive Outcome (OOI); “No” = Negative Control Outcome (NCO).
- Reply with only “yes” or “no.”
[Few-shot examples]
- Treatment group using GLP-1RA (treatment) had 0.20% Foreign body in ear, compared with 0.12% for control group using SGLT2i. Does treatment have causal effect to the Foreign body in ear (is it a Positive Outcome)? - no
- Treatment group using GLP-1RA (treatment) had 94.81% Type 2 diabetes mellitus, compared with 96.68% for control group using SGLT2i. Does treatment have causal effect to the Type 2 diabetes mellitus (is it a Positive Outcome)? - yes
[Your Task]
[Question]
Treatment group using GLP-1RA (treatment) had 4.17% Impacted cerumen, compared with 3.26% for control group using SGLT2i. Does treatment have causal effect to the Impacted cerumen (is it a Positive Outcome)?
Answer: [Your answer, ""yes"" or ""no""]",3,"Okay, so I'm trying to figure out whether GLP-1RA treatments have a causal effect on impacted cerumen in the context of type 2 diabetes. The problem gives me some data points: 4.17% of GLP-1RA users experienced impacted cerumen, compared to 3.26% in the SGLT2i group. 

First, I should understand what impacted cerumen is. It's a condition where the earwax becomes hard and stuck in the ear, causing discomfort. I'm not sure if there's a direct link between diabetes treatments and earwax issues. Diabetes medications, whether GLP-1RA or SGLT2i, are usually about managing blood sugar levels. GLP-1RA works by increasing insulin release and decreasing glucose output from the liver, while SGLT2i inhibits the kidneys from reabsorbing glucose, thus promoting glucose excretion.

Now, considering the comorbidities, the GLP-1RA group has a Charlson Comorbidity Index of 65.2%, which means they have more severe health issues compared to the SGLT2i group at 68.5%. Wait, actually, the GLP-1RA group is lower? Or higher? Wait, the Charlson Index is the same or higher, meaning more comorbidities. So the SGLT2i group has a higher Charlson score, meaning more severe illnesses. But I'm not sure how that ties into earwax issues.

Looking at the age and BMI differences: GLP-1RA users are younger (mean age 58 vs 64.6) and have higher BMI (37.4 vs 32.8). Higher BMI is associated with more body fat, which can affect various health conditions. Obesity is linked to higher risk of certain infections and metabolic issues, but I'm not sure about earwax.

The examples given help clarify. For instance, the foreign body in the ear was considered a negative outcome because it's not something the treatment should cause. In the second example, Type 2 diabetes was a positive outcome because it's the condition being treated, so any higher rate would make sense as a positive effect.

In this case, impacted cerumen is not a diabetes-related condition. It's more of an ear health issue. So I need to think if either treatment would cause this. GLP-1RA doesn't directly affect earwax. SGLT2i is a diabetes drug that might affect other systems, but I don't see a direct link to ear health either.

The fact that the percentages are 4.17% vs 3.26% suggests a slight difference, but without knowing the underlying reasons, it's hard to attribute causation. It could be a coincidence, or there might be another factor at play, like differences in comorbidities or other medications.

Since both treatments are for diabetes, and the outcome is unrelated, it's more likely that the difference is due to other factors rather than the treatment itself. Therefore, GLP-1RA probably doesn't causally affect impacted cerumen.
</think>

no",no
Batch4,v3,medical_questions_v3.txt,10,"Question 10
[Background]
We compare two treatments for type 2 diabetes:
- Treatment: GLP-1 Receptor Agonists (GLP-1RA)
- Control: Sodium-Glucose Cotransporter-2 Inhibitors (SGLT2i)
[Task Description]
You’ll receive an outcome and the percentage of affected patients in each group.
Decide whether these treatments have a causal effect on that outcome.
You will receive a query describing an outcome and the proportion of patients in each group who experienced it:
- One percentage for patients using GLP-1RA (treatment group).
- One percentage for patients using SGLT2i (control group).
Your task is to determine whether the treatments (GLP-1RA and SGLT2i) have a causal effect on that outcome.
[Cohort Description]
Adults with type 2 diabetes who began either GLP-1RA or SGLT2i.
All had a prior diabetes diagnosis.
GLP-1RA users: mean age 58.0, BMI 37.4.
SGLT2i users: mean age 64.6, BMI 32.8.
Charlson Comorbidity Index ≥ 3 in 65.2% (GLP-1RA) and 68.5% (SGLT2i).
[Instruction]
- Judge whether the treatments causally influence the outcome.
- Both treatments are expected to behave similarly (either both yes or both no).
- “Yes” = Positive Outcome (OOI); “No” = Negative Control Outcome (NCO).
- Reply with only “yes” or “no.”
[Few-shot examples]
- Treatment group using GLP-1RA (treatment) had 0.20% Foreign body in ear, compared with 0.12% for control group using SGLT2i. Does treatment have causal effect to the Foreign body in ear (is it a Positive Outcome)? - no
- Treatment group using GLP-1RA (treatment) had 94.81% Type 2 diabetes mellitus, compared with 96.68% for control group using SGLT2i. Does treatment have causal effect to the Type 2 diabetes mellitus (is it a Positive Outcome)? - yes
[Your Task]
[Question]
Treatment group using GLP-1RA (treatment) had 4.17% Impacted cerumen, compared with 3.26% for control group using SGLT2i. Does treatment have causal effect to the Impacted cerumen (is it a Positive Outcome)?
Answer: [Your answer, ""yes"" or ""no""]",4,"Okay, so I need to determine whether GLP-1RA or SGLT2i treatments have a causal effect on the outcome of ""Impacted cerumen."" The data given is that 4.17% of GLP-1RA users experienced this outcome, compared to 3.26% of SGLT2i users.

First, I should consider what ""Impacted cerumen"" means. Cerumen is the wax in the ear, and impacted cerumen means it's stuck in the ear canal, causing blockage. This is a medical condition, but I'm not sure how it relates to diabetes treatments like GLP-1RA or SGLT2i.

GLP-1RA stands for GLP-1 Receptor Agonists, which are medications used to help manage type 2 diabetes by increasing insulin secretion and reducing glucose production. They are often given as an injection and are known to help with weight loss. They can also cause various side effects, such as nausea, diarrhea, and, in some cases, pancreatitis.

SGLT2i stands for Sodium-Glucose Cotransporter-2 Inhibitors, which work by preventing the kidneys from reabsorbing glucose, thereby promoting urine output and lowering blood sugar levels. They can also have side effects like urinary tract infections, increased urination, and, in rare cases, ketoacidosis.

Now, looking at the outcome ""Impacted cerumen,"" I need to think about whether this is something that would be caused by these medications. Neither GLP-1RA nor SGLT2i are known to cause ear issues like impacted cerumen. Impacted cerumen is more commonly associated with conditions like otitis media or other ear infections, or from foreign objects in the ear, or improper ear cleaning.

Given that, the percentages of patients experiencing this outcome are very low in both treatment groups (4.17% vs. 3.26%), but neither of these percentages is significantly higher than the other. The instructions mention that both treatments should behave similarly, either both having a causal effect or neither.

Since there's no known link between these diabetes medications and cerumen issues, and the percentages don't show a clear difference between the two treatments, it's unlikely that either treatment has a causal effect on impacted cerumen. Therefore, the answer should be ""no.""
</think>

no",no
Batch4,v3,medical_questions_v3.txt,10,"Question 10
[Background]
We compare two treatments for type 2 diabetes:
- Treatment: GLP-1 Receptor Agonists (GLP-1RA)
- Control: Sodium-Glucose Cotransporter-2 Inhibitors (SGLT2i)
[Task Description]
You’ll receive an outcome and the percentage of affected patients in each group.
Decide whether these treatments have a causal effect on that outcome.
You will receive a query describing an outcome and the proportion of patients in each group who experienced it:
- One percentage for patients using GLP-1RA (treatment group).
- One percentage for patients using SGLT2i (control group).
Your task is to determine whether the treatments (GLP-1RA and SGLT2i) have a causal effect on that outcome.
[Cohort Description]
Adults with type 2 diabetes who began either GLP-1RA or SGLT2i.
All had a prior diabetes diagnosis.
GLP-1RA users: mean age 58.0, BMI 37.4.
SGLT2i users: mean age 64.6, BMI 32.8.
Charlson Comorbidity Index ≥ 3 in 65.2% (GLP-1RA) and 68.5% (SGLT2i).
[Instruction]
- Judge whether the treatments causally influence the outcome.
- Both treatments are expected to behave similarly (either both yes or both no).
- “Yes” = Positive Outcome (OOI); “No” = Negative Control Outcome (NCO).
- Reply with only “yes” or “no.”
[Few-shot examples]
- Treatment group using GLP-1RA (treatment) had 0.20% Foreign body in ear, compared with 0.12% for control group using SGLT2i. Does treatment have causal effect to the Foreign body in ear (is it a Positive Outcome)? - no
- Treatment group using GLP-1RA (treatment) had 94.81% Type 2 diabetes mellitus, compared with 96.68% for control group using SGLT2i. Does treatment have causal effect to the Type 2 diabetes mellitus (is it a Positive Outcome)? - yes
[Your Task]
[Question]
Treatment group using GLP-1RA (treatment) had 4.17% Impacted cerumen, compared with 3.26% for control group using SGLT2i. Does treatment have causal effect to the Impacted cerumen (is it a Positive Outcome)?
Answer: [Your answer, ""yes"" or ""no""]",5,"Okay, so I need to figure out whether GLP-1RA treatment has a causal effect on impacted cerumen in patients with type 2 diabetes. The problem gives me some data: 4.17% of GLP-1RA users experienced impacted cerumen, compared to 3.26% in the SGLT2i group. 

First, I should recall what GLP-1RA and SGLT2i do. GLP-1 Receptor Agonists are medications that help lower blood glucose by increasing insulin secretion and decreasing appetite, which can lead to weight loss. They're often used in patients with type 2 diabetes. SGLT2 inhibitors, on the other hand, work by preventing the kidneys from reabsorbing glucose, which also helps lower blood glucose levels. Both are used for type 2 diabetes, but they have different mechanisms.

Now, the outcome here is impacted cerumen, which is a type of earwax. I'm not a doctor, but I know that cerumen is something that can accumulate in the ears and sometimes needs to be removed. I'm trying to think if there's a link between these diabetes medications and earwax production or impacted cerumen.

Looking at the percentages, GLP-1RA users have a higher rate (4.17%) compared to SGLT2i (3.26%). The user's instruction says that both treatments are expected to behave similarly, meaning if one has an effect, the other likely does too. So, if GLP-1RA caused more impacted cerumen, SGLT2i would probably do the same, but in this case, SGLT2i has a lower percentage.

Wait, but the example given in the problem helps clarify. In one example, the treatment group had a higher percentage of a certain outcome, and the answer was ""no."" The reasoning was that the outcome was a control variable, not an effect of the treatment. So, in that case, even though the treatment group had a higher percentage, it wasn't causal.

So, applying that logic here, I need to determine if impacted cerumen is something that would be expected to be influenced by these medications. Since both GLP-1RA and SGLT2i are used for glucose control, I don't see a direct link to earwax production. They might affect other systems in the body, but there's no indication that they cause impacted cerumen.

Another angle: the example where the outcome was the same disease (Type 2 diabetes) resulted in ""yes"" because the treatment was meant to manage it. But in the case of impacted cerumen, it's a different condition entirely. Therefore, it's more likely that the higher percentage in GLP-1RA is coincidental or due to another factor, not the medication itself.

Also, considering the comorbidity indices, both groups have a high percentage of patients with comorbidities, but that doesn't necessarily tie to earwax issues. It's possible that patients with more comorbidities might have more ear problems, but that's speculative.

In summary, since impacted cerumen isn't a known side effect of either GLP-1RA or SGLT2i, the higher percentage in the GLP-1RA group doesn't indicate causation. Therefore, the answer should be ""no.""
</think>

no",no
Batch4,v3,medical_questions_v3.txt,10,"Question 10
[Background]
We compare two treatments for type 2 diabetes:
- Treatment: GLP-1 Receptor Agonists (GLP-1RA)
- Control: Sodium-Glucose Cotransporter-2 Inhibitors (SGLT2i)
[Task Description]
You’ll receive an outcome and the percentage of affected patients in each group.
Decide whether these treatments have a causal effect on that outcome.
You will receive a query describing an outcome and the proportion of patients in each group who experienced it:
- One percentage for patients using GLP-1RA (treatment group).
- One percentage for patients using SGLT2i (control group).
Your task is to determine whether the treatments (GLP-1RA and SGLT2i) have a causal effect on that outcome.
[Cohort Description]
Adults with type 2 diabetes who began either GLP-1RA or SGLT2i.
All had a prior diabetes diagnosis.
GLP-1RA users: mean age 58.0, BMI 37.4.
SGLT2i users: mean age 64.6, BMI 32.8.
Charlson Comorbidity Index ≥ 3 in 65.2% (GLP-1RA) and 68.5% (SGLT2i).
[Instruction]
- Judge whether the treatments causally influence the outcome.
- Both treatments are expected to behave similarly (either both yes or both no).
- “Yes” = Positive Outcome (OOI); “No” = Negative Control Outcome (NCO).
- Reply with only “yes” or “no.”
[Few-shot examples]
- Treatment group using GLP-1RA (treatment) had 0.20% Foreign body in ear, compared with 0.12% for control group using SGLT2i. Does treatment have causal effect to the Foreign body in ear (is it a Positive Outcome)? - no
- Treatment group using GLP-1RA (treatment) had 94.81% Type 2 diabetes mellitus, compared with 96.68% for control group using SGLT2i. Does treatment have causal effect to the Type 2 diabetes mellitus (is it a Positive Outcome)? - yes
[Your Task]
[Question]
Treatment group using GLP-1RA (treatment) had 4.17% Impacted cerumen, compared with 3.26% for control group using SGLT2i. Does treatment have causal effect to the Impacted cerumen (is it a Positive Outcome)?
Answer: [Your answer, ""yes"" or ""no""]",6,"Okay, let's try to figure out whether GLP-1RA or SGLT2i has a causal effect on impacted cerumen in patients with type 2 diabetes. So, first, I need to understand what both treatments do. GLP-1 Receptor Agonists, like GLP-1RA, work by helping the body release more insulin and reducing the release of glucose. They're often used alongside metformin. On the other hand, SGLT2 inhibitors (SGLT2i) block the kidneys from reabsorbing glucose, which also helps lower blood sugar levels. Both are used to manage type 2 diabetes, but they have different mechanisms.

Now, the question is about impacted cerumen, which is a type of earwax. I'm not a medical expert, so I'm not exactly sure how these treatments would affect earwax. But I can think about possible ways these medications might influence ear health. 

GLP-1RA primarily affects blood sugar and insulin levels. I don't recall any direct link between GLP-1 agonists and ear health. They might affect the body's ability to process glucose, but how that translates to earwax production isn't clear to me. Maybe if blood sugar levels are too high or too low, it could affect earwax, but I'm not sure if that's a known side effect.

SGLT2i also targets blood sugar but through a different pathway. Again, I'm not aware of any specific link between SGLT2 inhibitors and earwax. I don't remember hearing about earwax being a common or significant side effect of these medications in the literature or patient reports. Both treatments are generally well-tolerated, but if there's an association, it would likely be rare or not well-documented.

Looking at the percentages given: 4.17% in GLP-1RA users and 3.26% in SGLT2i users. That's a small difference, but without knowing the baseline rate in the general diabetes population, it's hard to say if this difference is significant or due to chance. Also, the question mentions that both treatments are expected to behave similarly, either both causing the outcome or neither. So if GLP-1RA is 4.17% and SGLT2i is 3.26%, they're not that far apart, which suggests maybe there's no causal effect, or it's too small to be meaningful.

Additionally, looking at the cohort description: the GLP-1RA users are younger and have higher BMI compared to SGLT2i users. Charlson Comorbidity Index is similar but not drastically different. These factors could influence health outcomes, but again, impacted cerumen isn't a common comorbidity I associate with these medications.

I'm also thinking about other possible causes of impacted cerumen. It can be related to ear infections, inflammation, or blockages. Diabetes itself can lead to complications like neuropathy, which might affect ear health, but that's more about nerve damage than earwax production. So, it's possible that the higher rates in both groups are due to diabetes-related factors rather than the medications themselves.

Considering the examples provided, when the treatment group had a higher rate, it was considered a negative outcome, implying no causal effect. Here, GLP-1RA has a slightly higher rate, but both are small percentages. Without strong evidence linking these medications to impacted cerumen, it's safer to assume there's no causal effect.

So, putting it all together, I don't see a clear causal link between GLP-1RA or SGLT2i and impacted cerumen in type 2 diabetes patients. The small percentages and lack of known association make me lean towards ""no"" as the answer.
</think>

no",no
Batch4,v3,medical_questions_v3.txt,10,"Question 10
[Background]
We compare two treatments for type 2 diabetes:
- Treatment: GLP-1 Receptor Agonists (GLP-1RA)
- Control: Sodium-Glucose Cotransporter-2 Inhibitors (SGLT2i)
[Task Description]
You’ll receive an outcome and the percentage of affected patients in each group.
Decide whether these treatments have a causal effect on that outcome.
You will receive a query describing an outcome and the proportion of patients in each group who experienced it:
- One percentage for patients using GLP-1RA (treatment group).
- One percentage for patients using SGLT2i (control group).
Your task is to determine whether the treatments (GLP-1RA and SGLT2i) have a causal effect on that outcome.
[Cohort Description]
Adults with type 2 diabetes who began either GLP-1RA or SGLT2i.
All had a prior diabetes diagnosis.
GLP-1RA users: mean age 58.0, BMI 37.4.
SGLT2i users: mean age 64.6, BMI 32.8.
Charlson Comorbidity Index ≥ 3 in 65.2% (GLP-1RA) and 68.5% (SGLT2i).
[Instruction]
- Judge whether the treatments causally influence the outcome.
- Both treatments are expected to behave similarly (either both yes or both no).
- “Yes” = Positive Outcome (OOI); “No” = Negative Control Outcome (NCO).
- Reply with only “yes” or “no.”
[Few-shot examples]
- Treatment group using GLP-1RA (treatment) had 0.20% Foreign body in ear, compared with 0.12% for control group using SGLT2i. Does treatment have causal effect to the Foreign body in ear (is it a Positive Outcome)? - no
- Treatment group using GLP-1RA (treatment) had 94.81% Type 2 diabetes mellitus, compared with 96.68% for control group using SGLT2i. Does treatment have causal effect to the Type 2 diabetes mellitus (is it a Positive Outcome)? - yes
[Your Task]
[Question]
Treatment group using GLP-1RA (treatment) had 4.17% Impacted cerumen, compared with 3.26% for control group using SGLT2i. Does treatment have causal effect to the Impacted cerumen (is it a Positive Outcome)?
Answer: [Your answer, ""yes"" or ""no""]",7,"Okay, so I'm trying to figure out whether GLP-1RA treatment has a causal effect on impacted cerumen in patients with type 2 diabetes. Let me break this down step by step.

First, I know that GLP-1 receptor agonists (GLP-1RA) are medications used to help manage type 2 diabetes. They work by helping the body release more insulin and reducing the amount of glucose released by the liver. They're also known to help with weight loss because they make people feel full, which can lead to eating less and losing weight.

On the other hand, SGLT2 inhibitors (SGLT2i) are another class of diabetes medications that work by preventing the kidneys from reabsorbing glucose, which helps lower blood sugar levels. They've also been linked to benefits like weight loss and a reduced risk of heart disease.

The question gives me the percentages of patients experiencing impacted cerumen in each group. The treatment group (GLP-1RA) has 4.17%, and the control group (SGLT2i) has 3.26%. The task is to determine if this difference is causally related to the treatment.

I remember from the examples provided that sometimes when two groups have similar outcomes, it's a negative control outcome (NCO), meaning the treatment doesn't have a causal effect. For instance, in the first example, both groups had low rates of a foreign body in the ear, so it was considered NCO.

In this case, the percentages are very close: 4.17% vs. 3.26%. That's a difference of about 0.91 percentage points. Now, I need to consider whether this difference is significant or just due to random chance. If the difference is small and within the margin of error, it might not be statistically significant, suggesting no causal effect.

Also, considering the medications, neither GLP-1RA nor SGLT2i are directly related to ear health or cerumen production. Both are focused on blood sugar control and weight management. There's no known mechanism by which these medications would cause or prevent impacted cerumen. Impacted cerumen is more related to ear hygiene and possibly other factors like infections or blockages, not diabetes treatments.

Another point is the comorbidities. The Charlson Comorbidity Index is higher in both groups, but since both treatments have similar comorbidity profiles, it's unlikely that this is the cause of the difference in cerumen impact. Additionally, the age and BMI of the patients in each group are different, but both treatments are used across different patient populations, so that doesn't directly link to cerumen.

Given all this, the small difference in percentages and the lack of a known causal pathway suggest that the difference is probably not due to the treatment effect. Therefore, it's more likely a negative control outcome, meaning GLP-1RA doesn't causally influence impacted cerumen.
</think>

no",no
Batch4,v3,medical_questions_v3.txt,10,"Question 10
[Background]
We compare two treatments for type 2 diabetes:
- Treatment: GLP-1 Receptor Agonists (GLP-1RA)
- Control: Sodium-Glucose Cotransporter-2 Inhibitors (SGLT2i)
[Task Description]
You’ll receive an outcome and the percentage of affected patients in each group.
Decide whether these treatments have a causal effect on that outcome.
You will receive a query describing an outcome and the proportion of patients in each group who experienced it:
- One percentage for patients using GLP-1RA (treatment group).
- One percentage for patients using SGLT2i (control group).
Your task is to determine whether the treatments (GLP-1RA and SGLT2i) have a causal effect on that outcome.
[Cohort Description]
Adults with type 2 diabetes who began either GLP-1RA or SGLT2i.
All had a prior diabetes diagnosis.
GLP-1RA users: mean age 58.0, BMI 37.4.
SGLT2i users: mean age 64.6, BMI 32.8.
Charlson Comorbidity Index ≥ 3 in 65.2% (GLP-1RA) and 68.5% (SGLT2i).
[Instruction]
- Judge whether the treatments causally influence the outcome.
- Both treatments are expected to behave similarly (either both yes or both no).
- “Yes” = Positive Outcome (OOI); “No” = Negative Control Outcome (NCO).
- Reply with only “yes” or “no.”
[Few-shot examples]
- Treatment group using GLP-1RA (treatment) had 0.20% Foreign body in ear, compared with 0.12% for control group using SGLT2i. Does treatment have causal effect to the Foreign body in ear (is it a Positive Outcome)? - no
- Treatment group using GLP-1RA (treatment) had 94.81% Type 2 diabetes mellitus, compared with 96.68% for control group using SGLT2i. Does treatment have causal effect to the Type 2 diabetes mellitus (is it a Positive Outcome)? - yes
[Your Task]
[Question]
Treatment group using GLP-1RA (treatment) had 4.17% Impacted cerumen, compared with 3.26% for control group using SGLT2i. Does treatment have causal effect to the Impacted cerumen (is it a Positive Outcome)?
Answer: [Your answer, ""yes"" or ""no""]",8,"Okay, so I'm trying to figure out whether GLP-1 Receptor Agonists (GLP-1RA) have a causal effect on impacted cerumen compared to SGLT2 Inhibitors (SGLT2i) in type 2 diabetes patients. Let's break this down.

First, I need to understand the context. Both GLP-1RA and SGLT2i are medications used to treat type 2 diabetes, but they work differently. GLP-1RA mimics the action of GLP-1, a hormone that helps with glucose regulation and can promote weight loss. They're often associated with a lower risk of hypoglycemia and can help with weight management. On the other hand, SGLT2i inhibit the enzyme SGLT2, which plays a role in glucose absorption in the kidneys, leading to increased urinary glucose excretion and improved glycemic control. They might also have effects on weight and other comorbid conditions.

Now, the question is about impacted cerumen. Impacted cerumen refers to earwax buildup, which can cause symptoms like hearing loss or discomfort. I'm not immediately seeing a connection between diabetes medications and earwax. Both GLP-1RA and SGLT2i are not known for having significant effects on ear health. They primarily affect glucose metabolism and may have secondary effects like cardiovascular benefits or changes in body weight, which could indirectly influence other health aspects, but earwax isn't something I associate with these medications.

Looking at the percentages, the treatment group using GLP-1RA has a higher percentage of impacted cerumen (4.17%) compared to the control group using SGLT2i (3.26%). At first glance, this might suggest that GLP-1RA could be causing more impacted cerumen, but I need to consider whether this is a causal effect or just a coincidence based on other factors.

The user provided some background on the cohorts. Both groups are adults with type 2 diabetes. The GLP-1RA group has a mean age of 58.0 and BMI of 37.4, while the SGLT2i group has a mean age of 64.6 and BMI of 32.8. So, the GLP-1RA group is younger and has a higher BMI, which might be associated with more earwax issues because higher BMI can sometimes lead to more cerumen buildup. The Charlson Comorbidity Index is higher in both groups, but slightly more so in the SGLT2i group. Comorbidity indices measure the risk of complications, so perhaps the SGLT2i group has more health issues that could be related to earwax, but I'm not sure.

The instruction says that both treatments are expected to behave similarly, either both yes or both no. So, if GLP-1RA is causing an effect, SGLT2i should also be causing the same effect, but in the opposite direction. In this case, GLP-1RA is higher, so if it's causal, SGLT2i should be lower, which they are (3.26% vs. 4.17%). But the example given by the user shows that sometimes the effect isn't causal. For instance, the foreign body in the ear example had a slight difference, but it was considered a negative control outcome, so the treatment didn't have a causal effect.

In the type 2 diabetes example, both groups had high percentages, but the treatment group was slightly lower, so it was considered a positive outcome. The user concluded it was a causal effect because the treatment (GLP-1RA) was associated with a better outcome. So, perhaps the same logic applies here: if the treatment group has a higher percentage, it's considered a positive outcome and a causal effect.

But wait, in the type 2 diabetes example, it's about the same outcome (diabetes), so the treatment being slightly better makes sense. However, in this case, the outcome is impacted cerumen, which is not directly related to diabetes. So, maybe it's a false positive. The higher percentage in GLP-1RA might just be due to other factors, like a younger population or higher BMI, which are more common in GLP-1RA users. Alternatively, maybe the SGLT2i group has a lower percentage because they're older and have other comorbidities that affect earwax production or removal.

Another angle is to consider whether the medications themselves affect cerumen. Do GLP-1RA or SGLT2i have any known side effects related to ear health? I'm not aware of any such effects. They primarily affect the gastrointestinal system, cardiovascular system, and glucose levels. There's no direct link to earwax. Therefore, the difference in percentages is likely due to confounding factors rather than a causal effect of the medications.

So, putting it all together, even though GLP-1RA has a higher percentage, it's not causally related to impacted cerumen. The difference is more likely due to differences in the populations being studied rather than the medications themselves. Therefore, the treatment (GLP-1RA) does not have a causal effect on impacted cerumen.
</think>

no",no
Batch4,v3,medical_questions_v3.txt,10,"Question 10
[Background]
We compare two treatments for type 2 diabetes:
- Treatment: GLP-1 Receptor Agonists (GLP-1RA)
- Control: Sodium-Glucose Cotransporter-2 Inhibitors (SGLT2i)
[Task Description]
You’ll receive an outcome and the percentage of affected patients in each group.
Decide whether these treatments have a causal effect on that outcome.
You will receive a query describing an outcome and the proportion of patients in each group who experienced it:
- One percentage for patients using GLP-1RA (treatment group).
- One percentage for patients using SGLT2i (control group).
Your task is to determine whether the treatments (GLP-1RA and SGLT2i) have a causal effect on that outcome.
[Cohort Description]
Adults with type 2 diabetes who began either GLP-1RA or SGLT2i.
All had a prior diabetes diagnosis.
GLP-1RA users: mean age 58.0, BMI 37.4.
SGLT2i users: mean age 64.6, BMI 32.8.
Charlson Comorbidity Index ≥ 3 in 65.2% (GLP-1RA) and 68.5% (SGLT2i).
[Instruction]
- Judge whether the treatments causally influence the outcome.
- Both treatments are expected to behave similarly (either both yes or both no).
- “Yes” = Positive Outcome (OOI); “No” = Negative Control Outcome (NCO).
- Reply with only “yes” or “no.”
[Few-shot examples]
- Treatment group using GLP-1RA (treatment) had 0.20% Foreign body in ear, compared with 0.12% for control group using SGLT2i. Does treatment have causal effect to the Foreign body in ear (is it a Positive Outcome)? - no
- Treatment group using GLP-1RA (treatment) had 94.81% Type 2 diabetes mellitus, compared with 96.68% for control group using SGLT2i. Does treatment have causal effect to the Type 2 diabetes mellitus (is it a Positive Outcome)? - yes
[Your Task]
[Question]
Treatment group using GLP-1RA (treatment) had 4.17% Impacted cerumen, compared with 3.26% for control group using SGLT2i. Does treatment have causal effect to the Impacted cerumen (is it a Positive Outcome)?
Answer: [Your answer, ""yes"" or ""no""]",9,"Okay, let's try to figure out whether GLP-1RA treatment has a causal effect on Impacted cerumen. So, first, I need to understand the context. We're comparing two diabetes treatments: GLP-1 Receptor Agonists (GLP-1RA) and Sodium-Glucose Cotransporter-2 Inhibitors (SGLT2i). The question gives me the percentages of patients in each group who experienced Impacted cerumen, which is something related to earwax buildup, I think.

From the background, both treatments are used for type 2 diabetes, and the patients in the study are adults with type 2 diabetes who started on either GLP-1RA or SGLT2i. They have similar characteristics otherwise, like age, BMI, and comorbidities, although the comorbidity indices are slightly higher for SGLT2i users. But I don't think that directly affects Impacted cerumen.

Looking at the instruction, I need to determine if the treatment (GLP-1RA) causally influences Impacted cerumen. The key here is whether the treatment actually causes the outcome. If the outcome is more common in the treatment group, does that mean the treatment caused it?

The example given was about Foreign body in ear, where the treatment group had 0.20% and control had 0.12%. The answer was ""no"" because it's not a positive outcome. Wait, that seems a bit confusing. Why would that be a negative outcome? Maybe because it's a side effect of both treatments, or perhaps it's not related to diabetes management.

In the second example, Type 2 diabetes mellitus was a positive outcome because it's what the treatments are meant to manage. So, the higher percentage in the treatment group makes sense because the treatment is effective, thus the outcome is a success.

Applying that logic to the current question: Impacted cerumen is more common in the treatment group (4.17%) compared to the control (3.26%). Now, I need to see if this is a positive or negative outcome. The question is whether the treatment causes it.

Impacted cerumen is related to earwax buildup, which can be caused by things like infections, allergies, or even diabetes medications. Wait, some diabetes medications can affect the ears? Or maybe it's a side effect. I'm not sure. Let me think about the medications.

GLP-1RA works by increasing insulin release and decreasing sugar production. It's often given as an injection and can cause side effects like nausea, diarrhea, and, um, maybe even some throat or ear issues? I'm not certain. SGLT2i inhibits sugar absorption in the kidneys, which helps lower blood sugar. They can also cause urinary tract infections or other infections, but I don't recall them causing ear problems.

So, if the GLP-1RA group has a higher rate of impacted cerumen, does that mean the treatment is causing it? Or is it just a coincidence? Maybe the GLP-1RA is causing some inflammation or other issues that affect the ears. Or perhaps it's a common side effect that's more noticeable in this group.

But wait, the example where Foreign body in ear was answered as ""no"" suggests that even if the treatment group has a higher rate, it might not be causally related. Maybe both treatments have similar side effects, and the difference is just due to other factors, like the population studied.

Alternatively, Impacted cerumen might be a negative outcome because it's not related to diabetes management. Or maybe it's a positive outcome if the treatment is causing it, but it's unclear. However, in the example, Type 2 diabetes was a positive outcome because it's the target condition. So, if the treatment is intended to manage diabetes, then a higher rate in the treatment group would be expected.

But Impacted cerumen is not directly related to diabetes. So, if GLP-1RA is causing more cerumen issues, maybe it's a side effect. But does that mean it's a positive outcome? Or is it a negative because it's an adverse effect?

The instruction says to consider whether the treatment has a causal effect on the outcome. If the outcome is more common in the treatment group, does that mean the treatment caused it? It could be, but it's also possible that it's a spurious association.

In the first example, the Foreign body in ear was not considered a positive outcome, so the answer was ""no."" Maybe because it's a minor issue or not related to the treatment's purpose. So, in this case, Impacted cerumen is probably not something the treatment is intended to affect. Therefore, it's more likely a negative outcome or just a coincidence.

So, putting it all together, I think the answer is ""no"" because Impacted cerumen isn't a positive outcome related to the treatment's effectiveness. It's probably not causally related.
</think>

no",no
Batch4,v3,medical_questions_v3.txt,10,"Question 10
[Background]
We compare two treatments for type 2 diabetes:
- Treatment: GLP-1 Receptor Agonists (GLP-1RA)
- Control: Sodium-Glucose Cotransporter-2 Inhibitors (SGLT2i)
[Task Description]
You’ll receive an outcome and the percentage of affected patients in each group.
Decide whether these treatments have a causal effect on that outcome.
You will receive a query describing an outcome and the proportion of patients in each group who experienced it:
- One percentage for patients using GLP-1RA (treatment group).
- One percentage for patients using SGLT2i (control group).
Your task is to determine whether the treatments (GLP-1RA and SGLT2i) have a causal effect on that outcome.
[Cohort Description]
Adults with type 2 diabetes who began either GLP-1RA or SGLT2i.
All had a prior diabetes diagnosis.
GLP-1RA users: mean age 58.0, BMI 37.4.
SGLT2i users: mean age 64.6, BMI 32.8.
Charlson Comorbidity Index ≥ 3 in 65.2% (GLP-1RA) and 68.5% (SGLT2i).
[Instruction]
- Judge whether the treatments causally influence the outcome.
- Both treatments are expected to behave similarly (either both yes or both no).
- “Yes” = Positive Outcome (OOI); “No” = Negative Control Outcome (NCO).
- Reply with only “yes” or “no.”
[Few-shot examples]
- Treatment group using GLP-1RA (treatment) had 0.20% Foreign body in ear, compared with 0.12% for control group using SGLT2i. Does treatment have causal effect to the Foreign body in ear (is it a Positive Outcome)? - no
- Treatment group using GLP-1RA (treatment) had 94.81% Type 2 diabetes mellitus, compared with 96.68% for control group using SGLT2i. Does treatment have causal effect to the Type 2 diabetes mellitus (is it a Positive Outcome)? - yes
[Your Task]
[Question]
Treatment group using GLP-1RA (treatment) had 4.17% Impacted cerumen, compared with 3.26% for control group using SGLT2i. Does treatment have causal effect to the Impacted cerumen (is it a Positive Outcome)?
Answer: [Your answer, ""yes"" or ""no""]",10,"Okay, so I need to figure out whether GLP-1RA or SGLT2i treatments have a causal effect on impacted cerumen in patients with type 2 diabetes. Let me start by understanding the problem.

First, the background says we're comparing two treatments: GLP-1 Receptor Agonists (GLP-1RA) and Sodium-Glucose Cotransporter-2 Inhibitors (SGLT2i). The task is to determine if these treatments causally influence a specific outcome, which in this case is ""Impacted cerumen."" I'm given the percentage of patients in each group who experienced this outcome. For GLP-1RA, it's 4.17%, and for SGLT2i, it's 3.26%. 

I also have some cohort details: adults with type 2 diabetes who started either GLP-1RA or SGLT2i. All had a prior diabetes diagnosis. The GLP-1RA group had a mean age of 58.0, BMI 37.4, and 65.2% had a Charlson Comorbidity Index ≥3. The SGLT2i group had a mean age of 64.6, BMI 32.8, and 68.5% with a Charlson score ≥3.

The instruction says to judge whether the treatments causally influence the outcome. Both treatments should behave similarly, either both yes or both no. If it's a positive outcome (OOI), I answer ""yes""; if it's a negative control outcome (NCO), I answer ""no.""

Looking at the examples provided:

1. Foreign body in ear: Treatment group had 0.20%, control 0.12%. The answer was ""no."" The reasoning might be that this is unrelated to the treatments, so neither treatment causes it, so both have similar effects, hence ""no.""

2. Type 2 diabetes: Treatment group 94.81%, control 96.68%. The answer was ""yes."" This is because the treatment might be effective in managing diabetes, so the outcome is a positive effect. But wait, the outcome here is the disease itself. Maybe the reasoning is that if a treatment is effective, more patients might have better control, but I'm not sure. Alternatively, it could be that the treatment doesn't cause diabetes, so it's a positive outcome.

In the current question, the outcome is impacted cerumen. I need to determine if this is a causal effect of the treatment. 

First, what is impacted cerumen? It refers to earwax buildup, I think. So, the question is whether using GLP-1RA or SGLT2i leads to more or less impacted cerumen in patients with type 2 diabetes.

Now, GLP-1RA is known to help with weight loss and blood sugar control. It works by increasing insulin release and decreasing glucose output. SGLT2i also helps with glucose control by inhibiting the kidneys from reabsorbing glucose.

Neither of these treatments is directly related to ear health. So, impacted cerumen is a condition related to ear hygiene or possibly related to other health factors, but not directly linked to diabetes treatments. 

Looking at the percentages: GLP-1RA has a slightly higher rate (4.17%) compared to SGLT2i (3.26%). So, does this mean that GLP-1RA causes impacted cerumen? Or is it just a coincidence?

I need to consider whether there's a plausible mechanism by which these treatments would cause impacted cerumen. Since both are for diabetes, they don't target ear health. Therefore, it's unlikely that they have a causal effect. 

Moreover, the example given for Foreign body in ear was ""no,"" because neither treatment would cause that. Similarly, impacted cerumen is a different condition but still unrelated to diabetes treatments. 

Therefore, it's more likely that the difference in percentages is due to chance or other factors, not causation by the treatments. So, the answer should be ""no,"" because neither treatment causally influences impacted cerumen.
</think>

no",no
Batch4,v3,medical_questions_v3.txt,11,"Question 11
[Background]
We compare two treatments for type 2 diabetes:
- Treatment: GLP-1 Receptor Agonists (GLP-1RA)
- Control: Sodium-Glucose Cotransporter-2 Inhibitors (SGLT2i)
[Task Description]
You’ll receive an outcome and the percentage of affected patients in each group.
Decide whether these treatments have a causal effect on that outcome.
You will receive a query describing an outcome and the proportion of patients in each group who experienced it:
- One percentage for patients using GLP-1RA (treatment group).
- One percentage for patients using SGLT2i (control group).
Your task is to determine whether the treatments (GLP-1RA and SGLT2i) have a causal effect on that outcome.
[Cohort Description]
Adults with type 2 diabetes who began either GLP-1RA or SGLT2i.
All had a prior diabetes diagnosis.
GLP-1RA users: mean age 58.0, BMI 37.4.
SGLT2i users: mean age 64.6, BMI 32.8.
Charlson Comorbidity Index ≥ 3 in 65.2% (GLP-1RA) and 68.5% (SGLT2i).
[Instruction]
- Judge whether the treatments causally influence the outcome.
- Both treatments are expected to behave similarly (either both yes or both no).
- “Yes” = Positive Outcome (OOI); “No” = Negative Control Outcome (NCO).
- Reply with only “yes” or “no.”
[Few-shot Examples]
- Treatment group using GLP-1RA (treatment) had 0.20% Foreign body in ear, compared with 0.12% for control group using SGLT2i. Does treatment have causal effect to the Foreign body in ear (is it a Positive Outcome)? - no
- Treatment group using GLP-1RA (treatment) had 94.81% Type 2 diabetes mellitus, compared with 96.68% for control group using SGLT2i. Does treatment have causal effect to the Type 2 diabetes mellitus (is it a Positive Outcome)? - yes
[Your Task]
[Question]
Treatment group using GLP-1RA (treatment) had 2.05% Optic neuropathy, compared with 1.59% for control group using SGLT2i. Does treatment have causal effect to the Optic neuropathy (is it a Positive Outcome)?
Answer: [Your answer, ""yes"" or ""no""]",1,"Okay, so I need to determine if the GLP-1RA treatment has a causal effect on optic neuropathy compared to SGLT2i in patients with type 2 diabetes. Let me start by understanding the data provided.

The treatment group using GLP-1RA had 2.05% of patients experiencing optic neuropathy, while the control group using SGLT2i had 1.59%. At first glance, it seems like the treatment group has a slightly higher rate. But does this necessarily mean that GLP-1RA causes optic neuropathy?

I remember from the background that both treatments are being compared, and the instruction says that both should behave similarly. So, if one treatment had a higher rate, but both are expected to behave the same way, then maybe it's a coincidence or due to other factors.

Looking at the examples given, in one case where the treatment had a slightly higher percentage, it was determined to have no causal effect because the outcome was a negative control outcome. The reasoning there was that both treatments are similar, so a slight difference might not be causal.

In the second example, when the treatment group had a much higher rate, it was considered a positive outcome because it might indicate a causal effect. But that was because the outcome was expected to be influenced by the treatment.

In this case, the outcome is optic neuropathy. I'm not sure if GLP-1RA or SGLT2i is known to cause optic neuropathy. From what I recall, GLP-1RAs are typically associated with a lower risk of hypoglycemia and weight loss, but I don't remember any specific link to optic neuropathy. SGLT2i are more known for potential side effects like urinary tract infections and ketoacidosis, but again, not optic neuropathy.

Given that, the slight difference in percentages might just be a random fluctuation or influenced by other confounding factors. The age and BMI of the patients are different between the groups—GLP-1RA users are younger and have higher BMI, while SGLT2i users are older with lower BMI. These factors could contribute to differences in the incidence of optic neuropathy.

Also, the Charlson Comorbidity Index is slightly higher in the SGLT2i group. This means that the control group might have more comorbidities, which could increase the risk of optic neuropathy. If that's the case, then the higher percentage in the GLP-1RA group could be due to the SGLT2i group's higher comorbidity, making it a negative control outcome rather than a positive effect of the treatment.

Therefore, considering all these factors, it's more likely that the difference is not causal but due to other variables. So, the treatment (GLP-1RA) does not have a causal effect on optic neuropathy.
</think>

no",no
Batch4,v3,medical_questions_v3.txt,11,"Question 11
[Background]
We compare two treatments for type 2 diabetes:
- Treatment: GLP-1 Receptor Agonists (GLP-1RA)
- Control: Sodium-Glucose Cotransporter-2 Inhibitors (SGLT2i)
[Task Description]
You’ll receive an outcome and the percentage of affected patients in each group.
Decide whether these treatments have a causal effect on that outcome.
You will receive a query describing an outcome and the proportion of patients in each group who experienced it:
- One percentage for patients using GLP-1RA (treatment group).
- One percentage for patients using SGLT2i (control group).
Your task is to determine whether the treatments (GLP-1RA and SGLT2i) have a causal effect on that outcome.
[Cohort Description]
Adults with type 2 diabetes who began either GLP-1RA or SGLT2i.
All had a prior diabetes diagnosis.
GLP-1RA users: mean age 58.0, BMI 37.4.
SGLT2i users: mean age 64.6, BMI 32.8.
Charlson Comorbidity Index ≥ 3 in 65.2% (GLP-1RA) and 68.5% (SGLT2i).
[Instruction]
- Judge whether the treatments causally influence the outcome.
- Both treatments are expected to behave similarly (either both yes or both no).
- “Yes” = Positive Outcome (OOI); “No” = Negative Control Outcome (NCO).
- Reply with only “yes” or “no.”
[Few-shot Examples]
- Treatment group using GLP-1RA (treatment) had 0.20% Foreign body in ear, compared with 0.12% for control group using SGLT2i. Does treatment have causal effect to the Foreign body in ear (is it a Positive Outcome)? - no
- Treatment group using GLP-1RA (treatment) had 94.81% Type 2 diabetes mellitus, compared with 96.68% for control group using SGLT2i. Does treatment have causal effect to the Type 2 diabetes mellitus (is it a Positive Outcome)? - yes
[Your Task]
[Question]
Treatment group using GLP-1RA (treatment) had 2.05% Optic neuropathy, compared with 1.59% for control group using SGLT2i. Does treatment have causal effect to the Optic neuropathy (is it a Positive Outcome)?
Answer: [Your answer, ""yes"" or ""no""]",2,"Okay, so I have this question about whether GLP-1RA treatment causes optic neuropathy compared to SGLT2i. Let me break this down.

First, I know that GLP-1 receptor agonists and SGLT2 inhibitors are both medications used to treat type 2 diabetes. They work differently though. GLP-1RA helps with glucose control by increasing insulin release and reducing sugar production, while SGLT2i works by inhibiting the kidneys from reabsorbing glucose, thus promoting urine excretion.

The question gives me the percentages of patients experiencing optic neuropathy in each group. The treatment group (GLP-1RA) has 2.05%, and the control group (SGLT2i) has 1.59%. The task is to determine if the treatment has a causal effect on the outcome, which is optic neuropathy.

I remember that when comparing two treatments, if the outcomes are similar between the groups, it's less likely that either treatment is causing the outcome. But if one group has a higher rate, it might suggest a causal effect. However, I also need to consider other factors like the characteristics of the patients in each group.

Looking at the cohort description, GLP-1RA users have a lower BMI (37.4 vs. 32.8) and are slightly younger (58.0 vs. 64.6). They also have a slightly lower Charlson Comorbidity Index. These differences might mean that GLP-1RA patients have a more favorable metabolic profile, which could affect complications like optic neuropathy.

But wait, optic neuropathy is related to eye health. Does GLP-1RA affect the eyes? I know that both diabetes and some diabetes medications can affect the eyes. High blood sugar can lead to diabetic retinopathy, which is a type of eye disease. However, GLP-1RA is generally considered safer for the eyes compared to other diabetes medications, like sulfonylureas or insulin, which can cause fluid retention and swelling in the eyes.

SGLT2i has been linked to a lower risk of diabetic eye complications. In fact, some studies suggest that SGLT2 inhibitors might reduce the risk of diabetic retinopathy. So if GLP-1RA is associated with a higher incidence of optic neuropathy, that might indicate a causal effect. But I'm not sure if the percentages given are significant enough, considering the lower BMI and age in the GLP-1RA group.

Another point is that both treatments are expected to behave similarly in terms of causal effects. If one had a higher rate, it would suggest a difference. But I need to be cautious about other confounding factors, like age and BMI, which could influence the occurrence of optic neuropathy.

Wait, lower BMI is a known risk factor for diabetic retinopathy. So GLP-1RA patients, having a lower BMI, might actually have a lower risk of diabetic eye complications. But in this case, they have a higher rate of optic neuropathy. That's contradictory.

Maybe the difference in the Charlson Comorbidity Index also plays a role. A higher comorbidity index often indicates more health issues, which could include other eye problems. But GLP-1RA patients have a lower index, which might mean fewer comorbidities, but they're still having more optic neuropathy.

I'm a bit confused. On one hand, GLP-1RA is linked to better glucose control, which might reduce eye complications, but their lower BMI could be a factor. On the other hand, SGLT2i has been shown to reduce eye complications, but their patients have a higher BMI and age, which might increase risk.

The percentage difference isn't huge—2.05% vs. 1.59%. That's a 0.46% absolute difference. I'm not sure if that's statistically significant or just a coincidence based on the sample size.

Also, the instruction says that both treatments are expected to behave similarly, either both yes or both no. So if GLP-1RA is causing optic neuropathy, SGLT2i shouldn't be. But I'm not sure if that's the case.

I think I need to look at whether the outcome is a positive outcome (yes) or not (no). The outcome is optic neuropathy, which is a complication of diabetes, so it's a negative outcome in terms of treatment effectiveness. If GLP-1RA is causing more of this, it's a positive outcome for the treatment, meaning it's bad. But if SGLT2i is preventing it, then it's a negative outcome.

Wait, the instruction says ""Positive Outcome (OOI)"" and ""Negative Control Outcome (NCO)"". So if the treatment leads to the outcome, it's OOI, but if the control group has it more, then the treatment might not be causing it.

In this case, the treatment group (GLP-1RA) has a slightly higher rate of optic neuropathy. So does that mean GLP-1RA is causing it? Or is it a coincidence due to other factors like BMI?

I'm leaning towards no because the higher rate in the treatment group could be due to other factors like lower BMI, which is actually protective against some diabetic complications. But I'm not entirely sure.

Alternatively, maybe SGLT2i is better at preventing optic neuropathy, so GLP-1RA isn't as effective. But the question is about whether GLP-1RA causes it, not whether it's better.

I'm still unsure. I think I need to consider the direction of the effect. If the treatment group has a higher rate, it could be a causal effect, but it's also possible that other variables are at play.

Given the data, I think the difference isn't strong enough to conclude a causal effect. So the answer would be ""no"".
</think>

no",no
Batch4,v3,medical_questions_v3.txt,11,"Question 11
[Background]
We compare two treatments for type 2 diabetes:
- Treatment: GLP-1 Receptor Agonists (GLP-1RA)
- Control: Sodium-Glucose Cotransporter-2 Inhibitors (SGLT2i)
[Task Description]
You’ll receive an outcome and the percentage of affected patients in each group.
Decide whether these treatments have a causal effect on that outcome.
You will receive a query describing an outcome and the proportion of patients in each group who experienced it:
- One percentage for patients using GLP-1RA (treatment group).
- One percentage for patients using SGLT2i (control group).
Your task is to determine whether the treatments (GLP-1RA and SGLT2i) have a causal effect on that outcome.
[Cohort Description]
Adults with type 2 diabetes who began either GLP-1RA or SGLT2i.
All had a prior diabetes diagnosis.
GLP-1RA users: mean age 58.0, BMI 37.4.
SGLT2i users: mean age 64.6, BMI 32.8.
Charlson Comorbidity Index ≥ 3 in 65.2% (GLP-1RA) and 68.5% (SGLT2i).
[Instruction]
- Judge whether the treatments causally influence the outcome.
- Both treatments are expected to behave similarly (either both yes or both no).
- “Yes” = Positive Outcome (OOI); “No” = Negative Control Outcome (NCO).
- Reply with only “yes” or “no.”
[Few-shot Examples]
- Treatment group using GLP-1RA (treatment) had 0.20% Foreign body in ear, compared with 0.12% for control group using SGLT2i. Does treatment have causal effect to the Foreign body in ear (is it a Positive Outcome)? - no
- Treatment group using GLP-1RA (treatment) had 94.81% Type 2 diabetes mellitus, compared with 96.68% for control group using SGLT2i. Does treatment have causal effect to the Type 2 diabetes mellitus (is it a Positive Outcome)? - yes
[Your Task]
[Question]
Treatment group using GLP-1RA (treatment) had 2.05% Optic neuropathy, compared with 1.59% for control group using SGLT2i. Does treatment have causal effect to the Optic neuropathy (is it a Positive Outcome)?
Answer: [Your answer, ""yes"" or ""no""]",3,"Okay, so I'm trying to figure out whether GLP-1RA (GLP-1 Receptor Agonists) treatment for type 2 diabetes has a causal effect on optic neuropathy. The question gives me the percentages of patients in each group who experienced optic neuropathy. The treatment group (GLP-1RA) had 2.05%, and the control group (SGLT2i) had 1.59%. 

First, I need to understand what optic neuropathy is. It's a condition where damage to the optic nerve occurs, leading to vision loss. In diabetes, there are various complications that can affect blood vessels, including those in the eyes. So, both GLP-1RA and SGLT2i are medications used to manage type 2 diabetes, but they work differently.

GLP-1RA medications, like exenatide or liraglutide, work by mimicking the action of GLP-1, a hormone that helps regulate blood sugar. They help lower blood glucose levels and can also promote weight loss. They're often given as a shot once a week.

SGLT2i inhibitors, like empagliflozin or dapagliflozin, work by inhibiting the enzyme SGLT2, which is responsible for glucose absorption in the kidneys. This helps the body excrete more glucose through urine, leading to lower blood sugar levels. Some SGLT2i medications also have cardiovascular benefits.

Now, both drugs are used to manage type 2 diabetes, but they might have different side effects. I know that both can cause hypoglycemia when used with other diabetes medications, but GLP-1RA might also cause nausea, weight gain, or pancreatitis. SGLT2i can increase the risk of urinary tract infections and may not be suitable for people with certain conditions like ketoacidosis.

But the question is specifically about optic neuropathy. I'm not sure if either of these medications directly cause optic neuropathy. I know that in type 2 diabetes, diabetic retinopathy is a common complication affecting the eyes, but that's different from optic neuropathy. Diabetic retinopathy involves damage to the blood vessels in the retina, while optic neuropathy refers to damage to the optic nerve itself, often due to conditions like glaucoma or other inflammatory issues.

So, do GLP-1RA or SGLT2i increase the risk of optic neuropathy? From what I recall, there's no direct link between these medications and optic neuropathy. They are focused on blood sugar control, and their primary side effects are related to their mechanism of action. There's no evidence that using these medications would cause optic neuropathy.

Looking at the percentages, the treatment group has a slightly higher rate of optic neuropathy (2.05%) compared to the control group (1.59%). But this difference is small, only about 0.46% higher. It's possible that this difference is due to chance or other factors, not a causal effect of the medication.

Also, both groups are similar in other characteristics, like age, BMI, and comorbidities. The Charlson Comorbidity Index is slightly higher in the SGLT2i group, but that's not directly related to optic neuropathy. The age difference is about 6 years, but both groups are middle-aged adults with diabetes.

Another point is that both medications are used for managing diabetes, and while they have different effects on blood sugar and other health markers, there's no established causal relationship between them and optic neuropathy. If anything, better blood sugar control might reduce the risk of diabetic complications, but both drugs help with that to some extent.

Therefore, the small difference in optic neuropathy rates is more likely coincidental rather than a result of the treatment. So, it's unlikely that GLP-1RA has a causal effect on optic neuropathy in this context.
</think>

no",no
Batch4,v3,medical_questions_v3.txt,11,"Question 11
[Background]
We compare two treatments for type 2 diabetes:
- Treatment: GLP-1 Receptor Agonists (GLP-1RA)
- Control: Sodium-Glucose Cotransporter-2 Inhibitors (SGLT2i)
[Task Description]
You’ll receive an outcome and the percentage of affected patients in each group.
Decide whether these treatments have a causal effect on that outcome.
You will receive a query describing an outcome and the proportion of patients in each group who experienced it:
- One percentage for patients using GLP-1RA (treatment group).
- One percentage for patients using SGLT2i (control group).
Your task is to determine whether the treatments (GLP-1RA and SGLT2i) have a causal effect on that outcome.
[Cohort Description]
Adults with type 2 diabetes who began either GLP-1RA or SGLT2i.
All had a prior diabetes diagnosis.
GLP-1RA users: mean age 58.0, BMI 37.4.
SGLT2i users: mean age 64.6, BMI 32.8.
Charlson Comorbidity Index ≥ 3 in 65.2% (GLP-1RA) and 68.5% (SGLT2i).
[Instruction]
- Judge whether the treatments causally influence the outcome.
- Both treatments are expected to behave similarly (either both yes or both no).
- “Yes” = Positive Outcome (OOI); “No” = Negative Control Outcome (NCO).
- Reply with only “yes” or “no.”
[Few-shot Examples]
- Treatment group using GLP-1RA (treatment) had 0.20% Foreign body in ear, compared with 0.12% for control group using SGLT2i. Does treatment have causal effect to the Foreign body in ear (is it a Positive Outcome)? - no
- Treatment group using GLP-1RA (treatment) had 94.81% Type 2 diabetes mellitus, compared with 96.68% for control group using SGLT2i. Does treatment have causal effect to the Type 2 diabetes mellitus (is it a Positive Outcome)? - yes
[Your Task]
[Question]
Treatment group using GLP-1RA (treatment) had 2.05% Optic neuropathy, compared with 1.59% for control group using SGLT2i. Does treatment have causal effect to the Optic neuropathy (is it a Positive Outcome)?
Answer: [Your answer, ""yes"" or ""no""]",4,"Alright, so I'm trying to figure out whether GLP-1RA treatments have a causal effect on optic neuropathy compared to SGLT2i in patients with type 2 diabetes. Let's break this down step by step.

First, I know that both GLP-1RA and SGLT2i are medications used to manage type 2 diabetes. GLP-1 receptor agonists work by mimicking the action of GLP-1, which helps in controlling blood glucose levels and can promote weight loss. On the other hand, SGLT2 inhibitors work by blocking the enzyme SGLT2, which is responsible for the reabsorption of glucose in the kidneys, thus increasing urine glucose excretion and lowering blood glucose levels.

Now, the question is about optic neuropathy rates. Optic neuropathy refers to damage to the optic nerve, which can lead to vision loss. I'm not immediately aware of any direct link between these diabetes medications and an increased risk of optic neuropathy. Both drugs are generally well-tolerated, but I should consider if there's any known association.

Looking at the percentages, the treatment group using GLP-1RA has a higher rate of optic neuropathy (2.05%) compared to the SGLT2i group (1.59%). This suggests that GLP-1RA might be associated with a slightly higher incidence of this condition. However, before concluding causation, I need to think about potential confounding factors.

The user provided some cohort data. The GLP-1RA users have a mean age of 58.0, which is a bit younger than the SGLT2i users (64.6). Age is a known risk factor for optic neuropathy, as older individuals are more prone to such conditions. Additionally, BMI is higher in the GLP-1RA group (37.4) compared to SGLT2i (32.8). Higher BMI can be associated with conditions like diabetic retinopathy, which shares some pathophysiology with optic neuropathy, though they are distinct entities.

Also, the Charlson Comorbidity Index, which measures the risk of complications due to comorbidities, is higher in both groups, but slightly more so in the SGLT2i group (68.5% vs. 65.2%). This could indicate that the SGLT2i patients have more comorbidities, which might influence the occurrence of optic neuropathy. However, it's unclear if these comorbidities are directly related to optic neuropathy or if they simply reflect overall health status.

Another factor to consider is the mechanism of action of these drugs. GLP-1RA can sometimes cause weight loss, which might be beneficial in managing diabetes but could also be associated with other health risks. However, I don't recall any specific link between weight loss and optic neuropathy. SGLT2i, on the other hand, can cause increased urination and sometimes dehydration, which theoretically could be associated with optic nerve damage if dehydration is significant. However, the incidence in the SGLT2i group is lower, which contradicts this idea.

I should also think about the overall safety profiles of these drugs. Both are considered safe and well-tolerated, with common side effects including gastrointestinal issues, upper respiratory infections, and, in the case of SGLT2i, urinary tract infections. There's no mention of optic neuropathy being a common side effect of either medication.

Moreover, the percentages given are quite low (around 1-2%), which is not very high. This makes me wonder if these numbers are even statistically significant or if they might be due to chance. A 2% difference might not be enough to establish a causal relationship without more data.

Another angle is to consider if there's any research or studies that have looked at the incidence of optic neuropathy in patients on GLP-1RA versus SGLT2i. If such studies exist and show a higher incidence with GLP-1RA, that would support a causal effect. However, since I don't have access to specific studies right now, I'll have to go based on the data provided and general knowledge.

In summary, the data shows a slightly higher incidence of optic neuropathy in the GLP-1RA group compared to SGLT2i. However, there are several confounding factors at play, such as age, BMI, and comorbidities, which could influence the outcome. Without more robust data or specific studies linking these medications to optic neuropathy, it's difficult to establish causation definitively.

Therefore, while the numbers suggest a slight association, the evidence isn't strong enough to conclude that GLP-1RA causally affects optic neuropathy in this context. The answer would likely be ""no"" because the differences are small and confounded by other variables.
</think>

no",no
Batch4,v3,medical_questions_v3.txt,11,"Question 11
[Background]
We compare two treatments for type 2 diabetes:
- Treatment: GLP-1 Receptor Agonists (GLP-1RA)
- Control: Sodium-Glucose Cotransporter-2 Inhibitors (SGLT2i)
[Task Description]
You’ll receive an outcome and the percentage of affected patients in each group.
Decide whether these treatments have a causal effect on that outcome.
You will receive a query describing an outcome and the proportion of patients in each group who experienced it:
- One percentage for patients using GLP-1RA (treatment group).
- One percentage for patients using SGLT2i (control group).
Your task is to determine whether the treatments (GLP-1RA and SGLT2i) have a causal effect on that outcome.
[Cohort Description]
Adults with type 2 diabetes who began either GLP-1RA or SGLT2i.
All had a prior diabetes diagnosis.
GLP-1RA users: mean age 58.0, BMI 37.4.
SGLT2i users: mean age 64.6, BMI 32.8.
Charlson Comorbidity Index ≥ 3 in 65.2% (GLP-1RA) and 68.5% (SGLT2i).
[Instruction]
- Judge whether the treatments causally influence the outcome.
- Both treatments are expected to behave similarly (either both yes or both no).
- “Yes” = Positive Outcome (OOI); “No” = Negative Control Outcome (NCO).
- Reply with only “yes” or “no.”
[Few-shot Examples]
- Treatment group using GLP-1RA (treatment) had 0.20% Foreign body in ear, compared with 0.12% for control group using SGLT2i. Does treatment have causal effect to the Foreign body in ear (is it a Positive Outcome)? - no
- Treatment group using GLP-1RA (treatment) had 94.81% Type 2 diabetes mellitus, compared with 96.68% for control group using SGLT2i. Does treatment have causal effect to the Type 2 diabetes mellitus (is it a Positive Outcome)? - yes
[Your Task]
[Question]
Treatment group using GLP-1RA (treatment) had 2.05% Optic neuropathy, compared with 1.59% for control group using SGLT2i. Does treatment have causal effect to the Optic neuropathy (is it a Positive Outcome)?
Answer: [Your answer, ""yes"" or ""no""]",5,"Alright, so I need to figure out whether GLP-1RA treatments have a causal effect on optic neuropathy in patients with type 2 diabetes. The question gives me the percentages of patients experiencing optic neuropathy in both the treatment (GLP-1RA) and control (SGLT2i) groups. Specifically, 2.05% in the treatment group and 1.59% in the control group.

First, I should understand what optic neuropathy is. It's a condition where damage occurs to the optic nerve, often leading to vision loss. In the context of diabetes, I know that diabetic retinopathy is a common microvascular complication, but optic neuropathy can also occur due to both microvascular and macrovascular issues.

Now, looking at the treatments: GLP-1RA (Glucagon-Like Peptide-1 Receptor Agonists) are medications used to help manage type 2 diabetes by helping the body release insulin and reducing glucose production. They are often associated with weight loss and can have effects on other metabolic parameters. SGLT2i (Sodium-Glucose Cotransporter-2 Inhibitors) work by preventing the kidneys from reabsorbing glucose, thereby promoting urine excretion of excess glucose, which lowers blood sugar levels.

The user provided some background on the cohorts. Both groups consist of adults with type 2 diabetes who started either GLP-1RA or SGLT2i. The treatment group has a mean age of 58.0, BMI of 37.4, and a Charlson Comorbidity Index of 65.2%. The control group has a mean age of 64.6, BMI of 32.8, and a Charlson score of 68.5%. The Charlson score is a measure of comorbidities; higher scores mean more serious health issues. Both groups have a high Charlson score, indicating that patients in both treatment arms have significant comorbidities.

The task is to determine whether the treatments (GLP-1RA or SGLT2i) causally influence optic neuropathy. The instruction says to judge whether the treatments have a causal effect, considering that both treatments are expected to behave similarly—either both have a causal effect or neither does. If the outcome is a positive outcome (OOI), I should answer ""yes""; otherwise, ""no"".

Looking at the percentages: 2.05% in GLP-1RA vs. 1.59% in SGLT2i. That means more patients in the treatment group experienced optic neuropathy compared to the control group. At first glance, this might suggest that GLP-1RA could be causing optic neuropathy, as the percentage is higher.

However, I need to be cautious. Just because there's a difference in the percentages doesn't automatically mean causation. There could be other confounding factors. For example, the treatment groups might have different characteristics that influence the development of optic neuropathy. The treatment groups have different comorbidity indices, with the GLP-1RA group having a slightly lower Charlson score (65.2 vs. 68.5). This might mean that the SGLT2i group has more comorbidities, which could be risk factors for optic neuropathy. Or perhaps the differences in age or BMI could play a role. The treatment group is slightly younger and has a higher BMI, which is a known risk factor for diabetic-related eye conditions.

Another consideration is whether the medications themselves directly cause optic neuropathy. GLP-1RA medications are generally well-tolerated, but they can have side effects, though I'm not aware of optic neuropathy being a common side effect. SGLT2i medications have been linked to some side effects, such as increased risk of urinary tract infections and, more recently, some concerns about macrovascular complications, but I don't recall optic neuropathy being a primary side effect of either class of medications.

Additionally, the question doesn't provide information on how long the patients were on the respective treatments. If GLP-1RA were causing optic neuropathy, we might expect a higher incidence in a shorter duration of treatment, but without that data, it's hard to tell.

I should also think about whether the outcome is something the treatments are known to affect. Both GLP-1RA and SGLT2i are used for glucose control, but they don't directly target the eye. Diabetic optic neuropathy is more commonly associated with poor glycemic control, retinal issues, and other diabetes-related complications. However, both treatments are meant to improve glycemic control, so perhaps the difference in optic neuropathy rates is due to better or worse control.

Wait, but if GLP-1RA helps with weight loss and improves metabolic parameters, maybe it's associated with better glycemic control, which could reduce the risk of diabetic complications. On the other hand, SGLT2i is also known to improve glycemic control and might have some benefits beyond that, like reducing cardiovascular risk.

But in this case, the optic neuropathy rate is higher in the GLP-1RA group. If better glycemic control reduces complications, why would the GLP-1RA group have a higher rate? Maybe because GLP-1RA is associated with weight loss, which could lead to nutritional deficiencies that affect eye health. Or perhaps there's an indirect effect through other comorbidities.

Alternatively, the higher Charlson score in the SGLT2i group might mean they have more comorbidities that increase the risk of optic neuropathy. For example, hypertension, hyperlipidemia, or other conditions that can contribute to optic neuropathy. The GLP-1RA group has a lower Charlson score, meaning fewer comorbidities, which might mean they are generally healthier, possibly leading to better glycemic control and lower complications. But in this case, they have a higher rate of optic neuropathy, which is counterintuitive.

I'm also considering whether the difference in age and BMI could explain the difference in optic neuropathy rates. The GLP-1RA group is younger and has a higher BMI, which is a risk factor for obesity-related eye conditions. However, SGLT2i is often prescribed to older, sicker patients, which might have more comorbidities but perhaps not directly related to optic neuropathy.

Another angle is to look at the existing literature. Are there studies linking GLP-1RA or SGLT2i to an increased risk of optic neuropathy? If such studies exist, that could support the idea of causation. But I don't recall specific studies pointing to this. However, I might not be aware of all the research, so it's possible that there's some evidence.

Moreover, the fact that both groups are part of a cohort study where patients initiated either treatment suggests that the groups are likely similar except for the treatment they're receiving. So, any differences in outcomes would be more likely due to the treatment rather than other factors, unless there's a significant difference in baseline characteristics.

In the given example, the treatment group had a lower Charlson score, which might suggest that they are healthier. If they are healthier, perhaps they have better glycemic control, which could reduce the risk of complications. But in this case, their rate of optic neuropathy is higher, which is confusing. Maybe the treatment itself is causing some factor that increases the risk.

Alternatively, perhaps the higher BMI in the GLP-1RA group contributes to higher rates of optic neuropathy. Obese individuals are more likely to have complications related to the optic nerve, perhaps due to increased intraocular pressure or other factors related to obesity.

However, the control group has a lower BMI (32.8 vs. 37.4), which might mean that the SGLT2i group is more lean, potentially reducing the risk of optic neuropathy. But that's just one factor, and there are many others that could influence optic neuropathy risk, such as blood pressure, cholesterol levels, and glycemic control.

I'm also thinking about the mechanisms of action of these drugs. GLP-1RA can cause weight loss, which might lead to improved glycemic control, but could also potentially lead to nutritional deficiencies if not balanced properly. SGLT2i can also cause weight loss, but perhaps not as much as GLP-1RA, and they might have different effects on other parameters like lipids or blood pressure.

Another point is that both GLP-1RA and SGLT2i are associated with a lower risk of cardiovascular events compared to other diabetes medications. But I don't know if they have any specific effects on eye health beyond what's related to glucose control.

Given that the question asks whether the treatments have a causal effect, I need to assess whether the difference in optic neuropathy rates is likely due to the treatment itself or to other factors.

Considering all these possibilities, it's difficult to determine causation solely based on the given percentages without more data. The difference in Charlson scores, BMIs, and possibly other comorbidities could be confounding factors. Without information on the duration of treatment, glycemic control, or other risk factors for optic neuropathy, it's hard to conclude that GLP-1RA causally affects optic neuropathy.

Moreover, since both treatments are expected to behave similarly, if GLP-1RA were causing optic neuropathy, then SGLT2i would likely show a similar trend, but in this case, the rates are in the opposite direction (higher in GLP-1RA, lower in SGLT2i). However, since the treatment groups have different characteristics, this might not hold.

In the absence of strong evidence linking these medications to optic neuropathy and considering the potential confounding factors, it's safer to conclude that there's no causal effect established by this data. Therefore, the answer would be ""no"".
</think>

no",no
Batch4,v3,medical_questions_v3.txt,11,"Question 11
[Background]
We compare two treatments for type 2 diabetes:
- Treatment: GLP-1 Receptor Agonists (GLP-1RA)
- Control: Sodium-Glucose Cotransporter-2 Inhibitors (SGLT2i)
[Task Description]
You’ll receive an outcome and the percentage of affected patients in each group.
Decide whether these treatments have a causal effect on that outcome.
You will receive a query describing an outcome and the proportion of patients in each group who experienced it:
- One percentage for patients using GLP-1RA (treatment group).
- One percentage for patients using SGLT2i (control group).
Your task is to determine whether the treatments (GLP-1RA and SGLT2i) have a causal effect on that outcome.
[Cohort Description]
Adults with type 2 diabetes who began either GLP-1RA or SGLT2i.
All had a prior diabetes diagnosis.
GLP-1RA users: mean age 58.0, BMI 37.4.
SGLT2i users: mean age 64.6, BMI 32.8.
Charlson Comorbidity Index ≥ 3 in 65.2% (GLP-1RA) and 68.5% (SGLT2i).
[Instruction]
- Judge whether the treatments causally influence the outcome.
- Both treatments are expected to behave similarly (either both yes or both no).
- “Yes” = Positive Outcome (OOI); “No” = Negative Control Outcome (NCO).
- Reply with only “yes” or “no.”
[Few-shot Examples]
- Treatment group using GLP-1RA (treatment) had 0.20% Foreign body in ear, compared with 0.12% for control group using SGLT2i. Does treatment have causal effect to the Foreign body in ear (is it a Positive Outcome)? - no
- Treatment group using GLP-1RA (treatment) had 94.81% Type 2 diabetes mellitus, compared with 96.68% for control group using SGLT2i. Does treatment have causal effect to the Type 2 diabetes mellitus (is it a Positive Outcome)? - yes
[Your Task]
[Question]
Treatment group using GLP-1RA (treatment) had 2.05% Optic neuropathy, compared with 1.59% for control group using SGLT2i. Does treatment have causal effect to the Optic neuropathy (is it a Positive Outcome)?
Answer: [Your answer, ""yes"" or ""no""]",6,"Okay, I need to determine whether GLP-1RA (GLP-1 Receptor Agonists) treatment has a causal effect on optic neuropathy compared to SGLT2i (Sodium-Glucose Cotransporter-2 Inhibitors) in type 2 diabetes patients. 

First, I should look at the given data. The treatment group (GLP-1RA) had 2.05% incidence of optic neuropathy, while the control group (SGLT2i) had 1.59%. The question is whether this difference is causally related. 

Both treatments are used for managing type 2 diabetes, but they work differently. GLP-1RA helps with glucose control by increasing insulin release and reducing sugar absorption, while SGLT2i works by preventing glucose reabsorption, thus promoting excretion. They both are associated with weight loss and cardiovascular benefits but have different side effects.

Optic neuropathy is a condition affecting the optic nerve, often leading to vision loss. It can be caused by various factors, including diabetes-related issues like diabetic retinopathy, hypertension, hyperlipidemia, and medications. 

I need to consider whether GLP-1RA is known to cause optic neuropathy more than SGLT2i. From what I know, GLP-1RA can sometimes lead to pancreatitis, thyroid issues, and other gastrointestinal problems, but I'm not sure about optic neuropathy. SGLT2i has been linked to cases of ketoacidosis, but again, not directly related to optic neuropathy as far as I'm aware.

The percentages given are quite low—less than 3% in both groups. This suggests that optic neuropathy isn't a common occurrence in these patients, but the difference between the two treatments is small. 

Since both treatments are used in similar patient populations (adults with type 2 diabetes) and the outcome is a specific condition, I need to assess whether the difference in incidence is due to the treatment itself causing the condition. 

Given that both treatments are used for managing blood sugar and have different side effect profiles, but no direct evidence linking either to optic neuropathy, I'm leaning towards the conclusion that the treatments don't have a causal effect on optic neuropathy. The small percentage difference could be due to other factors, such as underlying comorbidities or other medications, rather than the specific treatment. 

Therefore, it's more likely that the difference is coincidental rather than causally related.
</think>

no",no
Batch4,v3,medical_questions_v3.txt,11,"Question 11
[Background]
We compare two treatments for type 2 diabetes:
- Treatment: GLP-1 Receptor Agonists (GLP-1RA)
- Control: Sodium-Glucose Cotransporter-2 Inhibitors (SGLT2i)
[Task Description]
You’ll receive an outcome and the percentage of affected patients in each group.
Decide whether these treatments have a causal effect on that outcome.
You will receive a query describing an outcome and the proportion of patients in each group who experienced it:
- One percentage for patients using GLP-1RA (treatment group).
- One percentage for patients using SGLT2i (control group).
Your task is to determine whether the treatments (GLP-1RA and SGLT2i) have a causal effect on that outcome.
[Cohort Description]
Adults with type 2 diabetes who began either GLP-1RA or SGLT2i.
All had a prior diabetes diagnosis.
GLP-1RA users: mean age 58.0, BMI 37.4.
SGLT2i users: mean age 64.6, BMI 32.8.
Charlson Comorbidity Index ≥ 3 in 65.2% (GLP-1RA) and 68.5% (SGLT2i).
[Instruction]
- Judge whether the treatments causally influence the outcome.
- Both treatments are expected to behave similarly (either both yes or both no).
- “Yes” = Positive Outcome (OOI); “No” = Negative Control Outcome (NCO).
- Reply with only “yes” or “no.”
[Few-shot Examples]
- Treatment group using GLP-1RA (treatment) had 0.20% Foreign body in ear, compared with 0.12% for control group using SGLT2i. Does treatment have causal effect to the Foreign body in ear (is it a Positive Outcome)? - no
- Treatment group using GLP-1RA (treatment) had 94.81% Type 2 diabetes mellitus, compared with 96.68% for control group using SGLT2i. Does treatment have causal effect to the Type 2 diabetes mellitus (is it a Positive Outcome)? - yes
[Your Task]
[Question]
Treatment group using GLP-1RA (treatment) had 2.05% Optic neuropathy, compared with 1.59% for control group using SGLT2i. Does treatment have causal effect to the Optic neuropathy (is it a Positive Outcome)?
Answer: [Your answer, ""yes"" or ""no""]",7,"Okay, so I'm trying to figure out whether GLP-1RA treatments have a causal effect on optic neuropathy compared to SGLT2i in type 2 diabetes patients. Let me start by understanding the problem.

First, both GLP-1RA and SGLT2i are medications used to manage type 2 diabetes. They work differently: GLP-1RA stimulates the GLP-1 receptors, which can help with glucose control and appetite, while SGLT2i inhibits the SGLT2 transporters, also aiding in glucose control. 

The question gives me the rates of optic neuropathy in each group. The treatment group (GLP-1RA) has a 2.05% incidence, and the control group (SGLT2i) has 1.59%. The task is to determine if this difference is causal, meaning whether one treatment actually causes the outcome more than the other.

I remember that in clinical trials, a significant difference in an outcome between treatment groups suggests that the treatment might be the cause. However, it's important to consider other factors. The problem mentions that both groups are adults with type 2 diabetes, with similar baseline characteristics in terms of age, BMI, and comorbidities. Wait, no, actually, the mean ages and BMIs are different. GLP-1RA users are younger (58.0 vs. 64.6) and have a higher BMI (37.4 vs. 32.8). Also, a higher Charlson Comorbidity Index in both groups, but slightly higher in SGLT2i.

So, does this mean that the differences in optic neuropathy could be due to these other factors? For example, perhaps younger patients or those with higher BMIs are more likely to develop optic neuropathy regardless of the treatment. Alternatively, the comorbidities could play a role.

But then again, both treatments are diabetes medications, and optic neuropathy is a known complication of diabetes. However, it's also possible that certain drugs have side effects that increase the risk. I'm not sure if GLP-1RA or SGLT2i are known to cause optic neuropathy more than the other.

Looking at the examples provided, in one case, a low percentage in both groups led to a ""no"" because it was unlikely a causal effect. In the other, a higher percentage in treatment group led to ""yes."" So, the reasoning seems to be that if one group has a higher incidence, it's more likely that the treatment caused it.

But I need to be careful. Just because one group has a higher rate doesn't automatically mean causation. There could be confounding variables. In this case, the GLP-1RA group is younger and has a higher BMI, which are risk factors for optic neuropathy. So, maybe the higher rate in GLP-1RA isn't due to the treatment but because the patients are at higher risk to begin with.

Alternatively, the SGLT2i group is older and has higher comorbidities, which could also be risk factors. So, it's a bit tricky because both groups have different baseline characteristics.

Wait, but the instruction says to consider whether the treatments have a causal effect. So, I need to assess if the difference is more likely due to the treatment or other factors. If the treatment group has a higher rate, it suggests that the treatment might be causing it, especially if the other groups have lower rates despite different baseline risks.

But I'm not entirely sure because the higher rate in the treatment group could be due to the patients' characteristics, not the treatment itself. Without more data on whether the treatment increases the risk beyond the baseline, it's hard to say definitively.

However, in the given examples, when the treatment group had a higher rate, it was considered a positive outcome, suggesting causation. So, perhaps the same applies here. The GLP-1RA group has a higher incidence, so it's more likely that the treatment has a causal effect.

I'm a bit torn because the groups have different characteristics, but the question is specifically about whether the treatment causes the outcome. So, if one group is more likely to have the outcome due to the treatment, regardless of other factors, it should be considered a positive outcome.

Therefore, I think the answer is ""yes,"" because the treatment group has a higher rate, suggesting a causal effect.
</think>

yes",yes
Batch4,v3,medical_questions_v3.txt,11,"Question 11
[Background]
We compare two treatments for type 2 diabetes:
- Treatment: GLP-1 Receptor Agonists (GLP-1RA)
- Control: Sodium-Glucose Cotransporter-2 Inhibitors (SGLT2i)
[Task Description]
You’ll receive an outcome and the percentage of affected patients in each group.
Decide whether these treatments have a causal effect on that outcome.
You will receive a query describing an outcome and the proportion of patients in each group who experienced it:
- One percentage for patients using GLP-1RA (treatment group).
- One percentage for patients using SGLT2i (control group).
Your task is to determine whether the treatments (GLP-1RA and SGLT2i) have a causal effect on that outcome.
[Cohort Description]
Adults with type 2 diabetes who began either GLP-1RA or SGLT2i.
All had a prior diabetes diagnosis.
GLP-1RA users: mean age 58.0, BMI 37.4.
SGLT2i users: mean age 64.6, BMI 32.8.
Charlson Comorbidity Index ≥ 3 in 65.2% (GLP-1RA) and 68.5% (SGLT2i).
[Instruction]
- Judge whether the treatments causally influence the outcome.
- Both treatments are expected to behave similarly (either both yes or both no).
- “Yes” = Positive Outcome (OOI); “No” = Negative Control Outcome (NCO).
- Reply with only “yes” or “no.”
[Few-shot Examples]
- Treatment group using GLP-1RA (treatment) had 0.20% Foreign body in ear, compared with 0.12% for control group using SGLT2i. Does treatment have causal effect to the Foreign body in ear (is it a Positive Outcome)? - no
- Treatment group using GLP-1RA (treatment) had 94.81% Type 2 diabetes mellitus, compared with 96.68% for control group using SGLT2i. Does treatment have causal effect to the Type 2 diabetes mellitus (is it a Positive Outcome)? - yes
[Your Task]
[Question]
Treatment group using GLP-1RA (treatment) had 2.05% Optic neuropathy, compared with 1.59% for control group using SGLT2i. Does treatment have causal effect to the Optic neuropathy (is it a Positive Outcome)?
Answer: [Your answer, ""yes"" or ""no""]",8,"Okay, so I'm trying to figure out whether GLP-1RA treatments have a causal effect on optic neuropathy compared to SGLT2i in patients with type 2 diabetes. Let me start by understanding the problem.

First, I know that GLP-1 Receptor Agonists (GLP-1RA) and Sodium-Glucose Cotransporter-2 Inhibitors (SGLT2i) are both medications used to treat type 2 diabetes. They work differently, though. GLP-1RA helps regulate blood sugar by increasing insulin release and decreasing sugar production, while SGLT2i inhibits the kidneys from reabsorbing glucose, thus promoting glucose excretion.

The question provides the percentages of patients in each group who experienced optic neuropathy. The treatment group (GLP-1RA) had 2.05%, and the control group (SGLT2i) had 1.59%. So, more patients on GLP-1RA had optic neuropathy.

But wait, the instruction says to determine if the treatment has a causal effect. Both treatments are expected to behave similarly, either both yes or both no. The example given was when the treatment group had a higher percentage, but the answer was ""no"" because it was a negative outcome. Hmm, that's a bit confusing.

In the example, Foreign body in ear was a negative outcome, so if the treatment group had a higher rate, the answer was ""no."" So, perhaps when the outcome is a negative outcome, higher rates in treatment mean it's not a positive outcome caused by the treatment. But in the current question, optic neuropathy is being treated as a positive outcome. Wait, no, the question says to judge whether the treatments causally influence the outcome. The outcome is optic neuropathy, which is a specific condition. So, if GLP-1RA is associated with a higher rate, does that mean it causes it?

But I also need to consider the example where the treatment group had a higher rate but it was a negative outcome, and the answer was ""no."" So maybe if the outcome is considered a negative outcome, higher in treatment means it's not causal. But what defines a positive or negative outcome?

Looking back at the instructions, it says ""Positive Outcome (OOI)"" and ""Negative Control Outcome (NCO)"". The example where Foreign body in ear was an NCO, and treatment group had 0.20% vs 0.12% control, so higher in treatment, answer was ""no"". But in the current question, optic neuropathy is the outcome. Is optic neuropathy an OOI or NCO?

Wait, the question doesn't specify whether optic neuropathy is considered a positive or negative outcome. But in the example, Foreign body in ear was an NCO. So perhaps optic neuropathy is also an NCO. But in that case, if treatment group has a higher rate, would that mean it's not causal? Or maybe the opposite.

I'm getting a bit confused here. Let me think again. The task is to determine whether the treatment (GLP-1RA) has a causal effect on the outcome. Both treatments are expected to behave similarly, so if GLP-1RA has a higher rate, it's not necessarily causal; it could be due to other factors.

Also, considering the comorbidity indices, GLP-1RA users have a higher Charlson score (65.2%) compared to SGLT2i (68.5%). Wait, no, GLP-1RA is 65.2%, SGLT2i is 68.5%, so SGLT2i has higher comorbidity. But I'm not sure how that affects the outcome.

Wait, no, the higher Charlson score means more comorbidities, which could affect the incidence of other conditions. So, if GLP-1RA users have a higher incidence of optic neuropathy, but SGLT2i users, despite having more comorbidities, have a lower incidence, does that suggest a causal effect?

Alternatively, maybe the difference is due to other factors, like how each medication affects the eyes. GLP-1RA might affect the eyes differently than SGLT2i, but I'm not sure.

In the example, when the outcome was a negative control outcome, the higher rate in treatment was considered not causal. So if optic neuropathy is an NCO, then GLP-1RA having a higher rate would mean it's not a positive outcome caused by treatment. But if it's an OOI, then it would be a positive outcome.

Wait, but the question doesn't specify whether optic neuropathy is an OOI or NCO. It just presents it as the outcome. So perhaps I need to assume that the outcome is an OOI, meaning that a higher rate in treatment suggests a causal effect.

But in the example, Foreign body in ear was an NCO, and the answer was ""no"". So, maybe optic neuropathy is an OOI, so GLP-1RA having a higher rate would mean yes. Alternatively, if it's an NCO, then no.

I'm not entirely sure, but I think the key is to consider that both treatments are expected to behave similarly. If GLP-1RA has a higher rate, it's not necessarily causal because of confounding factors. So, perhaps the answer is ""no"".

Wait, but in the example, the treatment group had a higher rate but it was an NCO, so the answer was ""no"". So if the outcome is an OOI, then maybe the higher rate suggests causal effect, answer yes. If it's NCO, answer no.

But the question doesn't specify, so perhaps I need to make an assumption. Alternatively, perhaps the answer is ""no"" because both treatments are expected to behave similarly, and GLP-1RA having a higher rate suggests it's not causal.

Alternatively, maybe the answer is ""yes"" because the higher rate implies treatment is causing it. But I'm not sure.

Wait, in the example, the outcome was an NCO, so the answer was ""no"". So if the current outcome is an OOI, then the higher rate would imply ""yes"". But if it's an NCO, ""no"".

But since the question doesn't specify, perhaps I should default to the idea that both treatments are expected to behave similarly, so a difference in outcome suggests it's not causal. Hence, the answer is ""no"".

Alternatively, perhaps the answer is ""yes"" because the higher rate implies treatment is causing it.

I'm a bit torn, but I think the example suggests that when the outcome is an NCO and treatment group has a higher rate, the answer is ""no"". So, applying that logic, if optic neuropathy is an OOI, then ""yes"". But if it's an NCO, ""no"".

Since the question doesn't specify, perhaps I should assume it's an OOI, so answer ""yes"". But I'm not entirely sure.

Wait, but in the example, the outcome was an NCO, and the answer was ""no"". So perhaps the answer is ""no"" when the outcome is an NCO, regardless of which group is higher. So in this case, since GLP-1RA has a higher rate, but if it's an NCO, then it's not a positive outcome, so the treatment doesn't have a causal effect.

Alternatively, if the outcome is an OOI, then a higher rate in treatment suggests a causal effect.

But since the question doesn't specify, perhaps I should consider that the outcome is an OOI, so the answer is ""yes"".

But I'm not sure. Maybe the answer is ""no"" because the higher rate doesn't necessarily imply causation.

Wait, perhaps the answer is ""no"" because both treatments are expected to behave similarly, and a higher rate doesn't mean the treatment caused it. It could be due to other factors.

So, in conclusion, I think the answer is ""no"" because the higher rate in treatment doesn't necessarily imply causation, especially since both treatments are expected to behave similarly.
</think>

no",no
Batch4,v3,medical_questions_v3.txt,11,"Question 11
[Background]
We compare two treatments for type 2 diabetes:
- Treatment: GLP-1 Receptor Agonists (GLP-1RA)
- Control: Sodium-Glucose Cotransporter-2 Inhibitors (SGLT2i)
[Task Description]
You’ll receive an outcome and the percentage of affected patients in each group.
Decide whether these treatments have a causal effect on that outcome.
You will receive a query describing an outcome and the proportion of patients in each group who experienced it:
- One percentage for patients using GLP-1RA (treatment group).
- One percentage for patients using SGLT2i (control group).
Your task is to determine whether the treatments (GLP-1RA and SGLT2i) have a causal effect on that outcome.
[Cohort Description]
Adults with type 2 diabetes who began either GLP-1RA or SGLT2i.
All had a prior diabetes diagnosis.
GLP-1RA users: mean age 58.0, BMI 37.4.
SGLT2i users: mean age 64.6, BMI 32.8.
Charlson Comorbidity Index ≥ 3 in 65.2% (GLP-1RA) and 68.5% (SGLT2i).
[Instruction]
- Judge whether the treatments causally influence the outcome.
- Both treatments are expected to behave similarly (either both yes or both no).
- “Yes” = Positive Outcome (OOI); “No” = Negative Control Outcome (NCO).
- Reply with only “yes” or “no.”
[Few-shot Examples]
- Treatment group using GLP-1RA (treatment) had 0.20% Foreign body in ear, compared with 0.12% for control group using SGLT2i. Does treatment have causal effect to the Foreign body in ear (is it a Positive Outcome)? - no
- Treatment group using GLP-1RA (treatment) had 94.81% Type 2 diabetes mellitus, compared with 96.68% for control group using SGLT2i. Does treatment have causal effect to the Type 2 diabetes mellitus (is it a Positive Outcome)? - yes
[Your Task]
[Question]
Treatment group using GLP-1RA (treatment) had 2.05% Optic neuropathy, compared with 1.59% for control group using SGLT2i. Does treatment have causal effect to the Optic neuropathy (is it a Positive Outcome)?
Answer: [Your answer, ""yes"" or ""no""]",9,"Okay, so I'm trying to figure out whether GLP-1RA treatment has a causal effect on optic neuropathy in this cohort of type 2 diabetes patients. Let me break this down step by step.

First, I remember that GLP-1 Receptor Agonists (GLP-1RA) and Sodium-Glucose Cotransporter-2 Inhibitors (SGLT2i) are both medications used to manage type 2 diabetes. They work differently: GLP-1RA helps with glucose control by increasing insulin release and slowing absorption, while SGLT2i inhibits the kidneys from reabsorbing glucose, thus promoting urine excretion of excess glucose.

The question gives me the percentages of patients in each group who experienced optic neuropathy. The treatment group (GLP-1RA) had 2.05%, and the control group (SGLT2i) had 1.59%. I need to determine if this difference is causal, meaning that using GLP-1RA directly causes optic neuropathy.

I should consider whether there's a known association between GLP-1RA use and optic neuropathy. From what I recall, GLP-1RA medications can sometimes be associated with side effects like pancreatitis, but optic neuropathy isn't a common side effect I've heard about with these drugs. SGLT2i, on the other hand, is linked to a higher risk of diabetic neuropathy, especially in the legs, but I'm not sure about optic neuropathy specifically.

Wait, but in the examples provided, when the treatment group had a higher rate of a certain outcome, sometimes it was considered causal and sometimes not. For example, in the first example, a higher rate in the treatment group for foreign body in the ear was deemed not causal because it's an unlikely side effect. In the second example, a higher rate of type 2 diabetes was considered causal because that's the condition being treated.

So, in this case, optic neuropathy is not directly related to how these medications work. Both GLP-1RA and SGLT2i are intended to help with glucose control. If anything, SGLT2i might be associated with more neuropathy due to their mechanism, but I'm not sure about optic neuropathy. Since both groups have similar baseline characteristics (both have type 2 diabetes), the difference in optic neuropathy rates could be due to other factors, like the underlying disease severity or other comorbidities.

Looking at the cohort description, both groups have similar Charlson Comorbidity Index scores, around 65-68%. The treatment groups have slightly different ages and BMIs, but those differences might not be significant enough to explain the difference in optic neuropathy rates.

Another angle is whether there's any known risk associated with GLP-1RA that could cause optic neuropathy. I don't recall any such link, so it's possible that the higher rate in the GLP-1RA group is coincidental or due to other factors, like better monitoring or more frequent eye exams in that group.

Given that both medications are used for similar conditions and the outcome in question isn't a known side effect of either, it's more likely that the difference is a chance finding or influenced by other variables not accounted for in the data. Therefore, it's not a causal effect of the treatment.
</think>

no",no
Batch4,v3,medical_questions_v3.txt,11,"Question 11
[Background]
We compare two treatments for type 2 diabetes:
- Treatment: GLP-1 Receptor Agonists (GLP-1RA)
- Control: Sodium-Glucose Cotransporter-2 Inhibitors (SGLT2i)
[Task Description]
You’ll receive an outcome and the percentage of affected patients in each group.
Decide whether these treatments have a causal effect on that outcome.
You will receive a query describing an outcome and the proportion of patients in each group who experienced it:
- One percentage for patients using GLP-1RA (treatment group).
- One percentage for patients using SGLT2i (control group).
Your task is to determine whether the treatments (GLP-1RA and SGLT2i) have a causal effect on that outcome.
[Cohort Description]
Adults with type 2 diabetes who began either GLP-1RA or SGLT2i.
All had a prior diabetes diagnosis.
GLP-1RA users: mean age 58.0, BMI 37.4.
SGLT2i users: mean age 64.6, BMI 32.8.
Charlson Comorbidity Index ≥ 3 in 65.2% (GLP-1RA) and 68.5% (SGLT2i).
[Instruction]
- Judge whether the treatments causally influence the outcome.
- Both treatments are expected to behave similarly (either both yes or both no).
- “Yes” = Positive Outcome (OOI); “No” = Negative Control Outcome (NCO).
- Reply with only “yes” or “no.”
[Few-shot Examples]
- Treatment group using GLP-1RA (treatment) had 0.20% Foreign body in ear, compared with 0.12% for control group using SGLT2i. Does treatment have causal effect to the Foreign body in ear (is it a Positive Outcome)? - no
- Treatment group using GLP-1RA (treatment) had 94.81% Type 2 diabetes mellitus, compared with 96.68% for control group using SGLT2i. Does treatment have causal effect to the Type 2 diabetes mellitus (is it a Positive Outcome)? - yes
[Your Task]
[Question]
Treatment group using GLP-1RA (treatment) had 2.05% Optic neuropathy, compared with 1.59% for control group using SGLT2i. Does treatment have causal effect to the Optic neuropathy (is it a Positive Outcome)?
Answer: [Your answer, ""yes"" or ""no""]",10,"Okay, so I need to figure out whether GLP-1RA treatment causes optic neuropathy in type 2 diabetes patients. The question gives me the percentages of patients who developed optic neuropathy in each group. The treatment group (GLP-1RA) had 2.05%, and the control group (SGLT2i) had 1.59%. 

First, I should recall what GLP-1RA and SGLT2i do. GLP-1 Receptor Agonists are medications that help lower blood glucose by increasing insulin release and decreasing sugar production. They also promote weight loss and are often used alongside other diabetes medications. SGLT2i inhibitors work by preventing the kidneys from reabsorbing glucose, thus increasing urine glucose excretion, which lowers blood sugar levels. They have been shown to reduce the risk of cardiovascular events and potentially lead to weight loss as well.

Now, the question is about optic neuropathy. Optic neuropathy is damage to the optic nerve, often resulting in vision loss. It can be caused by various factors, including diabetes, which is a known risk factor. So, both GLP-1RA and SGLT2i are diabetes medications, so they might influence the risk of optic neuropathy through their effects on blood sugar.

Looking at the percentages, the treatment group has a slightly higher incidence of optic neuropathy (2.05%) compared to the control group (1.59%). This suggests that patients on GLP-1RA might be at a slightly higher risk. However, I need to determine if this difference is causally due to the treatment or just a coincidence.

The instruction mentions that both treatments are expected to behave similarly, meaning if GLP-1RA has a causal effect, SGLT2i should too, and vice versa. So, if one had a higher incidence, it's possible both do, but the difference might be due to other factors.

I should also consider the other characteristics of the cohorts. The GLP-1RA group has a mean age of 58.0, which is younger than the SGLT2i group's 64.6. Younger age is often associated with lower rates of chronic conditions, but in this case, older age might be a risk factor for optic neuropathy. The BMI is higher in the GLP-1RA group (37.4) compared to SGLT2i (32.8). Higher BMI is linked to higher risk of diabetic retinopathy, which is related to the optic nerve, but I'm not sure if it directly causes optic neuropathy.

The Charlson Comorbidity Index is higher in both groups, but slightly more so in SGLT2i. A higher comorbidity index suggests more underlying health issues, which could increase the risk of complications like optic neuropathy. So, the difference in comorbidity between the groups might influence the outcome.

Another point is that both medications are used to manage blood sugar levels. If they both effectively lower blood sugar, perhaps the primary way they influence optic neuropathy is through better glycemic control. However, it's also possible that certain medications have additional effects beyond glucose control that could affect the eyes.

Looking at the examples provided, in the first example, a higher percentage in treatment group for foreign body in ear was considered a negative outcome because it's an unlikely side effect of diabetes medications. In the second example, a higher percentage in treatment group for type 2 diabetes was considered a positive outcome because it's a direct effect of the treatment.

In this case, optic neuropathy is a complication of diabetes. If GLP-1RA causes better blood sugar control, it might reduce the risk of diabetic complications, but the data shows a slightly higher incidence in the treatment group. Alternatively, maybe the treatment itself has a side effect that increases the risk.

Wait, but the example given where the treatment group had a higher percentage for type 2 diabetes was considered a positive outcome because it's a direct effect. So, if the treatment is causing more of the outcome, it's considered a positive outcome. Here, the treatment group has more optic neuropathy, so if it's due to the treatment, it's positive. But if it's just a coincidence, maybe due to other factors, then it's a negative control outcome.

But the instructions say that both treatments are expected to behave similarly. So, if GLP-1RA has a higher incidence, SGLT2i should too if it's a causal effect. But in this case, SGLT2i has a lower incidence. So, perhaps the higher incidence in GLP-1RA isn't causal, but just a chance finding or due to other factors like age or BMI.

Alternatively, maybe one of the medications has a known side effect that increases the risk of optic neuropathy more than the other. But I'm not sure if GLP-1RA is linked to optic neuropathy. From what I remember, GLP-1RA can cause weight loss, which might be beneficial, but I don't recall any specific link to optic neuropathy. SGLT2i have been associated with lower rates of diabetic retinopathy, but I'm not sure about optic neuropathy.

Given that the treatment group has a slightly higher incidence, but both groups have similar baseline characteristics (age, BMI, comorbidities), except for the medication type. So, if the difference is due to the treatment, then GLP-1RA would be the causal factor. However, the lower incidence in SGLT2i group suggests that maybe SGLT2i is protective, but that contradicts the expectation that both behave similarly.

Wait, the instruction says that both treatments are expected to behave similarly, either both yes or both no. So, if GLP-1RA has a positive outcome, SGLT2i should too, but here SGLT2i has a lower percentage. So, perhaps the higher percentage in GLP-1RA is a positive outcome, but since SGLT2i has a lower percentage, it might mean that neither is causal, or that one is protective. But the instruction says both should behave similarly, so perhaps the difference isn't significant enough to conclude causation.

Alternatively, maybe the difference is small (only 0.46% difference) and within the margin of error, so it's not statistically significant. Therefore, it's a negative control outcome, meaning no causal effect.

I'm a bit confused. On one hand, the higher percentage in treatment group suggests a possible causal effect, but the other group has a lower percentage, which doesn't align with the expected similarity. Also, considering that both medications are used to manage blood sugar, perhaps they both reduce the risk of diabetic complications. But here, the treatment group has a higher incidence, which might mean that the treatment is causing more complications, possibly through mechanisms beyond blood sugar control.

Alternatively, maybe the higher incidence in treatment group is a false positive, and both medications don't have a causal effect, or perhaps one is protective. But given the instruction, I need to consider that both should behave similarly. So, if GLP-1RA is higher, SGLT2i should be too, but it's lower. Therefore, maybe neither has a causal effect, or perhaps both have a small effect, but the difference isn't significant enough to conclude.

Wait, the example given where treatment group had higher incidence for type 2 diabetes was considered a positive outcome because it's a direct effect. So, applying the same logic here, if GLP-1RA causes more optic neuropathy, it's a positive outcome. But since SGLT2i has a lower incidence, it's conflicting with the expectation of similar behavior. Maybe the correct answer is that the treatment has a causal effect because the higher incidence suggests it, but the control group's lower incidence might be due to other factors, making it a positive outcome.

Alternatively, perhaps the higher incidence in treatment group is due to better glycemic control, which might actually reduce the risk of complications, but in this case, it's increasing. So, maybe it's a negative outcome because it's a side effect.

I'm going in circles. Let me try to structure this.

1. Both medications are diabetes treatments.
2. Optic neuropathy is a complication of diabetes.
3. The treatment group has a higher incidence of optic neuropathy.
4. If the treatment causes better control, it might reduce complications, but here it's increasing.
5. Alternatively, the treatment might have a side effect increasing the risk.
6. Since both groups are similar in other factors, the difference in incidence suggests treatment effect.
7. The example given where treatment group had higher incidence of type 2 diabetes was considered positive because it's a direct effect.
8. Therefore, here, since GLP-1RA group has higher optic neuropathy, it's a positive outcome, suggesting causal effect.

But wait, in the example, the outcome was the condition itself (type 2 diabetes), which is directly caused by the treatment, so it's positive. Here, optic neuropathy is a complication, so it's a negative outcome if caused by the treatment.

Wait, no. The example considered type 2 diabetes as a positive outcome because it's a direct effect of the treatment. So, here, optic neuropathy is a complication, which would be a negative outcome if caused by the treatment. But the question is whether the treatment causes it.

So, if the treatment causes more optic neuropathy, it's a negative outcome because it's a complication. But in the example, the higher incidence in treatment group was considered positive because it's the treatment's effect.

I think the confusion comes from whether the outcome is a direct effect of the treatment or an indirect complication. In the example, type 2 diabetes was considered a direct effect because the treatment is meant to manage it. Here, optic neuropathy is a complication, which would be a negative outcome if caused by the treatment.

But the example says that in the case of type 2 diabetes, it's a positive outcome because it's a direct effect. So, perhaps in this case, if the treatment causes more of the complication, it's a negative outcome. But the instruction says that if the treatment has a causal effect, it's a positive outcome. So, if the treatment causes more optic neuropathy, it's a positive outcome because it's a result of the treatment.

Wait, that doesn't make sense. If the treatment is causing more complications, that's not a positive outcome. Positive outcome would be a desired effect, like better blood sugar control. So, perhaps I'm misapplying the example.

In the example, the treatment group had a higher incidence of type 2 diabetes, which is the condition being treated. So, it's a positive outcome because the treatment is effective in managing the condition. Here, optic neuropathy is a complication, which is a negative outcome if caused by the treatment.

But the example considered a higher incidence as a positive outcome because it's a direct effect. So, perhaps in this case, if the treatment causes more complications, it's a negative outcome, but if it's a desired effect, it's positive.

I think I need to clarify: the example says that type 2 diabetes is a positive outcome because it's the condition being treated. So, if the treatment leads to more of the condition, it's positive because it's effective. Here, optic neuropathy is a complication, so if the treatment causes more of it, it's a negative outcome because it's a side effect or complication.

But the question is whether the treatment has a causal effect on the outcome. So, if the treatment causes more optic neuropathy, it's a negative outcome (NCO). If it doesn't, or if the control group also has a similar effect, then it's a positive outcome (OOI).

Wait, the instruction says: ""Yes"" = Positive Outcome (OOI); “No” = Negative Control Outcome (NCO). So, if the treatment causes the outcome, it's OOI. If it doesn't, or if it's a negative outcome, then it's NCO.

In the example, the treatment group had a higher incidence of type 2 diabetes, so it's OOI because it's a direct effect. Here, the treatment group has higher optic neuropathy, so if it's a direct effect, it's OOI. But if it's a complication, it's NCO.

But how do I know if it's a direct effect or a complication? The medications are meant to treat diabetes, so complications like neuropathy are indirect. Therefore, if the treatment causes more complications, it's a negative outcome.

But the example considers a higher incidence of the condition itself as positive. So, perhaps here, the higher incidence of optic neuropathy in treatment group is a negative outcome because it's a complication.

Alternatively, maybe the treatment doesn't cause it, and the higher incidence is due to other factors.

Given the small difference (0.46%) and the fact that both groups have similar characteristics, it's likely that this difference isn't statistically significant and isn't causal. Therefore, it's a negative control outcome (NCO), meaning the treatment doesn't have a causal effect on optic neuropathy.

So, the answer is ""no.""
</think>

no",no
