batch,version,file,question_id,prompt,response_id,response,answer
Batch3,v5,medical_questions_v5.txt,1,"Question 1
[Background]
We compare two treatments for type 2 diabetes:
- Treatment: GLP-1 Receptor Agonists (GLP-1RA)
- Control: Sodium-Glucose Cotransporter-2 Inhibitors (SGLT2i)
[Task Description]
You’ll receive an outcome and the percentage of affected patients in each group.
Decide whether these treatments have a causal effect on that outcome.
You will receive a query describing an outcome and the proportion of patients in each group who experienced it:
- One percentage for patients using GLP-1RA (treatment group).
- One percentage for patients using SGLT2i (control group).
Your task is to determine whether the treatments (GLP-1RA and SGLT2i) have a causal effect on that outcome.
[Cohort Description]
Adults with type 2 diabetes who began either GLP-1RA or SGLT2i.
All had a prior diabetes diagnosis.
GLP-1RA users: mean age 58.0, BMI 37.4.
SGLT2i users: mean age 64.6, BMI 32.8.
Charlson Comorbidity Index ≥ 3 in 65.2% (GLP-1RA) and 68.5% (SGLT2i).
[Instruction]
- Judge whether the treatments causally influence the outcome.
- Both treatments are expected to behave similarly (either both yes or both no).
- “Yes” = Positive Outcome (OOI); “No” = Negative Control Outcome (NCO).
- Reply with only “yes” or “no.”
[Few-shot examples]
- Treatment group using GLP-1RA (treatment) had 0.99% Ganglion cyst, compared with 0.44% for control group using SGLT2i. Does treatment have causal effect to the Ganglion cyst (is it a Positive Outcome)? - no
- Treatment group using GLP-1RA (treatment) had 1.79% Deviated nasal septum, compared with 1.16% for control group using SGLT2i. Does treatment have causal effect to the Deviated nasal septum (is it a Positive Outcome)? - no
- Treatment group using GLP-1RA (treatment) had 0.13% Acquired keratoderma, compared with 0.08% for control group using SGLT2i. Does treatment have causal effect to the Acquired keratoderma (is it a Positive Outcome)? - no
- Treatment group using GLP-1RA (treatment) had 1.88% Senile hyperkeratosis, compared with 1.55% for control group using SGLT2i. Does treatment have causal effect to the Senile hyperkeratosis (is it a Positive Outcome)? - no
- Treatment group using GLP-1RA (treatment) had 2.64% Nontoxic multinodular goiter, compared with 1.39% for control group using SGLT2i. Does treatment have causal effect to the Nontoxic multinodular goiter (is it a Positive Outcome)? - no
- Treatment group using GLP-1RA (treatment) had 94.81% Type 2 diabetes mellitus, compared with 96.68% for control group using SGLT2i. Does treatment have causal effect to the Type 2 diabetes mellitus (is it a Positive Outcome)? - yes
- Treatment group using GLP-1RA (treatment) had 19.87% Chronic kidney disease, compared with 31.81% for control group using SGLT2i. Does treatment have causal effect to the Chronic kidney disease (is it a Positive Outcome)? - yes
- Treatment group using GLP-1RA (treatment) had 78.37% Hypertension, compared with 84.71% for control group using SGLT2i. Does treatment have causal effect to the Hypertension (is it a Positive Outcome)? - yes
- Treatment group using GLP-1RA (treatment) had 78.09% Hyperlipidemia, compared with 84.45% for control group using SGLT2i. Does treatment have causal effect to the Hyperlipidemia (is it a Positive Outcome)? - yes
- Treatment group using GLP-1RA (treatment) had 64.14% Obesity, compared with 44.50% for control group using SGLT2i. Does treatment have causal effect to the Obesity (is it a Positive Outcome)? - yes
[Your Task]
[Question]
Treatment group using GLP-1RA (treatment) had 0.24% Chondromalacia of patella, compared with 0.11% for control group using SGLT2i. Does treatment have causal effect to the Chondromalacia of patella (is it a Positive Outcome)?
Answer: [Your answer, ""yes"" or ""no""]",1,"Okay, so I need to determine whether GLP-1RA treatments have a causal effect on Chondromalacia of patella, given the percentages from the treatment and control groups. 

First, I should recall what GLP-1RA and SGLT2i do. GLP-1 Receptor Agonists, like GLP-1RA, work by increasing insulin release and lowering blood glucose levels. They also promote weight loss and might have some effects on blood pressure and cholesterol. On the other hand, SGLT2 inhibitors (SGLT2i) also help with blood glucose control by preventing the kidneys from reabsorbing glucose, which leads to more frequent urination and reduced glucose levels. Both are used in type 2 diabetes management, but they have different mechanisms.

Now, looking at the specific outcome: Chondromalacia of patella. I know that this is a condition where the cartilage in the patella (kneecap) softens and may wear away, often due to injury or overuse. It can lead to pain and arthritis. I'm not immediately sure if this is related to diabetes medications, but I should think about any potential links.

Diabetes itself can affect joint health, but I'm not certain if GLP-1RA or SGLT2i specifically cause or exacerbate Chondromalacia. Both medications are more about blood sugar control and don't directly target joint health. However, I remember that some diabetes medications might have side effects on joints or connective tissues, but I don't recall a direct link to chondromalacia.

Looking at the percentages: 0.24% in the GLP-1RA group versus 0.11% in the SGLT2i group. The treatment group has a slightly higher incidence, but the percentages are very low (less than 1%). This makes me think that the occurrence of Chondromalacia of patella in these groups is probably not a common side effect of these medications.

Also, from the examples provided, when the treatment group had higher percentages for certain conditions, the answer was often ""yes,"" but that was for expected outcomes like better diabetes control or related comorbidities. For unrelated or less likely conditions, the answer was ""no."" Since Chondromalacia isn't directly related to diabetes or the medications' primary functions, it's more likely that the difference is coincidental rather than causal.

Furthermore, both GLP-1RA and SGLT2i are expected to behave similarly in terms of their effects. If one had a causal effect on Chondromalacia, the other would too, but since the incidence is so low, it's unlikely that either treatment is causing it.

So, considering all this, I think the answer is ""no"" because there's no clear causal link between these medications and Chondromalacia of patella.
</think>

no",no
Batch3,v5,medical_questions_v5.txt,1,"Question 1
[Background]
We compare two treatments for type 2 diabetes:
- Treatment: GLP-1 Receptor Agonists (GLP-1RA)
- Control: Sodium-Glucose Cotransporter-2 Inhibitors (SGLT2i)
[Task Description]
You’ll receive an outcome and the percentage of affected patients in each group.
Decide whether these treatments have a causal effect on that outcome.
You will receive a query describing an outcome and the proportion of patients in each group who experienced it:
- One percentage for patients using GLP-1RA (treatment group).
- One percentage for patients using SGLT2i (control group).
Your task is to determine whether the treatments (GLP-1RA and SGLT2i) have a causal effect on that outcome.
[Cohort Description]
Adults with type 2 diabetes who began either GLP-1RA or SGLT2i.
All had a prior diabetes diagnosis.
GLP-1RA users: mean age 58.0, BMI 37.4.
SGLT2i users: mean age 64.6, BMI 32.8.
Charlson Comorbidity Index ≥ 3 in 65.2% (GLP-1RA) and 68.5% (SGLT2i).
[Instruction]
- Judge whether the treatments causally influence the outcome.
- Both treatments are expected to behave similarly (either both yes or both no).
- “Yes” = Positive Outcome (OOI); “No” = Negative Control Outcome (NCO).
- Reply with only “yes” or “no.”
[Few-shot examples]
- Treatment group using GLP-1RA (treatment) had 0.99% Ganglion cyst, compared with 0.44% for control group using SGLT2i. Does treatment have causal effect to the Ganglion cyst (is it a Positive Outcome)? - no
- Treatment group using GLP-1RA (treatment) had 1.79% Deviated nasal septum, compared with 1.16% for control group using SGLT2i. Does treatment have causal effect to the Deviated nasal septum (is it a Positive Outcome)? - no
- Treatment group using GLP-1RA (treatment) had 0.13% Acquired keratoderma, compared with 0.08% for control group using SGLT2i. Does treatment have causal effect to the Acquired keratoderma (is it a Positive Outcome)? - no
- Treatment group using GLP-1RA (treatment) had 1.88% Senile hyperkeratosis, compared with 1.55% for control group using SGLT2i. Does treatment have causal effect to the Senile hyperkeratosis (is it a Positive Outcome)? - no
- Treatment group using GLP-1RA (treatment) had 2.64% Nontoxic multinodular goiter, compared with 1.39% for control group using SGLT2i. Does treatment have causal effect to the Nontoxic multinodular goiter (is it a Positive Outcome)? - no
- Treatment group using GLP-1RA (treatment) had 94.81% Type 2 diabetes mellitus, compared with 96.68% for control group using SGLT2i. Does treatment have causal effect to the Type 2 diabetes mellitus (is it a Positive Outcome)? - yes
- Treatment group using GLP-1RA (treatment) had 19.87% Chronic kidney disease, compared with 31.81% for control group using SGLT2i. Does treatment have causal effect to the Chronic kidney disease (is it a Positive Outcome)? - yes
- Treatment group using GLP-1RA (treatment) had 78.37% Hypertension, compared with 84.71% for control group using SGLT2i. Does treatment have causal effect to the Hypertension (is it a Positive Outcome)? - yes
- Treatment group using GLP-1RA (treatment) had 78.09% Hyperlipidemia, compared with 84.45% for control group using SGLT2i. Does treatment have causal effect to the Hyperlipidemia (is it a Positive Outcome)? - yes
- Treatment group using GLP-1RA (treatment) had 64.14% Obesity, compared with 44.50% for control group using SGLT2i. Does treatment have causal effect to the Obesity (is it a Positive Outcome)? - yes
[Your Task]
[Question]
Treatment group using GLP-1RA (treatment) had 0.24% Chondromalacia of patella, compared with 0.11% for control group using SGLT2i. Does treatment have causal effect to the Chondromalacia of patella (is it a Positive Outcome)?
Answer: [Your answer, ""yes"" or ""no""]",2,"Okay, so I'm trying to figure out whether GLP-1 Receptor Agonists (GLP-1RA) have a causal effect on Chondromalacia of patella compared to Sodium-Glucose Cotransporter-2 Inhibitors (SGLT2i) in type 2 diabetes patients. 

First, I need to understand what Chondromalacia of patella is. From what I know, it's a condition where the cartilage in the patella (knee cap) softens and may wear away, leading to pain and joint issues. It's more common in athletes, especially those involved in high-impact activities, but can also occur due to aging or injury.

Now, looking at the data: 0.24% of GLP-1RA users had this condition versus 0.11% in the SGLT2i group. So, a higher percentage in the treatment group. But does this mean GLP-1RA causes it?

I remember that both GLP-1RA and SGLT2i are medications used to manage type 2 diabetes. GLP-1RA works by increasing insulin release and decreasing glucose production, and they might also help with weight loss and blood pressure. SGLT2i inhibits the kidneys from reabsorbing glucose, which helps lower blood sugar and might aid in weight loss and reducing heart disease risk.

I'm trying to think if these medications have any known side effects related to joint or cartilage issues. From what I recall, GLP-1RA can sometimes cause gastrointestinal issues like nausea, but I haven't heard of it being linked to joint problems like chondromalacia. SGLT2i, on the other hand, might be associated with increased risk of urinary tract infections or ketoacidosis, but again, not specifically joint issues.

The example given in the problem where the treatment group had a higher rate for something like type 2 diabetes was considered a ""yes"" because it's expected, but in other cases like ganglion cysts or deviated nasal septum, it was a ""no"" because there's no known causal link. 

Chondromalacia seems like a condition that's more related to physical activity, obesity, or other factors. Looking at the cohort description, both groups have similar comorbidities, but the GLP-1RA group is slightly younger and has a higher BMI. Maybe higher BMI is a risk factor for joint issues, which could explain the higher rate in their group. 

However, the question is whether the treatment itself causes it. Since neither GLP-1RA nor SGLT2i are known to directly affect joint health, the higher percentage in the GLP-1RA group might just be a coincidence or due to other factors like weight or activity level. 

So, considering all this, it's more likely that the higher percentage is not due to the treatment but other factors. Therefore, the treatment doesn't have a causal effect on Chondromalacia of patella.
</think>

no",no
Batch3,v5,medical_questions_v5.txt,1,"Question 1
[Background]
We compare two treatments for type 2 diabetes:
- Treatment: GLP-1 Receptor Agonists (GLP-1RA)
- Control: Sodium-Glucose Cotransporter-2 Inhibitors (SGLT2i)
[Task Description]
You’ll receive an outcome and the percentage of affected patients in each group.
Decide whether these treatments have a causal effect on that outcome.
You will receive a query describing an outcome and the proportion of patients in each group who experienced it:
- One percentage for patients using GLP-1RA (treatment group).
- One percentage for patients using SGLT2i (control group).
Your task is to determine whether the treatments (GLP-1RA and SGLT2i) have a causal effect on that outcome.
[Cohort Description]
Adults with type 2 diabetes who began either GLP-1RA or SGLT2i.
All had a prior diabetes diagnosis.
GLP-1RA users: mean age 58.0, BMI 37.4.
SGLT2i users: mean age 64.6, BMI 32.8.
Charlson Comorbidity Index ≥ 3 in 65.2% (GLP-1RA) and 68.5% (SGLT2i).
[Instruction]
- Judge whether the treatments causally influence the outcome.
- Both treatments are expected to behave similarly (either both yes or both no).
- “Yes” = Positive Outcome (OOI); “No” = Negative Control Outcome (NCO).
- Reply with only “yes” or “no.”
[Few-shot examples]
- Treatment group using GLP-1RA (treatment) had 0.99% Ganglion cyst, compared with 0.44% for control group using SGLT2i. Does treatment have causal effect to the Ganglion cyst (is it a Positive Outcome)? - no
- Treatment group using GLP-1RA (treatment) had 1.79% Deviated nasal septum, compared with 1.16% for control group using SGLT2i. Does treatment have causal effect to the Deviated nasal septum (is it a Positive Outcome)? - no
- Treatment group using GLP-1RA (treatment) had 0.13% Acquired keratoderma, compared with 0.08% for control group using SGLT2i. Does treatment have causal effect to the Acquired keratoderma (is it a Positive Outcome)? - no
- Treatment group using GLP-1RA (treatment) had 1.88% Senile hyperkeratosis, compared with 1.55% for control group using SGLT2i. Does treatment have causal effect to the Senile hyperkeratosis (is it a Positive Outcome)? - no
- Treatment group using GLP-1RA (treatment) had 2.64% Nontoxic multinodular goiter, compared with 1.39% for control group using SGLT2i. Does treatment have causal effect to the Nontoxic multinodular goiter (is it a Positive Outcome)? - no
- Treatment group using GLP-1RA (treatment) had 94.81% Type 2 diabetes mellitus, compared with 96.68% for control group using SGLT2i. Does treatment have causal effect to the Type 2 diabetes mellitus (is it a Positive Outcome)? - yes
- Treatment group using GLP-1RA (treatment) had 19.87% Chronic kidney disease, compared with 31.81% for control group using SGLT2i. Does treatment have causal effect to the Chronic kidney disease (is it a Positive Outcome)? - yes
- Treatment group using GLP-1RA (treatment) had 78.37% Hypertension, compared with 84.71% for control group using SGLT2i. Does treatment have causal effect to the Hypertension (is it a Positive Outcome)? - yes
- Treatment group using GLP-1RA (treatment) had 78.09% Hyperlipidemia, compared with 84.45% for control group using SGLT2i. Does treatment have causal effect to the Hyperlipidemia (is it a Positive Outcome)? - yes
- Treatment group using GLP-1RA (treatment) had 64.14% Obesity, compared with 44.50% for control group using SGLT2i. Does treatment have causal effect to the Obesity (is it a Positive Outcome)? - yes
[Your Task]
[Question]
Treatment group using GLP-1RA (treatment) had 0.24% Chondromalacia of patella, compared with 0.11% for control group using SGLT2i. Does treatment have causal effect to the Chondromalacia of patella (is it a Positive Outcome)?
Answer: [Your answer, ""yes"" or ""no""]",3,"Alright, let's try to figure out whether GLP-1RA treatment has a causal effect on Chondromalacia of patella compared to SGLT2i. So, from the data given, the treatment group using GLP-1RA had 0.24% of patients with this condition, while the control group using SGLT2i had 0.11%. 

First, I need to understand what Chondromalacia of patella is. It's a condition where the cartilage in the patella (knee cap) softens and may break down, leading to pain and dysfunction. I'm not sure if it's directly related to diabetes or the medications used to treat it.

Looking at the other examples provided, when the treatment group had a higher percentage than the control, it was considered a positive outcome, like in the case of Type 2 diabetes, Chronic kidney disease, Hypertension, Hyperlipidemia, and Obesity. These are all conditions that are directly related to diabetes or its management. For instance, SGLT2 inhibitors are known to have cardiovascular benefits and can affect blood glucose and kidney function, which ties into diabetes-related complications.

However, Chondromalacia of patella isn't mentioned as a typical complication of diabetes or a known side effect of these medications. In fact, I don't recall GLP-1RA or SGLT2i being linked to this specific condition. Both medications are more associated with cardiovascular events, kidney protection, and weight loss rather than joint issues.

Additionally, the example provided with Type 2 diabetes was a clear positive outcome because both groups had high percentages, but that's the condition they were trying to manage. In this case, the outcome is a different condition altogether. The percentages are very low (0.24% vs. 0.11%), suggesting it's a rare occurrence, which makes me think it's not a direct effect of the treatments.

Moreover, the instructions mention that both treatments are expected to behave similarly, either both having a causal effect or neither. Since neither of these medications is known for causing or preventing chondromalacia, it's more likely that neither has a causal effect, hence the answer would be ""no.""

I should also consider if there's any indirect link, but nothing comes to mind. Both GLP-1RA and SGLT2i primarily affect metabolism and blood sugar, not joint health. Therefore, the difference in percentages is probably coincidental and not causally related.
</think>

no",no
Batch3,v5,medical_questions_v5.txt,1,"Question 1
[Background]
We compare two treatments for type 2 diabetes:
- Treatment: GLP-1 Receptor Agonists (GLP-1RA)
- Control: Sodium-Glucose Cotransporter-2 Inhibitors (SGLT2i)
[Task Description]
You’ll receive an outcome and the percentage of affected patients in each group.
Decide whether these treatments have a causal effect on that outcome.
You will receive a query describing an outcome and the proportion of patients in each group who experienced it:
- One percentage for patients using GLP-1RA (treatment group).
- One percentage for patients using SGLT2i (control group).
Your task is to determine whether the treatments (GLP-1RA and SGLT2i) have a causal effect on that outcome.
[Cohort Description]
Adults with type 2 diabetes who began either GLP-1RA or SGLT2i.
All had a prior diabetes diagnosis.
GLP-1RA users: mean age 58.0, BMI 37.4.
SGLT2i users: mean age 64.6, BMI 32.8.
Charlson Comorbidity Index ≥ 3 in 65.2% (GLP-1RA) and 68.5% (SGLT2i).
[Instruction]
- Judge whether the treatments causally influence the outcome.
- Both treatments are expected to behave similarly (either both yes or both no).
- “Yes” = Positive Outcome (OOI); “No” = Negative Control Outcome (NCO).
- Reply with only “yes” or “no.”
[Few-shot examples]
- Treatment group using GLP-1RA (treatment) had 0.99% Ganglion cyst, compared with 0.44% for control group using SGLT2i. Does treatment have causal effect to the Ganglion cyst (is it a Positive Outcome)? - no
- Treatment group using GLP-1RA (treatment) had 1.79% Deviated nasal septum, compared with 1.16% for control group using SGLT2i. Does treatment have causal effect to the Deviated nasal septum (is it a Positive Outcome)? - no
- Treatment group using GLP-1RA (treatment) had 0.13% Acquired keratoderma, compared with 0.08% for control group using SGLT2i. Does treatment have causal effect to the Acquired keratoderma (is it a Positive Outcome)? - no
- Treatment group using GLP-1RA (treatment) had 1.88% Senile hyperkeratosis, compared with 1.55% for control group using SGLT2i. Does treatment have causal effect to the Senile hyperkeratosis (is it a Positive Outcome)? - no
- Treatment group using GLP-1RA (treatment) had 2.64% Nontoxic multinodular goiter, compared with 1.39% for control group using SGLT2i. Does treatment have causal effect to the Nontoxic multinodular goiter (is it a Positive Outcome)? - no
- Treatment group using GLP-1RA (treatment) had 94.81% Type 2 diabetes mellitus, compared with 96.68% for control group using SGLT2i. Does treatment have causal effect to the Type 2 diabetes mellitus (is it a Positive Outcome)? - yes
- Treatment group using GLP-1RA (treatment) had 19.87% Chronic kidney disease, compared with 31.81% for control group using SGLT2i. Does treatment have causal effect to the Chronic kidney disease (is it a Positive Outcome)? - yes
- Treatment group using GLP-1RA (treatment) had 78.37% Hypertension, compared with 84.71% for control group using SGLT2i. Does treatment have causal effect to the Hypertension (is it a Positive Outcome)? - yes
- Treatment group using GLP-1RA (treatment) had 78.09% Hyperlipidemia, compared with 84.45% for control group using SGLT2i. Does treatment have causal effect to the Hyperlipidemia (is it a Positive Outcome)? - yes
- Treatment group using GLP-1RA (treatment) had 64.14% Obesity, compared with 44.50% for control group using SGLT2i. Does treatment have causal effect to the Obesity (is it a Positive Outcome)? - yes
[Your Task]
[Question]
Treatment group using GLP-1RA (treatment) had 0.24% Chondromalacia of patella, compared with 0.11% for control group using SGLT2i. Does treatment have causal effect to the Chondromalacia of patella (is it a Positive Outcome)?
Answer: [Your answer, ""yes"" or ""no""]",4,"Alright, so I'm trying to figure out whether GLP-1 Receptor Agonists (GLP-1RA) have a causal effect on Chondromalacia of patella compared to Sodium-Glucose Cotransporter-2 Inhibitors (SGLT2i) in type 2 diabetes patients. 

First, I need to understand the problem. We have two treatments, GLP-1RA and SGLT2i, and we're comparing the occurrence of Chondromalacia of patella in patients using each. The data given is that 0.24% of GLP-1RA users had this condition, while 0.11% of SGLT2i users did. 

The task is to determine if this difference is due to a causal effect of the treatments on the condition. The instructions mention that both treatments should behave similarly, either both having a causal effect or neither. The outcome is considered a Positive Outcome (OOI) if the treatment causes it, and Negative Control Outcome (NCO) otherwise. The answer should be just ""yes"" or ""no"".

Looking at the examples provided, I notice that when the treatment group had a higher percentage of an outcome, it was often considered a Positive Outcome. For instance, in the case of Type 2 diabetes, the treatment group had a slightly lower percentage (94.81%) compared to the control (96.68%), and it was considered a Positive Outcome. Similarly, for Chronic kidney disease, the treatment group had a lower percentage (19.87%) compared to the control (31.81%), and it was also considered a Positive Outcome. 

Wait, that seems a bit confusing. In the examples, when the treatment group had a lower percentage, it was still considered a Positive Outcome. Maybe because the treatment was supposed to influence the outcome, but in some cases, it might not. Alternatively, perhaps the reasoning is that if the treatment group has a better outcome (lower percentage of a condition), it's a Positive Outcome because it's preventing or reducing the condition.

But in the case of Chondromalacia of patella, the treatment group has a higher percentage (0.24%) compared to the control (0.11%). So, GLP-1RA users are more likely to have this condition. The question is whether this is a Positive Outcome. 

I need to consider whether GLP-1RA causes Chondromalacia of patella. Chondromalacia is a condition where the cartilage in the patella (kneecap) softens and may wear away, often related to osteoarthritis. It's more common in individuals with obesity, which is a risk factor for type 2 diabetes.

GLP-1RA medications are typically used to manage blood glucose and can have side effects like nausea, diarrhea, and in rare cases, pancreatitis. They're not typically linked to joint issues like chondromalacia. SGLT2i medications are also used for blood glucose control but may have side effects like urinary tract infections or increased urination, but again, not directly associated with joint conditions.

So, the higher percentage in GLP-1RA users might not be due to the medication itself causing chondromalacia. Instead, it could be a confounding factor, such as patients with more severe diabetes or other comorbidities being more likely to develop this condition. The example provided with Type 2 diabetes had a slight difference, but it was still considered a Positive Outcome, possibly because the treatment was expected to influence the condition.

However, in the case of chondromalacia, there's no known causal link between GLP-1RA and this condition. Therefore, the higher percentage might be due to other factors, not the treatment itself. So, the treatment doesn't have a causal effect on chondromalacia of patella.
</think>

no",no
Batch3,v5,medical_questions_v5.txt,1,"Question 1
[Background]
We compare two treatments for type 2 diabetes:
- Treatment: GLP-1 Receptor Agonists (GLP-1RA)
- Control: Sodium-Glucose Cotransporter-2 Inhibitors (SGLT2i)
[Task Description]
You’ll receive an outcome and the percentage of affected patients in each group.
Decide whether these treatments have a causal effect on that outcome.
You will receive a query describing an outcome and the proportion of patients in each group who experienced it:
- One percentage for patients using GLP-1RA (treatment group).
- One percentage for patients using SGLT2i (control group).
Your task is to determine whether the treatments (GLP-1RA and SGLT2i) have a causal effect on that outcome.
[Cohort Description]
Adults with type 2 diabetes who began either GLP-1RA or SGLT2i.
All had a prior diabetes diagnosis.
GLP-1RA users: mean age 58.0, BMI 37.4.
SGLT2i users: mean age 64.6, BMI 32.8.
Charlson Comorbidity Index ≥ 3 in 65.2% (GLP-1RA) and 68.5% (SGLT2i).
[Instruction]
- Judge whether the treatments causally influence the outcome.
- Both treatments are expected to behave similarly (either both yes or both no).
- “Yes” = Positive Outcome (OOI); “No” = Negative Control Outcome (NCO).
- Reply with only “yes” or “no.”
[Few-shot examples]
- Treatment group using GLP-1RA (treatment) had 0.99% Ganglion cyst, compared with 0.44% for control group using SGLT2i. Does treatment have causal effect to the Ganglion cyst (is it a Positive Outcome)? - no
- Treatment group using GLP-1RA (treatment) had 1.79% Deviated nasal septum, compared with 1.16% for control group using SGLT2i. Does treatment have causal effect to the Deviated nasal septum (is it a Positive Outcome)? - no
- Treatment group using GLP-1RA (treatment) had 0.13% Acquired keratoderma, compared with 0.08% for control group using SGLT2i. Does treatment have causal effect to the Acquired keratoderma (is it a Positive Outcome)? - no
- Treatment group using GLP-1RA (treatment) had 1.88% Senile hyperkeratosis, compared with 1.55% for control group using SGLT2i. Does treatment have causal effect to the Senile hyperkeratosis (is it a Positive Outcome)? - no
- Treatment group using GLP-1RA (treatment) had 2.64% Nontoxic multinodular goiter, compared with 1.39% for control group using SGLT2i. Does treatment have causal effect to the Nontoxic multinodular goiter (is it a Positive Outcome)? - no
- Treatment group using GLP-1RA (treatment) had 94.81% Type 2 diabetes mellitus, compared with 96.68% for control group using SGLT2i. Does treatment have causal effect to the Type 2 diabetes mellitus (is it a Positive Outcome)? - yes
- Treatment group using GLP-1RA (treatment) had 19.87% Chronic kidney disease, compared with 31.81% for control group using SGLT2i. Does treatment have causal effect to the Chronic kidney disease (is it a Positive Outcome)? - yes
- Treatment group using GLP-1RA (treatment) had 78.37% Hypertension, compared with 84.71% for control group using SGLT2i. Does treatment have causal effect to the Hypertension (is it a Positive Outcome)? - yes
- Treatment group using GLP-1RA (treatment) had 78.09% Hyperlipidemia, compared with 84.45% for control group using SGLT2i. Does treatment have causal effect to the Hyperlipidemia (is it a Positive Outcome)? - yes
- Treatment group using GLP-1RA (treatment) had 64.14% Obesity, compared with 44.50% for control group using SGLT2i. Does treatment have causal effect to the Obesity (is it a Positive Outcome)? - yes
[Your Task]
[Question]
Treatment group using GLP-1RA (treatment) had 0.24% Chondromalacia of patella, compared with 0.11% for control group using SGLT2i. Does treatment have causal effect to the Chondromalacia of patella (is it a Positive Outcome)?
Answer: [Your answer, ""yes"" or ""no""]",5,"Alright, so I need to determine whether GLP-1 Receptor Agonists (GLP-1RA) have a causal effect on Chondromalacia of patella in patients with type 2 diabetes. The data given is that 0.24% of GLP-1RA users experienced this condition, compared to 0.11% of SGLT2i users. 

First, I should understand what Chondromalacia of patella is. It's a condition where the cartilage in the patella (kneecap) softens and may start to wear away. It's often associated with activities that stress the knee, like sports or obesity. 

Looking at the background, both GLP-1RA and SGLT2i are diabetes treatments, but they work differently. GLP-1RA helps with weight loss and blood sugar control by increasing insulin release and slowing digestion, while SGLT2i inhibits glucose reabsorption in the kidneys, also helping with blood sugar and potentially weight loss. 

The task is to decide if the treatment (GLP-1RA) causally affects the outcome (Chondromalacia of patella). The instruction says that both treatments should behave similarly—either both have a causal effect or neither does. 

Looking at the examples provided, in cases where the treatment group had higher percentages of an outcome, it was often considered a ""yes"" (e.g., Type 2 diabetes, Chronic kidney disease, Hypertension, Hyperlipidemia, Obesity). Conversely, when the treatment group had lower percentages, it was sometimes ""no"" (e.g., Ganglion cyst, Deviated nasal septum, etc.), but in those cases, the outcomes were rare, making it hard to draw a conclusion.

In this case, GLP-1RA has a slightly higher rate (0.24%) compared to SGLT2i (0.11%). However, the absolute difference is very small—only 0.13 percentage points. Considering that both treatments are used in similar patient populations with type 2 diabetes, it's possible that the higher rate in GLP-1RA could be due to other factors, like differences in comorbidities or activity levels, rather than a direct causal effect.

Additionally, the examples show that when the treatment group has a higher percentage, it's often considered a ""yes,"" but that might be more applicable for common diabetes-related complications like hypertension or hyperlipidemia, which are directly influenced by blood sugar levels. Chondromalacia of patella, while related to obesity and physical activity, isn't a direct diabetes complication. 

Moreover, the comorbidity indices are similar (65.2% vs. 68.5%), and the age and BMI differences (58.0 vs. 64.6 years, 37.4 vs. 32.8 BMI) could influence the outcome. For instance, older patients might have more joint issues, or higher BMIs could contribute to weight-related conditions. However, the data only provides the percentages for each treatment group, not the absolute rates in each subgroup.

Given that the difference is minimal and the outcome is not a typical diabetes-related complication, it's plausible that the higher rate in GLP-1RA is coincidental and not causally related. Therefore, it's more likely that the answer is ""no.""
</think>

no",no
Batch3,v5,medical_questions_v5.txt,1,"Question 1
[Background]
We compare two treatments for type 2 diabetes:
- Treatment: GLP-1 Receptor Agonists (GLP-1RA)
- Control: Sodium-Glucose Cotransporter-2 Inhibitors (SGLT2i)
[Task Description]
You’ll receive an outcome and the percentage of affected patients in each group.
Decide whether these treatments have a causal effect on that outcome.
You will receive a query describing an outcome and the proportion of patients in each group who experienced it:
- One percentage for patients using GLP-1RA (treatment group).
- One percentage for patients using SGLT2i (control group).
Your task is to determine whether the treatments (GLP-1RA and SGLT2i) have a causal effect on that outcome.
[Cohort Description]
Adults with type 2 diabetes who began either GLP-1RA or SGLT2i.
All had a prior diabetes diagnosis.
GLP-1RA users: mean age 58.0, BMI 37.4.
SGLT2i users: mean age 64.6, BMI 32.8.
Charlson Comorbidity Index ≥ 3 in 65.2% (GLP-1RA) and 68.5% (SGLT2i).
[Instruction]
- Judge whether the treatments causally influence the outcome.
- Both treatments are expected to behave similarly (either both yes or both no).
- “Yes” = Positive Outcome (OOI); “No” = Negative Control Outcome (NCO).
- Reply with only “yes” or “no.”
[Few-shot examples]
- Treatment group using GLP-1RA (treatment) had 0.99% Ganglion cyst, compared with 0.44% for control group using SGLT2i. Does treatment have causal effect to the Ganglion cyst (is it a Positive Outcome)? - no
- Treatment group using GLP-1RA (treatment) had 1.79% Deviated nasal septum, compared with 1.16% for control group using SGLT2i. Does treatment have causal effect to the Deviated nasal septum (is it a Positive Outcome)? - no
- Treatment group using GLP-1RA (treatment) had 0.13% Acquired keratoderma, compared with 0.08% for control group using SGLT2i. Does treatment have causal effect to the Acquired keratoderma (is it a Positive Outcome)? - no
- Treatment group using GLP-1RA (treatment) had 1.88% Senile hyperkeratosis, compared with 1.55% for control group using SGLT2i. Does treatment have causal effect to the Senile hyperkeratosis (is it a Positive Outcome)? - no
- Treatment group using GLP-1RA (treatment) had 2.64% Nontoxic multinodular goiter, compared with 1.39% for control group using SGLT2i. Does treatment have causal effect to the Nontoxic multinodular goiter (is it a Positive Outcome)? - no
- Treatment group using GLP-1RA (treatment) had 94.81% Type 2 diabetes mellitus, compared with 96.68% for control group using SGLT2i. Does treatment have causal effect to the Type 2 diabetes mellitus (is it a Positive Outcome)? - yes
- Treatment group using GLP-1RA (treatment) had 19.87% Chronic kidney disease, compared with 31.81% for control group using SGLT2i. Does treatment have causal effect to the Chronic kidney disease (is it a Positive Outcome)? - yes
- Treatment group using GLP-1RA (treatment) had 78.37% Hypertension, compared with 84.71% for control group using SGLT2i. Does treatment have causal effect to the Hypertension (is it a Positive Outcome)? - yes
- Treatment group using GLP-1RA (treatment) had 78.09% Hyperlipidemia, compared with 84.45% for control group using SGLT2i. Does treatment have causal effect to the Hyperlipidemia (is it a Positive Outcome)? - yes
- Treatment group using GLP-1RA (treatment) had 64.14% Obesity, compared with 44.50% for control group using SGLT2i. Does treatment have causal effect to the Obesity (is it a Positive Outcome)? - yes
[Your Task]
[Question]
Treatment group using GLP-1RA (treatment) had 0.24% Chondromalacia of patella, compared with 0.11% for control group using SGLT2i. Does treatment have causal effect to the Chondromalacia of patella (is it a Positive Outcome)?
Answer: [Your answer, ""yes"" or ""no""]",6,"Okay, so I need to figure out whether GLP-1RA treatments have a causal effect on Chondromalacia of patella in this scenario. Let me start by understanding the background and the task.

First, the question is comparing two diabetes treatments: GLP-1 Receptor Agonists (GLP-1RA) and Sodium-Glucose Cotransporter-2 Inhibitors (SGLT2i). The task is to determine if these treatments causally influence a specific outcome, which in this case is Chondromalacia of patella. The outcome is given as 0.24% for GLP-1RA users and 0.11% for SGLT2i users.

The instructions mention that both treatments should behave similarly, either both having a causal effect (yes) or neither (no). So, if GLP-1RA is causing an increase in this condition, then SGLT2i should also be causing it, and vice versa. If there's no causal effect, both should have similar percentages.

Looking at the examples provided, most of them result in ""no"". For instance, in cases where the treatment group has a slightly higher percentage than the control, but it's still low, the answer is ""no"". For example, the first example with Ganglion cyst: 0.99% vs 0.44%, the answer was ""no"". Similarly, other conditions like Deviated nasal septum, Acquired keratoderma, Senile hyperkeratosis, and Nontoxic multinodular goiter also resulted in ""no"".

However, when the treatment group had a significantly higher percentage, like in Type 2 diabetes, Chronic kidney disease, Hypertension, Hyperlipidemia, and Obesity, the answer was ""yes"". So, it seems that if the treatment group has a higher percentage, it's considered a positive outcome, implying a causal effect. But if the treatment group has a slightly higher but small percentage, like 0.24% vs 0.11%, it's still considered ""no"".

Wait, in the examples, when the treatment group had a higher percentage, it was ""yes"". So, the reasoning is that if the treatment increases the risk, it's a positive outcome, implying causation. Conversely, if the treatment doesn't increase the risk, or even if it decreases, it's ""no"".

In this case, GLP-1RA is 0.24% and SGLT2i is 0.11%. So, GLP-1RA is higher. According to the examples, when the treatment group is higher, it's ""yes"". But wait, in the Type 2 diabetes example, the treatment group had 0.99% vs 0.44%, so that's a higher percentage, and the answer was ""yes"". Similarly for others.

However, I'm a bit confused because Chondromalacia of patella isn't a diabetes-related condition as far as I know. It's more related to joint health, perhaps influenced by factors like obesity, which is a comorbidity. Looking at the cohort description, GLP-1RA users have a higher BMI (37.4) compared to SGLT2i users (32.8). Obesity is a known risk factor for Chondromalacia of patella. So, perhaps GLP-1RA is associated with higher BMI, which in turn increases the risk of Chondromalacia.

Wait, but the question is whether the treatment itself causes the condition. If the treatment leads to weight gain or other effects that increase the risk, then it could be causal. Alternatively, if the condition is more prevalent in the treatment group due to other factors, like higher BMI, it might not be causal.

But according to the instruction, we should assume that if the treatment group has a higher percentage, it's a positive outcome, implying causation. So, even if it's a small increase, like 0.24% vs 0.11%, the answer would be ""yes"".

Wait, but in the examples, when the treatment group had a slightly higher percentage, like 1.88% vs 1.55%, the answer was ""no"". So, that's a small difference. In this case, 0.24% vs 0.11% is a significant difference in absolute terms, but relative terms, it's a small percentage. So, maybe the threshold is whether the treatment group has a higher percentage, regardless of the absolute value.

In the examples, when the treatment group was higher, it was ""yes"". So, in this case, GLP-1RA is higher, so ""yes"". But wait, in the example with Obesity, the treatment group had 64.14% vs 44.50%, so higher, and it was ""yes"". So, the reasoning is that if the treatment group has a higher prevalence, it's considered a positive outcome, implying that the treatment causes it.

Therefore, in this case, since GLP-1RA has a higher percentage (0.24% vs 0.11%), the answer should be ""yes"".
</think>

yes",yes
Batch3,v5,medical_questions_v5.txt,1,"Question 1
[Background]
We compare two treatments for type 2 diabetes:
- Treatment: GLP-1 Receptor Agonists (GLP-1RA)
- Control: Sodium-Glucose Cotransporter-2 Inhibitors (SGLT2i)
[Task Description]
You’ll receive an outcome and the percentage of affected patients in each group.
Decide whether these treatments have a causal effect on that outcome.
You will receive a query describing an outcome and the proportion of patients in each group who experienced it:
- One percentage for patients using GLP-1RA (treatment group).
- One percentage for patients using SGLT2i (control group).
Your task is to determine whether the treatments (GLP-1RA and SGLT2i) have a causal effect on that outcome.
[Cohort Description]
Adults with type 2 diabetes who began either GLP-1RA or SGLT2i.
All had a prior diabetes diagnosis.
GLP-1RA users: mean age 58.0, BMI 37.4.
SGLT2i users: mean age 64.6, BMI 32.8.
Charlson Comorbidity Index ≥ 3 in 65.2% (GLP-1RA) and 68.5% (SGLT2i).
[Instruction]
- Judge whether the treatments causally influence the outcome.
- Both treatments are expected to behave similarly (either both yes or both no).
- “Yes” = Positive Outcome (OOI); “No” = Negative Control Outcome (NCO).
- Reply with only “yes” or “no.”
[Few-shot examples]
- Treatment group using GLP-1RA (treatment) had 0.99% Ganglion cyst, compared with 0.44% for control group using SGLT2i. Does treatment have causal effect to the Ganglion cyst (is it a Positive Outcome)? - no
- Treatment group using GLP-1RA (treatment) had 1.79% Deviated nasal septum, compared with 1.16% for control group using SGLT2i. Does treatment have causal effect to the Deviated nasal septum (is it a Positive Outcome)? - no
- Treatment group using GLP-1RA (treatment) had 0.13% Acquired keratoderma, compared with 0.08% for control group using SGLT2i. Does treatment have causal effect to the Acquired keratoderma (is it a Positive Outcome)? - no
- Treatment group using GLP-1RA (treatment) had 1.88% Senile hyperkeratosis, compared with 1.55% for control group using SGLT2i. Does treatment have causal effect to the Senile hyperkeratosis (is it a Positive Outcome)? - no
- Treatment group using GLP-1RA (treatment) had 2.64% Nontoxic multinodular goiter, compared with 1.39% for control group using SGLT2i. Does treatment have causal effect to the Nontoxic multinodular goiter (is it a Positive Outcome)? - no
- Treatment group using GLP-1RA (treatment) had 94.81% Type 2 diabetes mellitus, compared with 96.68% for control group using SGLT2i. Does treatment have causal effect to the Type 2 diabetes mellitus (is it a Positive Outcome)? - yes
- Treatment group using GLP-1RA (treatment) had 19.87% Chronic kidney disease, compared with 31.81% for control group using SGLT2i. Does treatment have causal effect to the Chronic kidney disease (is it a Positive Outcome)? - yes
- Treatment group using GLP-1RA (treatment) had 78.37% Hypertension, compared with 84.71% for control group using SGLT2i. Does treatment have causal effect to the Hypertension (is it a Positive Outcome)? - yes
- Treatment group using GLP-1RA (treatment) had 78.09% Hyperlipidemia, compared with 84.45% for control group using SGLT2i. Does treatment have causal effect to the Hyperlipidemia (is it a Positive Outcome)? - yes
- Treatment group using GLP-1RA (treatment) had 64.14% Obesity, compared with 44.50% for control group using SGLT2i. Does treatment have causal effect to the Obesity (is it a Positive Outcome)? - yes
[Your Task]
[Question]
Treatment group using GLP-1RA (treatment) had 0.24% Chondromalacia of patella, compared with 0.11% for control group using SGLT2i. Does treatment have causal effect to the Chondromalacia of patella (is it a Positive Outcome)?
Answer: [Your answer, ""yes"" or ""no""]",7,"Okay, so I'm trying to figure out whether GLP-1RA treatments cause Chondromalacia of patella compared to SGLT2i. I remember from the examples that when the treatment group has a higher percentage of an outcome, it's considered a positive outcome, meaning the treatment might be causing it. But wait, in some cases, it's not that straightforward.

Looking at the examples, like the Type 2 diabetes one, both groups had high percentages, but the treatment group was slightly lower (94.81% vs 96.68%), and the answer was ""yes."" So maybe it's not just about being higher, but the relationship between the treatment and the outcome.

In the case of Chondromalacia of patella, the treatment group has 0.24%, and the control has 0.11%. That's a higher percentage in the treatment group. But I'm not sure if this is a direct effect of the treatment or just a coincidence.

I should consider the comorbidities. The GLP-1RA users have a higher Charlson score (65.2%) compared to SGLT2i (68.5%), but that's not directly related to this outcome. Also, the patients in GLP-1RA are younger and have a higher BMI, which might be related to other conditions, but not necessarily Chondromalacia.

Chondromalacia of patella is more common in younger, more active individuals and often related to sports or repetitive strain. The GLP-1RA patients might be more active, or maybe the medications have side effects that contribute. However, I don't recall any specific link between GLP-1RA and joint issues like this.

Looking at the examples again, when the treatment group had higher percentages, it was often considered yes. But in the first example, the treatment group had a higher percentage, but the answer was no. Wait, no, in the first example, the treatment group had 0.99% and control 0.44%, and the answer was no. So it's not just about being higher.

Hmm, maybe I need to think about whether the outcome is expected to be influenced by the treatment. GLP-1RA is used for diabetes and weight loss. Chondromalacia is a joint condition, which might be influenced by factors like obesity or physical activity. Since GLP-1RA can lead to weight loss, maybe it's indirectly causing more Chondromalacia because the patients are more active or have a lower BMI, but that seems a bit of a stretch.

Alternatively, maybe the medications themselves don't directly cause Chondromalacia. So even though the percentage is higher, it might not be causally related. The example with Type 2 diabetes was a positive outcome because both treatments are used for diabetes, so it's expected. But Chondromalacia isn't a typical side effect of these medications.

I think the answer here should be no because there's no clear causal link between GLP-1RA and Chondromalacia of patella. The higher percentage might be coincidental or due to other factors like weight loss leading to more physical activity, but it's not directly caused by the treatment.
</think>

no",no
Batch3,v5,medical_questions_v5.txt,1,"Question 1
[Background]
We compare two treatments for type 2 diabetes:
- Treatment: GLP-1 Receptor Agonists (GLP-1RA)
- Control: Sodium-Glucose Cotransporter-2 Inhibitors (SGLT2i)
[Task Description]
You’ll receive an outcome and the percentage of affected patients in each group.
Decide whether these treatments have a causal effect on that outcome.
You will receive a query describing an outcome and the proportion of patients in each group who experienced it:
- One percentage for patients using GLP-1RA (treatment group).
- One percentage for patients using SGLT2i (control group).
Your task is to determine whether the treatments (GLP-1RA and SGLT2i) have a causal effect on that outcome.
[Cohort Description]
Adults with type 2 diabetes who began either GLP-1RA or SGLT2i.
All had a prior diabetes diagnosis.
GLP-1RA users: mean age 58.0, BMI 37.4.
SGLT2i users: mean age 64.6, BMI 32.8.
Charlson Comorbidity Index ≥ 3 in 65.2% (GLP-1RA) and 68.5% (SGLT2i).
[Instruction]
- Judge whether the treatments causally influence the outcome.
- Both treatments are expected to behave similarly (either both yes or both no).
- “Yes” = Positive Outcome (OOI); “No” = Negative Control Outcome (NCO).
- Reply with only “yes” or “no.”
[Few-shot examples]
- Treatment group using GLP-1RA (treatment) had 0.99% Ganglion cyst, compared with 0.44% for control group using SGLT2i. Does treatment have causal effect to the Ganglion cyst (is it a Positive Outcome)? - no
- Treatment group using GLP-1RA (treatment) had 1.79% Deviated nasal septum, compared with 1.16% for control group using SGLT2i. Does treatment have causal effect to the Deviated nasal septum (is it a Positive Outcome)? - no
- Treatment group using GLP-1RA (treatment) had 0.13% Acquired keratoderma, compared with 0.08% for control group using SGLT2i. Does treatment have causal effect to the Acquired keratoderma (is it a Positive Outcome)? - no
- Treatment group using GLP-1RA (treatment) had 1.88% Senile hyperkeratosis, compared with 1.55% for control group using SGLT2i. Does treatment have causal effect to the Senile hyperkeratosis (is it a Positive Outcome)? - no
- Treatment group using GLP-1RA (treatment) had 2.64% Nontoxic multinodular goiter, compared with 1.39% for control group using SGLT2i. Does treatment have causal effect to the Nontoxic multinodular goiter (is it a Positive Outcome)? - no
- Treatment group using GLP-1RA (treatment) had 94.81% Type 2 diabetes mellitus, compared with 96.68% for control group using SGLT2i. Does treatment have causal effect to the Type 2 diabetes mellitus (is it a Positive Outcome)? - yes
- Treatment group using GLP-1RA (treatment) had 19.87% Chronic kidney disease, compared with 31.81% for control group using SGLT2i. Does treatment have causal effect to the Chronic kidney disease (is it a Positive Outcome)? - yes
- Treatment group using GLP-1RA (treatment) had 78.37% Hypertension, compared with 84.71% for control group using SGLT2i. Does treatment have causal effect to the Hypertension (is it a Positive Outcome)? - yes
- Treatment group using GLP-1RA (treatment) had 78.09% Hyperlipidemia, compared with 84.45% for control group using SGLT2i. Does treatment have causal effect to the Hyperlipidemia (is it a Positive Outcome)? - yes
- Treatment group using GLP-1RA (treatment) had 64.14% Obesity, compared with 44.50% for control group using SGLT2i. Does treatment have causal effect to the Obesity (is it a Positive Outcome)? - yes
[Your Task]
[Question]
Treatment group using GLP-1RA (treatment) had 0.24% Chondromalacia of patella, compared with 0.11% for control group using SGLT2i. Does treatment have causal effect to the Chondromalacia of patella (is it a Positive Outcome)?
Answer: [Your answer, ""yes"" or ""no""]",8,"Okay, so I'm trying to figure out whether GLP-1 Receptor Agonists (GLP-1RA) have a causal effect on Chondromalacia of patella compared to Sodium-Glucose Cotransporter-2 Inhibitors (SGLT2i) in type 2 diabetes patients. 

First, I need to understand the problem. The task is to determine if the treatment (GLP-1RA) causally affects the outcome (Chondromalacia of patella). The data given is the percentage of patients in each group who experienced this outcome. The treatment group had 0.24% and the control group had 0.11%. 

I recall from the examples provided that when the treatment group has a higher percentage of an outcome, it's considered a positive outcome if it's expected to be better, but in this case, both are very low percentages. However, the key is whether the difference is significant enough to suggest causation. 

Looking at the examples, sometimes the answer is ""yes"" when one group has a higher incidence of an outcome that is a known side effect of the treatment. For instance, in the example with Ganglion cyst, it was ""no"" because both were very low, but in others like Chronic kidney disease or Obesity, when one group had a higher incidence, it was considered a positive outcome. 

Chondromalacia of patella is a condition related to knee cartilage degeneration. I know that GLP-1RA medications can sometimes cause weight loss, which might put more stress on the knees, potentially increasing the risk of chondromalacia. On the other hand, SGLT2i medications are also associated with weight loss, though maybe slightly less so than GLP-1RA in some cases. 

Wait, but in the examples, when the treatment group had a higher percentage of an outcome, it was often considered a positive outcome. So in this case, GLP-1RA has 0.24% vs. SGLT2i's 0.11%. That suggests that more patients on GLP-1RA have this condition. 

However, I also need to consider whether this is a known side effect of GLP-1RA. If chondromalacia of patella is a known side effect or if there's a plausible mechanism, then it might be causal. From what I know, GLP-1RA can cause weight loss, which might contribute to knee issues, but I'm not sure if it directly causes chondromalacia. 

Alternatively, maybe the difference is too small to be meaningful. Both groups have very low percentages, so maybe it's just a coincidence. Also, the example with Type 2 diabetes had a higher percentage in treatment, but that's because all patients in the treatment group had the condition, which makes sense. 

In this case, the percentages are very low, so the difference might not be statistically significant. Also, considering the comorbidities, GLP-1RA users have a higher Charlson score, which might mean more comorbidities, potentially increasing the risk of other conditions like chondromalacia. 

Wait, but the example with Type 2 diabetes was a ""yes"" because it's the expected outcome of diabetes, but chondromalacia is not directly related to diabetes. It's more about joint health. So maybe the causal link isn't there. 

I'm a bit confused. On one hand, GLP-1RA has a higher percentage, which might suggest causation, but on the other, the condition might not be directly related to the medication. Also, the percentages are extremely low, so maybe it's just a random finding. 

Looking back at the examples, when the outcome was a known side effect, it was considered positive. But if the outcome isn't a known side effect, even with a higher percentage, it might not be causal. 

So, in this case, since chondromalacia of patella isn't a known side effect of GLP-1RA, and the difference is very small, it's probably not causal. Therefore, the answer would be ""no.""
</think>

no",no
Batch3,v5,medical_questions_v5.txt,1,"Question 1
[Background]
We compare two treatments for type 2 diabetes:
- Treatment: GLP-1 Receptor Agonists (GLP-1RA)
- Control: Sodium-Glucose Cotransporter-2 Inhibitors (SGLT2i)
[Task Description]
You’ll receive an outcome and the percentage of affected patients in each group.
Decide whether these treatments have a causal effect on that outcome.
You will receive a query describing an outcome and the proportion of patients in each group who experienced it:
- One percentage for patients using GLP-1RA (treatment group).
- One percentage for patients using SGLT2i (control group).
Your task is to determine whether the treatments (GLP-1RA and SGLT2i) have a causal effect on that outcome.
[Cohort Description]
Adults with type 2 diabetes who began either GLP-1RA or SGLT2i.
All had a prior diabetes diagnosis.
GLP-1RA users: mean age 58.0, BMI 37.4.
SGLT2i users: mean age 64.6, BMI 32.8.
Charlson Comorbidity Index ≥ 3 in 65.2% (GLP-1RA) and 68.5% (SGLT2i).
[Instruction]
- Judge whether the treatments causally influence the outcome.
- Both treatments are expected to behave similarly (either both yes or both no).
- “Yes” = Positive Outcome (OOI); “No” = Negative Control Outcome (NCO).
- Reply with only “yes” or “no.”
[Few-shot examples]
- Treatment group using GLP-1RA (treatment) had 0.99% Ganglion cyst, compared with 0.44% for control group using SGLT2i. Does treatment have causal effect to the Ganglion cyst (is it a Positive Outcome)? - no
- Treatment group using GLP-1RA (treatment) had 1.79% Deviated nasal septum, compared with 1.16% for control group using SGLT2i. Does treatment have causal effect to the Deviated nasal septum (is it a Positive Outcome)? - no
- Treatment group using GLP-1RA (treatment) had 0.13% Acquired keratoderma, compared with 0.08% for control group using SGLT2i. Does treatment have causal effect to the Acquired keratoderma (is it a Positive Outcome)? - no
- Treatment group using GLP-1RA (treatment) had 1.88% Senile hyperkeratosis, compared with 1.55% for control group using SGLT2i. Does treatment have causal effect to the Senile hyperkeratosis (is it a Positive Outcome)? - no
- Treatment group using GLP-1RA (treatment) had 2.64% Nontoxic multinodular goiter, compared with 1.39% for control group using SGLT2i. Does treatment have causal effect to the Nontoxic multinodular goiter (is it a Positive Outcome)? - no
- Treatment group using GLP-1RA (treatment) had 94.81% Type 2 diabetes mellitus, compared with 96.68% for control group using SGLT2i. Does treatment have causal effect to the Type 2 diabetes mellitus (is it a Positive Outcome)? - yes
- Treatment group using GLP-1RA (treatment) had 19.87% Chronic kidney disease, compared with 31.81% for control group using SGLT2i. Does treatment have causal effect to the Chronic kidney disease (is it a Positive Outcome)? - yes
- Treatment group using GLP-1RA (treatment) had 78.37% Hypertension, compared with 84.71% for control group using SGLT2i. Does treatment have causal effect to the Hypertension (is it a Positive Outcome)? - yes
- Treatment group using GLP-1RA (treatment) had 78.09% Hyperlipidemia, compared with 84.45% for control group using SGLT2i. Does treatment have causal effect to the Hyperlipidemia (is it a Positive Outcome)? - yes
- Treatment group using GLP-1RA (treatment) had 64.14% Obesity, compared with 44.50% for control group using SGLT2i. Does treatment have causal effect to the Obesity (is it a Positive Outcome)? - yes
[Your Task]
[Question]
Treatment group using GLP-1RA (treatment) had 0.24% Chondromalacia of patella, compared with 0.11% for control group using SGLT2i. Does treatment have causal effect to the Chondromalacia of patella (is it a Positive Outcome)?
Answer: [Your answer, ""yes"" or ""no""]",9,"Alright, so I need to determine whether GLP-1RA treatment has a causal effect on Chondromalacia of patella, given that the treatment group had 0.24% incidence compared to 0.11% in the control group using SGLT2i.

First, I recall that both GLP-1RA and SGLT2i are diabetes medications, but they work differently. GLP-1RA mimics the hormone GLP-1, which helps with glucose control and can promote weight loss. SGLT2i inhibits the kidneys' reabsorption of glucose, also aiding in blood sugar control but through a different mechanism. They are often used in patients with type 2 diabetes.

Looking at the examples provided, I notice that when the treatment group had a higher percentage of an outcome compared to the control, the answer was ""yes."" Conversely, when the treatment group had a lower percentage, the answer was ""no."" For instance, in the case of Type 2 diabetes, the treatment group had a lower percentage (94.81% vs. 96.68%), but the answer was ""yes"" because it's a positive outcome. Wait, that's a bit confusing. Oh, no, actually, in that example, the outcome was Type 2 diabetes itself, which makes sense because both treatments are for diabetes, so the high percentages are expected. But for other outcomes like Chronic kidney disease, the treatment group had 19.87% vs. 31.81% in control, which is a lower percentage, and the answer was ""yes"" because it's a positive outcome, meaning the treatment is causing it.

Wait, no, that doesn't make sense. If the treatment group has a lower percentage, how is that a positive outcome? Maybe I misunderstood. Let me check the examples again. For Chronic kidney disease, the treatment group had 19.87% compared to 31.81% in control, and the answer was ""yes."" So, does that mean the treatment causes Chronic kidney disease? That seems counterintuitive because I would expect a treatment to prevent complications, not cause them. Hmm, perhaps I'm misunderstanding the task.

Wait, the instruction says to judge whether the treatments causally influence the outcome. The examples show that when the treatment group has a higher percentage, it's considered a positive outcome (causal effect), and when lower, it's negative. But in the case of Chronic kidney disease, the treatment group had a lower percentage, yet the answer was ""yes,"" implying the treatment causes it. That seems contradictory because I would expect GLP-1RA to help reduce kidney issues, not cause them.

Alternatively, maybe the reasoning is that both treatments are supposed to have similar effects, so if one group has a lower incidence, it's unexpected, implying a causal effect. But I'm not entirely sure. Let me think about the specific outcome here: Chondromalacia of patella. That's a condition where the cartilage in the patella (knee) softens and degenerates. It's more common in obesity and can be associated with increased weight.

GLP-1RA is known to promote weight loss or at least not lead to weight gain as much as other diabetes medications. SGLT2i can also lead to weight loss but perhaps not as significantly. However, both treatments are used in patients with type 2 diabetes, which is associated with obesity. So, maybe the higher incidence in the GLP-1RA group is because they are more likely to lose weight, reducing the risk of obesity-related conditions. Alternatively, maybe the opposite.

Wait, no, in the example given for Obesity, the treatment group had 64.14% vs. 44.50% in control, and the answer was ""yes."" That makes sense because the treatment is causing more obesity, but that doesn't align with my understanding. Wait, actually, GLP-1RA can lead to weight loss, so if the treatment group has a higher incidence of obesity, that would be unexpected. Maybe the example is wrong, but according to the instructions, it's ""yes.""

So, applying that logic, if the treatment group has a higher percentage of an outcome, it's a positive outcome (causal effect). If lower, it's a negative outcome (no causal effect). Therefore, in the case of Chondromalacia of patella, the treatment group has 0.24% vs. 0.11% in control. Since 0.24 is higher than 0.11, it's a positive outcome, meaning GLP-1RA causes Chondromalacia of patella.

But wait, that doesn't make sense biologically. Chondromalacia is related to joint degeneration, possibly linked to obesity or other metabolic factors. Since GLP-1RA is used to manage weight, maybe it's associated with more weight loss, which could reduce the risk of obesity-related joint issues. However, the example shows that when the treatment group has a higher percentage, it's considered a positive outcome, regardless of biological plausibility. So, following the examples, I should answer ""yes.""

Alternatively, perhaps the reasoning is that both treatments are expected to have similar effects on outcomes, so if one group has a higher incidence, it's due to the treatment. If the treatment group has a higher percentage, it's because the treatment causes it. If lower, it's because the control is better, so the treatment doesn't have a causal effect.

In the case of Chondromalacia, since GLP-1RA has a higher percentage (0.24 vs. 0.11), it's considered a positive outcome, meaning the treatment causes it. So, the answer would be ""yes.""
</think>

yes",yes
Batch3,v5,medical_questions_v5.txt,1,"Question 1
[Background]
We compare two treatments for type 2 diabetes:
- Treatment: GLP-1 Receptor Agonists (GLP-1RA)
- Control: Sodium-Glucose Cotransporter-2 Inhibitors (SGLT2i)
[Task Description]
You’ll receive an outcome and the percentage of affected patients in each group.
Decide whether these treatments have a causal effect on that outcome.
You will receive a query describing an outcome and the proportion of patients in each group who experienced it:
- One percentage for patients using GLP-1RA (treatment group).
- One percentage for patients using SGLT2i (control group).
Your task is to determine whether the treatments (GLP-1RA and SGLT2i) have a causal effect on that outcome.
[Cohort Description]
Adults with type 2 diabetes who began either GLP-1RA or SGLT2i.
All had a prior diabetes diagnosis.
GLP-1RA users: mean age 58.0, BMI 37.4.
SGLT2i users: mean age 64.6, BMI 32.8.
Charlson Comorbidity Index ≥ 3 in 65.2% (GLP-1RA) and 68.5% (SGLT2i).
[Instruction]
- Judge whether the treatments causally influence the outcome.
- Both treatments are expected to behave similarly (either both yes or both no).
- “Yes” = Positive Outcome (OOI); “No” = Negative Control Outcome (NCO).
- Reply with only “yes” or “no.”
[Few-shot examples]
- Treatment group using GLP-1RA (treatment) had 0.99% Ganglion cyst, compared with 0.44% for control group using SGLT2i. Does treatment have causal effect to the Ganglion cyst (is it a Positive Outcome)? - no
- Treatment group using GLP-1RA (treatment) had 1.79% Deviated nasal septum, compared with 1.16% for control group using SGLT2i. Does treatment have causal effect to the Deviated nasal septum (is it a Positive Outcome)? - no
- Treatment group using GLP-1RA (treatment) had 0.13% Acquired keratoderma, compared with 0.08% for control group using SGLT2i. Does treatment have causal effect to the Acquired keratoderma (is it a Positive Outcome)? - no
- Treatment group using GLP-1RA (treatment) had 1.88% Senile hyperkeratosis, compared with 1.55% for control group using SGLT2i. Does treatment have causal effect to the Senile hyperkeratosis (is it a Positive Outcome)? - no
- Treatment group using GLP-1RA (treatment) had 2.64% Nontoxic multinodular goiter, compared with 1.39% for control group using SGLT2i. Does treatment have causal effect to the Nontoxic multinodular goiter (is it a Positive Outcome)? - no
- Treatment group using GLP-1RA (treatment) had 94.81% Type 2 diabetes mellitus, compared with 96.68% for control group using SGLT2i. Does treatment have causal effect to the Type 2 diabetes mellitus (is it a Positive Outcome)? - yes
- Treatment group using GLP-1RA (treatment) had 19.87% Chronic kidney disease, compared with 31.81% for control group using SGLT2i. Does treatment have causal effect to the Chronic kidney disease (is it a Positive Outcome)? - yes
- Treatment group using GLP-1RA (treatment) had 78.37% Hypertension, compared with 84.71% for control group using SGLT2i. Does treatment have causal effect to the Hypertension (is it a Positive Outcome)? - yes
- Treatment group using GLP-1RA (treatment) had 78.09% Hyperlipidemia, compared with 84.45% for control group using SGLT2i. Does treatment have causal effect to the Hyperlipidemia (is it a Positive Outcome)? - yes
- Treatment group using GLP-1RA (treatment) had 64.14% Obesity, compared with 44.50% for control group using SGLT2i. Does treatment have causal effect to the Obesity (is it a Positive Outcome)? - yes
[Your Task]
[Question]
Treatment group using GLP-1RA (treatment) had 0.24% Chondromalacia of patella, compared with 0.11% for control group using SGLT2i. Does treatment have causal effect to the Chondromalacia of patella (is it a Positive Outcome)?
Answer: [Your answer, ""yes"" or ""no""]",10,"Okay, so I'm trying to figure out whether GLP-1 Receptor Agonists (GLP-1RA) have a causal effect on Chondromalacia of patella compared to Sodium-Glucose Cotransporter-2 Inhibitors (SGLT2i) in type 2 diabetes patients. 

First, I need to understand what Chondromalacia of patella is. From what I remember, it's a condition where the cartilage in the patella (kneecap) softens and may wear away, leading to pain or joint issues. It's more common in certain populations, like athletes, but I'm not sure how it relates to diabetes treatments.

Looking at the data provided, the treatment group using GLP-1RA has a 0.24% incidence of this condition, while the control group using SGLT2i has 0.11%. So, the treatment group has a slightly higher rate. The question is whether this difference is causally related to the treatment.

I recall that both GLP-1RA and SGLT2i are medications used to manage type 2 diabetes. GLP-1RA works by mimicking the action of GLP-1, a hormone that helps regulate blood sugar, and it also promotes weight loss and may have effects on fat metabolism. SGLT2i inhibits the SGLT2 protein in the kidneys, which helps the body excrete more glucose, thus lowering blood sugar.

Now, considering the outcomes, the example given in the background shows that when the treatment group had a higher percentage of a certain outcome, it was considered a Positive Outcome (OOI) with a ""yes"". Conversely, when the control group had a higher percentage, it was a Negative Control Outcome (NCO) with a ""no"". 

In this case, the treatment group has a higher percentage (0.24% vs. 0.11%), so if the outcome is considered a Positive Outcome, the answer would be ""yes"". But I'm not entirely sure if Chondromalacia of patella is a known side effect of these medications. 

I should think about whether these medications are associated with joint or cartilage issues. SGLT2i, for example, has been linked to increased risk of urinary tract infections and some joint effects, but I'm not certain about chondromalacia. GLP-1RA might have side effects related to weight gain or heart issues, but I don't recall a direct link to joint conditions like chondromalacia.

Alternatively, maybe the higher incidence in the GLP-1RA group is just a coincidence due to other factors, like differences in comorbidities or other health behaviors. The Charlson Comorbidity Index shows that both groups have high comorbidity, but the GLP-1RA group is slightly lower (65.2% vs. 68.5%). However, that's a small difference and might not account for a 0.13% difference in the outcome.

Another angle is to consider if the outcome is a known side effect of either medication. If both medications are equally likely to cause this condition, then the higher rate in the treatment group might not be causal. But if one is more likely to cause it, then it could be causal. Without specific knowledge of this side effect, it's hard to say definitively.

Given the examples provided, when the treatment group had a higher rate, it was considered a Positive Outcome. So following that pattern, the answer would be ""yes"". However, I'm cautious because it's a very small percentage difference (0.13%), which might not be statistically significant. Also, without more data on the actual causes of this condition, it's possible that the difference is coincidental.

But according to the instruction, I need to follow the pattern where if the treatment group has a higher percentage, it's considered a Positive Outcome. So, despite my doubts about causality, I'll stick with the given examples.
</think>

yes",yes
Batch3,v5,medical_questions_v5.txt,2,"Question 2
[Background]
We compare two treatments for type 2 diabetes:
- Treatment: GLP-1 Receptor Agonists (GLP-1RA)
- Control: Sodium-Glucose Cotransporter-2 Inhibitors (SGLT2i)
[Task Description]
You’ll receive an outcome and the percentage of affected patients in each group.
Decide whether these treatments have a causal effect on that outcome.
You will receive a query describing an outcome and the proportion of patients in each group who experienced it:
- One percentage for patients using GLP-1RA (treatment group).
- One percentage for patients using SGLT2i (control group).
Your task is to determine whether the treatments (GLP-1RA and SGLT2i) have a causal effect on that outcome.
[Cohort Description]
Adults with type 2 diabetes who began either GLP-1RA or SGLT2i.
All had a prior diabetes diagnosis.
GLP-1RA users: mean age 58.0, BMI 37.4.
SGLT2i users: mean age 64.6, BMI 32.8.
Charlson Comorbidity Index ≥ 3 in 65.2% (GLP-1RA) and 68.5% (SGLT2i).
[Instruction]
- Judge whether the treatments causally influence the outcome.
- Both treatments are expected to behave similarly (either both yes or both no).
- “Yes” = Positive Outcome (OOI); “No” = Negative Control Outcome (NCO).
- Reply with only “yes” or “no.”
[Few-shot examples]
- Treatment group using GLP-1RA (treatment) had 0.99% Ganglion cyst, compared with 0.44% for control group using SGLT2i. Does treatment have causal effect to the Ganglion cyst (is it a Positive Outcome)? - no
- Treatment group using GLP-1RA (treatment) had 1.79% Deviated nasal septum, compared with 1.16% for control group using SGLT2i. Does treatment have causal effect to the Deviated nasal septum (is it a Positive Outcome)? - no
- Treatment group using GLP-1RA (treatment) had 0.13% Acquired keratoderma, compared with 0.08% for control group using SGLT2i. Does treatment have causal effect to the Acquired keratoderma (is it a Positive Outcome)? - no
- Treatment group using GLP-1RA (treatment) had 1.88% Senile hyperkeratosis, compared with 1.55% for control group using SGLT2i. Does treatment have causal effect to the Senile hyperkeratosis (is it a Positive Outcome)? - no
- Treatment group using GLP-1RA (treatment) had 2.64% Nontoxic multinodular goiter, compared with 1.39% for control group using SGLT2i. Does treatment have causal effect to the Nontoxic multinodular goiter (is it a Positive Outcome)? - no
- Treatment group using GLP-1RA (treatment) had 94.81% Type 2 diabetes mellitus, compared with 96.68% for control group using SGLT2i. Does treatment have causal effect to the Type 2 diabetes mellitus (is it a Positive Outcome)? - yes
- Treatment group using GLP-1RA (treatment) had 19.87% Chronic kidney disease, compared with 31.81% for control group using SGLT2i. Does treatment have causal effect to the Chronic kidney disease (is it a Positive Outcome)? - yes
- Treatment group using GLP-1RA (treatment) had 78.37% Hypertension, compared with 84.71% for control group using SGLT2i. Does treatment have causal effect to the Hypertension (is it a Positive Outcome)? - yes
- Treatment group using GLP-1RA (treatment) had 78.09% Hyperlipidemia, compared with 84.45% for control group using SGLT2i. Does treatment have causal effect to the Hyperlipidemia (is it a Positive Outcome)? - yes
- Treatment group using GLP-1RA (treatment) had 64.14% Obesity, compared with 44.50% for control group using SGLT2i. Does treatment have causal effect to the Obesity (is it a Positive Outcome)? - yes
[Your Task]
[Question]
Treatment group using GLP-1RA (treatment) had 1.52% Hammer toe, compared with 1.04% for control group using SGLT2i. Does treatment have causal effect to the Hammer toe (is it a Positive Outcome)?
Answer: [Your answer, ""yes"" or ""no""]",1,"Okay, so I'm trying to figure out whether GLP-1RA treatments have a causal effect on Hammer toe compared to SGLT2i. The data given is that 1.52% of GLP-1RA users developed Hammer toe, while 1.04% of SGLT2i users did. 

First, I need to understand what Hammer toe is. From what I know, Hammer toe is a condition where the toe is bent downwards at the joint, causing pain and difficulty in wearing shoes. It's a common foot deformity, often related to genetic factors, arthritis, or muscle imbalances.

Now, looking at the context, both GLP-1RA and SGLT2i are medications used to treat type 2 diabetes. GLP-1RA stands for Glucagon-Like Peptide-1 Receptor Agonists, which help in glucose control by increasing insulin secretion and reducing appetite. SGLT2i, Sodium-Glucose Cotransporter-2 Inhibitors, also help in lowering blood glucose levels by preventing the kidneys from reabsorbing glucose.

The question is whether these medications cause Hammer toe. I need to assess if there's a causal link between the use of these medications and the development of Hammer toe. 

I should consider whether Hammer toe is a known side effect of these medications. From the examples provided earlier, it seems that the user is following a pattern where if the treatment group has a higher percentage of an outcome, it's considered a Positive Outcome (yes), and if lower, it's a Negative Control Outcome (no). But I need to think about causation, not just correlation.

Wait, in the examples, sometimes the treatment group had a higher percentage, and the answer was yes, sometimes lower and answer was no. So the approach is to see if the treatment group's percentage is higher, lower, or similar compared to the control.

In the case of Hammer toe, the treatment group (GLP-1RA) has 1.52%, which is slightly higher than the control group (1.04%). According to the examples, when the treatment group's percentage is higher, the answer was yes. But does that mean it's a Positive Outcome?

Wait, I need to clarify: the instruction says that if the treatment group has a positive outcome, we answer yes, else no. So the question is whether Hammer toe is a Positive Outcome (i.e., caused by the treatment). 

But Hammer toe is a foot deformity, which is not typically associated with diabetes medications. Both GLP-1RA and SGLT2i are more about blood sugar control. They might affect other aspects of health, but Hammer toe is more related to foot structure or joint issues.

Looking at the examples, when the treatment group had higher percentages for outcomes like type 2 diabetes, kidney disease, hypertension, hyperlipidemia, and obesity, the answer was yes. But Hammer toe isn't a diabetes-related condition. It's a physical deformity, possibly due to joint issues or muscle imbalances.

So, if the treatment group has a slightly higher incidence of Hammer toe (1.52% vs 1.04%), does that mean the treatment causes it? Or is it just a coincidence?

I think it's more likely that the difference is due to other factors. Maybe the populations using these medications have different characteristics that influence Hammer toe. For example, perhaps SGLT2i users have more foot issues to begin with, or maybe GLP-1RA users are more likely to have other health issues that also affect their feet.

Alternatively, the difference could be due to reporting bias or other unmeasured confounders. Since both groups have different demographics (age, BMI, comorbidities), the higher percentage in the treatment group might be due to those differences rather than the medication itself.

In the examples, when the treatment group had a higher percentage for conditions like obesity, which is a known side effect of GLP-1RA due to appetite suppression, the answer was yes. But Hammer toe isn't a known side effect of these medications. Therefore, the higher percentage might just be a coincidence based on other factors.

So, I think the answer should be no because there's no established causal link between GLP-1RA use and Hammer toe. The slight difference in percentages is likely due to other factors rather than the treatment itself causing the condition.
</think>

no",no
Batch3,v5,medical_questions_v5.txt,2,"Question 2
[Background]
We compare two treatments for type 2 diabetes:
- Treatment: GLP-1 Receptor Agonists (GLP-1RA)
- Control: Sodium-Glucose Cotransporter-2 Inhibitors (SGLT2i)
[Task Description]
You’ll receive an outcome and the percentage of affected patients in each group.
Decide whether these treatments have a causal effect on that outcome.
You will receive a query describing an outcome and the proportion of patients in each group who experienced it:
- One percentage for patients using GLP-1RA (treatment group).
- One percentage for patients using SGLT2i (control group).
Your task is to determine whether the treatments (GLP-1RA and SGLT2i) have a causal effect on that outcome.
[Cohort Description]
Adults with type 2 diabetes who began either GLP-1RA or SGLT2i.
All had a prior diabetes diagnosis.
GLP-1RA users: mean age 58.0, BMI 37.4.
SGLT2i users: mean age 64.6, BMI 32.8.
Charlson Comorbidity Index ≥ 3 in 65.2% (GLP-1RA) and 68.5% (SGLT2i).
[Instruction]
- Judge whether the treatments causally influence the outcome.
- Both treatments are expected to behave similarly (either both yes or both no).
- “Yes” = Positive Outcome (OOI); “No” = Negative Control Outcome (NCO).
- Reply with only “yes” or “no.”
[Few-shot examples]
- Treatment group using GLP-1RA (treatment) had 0.99% Ganglion cyst, compared with 0.44% for control group using SGLT2i. Does treatment have causal effect to the Ganglion cyst (is it a Positive Outcome)? - no
- Treatment group using GLP-1RA (treatment) had 1.79% Deviated nasal septum, compared with 1.16% for control group using SGLT2i. Does treatment have causal effect to the Deviated nasal septum (is it a Positive Outcome)? - no
- Treatment group using GLP-1RA (treatment) had 0.13% Acquired keratoderma, compared with 0.08% for control group using SGLT2i. Does treatment have causal effect to the Acquired keratoderma (is it a Positive Outcome)? - no
- Treatment group using GLP-1RA (treatment) had 1.88% Senile hyperkeratosis, compared with 1.55% for control group using SGLT2i. Does treatment have causal effect to the Senile hyperkeratosis (is it a Positive Outcome)? - no
- Treatment group using GLP-1RA (treatment) had 2.64% Nontoxic multinodular goiter, compared with 1.39% for control group using SGLT2i. Does treatment have causal effect to the Nontoxic multinodular goiter (is it a Positive Outcome)? - no
- Treatment group using GLP-1RA (treatment) had 94.81% Type 2 diabetes mellitus, compared with 96.68% for control group using SGLT2i. Does treatment have causal effect to the Type 2 diabetes mellitus (is it a Positive Outcome)? - yes
- Treatment group using GLP-1RA (treatment) had 19.87% Chronic kidney disease, compared with 31.81% for control group using SGLT2i. Does treatment have causal effect to the Chronic kidney disease (is it a Positive Outcome)? - yes
- Treatment group using GLP-1RA (treatment) had 78.37% Hypertension, compared with 84.71% for control group using SGLT2i. Does treatment have causal effect to the Hypertension (is it a Positive Outcome)? - yes
- Treatment group using GLP-1RA (treatment) had 78.09% Hyperlipidemia, compared with 84.45% for control group using SGLT2i. Does treatment have causal effect to the Hyperlipidemia (is it a Positive Outcome)? - yes
- Treatment group using GLP-1RA (treatment) had 64.14% Obesity, compared with 44.50% for control group using SGLT2i. Does treatment have causal effect to the Obesity (is it a Positive Outcome)? - yes
[Your Task]
[Question]
Treatment group using GLP-1RA (treatment) had 1.52% Hammer toe, compared with 1.04% for control group using SGLT2i. Does treatment have causal effect to the Hammer toe (is it a Positive Outcome)?
Answer: [Your answer, ""yes"" or ""no""]",2,"Okay, so I need to determine whether GLP-1 Receptor Agonists (GLP-1RA) have a causal effect on Hammer toe, given the data provided. The data shows that 1.52% of GLP-1RA users developed Hammer toe, compared to 1.04% of SGLT2i users. 

First, I should consider what Hammer toe is. It's a foot deformity where the toe points downward, often due to muscle imbalances or conditions like arthritis. Now, looking at the treatments: GLP-1RA is typically used to help with weight loss and manage blood sugar levels in type 2 diabetes. It works by increasing the release of insulin and decreasing appetite. SGLT2i, on the other hand, also helps with blood sugar control but works differently, usually by increasing urinary excretion of glucose and promoting glycogen synthesis.

Both treatments are glucose-lowering medications, but they affect the body differently. GLP-1RA can cause weight loss, which might be linked to an increased risk of foot problems if weight gain is prevented, but I'm not sure if that's directly related to Hammer toe. SGLT2i has been linked to a lower risk of certain foot complications, like neuropathy, but again, I'm not certain about Hammer toe specifically.

Looking at the examples provided, when the treatment group had a higher percentage of an outcome, it was considered a Positive Outcome (yes). Conversely, when the control group had a higher percentage, it was also considered a Positive Outcome. Wait, that seems contradictory. Let me recheck. Oh, no, actually, in the examples, when the treatment group had a higher percentage, it was sometimes yes, sometimes no. For instance, in the Type 2 diabetes example, both groups had high percentages, but the treatment group was considered yes, probably because it's the disease itself.

Wait, but in this case, Hammer toe is a specific condition, not the disease itself. So, if the treatment group has a higher percentage, does that mean the treatment is causing it? Or is it just a correlation? I think I need to look for whether the treatment's mechanism could plausibly cause Hammer toe.

GLP-1RA might affect the body's metabolism, but I'm not sure how that would lead to Hammer toe. It's more about blood sugar and weight. SGLT2i might have different side effects, but again, I don't see a direct link to Hammer toe. Hammer toe is more related to foot structure or muscle imbalances, which might be influenced by other factors like obesity or physical activity.

Wait, looking back at the examples, when the treatment group had a higher percentage of an outcome, sometimes it was yes, sometimes no. For example, Type 2 diabetes was considered yes because it's the target condition, so the treatment's effect on blood sugar might contribute to managing diabetes, but that's more about the primary condition, not a side effect.

In the case of Hammer toe, it's a side effect or a comorbidity. So, if GLP-1RA increases the risk compared to SGLT2i, does that mean it's causal? Or could it be that both treatments just have similar side effects, and it's just a coincidence in this cohort?

Also, considering the baseline characteristics: GLP-1RA users are slightly younger, have a higher BMI, and have a similar comorbidity index. Maybe Hammer toe is more common in older, heavier individuals, so SGLT2i users, being older on average, might have a higher baseline risk. But the data shows the opposite: GLP-1RA users have a higher percentage of Hammer toe. Hmm, that's confusing.

Wait, no, SGLT2i users are older with a mean age of 64.6 vs. 58 for GLP-1RA. So, if Hammer toe is more common in older people, then SGLT2i users should have a higher rate, but in this case, GLP-1RA has a higher rate. So that contradicts the idea that age is a factor. Alternatively, maybe GLP-1RA causes it more than SGLT2i.

But I'm not sure if there's any mechanism linking GLP-1RA to Hammer toe. I don't recall Hammer toe being a common side effect of GLP-1RA medications. It's more commonly associated with conditions like arthritis or muscle imbalances. So, unless there's a specific study linking them, it's hard to say if the treatment causes it.

Given the data, GLP-1RA users have a higher incidence of Hammer toe, but without a clear causal mechanism, it's possible that this is just a coincidence or due to other factors in the study. Therefore, I might lean towards 'no' because there's no established causal relationship between GLP-1RA use and Hammer toe.
</think>

no",no
Batch3,v5,medical_questions_v5.txt,2,"Question 2
[Background]
We compare two treatments for type 2 diabetes:
- Treatment: GLP-1 Receptor Agonists (GLP-1RA)
- Control: Sodium-Glucose Cotransporter-2 Inhibitors (SGLT2i)
[Task Description]
You’ll receive an outcome and the percentage of affected patients in each group.
Decide whether these treatments have a causal effect on that outcome.
You will receive a query describing an outcome and the proportion of patients in each group who experienced it:
- One percentage for patients using GLP-1RA (treatment group).
- One percentage for patients using SGLT2i (control group).
Your task is to determine whether the treatments (GLP-1RA and SGLT2i) have a causal effect on that outcome.
[Cohort Description]
Adults with type 2 diabetes who began either GLP-1RA or SGLT2i.
All had a prior diabetes diagnosis.
GLP-1RA users: mean age 58.0, BMI 37.4.
SGLT2i users: mean age 64.6, BMI 32.8.
Charlson Comorbidity Index ≥ 3 in 65.2% (GLP-1RA) and 68.5% (SGLT2i).
[Instruction]
- Judge whether the treatments causally influence the outcome.
- Both treatments are expected to behave similarly (either both yes or both no).
- “Yes” = Positive Outcome (OOI); “No” = Negative Control Outcome (NCO).
- Reply with only “yes” or “no.”
[Few-shot examples]
- Treatment group using GLP-1RA (treatment) had 0.99% Ganglion cyst, compared with 0.44% for control group using SGLT2i. Does treatment have causal effect to the Ganglion cyst (is it a Positive Outcome)? - no
- Treatment group using GLP-1RA (treatment) had 1.79% Deviated nasal septum, compared with 1.16% for control group using SGLT2i. Does treatment have causal effect to the Deviated nasal septum (is it a Positive Outcome)? - no
- Treatment group using GLP-1RA (treatment) had 0.13% Acquired keratoderma, compared with 0.08% for control group using SGLT2i. Does treatment have causal effect to the Acquired keratoderma (is it a Positive Outcome)? - no
- Treatment group using GLP-1RA (treatment) had 1.88% Senile hyperkeratosis, compared with 1.55% for control group using SGLT2i. Does treatment have causal effect to the Senile hyperkeratosis (is it a Positive Outcome)? - no
- Treatment group using GLP-1RA (treatment) had 2.64% Nontoxic multinodular goiter, compared with 1.39% for control group using SGLT2i. Does treatment have causal effect to the Nontoxic multinodular goiter (is it a Positive Outcome)? - no
- Treatment group using GLP-1RA (treatment) had 94.81% Type 2 diabetes mellitus, compared with 96.68% for control group using SGLT2i. Does treatment have causal effect to the Type 2 diabetes mellitus (is it a Positive Outcome)? - yes
- Treatment group using GLP-1RA (treatment) had 19.87% Chronic kidney disease, compared with 31.81% for control group using SGLT2i. Does treatment have causal effect to the Chronic kidney disease (is it a Positive Outcome)? - yes
- Treatment group using GLP-1RA (treatment) had 78.37% Hypertension, compared with 84.71% for control group using SGLT2i. Does treatment have causal effect to the Hypertension (is it a Positive Outcome)? - yes
- Treatment group using GLP-1RA (treatment) had 78.09% Hyperlipidemia, compared with 84.45% for control group using SGLT2i. Does treatment have causal effect to the Hyperlipidemia (is it a Positive Outcome)? - yes
- Treatment group using GLP-1RA (treatment) had 64.14% Obesity, compared with 44.50% for control group using SGLT2i. Does treatment have causal effect to the Obesity (is it a Positive Outcome)? - yes
[Your Task]
[Question]
Treatment group using GLP-1RA (treatment) had 1.52% Hammer toe, compared with 1.04% for control group using SGLT2i. Does treatment have causal effect to the Hammer toe (is it a Positive Outcome)?
Answer: [Your answer, ""yes"" or ""no""]",3,"Okay, so I'm trying to figure out whether GLP-1RA treatments have a causal effect on hammer toe in patients with type 2 diabetes. The data given shows that 1.52% of GLP-1RA users developed hammer toe, while 1.04% of SGLT2i users did. My task is to determine if this difference is due to a causal effect of the treatment or if it's just a coincidence or influenced by other factors.

First, I should consider what I know about GLP-1RA and SGLT2i. GLP-1 receptor agonists are used to help regulate blood sugar by increasing insulin release and decreasing sugar production, and they might also affect weight and other metabolic factors. SGLT2 inhibitors work by preventing the kidneys from reabsorbing glucose, which also helps lower blood sugar. Both are commonly used in the management of type 2 diabetes.

Now, looking at the outcome: hammer toe. Hammer toe is a foot deformity where the toe is bent downwards and often overlaps with the adjacent toe. I'm not exactly sure what causes hammer toe, but it can be related to muscle imbalances, nerve issues, or repetitive stress. In the context of diabetes, peripheral neuropathy is common, which can lead to foot problems like hammer toe because of loss of sensation and muscle weakness.

The question is whether using GLP-1RA increases the risk of hammer toe compared to SGLT2i. The percentages are quite low (1.52% vs. 1.04%), so the absolute risk difference isn't huge, but it's still a percentage point difference.

I should also look at the cohort characteristics. The GLP-1RA group has a lower BMI (37.4) compared to the SGLT2i group (32.8). Wait, no, actually the SGLT2i group has a lower BMI. That's interesting because obesity is a known risk factor for many conditions, including hammer toe. So, the SGLT2i group is more obese on average. But wait, SGLT2i are often associated with weight loss or maintenance, so maybe that's a confounding factor.

The Charlson Comorbidity Index is higher in both groups, but slightly higher in SGLT2i (68.5% vs. 65.2% in GLP-1RA). A higher comorbidity index indicates more chronic illnesses, which could be associated with various health issues, including foot problems. So, more comorbidities in the SGLT2i group might influence the likelihood of developing hammer toe.

Age is another factor. The GLP-1RA group is younger (mean age 58) compared to SGLT2i (64.6). Younger age might mean they have had diabetes for a shorter time or are more susceptible to certain complications. However, older age can also be associated with more foot problems due to aging and longer duration of diabetes.

Looking at the examples provided, when the treatment group had a higher percentage for an outcome, the answer was often ""yes,"" implying a positive outcome. For instance, when the treatment group had 19.87% chronic kidney disease versus 31.81% in control, it was ""yes."" Similarly, for hypertension and hyperlipidemia, the treatment group had lower percentages, and it was ""yes."" Wait, in those examples, the treatment group had lower percentages, but the answer was ""yes."" That seems contradictory because if the treatment is causing the outcome, then the treatment group should have a higher percentage.

Wait, no, in the examples, for Type 2 diabetes, the treatment group had 94.81% vs. 96.68% control, so the treatment group had a lower percentage, but the answer was ""yes."" That's confusing. Similarly, for chronic kidney disease, treatment group was 19.87% vs. 31.81% control, so treatment group lower, but answer was ""yes."" So maybe the reasoning is that the treatment group is better controlled, thus having lower comorbidities, which might mean that the treatment is effective, so it's a positive outcome.

Wait, but in the case of hammer toe, the treatment group has a higher percentage (1.52% vs. 1.04% in control). So, the treatment group has a higher incidence of hammer toe. If the treatment is causing it, then yes, it's a positive outcome. But if the control group is already lower, perhaps because SGLT2i is associated with better foot health, or maybe due to other factors like obesity.

But I'm not sure. Let me think again. The examples show that when the treatment group had a lower percentage for certain outcomes, it was considered a positive outcome because the treatment was effective in reducing that condition. For instance, in the case of type 2 diabetes, both groups were almost the same, but the answer was ""yes"" because the treatment was effective in managing the condition.

In the case of hammer toe, the treatment group has a higher percentage. So, does that mean the treatment is causing hammer toe? Or is it that the control group, which is on SGLT2i, has better foot health, leading to lower incidence of hammer toe?

I also need to consider that both GLP-1RA and SGLT2i are used for managing type 2 diabetes, but they might have different side effects. GLP-1RA can cause weight loss, which might be associated with better foot health, but weight loss could also lead to muscle atrophy or other issues that might contribute to hammer toe.

Alternatively, SGLT2i might be associated with more foot problems because of how they affect glucose levels and potentially lead to more nerve damage or other foot-related complications.

Wait, but in the examples, when the treatment group had a lower percentage for certain outcomes, it was considered a positive outcome. For instance, in the case of chronic kidney disease, the treatment group had 19.87% vs. 31.81% in control, so the treatment was better, leading to a positive outcome (yes). Similarly for hypertension and hyperlipidemia.

So, applying that logic here, if the treatment group has a higher percentage of hammer toe, does that mean it's a positive outcome? Or is it the other way around? Wait, in the examples, when the treatment group had a lower percentage for conditions like kidney disease, hypertension, etc., it was considered a positive outcome because the treatment was effective in reducing those conditions. So, if the treatment group has a lower percentage, it's better, hence a positive outcome.

In this case, the treatment group has a higher percentage for hammer toe. So, does that mean it's a negative outcome? Or is it considered a positive outcome because the treatment is causing it?

Wait, the instruction says: ""Yes"" = Positive Outcome (OOI); ""No"" = Negative Control Outcome (NCO). So, if the outcome is something the treatment should ideally reduce, then a higher percentage in the treatment group would be bad, hence NCO (No). But if the outcome is something the treatment shouldn't cause or ideally reduce, then a higher percentage might be considered a positive outcome.

But I'm not sure what the expected effect of GLP-1RA on hammer toe is. Hammer toe is more common in people with diabetes due to neuropathy, but I'm not sure if GLP-1RA specifically causes it or if it's related to other factors like obesity, which is influenced by the treatment.

Wait, the GLP-1RA group has a higher BMI (37.4) compared to SGLT2i (32.8). Wait, no, the SGLT2i group has a lower BMI. So, SGLT2i are sometimes associated with weight gain, but maybe not as much as GLP-1RA? Or perhaps the opposite.

Wait, no, GLP-1RA can cause weight loss, so the GLP-1RA group should have lower BMI, but in this case, the GLP-1RA group has a higher BMI. That seems contradictory. Maybe the data is misreported. Wait, looking back:

Cohort Description:
GLP-1RA users: mean age 58.0, BMI 37.4.
SGLT2i users: mean age 64.6, BMI 32.8.

So, GLP-1RA group is older but has a higher BMI. That's interesting because GLP-1RA are often associated with weight loss. So, maybe the sample is not representative or the groups have different characteristics.

But putting that aside, the key point is the difference in hammer toe incidence. Treatment group (GLP-1RA) has 1.52%, control (SGLT2i) has 1.04%. So, GLP-1RA group has a higher incidence.

If the causal effect is that GLP-1RA causes hammer toe, then the answer would be ""yes."" But if the higher incidence is due to other factors, like the GLP-1RA group having more comorbidities, higher BMI, or other risk factors, then it might not be causal.

Alternatively, if SGLT2i is better at preventing hammer toe, then the control group would have a lower incidence, implying that GLP-1RA is worse, so the answer would be ""no.""

But the examples show that when the treatment group has a lower percentage for certain outcomes, it's a positive outcome because the treatment is effective. So, for instance, in the case of type 2 diabetes, both groups are almost the same, but the answer is ""yes"" because the treatment is effective in managing the condition.

In this case, hammer toe is an outcome. If the treatment group (GLP-1RA) has a higher percentage, does that mean it's a positive outcome or a negative one? The examples don't cover this exact scenario, but I can infer from the reasoning.

If the treatment is supposed to prevent or reduce the risk of hammer toe, then a higher percentage in the treatment group would indicate that the treatment is not effective, hence a negative outcome (No). But if the treatment is not supposed to affect hammer toe, or if the outcome is a side effect that shouldn't be influenced by the treatment, then it's unclear.

Alternatively, if the treatment group has a higher incidence, it could be due to confounding factors, such as higher BMI in the GLP-1RA group, which is a known risk factor for hammer toe. So, the higher percentage might not be causal but due to the underlying characteristics of the groups.

Given that, the answer would be ""no"" because the higher incidence in the treatment group is likely due to other factors rather than a causal effect of the treatment.
</think>

no",no
Batch3,v5,medical_questions_v5.txt,2,"Question 2
[Background]
We compare two treatments for type 2 diabetes:
- Treatment: GLP-1 Receptor Agonists (GLP-1RA)
- Control: Sodium-Glucose Cotransporter-2 Inhibitors (SGLT2i)
[Task Description]
You’ll receive an outcome and the percentage of affected patients in each group.
Decide whether these treatments have a causal effect on that outcome.
You will receive a query describing an outcome and the proportion of patients in each group who experienced it:
- One percentage for patients using GLP-1RA (treatment group).
- One percentage for patients using SGLT2i (control group).
Your task is to determine whether the treatments (GLP-1RA and SGLT2i) have a causal effect on that outcome.
[Cohort Description]
Adults with type 2 diabetes who began either GLP-1RA or SGLT2i.
All had a prior diabetes diagnosis.
GLP-1RA users: mean age 58.0, BMI 37.4.
SGLT2i users: mean age 64.6, BMI 32.8.
Charlson Comorbidity Index ≥ 3 in 65.2% (GLP-1RA) and 68.5% (SGLT2i).
[Instruction]
- Judge whether the treatments causally influence the outcome.
- Both treatments are expected to behave similarly (either both yes or both no).
- “Yes” = Positive Outcome (OOI); “No” = Negative Control Outcome (NCO).
- Reply with only “yes” or “no.”
[Few-shot examples]
- Treatment group using GLP-1RA (treatment) had 0.99% Ganglion cyst, compared with 0.44% for control group using SGLT2i. Does treatment have causal effect to the Ganglion cyst (is it a Positive Outcome)? - no
- Treatment group using GLP-1RA (treatment) had 1.79% Deviated nasal septum, compared with 1.16% for control group using SGLT2i. Does treatment have causal effect to the Deviated nasal septum (is it a Positive Outcome)? - no
- Treatment group using GLP-1RA (treatment) had 0.13% Acquired keratoderma, compared with 0.08% for control group using SGLT2i. Does treatment have causal effect to the Acquired keratoderma (is it a Positive Outcome)? - no
- Treatment group using GLP-1RA (treatment) had 1.88% Senile hyperkeratosis, compared with 1.55% for control group using SGLT2i. Does treatment have causal effect to the Senile hyperkeratosis (is it a Positive Outcome)? - no
- Treatment group using GLP-1RA (treatment) had 2.64% Nontoxic multinodular goiter, compared with 1.39% for control group using SGLT2i. Does treatment have causal effect to the Nontoxic multinodular goiter (is it a Positive Outcome)? - no
- Treatment group using GLP-1RA (treatment) had 94.81% Type 2 diabetes mellitus, compared with 96.68% for control group using SGLT2i. Does treatment have causal effect to the Type 2 diabetes mellitus (is it a Positive Outcome)? - yes
- Treatment group using GLP-1RA (treatment) had 19.87% Chronic kidney disease, compared with 31.81% for control group using SGLT2i. Does treatment have causal effect to the Chronic kidney disease (is it a Positive Outcome)? - yes
- Treatment group using GLP-1RA (treatment) had 78.37% Hypertension, compared with 84.71% for control group using SGLT2i. Does treatment have causal effect to the Hypertension (is it a Positive Outcome)? - yes
- Treatment group using GLP-1RA (treatment) had 78.09% Hyperlipidemia, compared with 84.45% for control group using SGLT2i. Does treatment have causal effect to the Hyperlipidemia (is it a Positive Outcome)? - yes
- Treatment group using GLP-1RA (treatment) had 64.14% Obesity, compared with 44.50% for control group using SGLT2i. Does treatment have causal effect to the Obesity (is it a Positive Outcome)? - yes
[Your Task]
[Question]
Treatment group using GLP-1RA (treatment) had 1.52% Hammer toe, compared with 1.04% for control group using SGLT2i. Does treatment have causal effect to the Hammer toe (is it a Positive Outcome)?
Answer: [Your answer, ""yes"" or ""no""]",4,"Okay, so I need to figure out whether GLP-1 Receptor Agonists (GLP-1RA) have a causal effect on Hammer toe in patients with type 2 diabetes. The data given is that 1.52% of GLP-1RA users developed Hammer toe compared to 1.04% of SGLT2i users.

First, I should recall what Hammer toe is. It's a condition where the toe is bent downward at the joint, causing pain and difficulty in walking. I'm not sure about the exact causes, but I know it can be related to various factors like genetics, joint disorders, or even from wearing shoes that press the toes too hard.

Looking at the task, I need to determine if the treatment (GLP-1RA) causally influences Hammer toe. The instruction says that both treatments are expected to behave similarly, so if GLP-1RA is a yes, SGLT2i should also be yes or no. Also, a positive outcome is when the treatment group has a higher percentage than the control, indicating a possible causal effect.

In the examples provided, when the treatment group had a higher percentage than the control, the answer was often yes. For instance, Type 2 diabetes, Chronic kidney disease, Hypertension, Hyperlipidemia, and Obesity all had higher percentages in the treatment group, leading to a yes answer. Conversely, when the treatment group had a lower percentage, like in Ganglion cyst, Deviated nasal septum, etc., the answer was no.

In this case, the treatment group (GLP-1RA) has a higher percentage (1.52%) compared to the control (1.04%). So, does this mean that GLP-1RA causes Hammer toe? Well, I'm not sure. The data shows a difference, but correlation doesn't necessarily mean causation. Maybe there's another factor at play.

I should consider the characteristics of the patients. The GLP-1RA users are slightly younger (mean age 58.0 vs. 64.6 for SGLT2i) and have a higher BMI (37.4 vs. 32.8). They also have higher comorbidity indices, which might indicate more severe diabetes or other health issues.

Could the higher BMI in GLP-1RA users contribute to Hammer toe? I know that being overweight can put more pressure on the feet, potentially leading to conditions like Hammer toe. So maybe the higher BMI in GLP-1RA users is why they have a higher incidence of Hammer toe, not necessarily because of the medication itself.

Alternatively, maybe the medications have side effects that affect the feet. GLP-1RA can sometimes cause weight loss, but I'm not sure if that's related to Hammer toe. Or perhaps they affect joint health somehow.

On the other hand, SGLT2i medications are often associated with lower risk of cardiovascular events and might have different effects on weight or other metabolic parameters, but I don't know if they specifically cause Hammer toe.

Another angle is that both treatments are used for managing type 2 diabetes, and Hammer toe might be a side effect or associated condition. But without more data on the exact cause, it's hard to say if the treatment itself is causing it.

Given the examples where a higher percentage in treatment led to a yes answer, but considering the potential confounding factors like BMI, I'm a bit uncertain. Maybe the higher BMI is the real cause, so the treatment isn't directly causing Hammer toe but is associated because of another factor.

So, I'm leaning towards the answer being no because the higher percentage might be due to other factors rather than a causal effect of the treatment itself.
</think>

no",no
Batch3,v5,medical_questions_v5.txt,2,"Question 2
[Background]
We compare two treatments for type 2 diabetes:
- Treatment: GLP-1 Receptor Agonists (GLP-1RA)
- Control: Sodium-Glucose Cotransporter-2 Inhibitors (SGLT2i)
[Task Description]
You’ll receive an outcome and the percentage of affected patients in each group.
Decide whether these treatments have a causal effect on that outcome.
You will receive a query describing an outcome and the proportion of patients in each group who experienced it:
- One percentage for patients using GLP-1RA (treatment group).
- One percentage for patients using SGLT2i (control group).
Your task is to determine whether the treatments (GLP-1RA and SGLT2i) have a causal effect on that outcome.
[Cohort Description]
Adults with type 2 diabetes who began either GLP-1RA or SGLT2i.
All had a prior diabetes diagnosis.
GLP-1RA users: mean age 58.0, BMI 37.4.
SGLT2i users: mean age 64.6, BMI 32.8.
Charlson Comorbidity Index ≥ 3 in 65.2% (GLP-1RA) and 68.5% (SGLT2i).
[Instruction]
- Judge whether the treatments causally influence the outcome.
- Both treatments are expected to behave similarly (either both yes or both no).
- “Yes” = Positive Outcome (OOI); “No” = Negative Control Outcome (NCO).
- Reply with only “yes” or “no.”
[Few-shot examples]
- Treatment group using GLP-1RA (treatment) had 0.99% Ganglion cyst, compared with 0.44% for control group using SGLT2i. Does treatment have causal effect to the Ganglion cyst (is it a Positive Outcome)? - no
- Treatment group using GLP-1RA (treatment) had 1.79% Deviated nasal septum, compared with 1.16% for control group using SGLT2i. Does treatment have causal effect to the Deviated nasal septum (is it a Positive Outcome)? - no
- Treatment group using GLP-1RA (treatment) had 0.13% Acquired keratoderma, compared with 0.08% for control group using SGLT2i. Does treatment have causal effect to the Acquired keratoderma (is it a Positive Outcome)? - no
- Treatment group using GLP-1RA (treatment) had 1.88% Senile hyperkeratosis, compared with 1.55% for control group using SGLT2i. Does treatment have causal effect to the Senile hyperkeratosis (is it a Positive Outcome)? - no
- Treatment group using GLP-1RA (treatment) had 2.64% Nontoxic multinodular goiter, compared with 1.39% for control group using SGLT2i. Does treatment have causal effect to the Nontoxic multinodular goiter (is it a Positive Outcome)? - no
- Treatment group using GLP-1RA (treatment) had 94.81% Type 2 diabetes mellitus, compared with 96.68% for control group using SGLT2i. Does treatment have causal effect to the Type 2 diabetes mellitus (is it a Positive Outcome)? - yes
- Treatment group using GLP-1RA (treatment) had 19.87% Chronic kidney disease, compared with 31.81% for control group using SGLT2i. Does treatment have causal effect to the Chronic kidney disease (is it a Positive Outcome)? - yes
- Treatment group using GLP-1RA (treatment) had 78.37% Hypertension, compared with 84.71% for control group using SGLT2i. Does treatment have causal effect to the Hypertension (is it a Positive Outcome)? - yes
- Treatment group using GLP-1RA (treatment) had 78.09% Hyperlipidemia, compared with 84.45% for control group using SGLT2i. Does treatment have causal effect to the Hyperlipidemia (is it a Positive Outcome)? - yes
- Treatment group using GLP-1RA (treatment) had 64.14% Obesity, compared with 44.50% for control group using SGLT2i. Does treatment have causal effect to the Obesity (is it a Positive Outcome)? - yes
[Your Task]
[Question]
Treatment group using GLP-1RA (treatment) had 1.52% Hammer toe, compared with 1.04% for control group using SGLT2i. Does treatment have causal effect to the Hammer toe (is it a Positive Outcome)?
Answer: [Your answer, ""yes"" or ""no""]",5,"Okay, so I'm trying to figure out whether GLP-1 receptor agonists (GLP-1RA) have a causal effect on hammer toe development compared to sodium-glucose cotransporter-2 inhibitors (SGLT2i) in type 2 diabetes patients. 

First, I need to understand the problem. The task is to determine if the treatment group (GLP-1RA) causes the outcome (hammer toe) more than the control group (SGLT2i). The data given is that 1.52% of GLP-1RA users had hammer toe, while 1.04% of SGLT2i users did. 

I remember from the background that both GLP-1RA and SGLT2i are medications used to manage type 2 diabetes. GLP-1RA works by helping the body release insulin and slows digestion, while SGLT2i inhibits the kidneys from reabsorbing glucose, thus promoting glucose excretion.

Now, hammer toe is a condition where the toe becomes bent downward at the joint, sometimes due to muscle imbalances or other issues. I'm not sure if this is directly related to diabetes or the medications used. 

Looking at the examples provided, in some cases, like with ganglion cysts, the treatment didn't have a causal effect. Similarly, for other outcomes, the treatment didn't influence the outcome either. But in cases where the treatment group had higher percentages, like in type 2 diabetes, chronic kidney disease, hypertension, hyperlipidemia, and obesity, the answer was ""yes."" 

Wait, but in this case, the percentage for hammer toe is actually higher in the GLP-1RA group compared to SGLT2i. 1.52% vs. 1.04%. So, does that mean GLP-1RA causes hammer toe? Or is it just a coincidence based on the population?

I should consider the characteristics of the cohorts. GLP-1RA users have a mean age of 58.0, BMI 37.4, and higher comorbidity index (65.2%), while SGLT2i users are older (64.6), slightly lower BMI (32.8), and slightly higher comorbidity index (68.5%). 

Could these differences lead to different rates of hammer toe? Maybe the GLP-1RA group is more susceptible. But hammer toe is more common in certain populations, perhaps older individuals or those with more comorbidities. Since the SGLT2i group is slightly older and has a higher comorbidity index, maybe they naturally have more hammer toes. 

Alternatively, if GLP-1RA affects the body in ways that could lead to hammer toe, such as muscle movement or joint issues, but I don't recall any direct link between GLP-1RA and hammer toe. Similarly, SGLT2i doesn't directly cause hammer toe either. 

Looking at the previous examples, when the treatment group had a higher percentage, it was considered a positive outcome, but that was in the context of conditions directly related to diabetes or its management, like obesity or hypertension. Hammer toe isn't a diabetes-related condition, so maybe the causal effect isn't there.

Moreover, the question is whether the treatments causally influence the outcome. If there's no known mechanism linking GLP-1RA or SGLT2i to hammer toe, then the higher percentage might just be a coincidence due to other factors, like age or comorbidities.

Therefore, it's likely that the treatments don't have a causal effect on hammer toe. So the answer should be ""no.""
</think>

no",no
Batch3,v5,medical_questions_v5.txt,2,"Question 2
[Background]
We compare two treatments for type 2 diabetes:
- Treatment: GLP-1 Receptor Agonists (GLP-1RA)
- Control: Sodium-Glucose Cotransporter-2 Inhibitors (SGLT2i)
[Task Description]
You’ll receive an outcome and the percentage of affected patients in each group.
Decide whether these treatments have a causal effect on that outcome.
You will receive a query describing an outcome and the proportion of patients in each group who experienced it:
- One percentage for patients using GLP-1RA (treatment group).
- One percentage for patients using SGLT2i (control group).
Your task is to determine whether the treatments (GLP-1RA and SGLT2i) have a causal effect on that outcome.
[Cohort Description]
Adults with type 2 diabetes who began either GLP-1RA or SGLT2i.
All had a prior diabetes diagnosis.
GLP-1RA users: mean age 58.0, BMI 37.4.
SGLT2i users: mean age 64.6, BMI 32.8.
Charlson Comorbidity Index ≥ 3 in 65.2% (GLP-1RA) and 68.5% (SGLT2i).
[Instruction]
- Judge whether the treatments causally influence the outcome.
- Both treatments are expected to behave similarly (either both yes or both no).
- “Yes” = Positive Outcome (OOI); “No” = Negative Control Outcome (NCO).
- Reply with only “yes” or “no.”
[Few-shot examples]
- Treatment group using GLP-1RA (treatment) had 0.99% Ganglion cyst, compared with 0.44% for control group using SGLT2i. Does treatment have causal effect to the Ganglion cyst (is it a Positive Outcome)? - no
- Treatment group using GLP-1RA (treatment) had 1.79% Deviated nasal septum, compared with 1.16% for control group using SGLT2i. Does treatment have causal effect to the Deviated nasal septum (is it a Positive Outcome)? - no
- Treatment group using GLP-1RA (treatment) had 0.13% Acquired keratoderma, compared with 0.08% for control group using SGLT2i. Does treatment have causal effect to the Acquired keratoderma (is it a Positive Outcome)? - no
- Treatment group using GLP-1RA (treatment) had 1.88% Senile hyperkeratosis, compared with 1.55% for control group using SGLT2i. Does treatment have causal effect to the Senile hyperkeratosis (is it a Positive Outcome)? - no
- Treatment group using GLP-1RA (treatment) had 2.64% Nontoxic multinodular goiter, compared with 1.39% for control group using SGLT2i. Does treatment have causal effect to the Nontoxic multinodular goiter (is it a Positive Outcome)? - no
- Treatment group using GLP-1RA (treatment) had 94.81% Type 2 diabetes mellitus, compared with 96.68% for control group using SGLT2i. Does treatment have causal effect to the Type 2 diabetes mellitus (is it a Positive Outcome)? - yes
- Treatment group using GLP-1RA (treatment) had 19.87% Chronic kidney disease, compared with 31.81% for control group using SGLT2i. Does treatment have causal effect to the Chronic kidney disease (is it a Positive Outcome)? - yes
- Treatment group using GLP-1RA (treatment) had 78.37% Hypertension, compared with 84.71% for control group using SGLT2i. Does treatment have causal effect to the Hypertension (is it a Positive Outcome)? - yes
- Treatment group using GLP-1RA (treatment) had 78.09% Hyperlipidemia, compared with 84.45% for control group using SGLT2i. Does treatment have causal effect to the Hyperlipidemia (is it a Positive Outcome)? - yes
- Treatment group using GLP-1RA (treatment) had 64.14% Obesity, compared with 44.50% for control group using SGLT2i. Does treatment have causal effect to the Obesity (is it a Positive Outcome)? - yes
[Your Task]
[Question]
Treatment group using GLP-1RA (treatment) had 1.52% Hammer toe, compared with 1.04% for control group using SGLT2i. Does treatment have causal effect to the Hammer toe (is it a Positive Outcome)?
Answer: [Your answer, ""yes"" or ""no""]",6,"Okay, so I'm trying to figure out whether GLP-1RA treatments cause a causal effect on Hammer toe compared to SGLT2i. Let me break this down step by step.

First, I know that GLP-1RA stands for GLP-1 Receptor Agonists, which are medications used to help manage type 2 diabetes. They work by aiding in the release of insulin and slowing down the absorption of glucose. SGLT2i stands for Sodium-Glucose Cotransporter-2 Inhibitors, which also help manage type 2 diabetes by preventing the kidneys from reabsorbing glucose, thus promoting urine output and lowering blood sugar levels.

The question is about Hammer toe, which is a foot deformity where the toe points downward and the top part of the toe curls under. I'm not immediately aware of Hammer toe being a common side effect of these medications, but I should consider if there's any link.

Looking at the examples provided, for other outcomes like ganglion cysts, deviated nasal septum, etc., the answer was ""no."" However, for conditions like type 2 diabetes, chronic kidney disease, hypertension, hyperlipidemia, and obesity, the answer was ""yes."" This suggests that if the treatment group has a higher percentage of a particular condition than the control group, it's considered a positive outcome.

In this case, the treatment group (GLP-1RA) has 1.52% Hammer toe versus 1.04% in the control group (SGLT2i). Since 1.52% is higher than 1.04%, it might seem like GLP-1RA is causing Hammer toe. But wait, Hammer toe is a physical deformity, and I'm not sure if it's directly related to the medications used for diabetes.

I should also consider the comorbidities. Both groups have similar levels of comorbidities, with GLP-1RA users slightly lower at 65.2% and SGLT2i at 68.5%. The difference isn't huge, so maybe comorbidities aren't the main factor here.

Another point is that both treatments are meant to manage type 2 diabetes. It's possible that both groups have similar baseline risks for conditions like Hammer toe because they're both diabetes patients. Hammer toe is more common in people with diabetes due to nerve damage, but that's more about neuropathy than the specific medications.

Looking at the examples, when the treatment group had a higher percentage of a condition, it was considered a positive outcome, even if it's not directly caused by the treatment. So, in this case, since GLP-1RA has a higher percentage of Hammer toe, it's treated as a positive outcome, suggesting a causal effect.

However, I'm a bit unsure because Hammer toe is more about the physical structure and could be influenced by other factors like foot care, obesity, or underlying health issues. But according to the instruction, I should follow the pattern from the examples, where higher percentages in the treatment group indicate a positive outcome.
</think>

yes",yes
Batch3,v5,medical_questions_v5.txt,2,"Question 2
[Background]
We compare two treatments for type 2 diabetes:
- Treatment: GLP-1 Receptor Agonists (GLP-1RA)
- Control: Sodium-Glucose Cotransporter-2 Inhibitors (SGLT2i)
[Task Description]
You’ll receive an outcome and the percentage of affected patients in each group.
Decide whether these treatments have a causal effect on that outcome.
You will receive a query describing an outcome and the proportion of patients in each group who experienced it:
- One percentage for patients using GLP-1RA (treatment group).
- One percentage for patients using SGLT2i (control group).
Your task is to determine whether the treatments (GLP-1RA and SGLT2i) have a causal effect on that outcome.
[Cohort Description]
Adults with type 2 diabetes who began either GLP-1RA or SGLT2i.
All had a prior diabetes diagnosis.
GLP-1RA users: mean age 58.0, BMI 37.4.
SGLT2i users: mean age 64.6, BMI 32.8.
Charlson Comorbidity Index ≥ 3 in 65.2% (GLP-1RA) and 68.5% (SGLT2i).
[Instruction]
- Judge whether the treatments causally influence the outcome.
- Both treatments are expected to behave similarly (either both yes or both no).
- “Yes” = Positive Outcome (OOI); “No” = Negative Control Outcome (NCO).
- Reply with only “yes” or “no.”
[Few-shot examples]
- Treatment group using GLP-1RA (treatment) had 0.99% Ganglion cyst, compared with 0.44% for control group using SGLT2i. Does treatment have causal effect to the Ganglion cyst (is it a Positive Outcome)? - no
- Treatment group using GLP-1RA (treatment) had 1.79% Deviated nasal septum, compared with 1.16% for control group using SGLT2i. Does treatment have causal effect to the Deviated nasal septum (is it a Positive Outcome)? - no
- Treatment group using GLP-1RA (treatment) had 0.13% Acquired keratoderma, compared with 0.08% for control group using SGLT2i. Does treatment have causal effect to the Acquired keratoderma (is it a Positive Outcome)? - no
- Treatment group using GLP-1RA (treatment) had 1.88% Senile hyperkeratosis, compared with 1.55% for control group using SGLT2i. Does treatment have causal effect to the Senile hyperkeratosis (is it a Positive Outcome)? - no
- Treatment group using GLP-1RA (treatment) had 2.64% Nontoxic multinodular goiter, compared with 1.39% for control group using SGLT2i. Does treatment have causal effect to the Nontoxic multinodular goiter (is it a Positive Outcome)? - no
- Treatment group using GLP-1RA (treatment) had 94.81% Type 2 diabetes mellitus, compared with 96.68% for control group using SGLT2i. Does treatment have causal effect to the Type 2 diabetes mellitus (is it a Positive Outcome)? - yes
- Treatment group using GLP-1RA (treatment) had 19.87% Chronic kidney disease, compared with 31.81% for control group using SGLT2i. Does treatment have causal effect to the Chronic kidney disease (is it a Positive Outcome)? - yes
- Treatment group using GLP-1RA (treatment) had 78.37% Hypertension, compared with 84.71% for control group using SGLT2i. Does treatment have causal effect to the Hypertension (is it a Positive Outcome)? - yes
- Treatment group using GLP-1RA (treatment) had 78.09% Hyperlipidemia, compared with 84.45% for control group using SGLT2i. Does treatment have causal effect to the Hyperlipidemia (is it a Positive Outcome)? - yes
- Treatment group using GLP-1RA (treatment) had 64.14% Obesity, compared with 44.50% for control group using SGLT2i. Does treatment have causal effect to the Obesity (is it a Positive Outcome)? - yes
[Your Task]
[Question]
Treatment group using GLP-1RA (treatment) had 1.52% Hammer toe, compared with 1.04% for control group using SGLT2i. Does treatment have causal effect to the Hammer toe (is it a Positive Outcome)?
Answer: [Your answer, ""yes"" or ""no""]",7,"Okay, so I need to figure out whether GLP-1 Receptor Agonists (GLP-1RA) have a causal effect on hammer toe in patients with type 2 diabetes. The data given is that 1.52% of GLP-1RA users developed hammer toe, while 1.04% of SGLT2i users did. 

First, I remember that both GLP-1RA and SGLT2i are medications used to treat type 2 diabetes. They work differently, though. GLP-1RA helps lower blood glucose by increasing insulin secretion and decreasing appetite, while SGLT2i inhibits the kidneys from reabsorbing glucose, thus promoting urine output and lowering blood sugar.

Now, the question is about the occurrence of hammer toe. Hammer toe is a foot deformity where the toe is bent downwards at the joint, often due to muscle imbalances or nerve problems. I'm not immediately sure how diabetes medications would cause this, but I know that both GLP-1RA and SGLT2i can have side effects related to blood glucose levels.

Looking at the examples provided, when the treatment group had a higher percentage of an outcome than the control group, the answer was often ""yes."" For instance, in the case of Chronic kidney disease, the treatment group had 19.87% vs. 31.81% in the control, so it was a ""yes."" Similarly, for Hypertension and Hyperlipidemia, the same logic applied. But when the treatment group had a lower percentage, like in the case of Acquired keratoderma, the answer was ""no.""

In this case, the treatment group (GLP-1RA) has a slightly higher percentage (1.52%) compared to the control group (1.04%). So, following the examples, when the treatment group has a higher rate, it's considered a positive outcome. Therefore, it's likely that the answer is ""yes.""

However, I should consider whether there's a known association between these medications and hammer toe. From what I know, hammer toe is more common in people with diabetes due to nerve damage, but it's not directly caused by the medications used to treat diabetes. So, maybe the higher rate in GLP-1RA users is just a coincidence or due to another factor, like better monitoring or different patient populations.

But according to the instruction, both treatments are expected to behave similarly, either both yes or no. Since the treatment group has a higher percentage, the answer should be ""yes."" It's possible that the outcome is influenced by the treatment, even if the mechanism isn't clear from the given data.
</think>

yes",yes
Batch3,v5,medical_questions_v5.txt,2,"Question 2
[Background]
We compare two treatments for type 2 diabetes:
- Treatment: GLP-1 Receptor Agonists (GLP-1RA)
- Control: Sodium-Glucose Cotransporter-2 Inhibitors (SGLT2i)
[Task Description]
You’ll receive an outcome and the percentage of affected patients in each group.
Decide whether these treatments have a causal effect on that outcome.
You will receive a query describing an outcome and the proportion of patients in each group who experienced it:
- One percentage for patients using GLP-1RA (treatment group).
- One percentage for patients using SGLT2i (control group).
Your task is to determine whether the treatments (GLP-1RA and SGLT2i) have a causal effect on that outcome.
[Cohort Description]
Adults with type 2 diabetes who began either GLP-1RA or SGLT2i.
All had a prior diabetes diagnosis.
GLP-1RA users: mean age 58.0, BMI 37.4.
SGLT2i users: mean age 64.6, BMI 32.8.
Charlson Comorbidity Index ≥ 3 in 65.2% (GLP-1RA) and 68.5% (SGLT2i).
[Instruction]
- Judge whether the treatments causally influence the outcome.
- Both treatments are expected to behave similarly (either both yes or both no).
- “Yes” = Positive Outcome (OOI); “No” = Negative Control Outcome (NCO).
- Reply with only “yes” or “no.”
[Few-shot examples]
- Treatment group using GLP-1RA (treatment) had 0.99% Ganglion cyst, compared with 0.44% for control group using SGLT2i. Does treatment have causal effect to the Ganglion cyst (is it a Positive Outcome)? - no
- Treatment group using GLP-1RA (treatment) had 1.79% Deviated nasal septum, compared with 1.16% for control group using SGLT2i. Does treatment have causal effect to the Deviated nasal septum (is it a Positive Outcome)? - no
- Treatment group using GLP-1RA (treatment) had 0.13% Acquired keratoderma, compared with 0.08% for control group using SGLT2i. Does treatment have causal effect to the Acquired keratoderma (is it a Positive Outcome)? - no
- Treatment group using GLP-1RA (treatment) had 1.88% Senile hyperkeratosis, compared with 1.55% for control group using SGLT2i. Does treatment have causal effect to the Senile hyperkeratosis (is it a Positive Outcome)? - no
- Treatment group using GLP-1RA (treatment) had 2.64% Nontoxic multinodular goiter, compared with 1.39% for control group using SGLT2i. Does treatment have causal effect to the Nontoxic multinodular goiter (is it a Positive Outcome)? - no
- Treatment group using GLP-1RA (treatment) had 94.81% Type 2 diabetes mellitus, compared with 96.68% for control group using SGLT2i. Does treatment have causal effect to the Type 2 diabetes mellitus (is it a Positive Outcome)? - yes
- Treatment group using GLP-1RA (treatment) had 19.87% Chronic kidney disease, compared with 31.81% for control group using SGLT2i. Does treatment have causal effect to the Chronic kidney disease (is it a Positive Outcome)? - yes
- Treatment group using GLP-1RA (treatment) had 78.37% Hypertension, compared with 84.71% for control group using SGLT2i. Does treatment have causal effect to the Hypertension (is it a Positive Outcome)? - yes
- Treatment group using GLP-1RA (treatment) had 78.09% Hyperlipidemia, compared with 84.45% for control group using SGLT2i. Does treatment have causal effect to the Hyperlipidemia (is it a Positive Outcome)? - yes
- Treatment group using GLP-1RA (treatment) had 64.14% Obesity, compared with 44.50% for control group using SGLT2i. Does treatment have causal effect to the Obesity (is it a Positive Outcome)? - yes
[Your Task]
[Question]
Treatment group using GLP-1RA (treatment) had 1.52% Hammer toe, compared with 1.04% for control group using SGLT2i. Does treatment have causal effect to the Hammer toe (is it a Positive Outcome)?
Answer: [Your answer, ""yes"" or ""no""]",8,"Okay, I need to determine whether GLP-1RA (GLP-1 Receptor Agonists) treatment has a causal effect on hammer toe in patients with type 2 diabetes. The data provided shows that 1.52% of GLP-1RA users developed hammer toe compared to 1.04% of SGLT2i users. 

First, I should consider what causes hammer toe. Hammer toe is typically associated with muscle imbalances or nerve issues that affect toe movement, possibly due to conditions like diabetes or other metabolic issues. Diabetes can cause neuropathy, which might lead to hammer toe by affecting the nerves in the feet.

Both GLP-1RA and SGLT2i are medications used to manage type 2 diabetes. GLP-1RA works by increasing insulin release and reducing glucose production, while SGLT2i inhibits the kidneys from reabsorbing glucose, thus promoting excretion. Both drugs are known to help with weight loss and might have different effects on other diabetes-related complications.

Looking at the examples provided, when the treatment group had a higher percentage of an outcome compared to the control, it was often considered a ""yes."" For instance, when GLP-1RA had higher rates of Chronic kidney disease, Obesity, Hypertension, and Hyperlipidemia, the answer was ""yes."" Conversely, when the treatment group had a lower rate, like in the first example, it was ""no.""

In this case, the GLP-1RA group has a slightly higher percentage (1.52%) compared to the SGLT2i group (1.04%). This suggests that more patients using GLP-1RA developed hammer toe. However, I should question whether this difference is due to a causal effect of the treatment or if it's just a coincidence based on other factors.

Both groups are using different types of diabetes medications, so their patient populations might differ. For example, the GLP-1RA users had a lower BMI (37.4) compared to SGLT2i users (32.8). Wait, actually, lower BMI is 32.8? No, wait, the GLP-1RA users had a mean BMI of 37.4, which is higher, meaning they are more overweight or obese. SGLT2i users had a mean BMI of 32.8, which is lower. So the GLP-1RA group is more overweight, which might be a risk factor for hammer toe.

Also, the age and Charlson Comorbidity Index might play a role. The GLP-1RA group had a mean age of 58.0, while the SGLT2i group was older at 64.6. The Charlson Index is higher in SGLT2i users (68.5% vs. 65.2%), meaning more comorbidities, which could influence the development of hammer toe.

Given that the GLP-1RA group has a higher BMI, which is a known risk factor for hammer toe, the higher rate in their group might be due to weight-related factors rather than the medication itself. The SGLT2i group, being older and with higher comorbidity, might also have more complications, but their hammer toe rate is lower, which contradicts that.

Alternatively, perhaps both medications affect the same pathway that could lead to hammer toe. For instance, both drugs might influence blood glucose levels, which in turn affect nerve function and muscle tone. If GLP-1RA leads to better glucose control, it might reduce the risk of neuropathy, but in this case, it's associated with a higher rate of hammer toe, which is confusing.

Wait, but in the examples, when the treatment group had a higher rate, it was often considered a ""yes."" However, in the first example, the treatment group had a higher rate of ganglion cyst, but the answer was ""no,"" because it was considered a negative control outcome. So maybe the reasoning is different.

Alternatively, perhaps the outcome is a negative control outcome if it's not expected to be influenced by the treatment. Hammer toe is a physical deformity, which could be influenced by factors like weight, muscle strength, and nerve function. Since GLP-1RA is associated with weight loss, maybe the weight loss leads to more foot problems because of how the weight is redistributed. But SGLT2i is also associated with weight loss, albeit less so than GLP-1RA.

Wait, SGLT2i is known to cause a small amount of weight loss, so both groups might lose weight, but perhaps the GLP-1RA group loses more, leading to more foot issues. However, in this case, the GLP-1RA group has a slightly higher rate of hammer toe, but the difference isn't huge. The percentages are 1.52% vs. 1.04%, which is a small difference.

Another angle is that both treatments are meant to improve glucose control, which might indirectly affect other health metrics. Hammer toe is more about muscle imbalances and nerve function, which can be affected by diabetes and its complications. So, perhaps the higher rate in GLP-1RA is because of better glucose control leading to better overall health, but that doesn't directly explain hammer toe.

Alternatively, maybe the medications themselves don't cause hammer toe, but the underlying diabetes and its complications do. So both groups are using different medications to manage diabetes, but the presence of diabetes itself is a common factor. Therefore, the difference might not be due to the treatment but to the disease.

Given that, perhaps the causal effect is ""no,"" because both groups are managing diabetes differently, but the presence of diabetes itself is the main driver of complications like hammer toe. So, the higher rate in GLP-1RA might just be a coincidence based on other factors, not the treatment itself.

In the examples provided, when the treatment group had a higher rate, it was often considered a ""yes,"" but in cases where it's a negative outcome, it was ""no."" Hammer toe isn't directly a positive outcome like weight loss or better glucose control; it's a side effect or a complication. Therefore, if the treatment is causing more of this complication, it's a negative outcome, meaning the treatment has a causal effect, but it's not desired.

Wait, but in the examples, when the treatment group had higher rates, it was considered a ""yes"" because it was a positive outcome. For instance, in the case of obesity, the treatment group had a higher rate, so it was ""yes."" Hammer toe is a negative outcome, so if the treatment group has a higher rate, does that mean the treatment caused it? Or is it a negative outcome, so it's ""no""?

I'm getting a bit confused. Let me think again. The task is to decide whether the treatments have a causal effect on the outcome. If the outcome is a positive outcome (desired), then a higher rate in the treatment group would indicate the treatment caused it. If the outcome is a negative outcome (undesired), then a higher rate in the treatment group might indicate the treatment caused it, but in the examples, when the outcome was a negative control, the answer was ""no.""

Wait, looking at the examples:

- For Type 2 diabetes, the treatment group had a slightly lower rate, but the answer was ""yes"" because it's a positive outcome (diabetes management). So, when the outcome is a positive, and the treatment group has a higher rate, it's ""yes."" When the outcome is negative, like ganglion cyst, and the treatment group has a higher rate, it's ""no.""

In this case, hammer toe is a negative outcome (a deformity). So, if the treatment group has a higher rate, it's ""no,"" meaning the treatment doesn't have a causal effect. Alternatively, if the treatment group has a lower rate, it's ""no,"" but here it's higher.

Wait, in the first example, the treatment group had 0.99% vs. 0.44% for control, and the answer was ""no."" So, higher in treatment group for a negative outcome is ""no.""

Similarly, in the hammer toe case, higher in treatment group, so it's ""no."" Because the treatment isn't causing it; it's just a coincidence or due to other factors.

Therefore, I think the answer is ""no"" because the higher rate in the treatment group doesn't indicate causation; it's just a negative outcome.
</think>

no",no
Batch3,v5,medical_questions_v5.txt,2,"Question 2
[Background]
We compare two treatments for type 2 diabetes:
- Treatment: GLP-1 Receptor Agonists (GLP-1RA)
- Control: Sodium-Glucose Cotransporter-2 Inhibitors (SGLT2i)
[Task Description]
You’ll receive an outcome and the percentage of affected patients in each group.
Decide whether these treatments have a causal effect on that outcome.
You will receive a query describing an outcome and the proportion of patients in each group who experienced it:
- One percentage for patients using GLP-1RA (treatment group).
- One percentage for patients using SGLT2i (control group).
Your task is to determine whether the treatments (GLP-1RA and SGLT2i) have a causal effect on that outcome.
[Cohort Description]
Adults with type 2 diabetes who began either GLP-1RA or SGLT2i.
All had a prior diabetes diagnosis.
GLP-1RA users: mean age 58.0, BMI 37.4.
SGLT2i users: mean age 64.6, BMI 32.8.
Charlson Comorbidity Index ≥ 3 in 65.2% (GLP-1RA) and 68.5% (SGLT2i).
[Instruction]
- Judge whether the treatments causally influence the outcome.
- Both treatments are expected to behave similarly (either both yes or both no).
- “Yes” = Positive Outcome (OOI); “No” = Negative Control Outcome (NCO).
- Reply with only “yes” or “no.”
[Few-shot examples]
- Treatment group using GLP-1RA (treatment) had 0.99% Ganglion cyst, compared with 0.44% for control group using SGLT2i. Does treatment have causal effect to the Ganglion cyst (is it a Positive Outcome)? - no
- Treatment group using GLP-1RA (treatment) had 1.79% Deviated nasal septum, compared with 1.16% for control group using SGLT2i. Does treatment have causal effect to the Deviated nasal septum (is it a Positive Outcome)? - no
- Treatment group using GLP-1RA (treatment) had 0.13% Acquired keratoderma, compared with 0.08% for control group using SGLT2i. Does treatment have causal effect to the Acquired keratoderma (is it a Positive Outcome)? - no
- Treatment group using GLP-1RA (treatment) had 1.88% Senile hyperkeratosis, compared with 1.55% for control group using SGLT2i. Does treatment have causal effect to the Senile hyperkeratosis (is it a Positive Outcome)? - no
- Treatment group using GLP-1RA (treatment) had 2.64% Nontoxic multinodular goiter, compared with 1.39% for control group using SGLT2i. Does treatment have causal effect to the Nontoxic multinodular goiter (is it a Positive Outcome)? - no
- Treatment group using GLP-1RA (treatment) had 94.81% Type 2 diabetes mellitus, compared with 96.68% for control group using SGLT2i. Does treatment have causal effect to the Type 2 diabetes mellitus (is it a Positive Outcome)? - yes
- Treatment group using GLP-1RA (treatment) had 19.87% Chronic kidney disease, compared with 31.81% for control group using SGLT2i. Does treatment have causal effect to the Chronic kidney disease (is it a Positive Outcome)? - yes
- Treatment group using GLP-1RA (treatment) had 78.37% Hypertension, compared with 84.71% for control group using SGLT2i. Does treatment have causal effect to the Hypertension (is it a Positive Outcome)? - yes
- Treatment group using GLP-1RA (treatment) had 78.09% Hyperlipidemia, compared with 84.45% for control group using SGLT2i. Does treatment have causal effect to the Hyperlipidemia (is it a Positive Outcome)? - yes
- Treatment group using GLP-1RA (treatment) had 64.14% Obesity, compared with 44.50% for control group using SGLT2i. Does treatment have causal effect to the Obesity (is it a Positive Outcome)? - yes
[Your Task]
[Question]
Treatment group using GLP-1RA (treatment) had 1.52% Hammer toe, compared with 1.04% for control group using SGLT2i. Does treatment have causal effect to the Hammer toe (is it a Positive Outcome)?
Answer: [Your answer, ""yes"" or ""no""]",9,"Okay, so I need to figure out whether GLP-1RA treatment has a causal effect on hammer toe in patients with type 2 diabetes. The problem gives me some data: 1.52% of GLP-1RA users developed hammer toe, compared to 1.04% in the SGLT2i group. Both treatments are being compared, and I need to decide if the GLP-1RA caused the hammer toe as a positive outcome.

First, I should understand what hammer toe is. It's a foot deformity where the toes curl under, causing pain and difficulty walking. I know that diabetes can lead to various complications, including nerve damage, which can cause foot problems like hammer toe. So, it's possible that both treatments could influence this outcome.

Looking at the examples provided, when the treatment group had a higher percentage of an outcome, it was often considered a positive outcome (yes). For instance, in cases where the treatment group had higher rates of Chronic kidney disease, Hypertension, Hyperlipidemia, and Obesity, the answer was yes. Conversely, when the treatment group had lower rates, like in the first example with Ganglion cyst, the answer was no.

In this case, the treatment group (GLP-1RA) has a slightly higher rate of hammer toe (1.52%) compared to the control group (1.04%). Following the previous examples, when the treatment group has a higher percentage, it's considered a positive outcome, implying a causal effect. However, I should also consider if there's any reason why GLP-1RA would specifically cause hammer toe.

GLP-1RA medications, like Liraglutide or Semaglutide, are typically used to help with weight loss and glucose control. They work by mimicking the effects of GLP-1, which is involved in appetite regulation. These drugs can sometimes cause side effects like nausea, diarrhea, and, less commonly, gallstones or pancreatitis. However, I don't recall hammer toe being a common side effect of these medications.

On the other hand, SGLT2i medications, like Empagliflozin or Dapagliflozin, are used to improve blood sugar control and are known to have effects beyond glucose, such as reducing the risk of cardiovascular events. They don't typically cause foot problems either, but their effects on the body might differ from GLP-1RA.

Since both treatments are intended to manage type 2 diabetes, any differences in the incidence of hammer toe could be due to other factors, like underlying diabetes complications or differences in patient populations. The example given in the problem shows that when the treatment group had a higher rate of a specific outcome, it was considered a positive outcome, but that doesn't necessarily mean it's causally related.

Alternatively, it could be a coincidence that GLP-1RA has a slightly higher incidence of hammer toe, perhaps due to differences in the demographics of the patients, like age or BMI. For instance, GLP-1RA users have a higher BMI (37.4 vs. 32.8), which might contribute to foot problems. However, the problem states that the decision should be based on whether the treatment itself causes the outcome, not just the patient characteristics.

Given that the problem's examples show that a higher rate in the treatment group leads to a 'yes' answer, I might be inclined to follow that pattern. But I should also consider whether the outcome is an expected side effect of the treatment. Since hammer toe isn't a known side effect of GLP-1RA, and the difference is very small (1.52% vs. 1.04%), it's possible that this difference is not statistically significant or causally related.

However, the instruction says to base the decision on the given data, not on prior knowledge. So, if the treatment group has a higher percentage, it's considered a positive outcome. Therefore, despite my lack of knowledge about GLP-1RA causing hammer toe, following the examples, I should answer 'yes' because the treatment group has a higher rate.
</think>

yes",yes
Batch3,v5,medical_questions_v5.txt,2,"Question 2
[Background]
We compare two treatments for type 2 diabetes:
- Treatment: GLP-1 Receptor Agonists (GLP-1RA)
- Control: Sodium-Glucose Cotransporter-2 Inhibitors (SGLT2i)
[Task Description]
You’ll receive an outcome and the percentage of affected patients in each group.
Decide whether these treatments have a causal effect on that outcome.
You will receive a query describing an outcome and the proportion of patients in each group who experienced it:
- One percentage for patients using GLP-1RA (treatment group).
- One percentage for patients using SGLT2i (control group).
Your task is to determine whether the treatments (GLP-1RA and SGLT2i) have a causal effect on that outcome.
[Cohort Description]
Adults with type 2 diabetes who began either GLP-1RA or SGLT2i.
All had a prior diabetes diagnosis.
GLP-1RA users: mean age 58.0, BMI 37.4.
SGLT2i users: mean age 64.6, BMI 32.8.
Charlson Comorbidity Index ≥ 3 in 65.2% (GLP-1RA) and 68.5% (SGLT2i).
[Instruction]
- Judge whether the treatments causally influence the outcome.
- Both treatments are expected to behave similarly (either both yes or both no).
- “Yes” = Positive Outcome (OOI); “No” = Negative Control Outcome (NCO).
- Reply with only “yes” or “no.”
[Few-shot examples]
- Treatment group using GLP-1RA (treatment) had 0.99% Ganglion cyst, compared with 0.44% for control group using SGLT2i. Does treatment have causal effect to the Ganglion cyst (is it a Positive Outcome)? - no
- Treatment group using GLP-1RA (treatment) had 1.79% Deviated nasal septum, compared with 1.16% for control group using SGLT2i. Does treatment have causal effect to the Deviated nasal septum (is it a Positive Outcome)? - no
- Treatment group using GLP-1RA (treatment) had 0.13% Acquired keratoderma, compared with 0.08% for control group using SGLT2i. Does treatment have causal effect to the Acquired keratoderma (is it a Positive Outcome)? - no
- Treatment group using GLP-1RA (treatment) had 1.88% Senile hyperkeratosis, compared with 1.55% for control group using SGLT2i. Does treatment have causal effect to the Senile hyperkeratosis (is it a Positive Outcome)? - no
- Treatment group using GLP-1RA (treatment) had 2.64% Nontoxic multinodular goiter, compared with 1.39% for control group using SGLT2i. Does treatment have causal effect to the Nontoxic multinodular goiter (is it a Positive Outcome)? - no
- Treatment group using GLP-1RA (treatment) had 94.81% Type 2 diabetes mellitus, compared with 96.68% for control group using SGLT2i. Does treatment have causal effect to the Type 2 diabetes mellitus (is it a Positive Outcome)? - yes
- Treatment group using GLP-1RA (treatment) had 19.87% Chronic kidney disease, compared with 31.81% for control group using SGLT2i. Does treatment have causal effect to the Chronic kidney disease (is it a Positive Outcome)? - yes
- Treatment group using GLP-1RA (treatment) had 78.37% Hypertension, compared with 84.71% for control group using SGLT2i. Does treatment have causal effect to the Hypertension (is it a Positive Outcome)? - yes
- Treatment group using GLP-1RA (treatment) had 78.09% Hyperlipidemia, compared with 84.45% for control group using SGLT2i. Does treatment have causal effect to the Hyperlipidemia (is it a Positive Outcome)? - yes
- Treatment group using GLP-1RA (treatment) had 64.14% Obesity, compared with 44.50% for control group using SGLT2i. Does treatment have causal effect to the Obesity (is it a Positive Outcome)? - yes
[Your Task]
[Question]
Treatment group using GLP-1RA (treatment) had 1.52% Hammer toe, compared with 1.04% for control group using SGLT2i. Does treatment have causal effect to the Hammer toe (is it a Positive Outcome)?
Answer: [Your answer, ""yes"" or ""no""]",10,"Okay, so I'm trying to figure out whether GLP-1RA treatments have a causal effect on hammer toe in patients with type 2 diabetes. The question gives me the percentages of patients in each group who experienced hammer toe. The treatment group using GLP-1RA had 1.52%, and the control group using SGLT2i had 1.04%. 

First, I need to understand what causal effect means here. It's about whether the treatment directly causes the outcome. So, if GLP-1RA leads to more hammer toes, then it would be a positive outcome, and I should say ""yes."" If not, then ""no.""

Looking at the examples provided, I notice that sometimes the answer is ""yes"" when the treatment group has a higher percentage. For instance, when the treatment group had 64.14% obesity vs. 44.50% in controls, the answer was ""yes."" Similarly, when the treatment group had higher percentages for chronic kidney disease and hypertension, the answer was ""yes."" 

On the other hand, when the treatment group didn't have a higher percentage, the answer was ""no."" For example, in the case of ganglion cyst, the treatment group had 0.99%, and the control had 0.44%, but the answer was ""no."" So it seems like the answer is ""yes"" only when the treatment group has a higher percentage than the control group.

In this case, the treatment group's percentage is 1.52% vs. 1.04% for controls. That's a small difference, but it's higher. So based on the examples, I should probably say ""yes."" 

However, I should also consider other factors. The cohort description mentions that GLP-1RA users are younger, have a higher BMI, and have similar comorbidities to SGLT2i users. Hammer toe is a condition that can be related to diabetes and other factors like foot deformities or underlying health issues. 

But since the question is about causal effect based on the percentages provided, I think the main factor is the comparison between the two groups. Since GLP-1RA has a higher percentage, it suggests that the treatment might be causing more hammer toes. 

I should also think about whether there's any reason why SGLT2i users might have fewer hammer toes. Maybe SGLT2i has a side effect that reduces the risk of hammer toe, but that's speculative. Without more data, I can't assume that. 

Given the examples, the pattern is clear: higher percentage in treatment group leads to ""yes."" So I'll go with ""yes.""
</think>

The treatment group using GLP-1RA had a higher percentage of patients with hammer toe compared to the control group using SGLT2i. Based on the provided examples, when the treatment group has a higher percentage, the answer is ""yes.""

Answer: yes",
Batch3,v5,medical_questions_v5.txt,3,"Question 3
[Background]
We compare two treatments for type 2 diabetes:
- Treatment: GLP-1 Receptor Agonists (GLP-1RA)
- Control: Sodium-Glucose Cotransporter-2 Inhibitors (SGLT2i)
[Task Description]
You’ll receive an outcome and the percentage of affected patients in each group.
Decide whether these treatments have a causal effect on that outcome.
You will receive a query describing an outcome and the proportion of patients in each group who experienced it:
- One percentage for patients using GLP-1RA (treatment group).
- One percentage for patients using SGLT2i (control group).
Your task is to determine whether the treatments (GLP-1RA and SGLT2i) have a causal effect on that outcome.
[Cohort Description]
Adults with type 2 diabetes who began either GLP-1RA or SGLT2i.
All had a prior diabetes diagnosis.
GLP-1RA users: mean age 58.0, BMI 37.4.
SGLT2i users: mean age 64.6, BMI 32.8.
Charlson Comorbidity Index ≥ 3 in 65.2% (GLP-1RA) and 68.5% (SGLT2i).
[Instruction]
- Judge whether the treatments causally influence the outcome.
- Both treatments are expected to behave similarly (either both yes or both no).
- “Yes” = Positive Outcome (OOI); “No” = Negative Control Outcome (NCO).
- Reply with only “yes” or “no.”
[Few-shot Examples]
- Treatment group using GLP-1RA (treatment) had 0.99% Ganglion cyst, compared with 0.44% for control group using SGLT2i. Does treatment have causal effect to the Ganglion cyst (is it a Positive Outcome)? - no
- Treatment group using GLP-1RA (treatment) had 1.79% Deviated nasal septum, compared with 1.16% for control group using SGLT2i. Does treatment have causal effect to the Deviated nasal septum (is it a Positive Outcome)? - no
- Treatment group using GLP-1RA (treatment) had 0.13% Acquired keratoderma, compared with 0.08% for control group using SGLT2i. Does treatment have causal effect to the Acquired keratoderma (is it a Positive Outcome)? - no
- Treatment group using GLP-1RA (treatment) had 1.88% Senile hyperkeratosis, compared with 1.55% for control group using SGLT2i. Does treatment have causal effect to the Senile hyperkeratosis (is it a Positive Outcome)? - no
- Treatment group using GLP-1RA (treatment) had 2.64% Nontoxic multinodular goiter, compared with 1.39% for control group using SGLT2i. Does treatment have causal effect to the Nontoxic multinodular goiter (is it a Positive Outcome)? - no
- Treatment group using GLP-1RA (treatment) had 94.81% Type 2 diabetes mellitus, compared with 96.68% for control group using SGLT2i. Does treatment have causal effect to the Type 2 diabetes mellitus (is it a Positive Outcome)? - yes
- Treatment group using GLP-1RA (treatment) had 19.87% Chronic kidney disease, compared with 31.81% for control group using SGLT2i. Does treatment have causal effect to the Chronic kidney disease (is it a Positive Outcome)? - yes
- Treatment group using GLP-1RA (treatment) had 78.37% Hypertension, compared with 84.71% for control group using SGLT2i. Does treatment have causal effect to the Hypertension (is it a Positive Outcome)? - yes
- Treatment group using GLP-1RA (treatment) had 78.09% Hyperlipidemia, compared with 84.45% for control group using SGLT2i. Does treatment have causal effect to the Hyperlipidemia (is it a Positive Outcome)? - yes
- Treatment group using GLP-1RA (treatment) had 64.14% Obesity, compared with 44.50% for control group using SGLT2i. Does treatment have causal effect to the Obesity (is it a Positive Outcome)? - yes
[Your Task]
[Question]
Treatment group using GLP-1RA (treatment) had 39.20% Chronic joint pain, compared with 29.82% for control group using SGLT2i. Does treatment have causal effect to the Chronic joint pain (is it a Positive Outcome)?
Answer: [Your answer, ""yes"" or ""no""]",1,"Okay, so I'm trying to figure out whether GLP-1RA (GLP-1 Receptor Agonists) treatment has a causal effect on Chronic joint pain in patients with type 2 diabetes. The data given is that 39.20% of GLP-1RA users experienced Chronic joint pain, compared to 29.82% of SGLT2i (Sodium-Glucose Cotransporter-2 Inhibitors) users.

First, I should understand what GLP-1RA and SGLT2i do. GLP-1RA drugs, like exenatide, liraglutide, etc., are used to help manage blood sugar by increasing insulin release and decreasing glucose production. They also have some effects on appetite and are associated with weight loss. SGLT2i drugs, like empagliflozin and dapagliflozin, work by inhibiting the kidneys' reabsorption of glucose, which also helps lower blood sugar and can lead to weight loss as well.

Now, looking at the outcome, Chronic joint pain. I'm not a medical expert, but I know that both diabetes medications can affect the body in ways that might contribute to joint pain. For instance, chronic high blood sugar can lead to complications like neuropathy, which can cause pain. Additionally, weight loss or gain can affect joint health. GLP-1RA often leads to weight loss, which could put more strain on joints, potentially causing pain. On the other hand, SGLT2i can also cause weight loss, but maybe not as much as GLP-1RA in some cases.

But wait, the data shows that GLP-1RA users have a higher percentage of patients with Chronic joint pain (39.20%) compared to SGLT2i users (29.82%). So, does that mean GLP-1RA causes it? Or is it just a coincidence based on other factors?

I should consider whether there's a mechanism by which GLP-1RA would cause joint pain. One possible link is through weight loss. More weight loss from GLP-1RA might lead to more joint issues. Alternatively, perhaps the drugs affect the body in a way that increases inflammation, which could contribute to joint pain.

However, it's also possible that the higher incidence in GLP-1RA users is due to other factors. For example, maybe GLP-1RA users have a higher baseline risk for joint pain for reasons unrelated to the medication. Or perhaps there's a confounding variable, like the severity of their diabetes or other comorbidities, which influence both the medication choice and the development of joint pain.

Looking at the cohort description, there are some differences. GLP-1RA users have a lower BMI (37.4) compared to SGLT2i users (32.8). Wait, no, actually, 37.4 is higher than 32.8. So GLP-1RA users are more overweight or obese. That could contribute to joint pain because obesity is a known risk factor for joint issues like osteoarthritis.

Also, the age and Charlson Comorbidity Index are slightly different. GLP-1RA users are slightly younger (58.0 vs 64.6) and have a Charlson score of 65.2% vs 68.5%. A higher Charlson score indicates more comorbidities. So SGLT2i users have more comorbidities, which might be associated with joint pain.

Putting this together, GLP-1RA users are more likely to have a higher BMI, which is linked to joint pain. They are also younger, which might mean they have more active lifestyles that could strain joints. But wait, higher BMI is a known risk factor for joint pain, so the higher incidence in GLP-1RA users could be due to their higher BMI, not necessarily the drug itself.

Alternatively, the difference in Charlson scores might mean that SGLT2i users have more comorbidities that could directly cause joint pain, but since they are using a different medication, it's unclear.

Another angle is that both medications can cause hypoglycemia, but that's more about blood sugar levels, not directly linked to joint pain.

I also recall that some medications can have side effects that affect joints. For example, some drugs cause joint inflammation or exacerbate existing joint issues. However, I'm not sure if GLP-1RA or SGLT2i are known to cause joint pain.

Given the data, GLP-1RA users have a higher incidence of Chronic joint pain, but this might be due to their higher BMI and other comorbidities rather than the medication itself. The task is to determine whether the treatment has a causal effect. Since the GLP-1RA group has a higher baseline risk for joint pain (due to higher BMI and possibly other factors), it's possible that the higher percentage is just a reflection of their demographic, not causation.

Additionally, the examples provided in the background show that when the treatment group has a higher percentage of an outcome, it's often considered as a Negative Control Outcome (NCO) rather than a Positive Outcome (OOI). For instance, in the first example, GLP-1RA had a higher rate of Ganglion cyst, but the answer was 'no' because it was likely due to other factors.

Similarly, in the case of Chronic joint pain, the higher percentage in GLP-1RA users might not be causally related to the treatment but rather due to other characteristics of the patients, like higher BMI or other comorbidities.

Therefore, it's more likely that GLP-1RA does not have a causal effect on Chronic joint pain in this context.
</think>

no",no
Batch3,v5,medical_questions_v5.txt,3,"Question 3
[Background]
We compare two treatments for type 2 diabetes:
- Treatment: GLP-1 Receptor Agonists (GLP-1RA)
- Control: Sodium-Glucose Cotransporter-2 Inhibitors (SGLT2i)
[Task Description]
You’ll receive an outcome and the percentage of affected patients in each group.
Decide whether these treatments have a causal effect on that outcome.
You will receive a query describing an outcome and the proportion of patients in each group who experienced it:
- One percentage for patients using GLP-1RA (treatment group).
- One percentage for patients using SGLT2i (control group).
Your task is to determine whether the treatments (GLP-1RA and SGLT2i) have a causal effect on that outcome.
[Cohort Description]
Adults with type 2 diabetes who began either GLP-1RA or SGLT2i.
All had a prior diabetes diagnosis.
GLP-1RA users: mean age 58.0, BMI 37.4.
SGLT2i users: mean age 64.6, BMI 32.8.
Charlson Comorbidity Index ≥ 3 in 65.2% (GLP-1RA) and 68.5% (SGLT2i).
[Instruction]
- Judge whether the treatments causally influence the outcome.
- Both treatments are expected to behave similarly (either both yes or both no).
- “Yes” = Positive Outcome (OOI); “No” = Negative Control Outcome (NCO).
- Reply with only “yes” or “no.”
[Few-shot Examples]
- Treatment group using GLP-1RA (treatment) had 0.99% Ganglion cyst, compared with 0.44% for control group using SGLT2i. Does treatment have causal effect to the Ganglion cyst (is it a Positive Outcome)? - no
- Treatment group using GLP-1RA (treatment) had 1.79% Deviated nasal septum, compared with 1.16% for control group using SGLT2i. Does treatment have causal effect to the Deviated nasal septum (is it a Positive Outcome)? - no
- Treatment group using GLP-1RA (treatment) had 0.13% Acquired keratoderma, compared with 0.08% for control group using SGLT2i. Does treatment have causal effect to the Acquired keratoderma (is it a Positive Outcome)? - no
- Treatment group using GLP-1RA (treatment) had 1.88% Senile hyperkeratosis, compared with 1.55% for control group using SGLT2i. Does treatment have causal effect to the Senile hyperkeratosis (is it a Positive Outcome)? - no
- Treatment group using GLP-1RA (treatment) had 2.64% Nontoxic multinodular goiter, compared with 1.39% for control group using SGLT2i. Does treatment have causal effect to the Nontoxic multinodular goiter (is it a Positive Outcome)? - no
- Treatment group using GLP-1RA (treatment) had 94.81% Type 2 diabetes mellitus, compared with 96.68% for control group using SGLT2i. Does treatment have causal effect to the Type 2 diabetes mellitus (is it a Positive Outcome)? - yes
- Treatment group using GLP-1RA (treatment) had 19.87% Chronic kidney disease, compared with 31.81% for control group using SGLT2i. Does treatment have causal effect to the Chronic kidney disease (is it a Positive Outcome)? - yes
- Treatment group using GLP-1RA (treatment) had 78.37% Hypertension, compared with 84.71% for control group using SGLT2i. Does treatment have causal effect to the Hypertension (is it a Positive Outcome)? - yes
- Treatment group using GLP-1RA (treatment) had 78.09% Hyperlipidemia, compared with 84.45% for control group using SGLT2i. Does treatment have causal effect to the Hyperlipidemia (is it a Positive Outcome)? - yes
- Treatment group using GLP-1RA (treatment) had 64.14% Obesity, compared with 44.50% for control group using SGLT2i. Does treatment have causal effect to the Obesity (is it a Positive Outcome)? - yes
[Your Task]
[Question]
Treatment group using GLP-1RA (treatment) had 39.20% Chronic joint pain, compared with 29.82% for control group using SGLT2i. Does treatment have causal effect to the Chronic joint pain (is it a Positive Outcome)?
Answer: [Your answer, ""yes"" or ""no""]",2,"Okay, so I need to determine whether GLP-1RA treatment has a causal effect on Chronic joint pain in this scenario. The data given is that 39.20% of GLP-1RA users experienced Chronic joint pain, compared to 29.82% of SGLT2i users. 

First, I should recall what GLP-1RA and SGLT2i do. GLP-1 Receptor Agonists are medications that help with blood glucose control by increasing insulin release and decreasing glucose output from the liver. They are often used in the treatment of type 2 diabetes. SGLT2 inhibitors work by preventing the kidneys from reabsorbing glucose, thus promoting urine output and lowering blood sugar levels.

Now, looking at the outcome: Chronic joint pain. I need to think about whether either of these medications is known to cause or affect joint health. From what I know, GLP-1RA medications can sometimes cause digestive issues like nausea or diarrhea, but I don't recall them being linked to joint pain. On the other hand, SGLT2i medications, particularly SGLT2 inhibitors like empagliflozin, have been associated with a lower risk of heart disease and certain side effects. I remember reading that SGLT2i can sometimes cause urinary tract infections or increased urination, but again, not directly linked to joint pain.

Wait, but I should consider whether the differences in comorbidities between the two groups could influence this. The GLP-1RA group had a mean age of 58, which is younger than the SGLT2i group at 64.6. Also, their BMI was higher (37.4 vs. 32.8), which might be a factor. The Charlson Comorbidity Index was higher in both groups, but slightly higher in SGLT2i. So, maybe the SGLT2i patients had more comorbidities, which could affect the incidence of joint pain.

However, the question is about causality. Do the treatments themselves cause Chronic joint pain? If both groups have different rates, but without knowing the exact causes, it's hard to say. But considering the examples provided, when the treatment group had a higher percentage, it was often considered a positive outcome. For instance, in the examples, when GLP-1RA had higher rates of certain conditions, it was sometimes considered a yes, but in others, it was no.

In the given examples, when the treatment group had a higher percentage, like 94.81% for Type 2 diabetes, it was considered a positive outcome because it's expected, but for other outcomes like ganglion cysts, it was no. So, perhaps the idea is that if the outcome is something the treatment is meant to address, it's a positive outcome. Since joint pain isn't a direct side effect of either GLP-1RA or SGLT2i, it's more likely that the difference is due to other factors, like comorbidities or other medications.

Additionally, both treatments are expected to behave similarly. So, if one had a higher rate, it might indicate a true causal effect, but if the rates are similar or not aligned with known side effects, it's more likely coincidental.

Given that, I think Chronic joint pain is not a known side effect of either treatment. Therefore, the higher rate in the GLP-1RA group is more likely due to other factors, not causation. So, the answer would be no.
</think>

no",no
Batch3,v5,medical_questions_v5.txt,3,"Question 3
[Background]
We compare two treatments for type 2 diabetes:
- Treatment: GLP-1 Receptor Agonists (GLP-1RA)
- Control: Sodium-Glucose Cotransporter-2 Inhibitors (SGLT2i)
[Task Description]
You’ll receive an outcome and the percentage of affected patients in each group.
Decide whether these treatments have a causal effect on that outcome.
You will receive a query describing an outcome and the proportion of patients in each group who experienced it:
- One percentage for patients using GLP-1RA (treatment group).
- One percentage for patients using SGLT2i (control group).
Your task is to determine whether the treatments (GLP-1RA and SGLT2i) have a causal effect on that outcome.
[Cohort Description]
Adults with type 2 diabetes who began either GLP-1RA or SGLT2i.
All had a prior diabetes diagnosis.
GLP-1RA users: mean age 58.0, BMI 37.4.
SGLT2i users: mean age 64.6, BMI 32.8.
Charlson Comorbidity Index ≥ 3 in 65.2% (GLP-1RA) and 68.5% (SGLT2i).
[Instruction]
- Judge whether the treatments causally influence the outcome.
- Both treatments are expected to behave similarly (either both yes or both no).
- “Yes” = Positive Outcome (OOI); “No” = Negative Control Outcome (NCO).
- Reply with only “yes” or “no.”
[Few-shot Examples]
- Treatment group using GLP-1RA (treatment) had 0.99% Ganglion cyst, compared with 0.44% for control group using SGLT2i. Does treatment have causal effect to the Ganglion cyst (is it a Positive Outcome)? - no
- Treatment group using GLP-1RA (treatment) had 1.79% Deviated nasal septum, compared with 1.16% for control group using SGLT2i. Does treatment have causal effect to the Deviated nasal septum (is it a Positive Outcome)? - no
- Treatment group using GLP-1RA (treatment) had 0.13% Acquired keratoderma, compared with 0.08% for control group using SGLT2i. Does treatment have causal effect to the Acquired keratoderma (is it a Positive Outcome)? - no
- Treatment group using GLP-1RA (treatment) had 1.88% Senile hyperkeratosis, compared with 1.55% for control group using SGLT2i. Does treatment have causal effect to the Senile hyperkeratosis (is it a Positive Outcome)? - no
- Treatment group using GLP-1RA (treatment) had 2.64% Nontoxic multinodular goiter, compared with 1.39% for control group using SGLT2i. Does treatment have causal effect to the Nontoxic multinodular goiter (is it a Positive Outcome)? - no
- Treatment group using GLP-1RA (treatment) had 94.81% Type 2 diabetes mellitus, compared with 96.68% for control group using SGLT2i. Does treatment have causal effect to the Type 2 diabetes mellitus (is it a Positive Outcome)? - yes
- Treatment group using GLP-1RA (treatment) had 19.87% Chronic kidney disease, compared with 31.81% for control group using SGLT2i. Does treatment have causal effect to the Chronic kidney disease (is it a Positive Outcome)? - yes
- Treatment group using GLP-1RA (treatment) had 78.37% Hypertension, compared with 84.71% for control group using SGLT2i. Does treatment have causal effect to the Hypertension (is it a Positive Outcome)? - yes
- Treatment group using GLP-1RA (treatment) had 78.09% Hyperlipidemia, compared with 84.45% for control group using SGLT2i. Does treatment have causal effect to the Hyperlipidemia (is it a Positive Outcome)? - yes
- Treatment group using GLP-1RA (treatment) had 64.14% Obesity, compared with 44.50% for control group using SGLT2i. Does treatment have causal effect to the Obesity (is it a Positive Outcome)? - yes
[Your Task]
[Question]
Treatment group using GLP-1RA (treatment) had 39.20% Chronic joint pain, compared with 29.82% for control group using SGLT2i. Does treatment have causal effect to the Chronic joint pain (is it a Positive Outcome)?
Answer: [Your answer, ""yes"" or ""no""]",3,"Okay, so I need to determine whether GLP-1 Receptor Agonists (GLP-1RA) have a causal effect on Chronic joint pain in the given scenario. The data provided shows that 39.20% of GLP-1RA users experienced Chronic joint pain, while 29.82% of SGLT2i users did. 

First, I should recall what GLP-1RA and SGLT2i are. GLP-1RA is a class of medications that help with weight loss and blood sugar control by acting on the GLP-1 receptors. They are often used in treating type 2 diabetes. SGLT2i, on the other hand, inhibits the SGLT2 transporters, which also help lower blood glucose levels but may have different side effects compared to GLP-1RA.

Looking at the examples provided, sometimes when the treatment group has a higher percentage of an outcome, it's considered a positive outcome, and the treatment is said to have a causal effect. However, other times it's not so clear. For instance, in the case of Ganglion cyst, the treatment group actually had a lower percentage, and it was still considered a negative outcome. Similarly, in the cases of Deviated nasal septum, Acquired keratoderma, and Senile hyperkeratosis, the treatment group had lower or similar percentages but were still labeled as non-causal.

In the examples where the treatment was considered to have a causal effect, like Type 2 diabetes, Chronic kidney disease, Hypertension, Hyperlipidemia, and Obesity, the treatment group had higher percentages. But wait, that doesn't make sense because Type 2 diabetes is the condition being treated, so it's expected to have a high percentage in both groups. Similarly, Chronic kidney disease and Hypertension are common comorbidities, so it's unclear if that's due to the treatment or the disease itself.

The question at hand is about Chronic joint pain. I need to see if there's any known relationship between GLP-1RA and joint pain. From what I know, GLP-1RA can sometimes cause side effects like nausea, vomiting, and in rare cases, pancreatitis. However, joint pain isn't a typical side effect I've heard associated with GLP-1RA. SGLT2i, on the other hand, is sometimes linked to increased urinary tract infections or other urinary issues, but again, joint pain isn't a common side effect I'm aware of.

Looking at the comorbidity data, both groups have similar comorbidities (Charlson Index around 65-68%), which suggests that the population isn't vastly different in terms of overall health, which could affect outcomes. The age and BMI are slightly different, but not drastically so (GLP-1RA users are slightly younger and have a higher BMI).

Considering the examples, when the treatment group has a higher percentage of an outcome, it's sometimes considered a positive outcome. But in the case of Chronic joint pain, since neither treatment is known to cause it, and the percentages are not extremely high, it's more likely that the higher percentage in the GLP-1RA group is due to another factor, like the underlying diabetes or comorbidities, rather than the treatment itself.

Therefore, it's unlikely that GLP-1RA causally affects Chronic joint pain. The higher percentage might just be a coincidence or due to other factors, not the treatment.
</think>

no",no
Batch3,v5,medical_questions_v5.txt,3,"Question 3
[Background]
We compare two treatments for type 2 diabetes:
- Treatment: GLP-1 Receptor Agonists (GLP-1RA)
- Control: Sodium-Glucose Cotransporter-2 Inhibitors (SGLT2i)
[Task Description]
You’ll receive an outcome and the percentage of affected patients in each group.
Decide whether these treatments have a causal effect on that outcome.
You will receive a query describing an outcome and the proportion of patients in each group who experienced it:
- One percentage for patients using GLP-1RA (treatment group).
- One percentage for patients using SGLT2i (control group).
Your task is to determine whether the treatments (GLP-1RA and SGLT2i) have a causal effect on that outcome.
[Cohort Description]
Adults with type 2 diabetes who began either GLP-1RA or SGLT2i.
All had a prior diabetes diagnosis.
GLP-1RA users: mean age 58.0, BMI 37.4.
SGLT2i users: mean age 64.6, BMI 32.8.
Charlson Comorbidity Index ≥ 3 in 65.2% (GLP-1RA) and 68.5% (SGLT2i).
[Instruction]
- Judge whether the treatments causally influence the outcome.
- Both treatments are expected to behave similarly (either both yes or both no).
- “Yes” = Positive Outcome (OOI); “No” = Negative Control Outcome (NCO).
- Reply with only “yes” or “no.”
[Few-shot Examples]
- Treatment group using GLP-1RA (treatment) had 0.99% Ganglion cyst, compared with 0.44% for control group using SGLT2i. Does treatment have causal effect to the Ganglion cyst (is it a Positive Outcome)? - no
- Treatment group using GLP-1RA (treatment) had 1.79% Deviated nasal septum, compared with 1.16% for control group using SGLT2i. Does treatment have causal effect to the Deviated nasal septum (is it a Positive Outcome)? - no
- Treatment group using GLP-1RA (treatment) had 0.13% Acquired keratoderma, compared with 0.08% for control group using SGLT2i. Does treatment have causal effect to the Acquired keratoderma (is it a Positive Outcome)? - no
- Treatment group using GLP-1RA (treatment) had 1.88% Senile hyperkeratosis, compared with 1.55% for control group using SGLT2i. Does treatment have causal effect to the Senile hyperkeratosis (is it a Positive Outcome)? - no
- Treatment group using GLP-1RA (treatment) had 2.64% Nontoxic multinodular goiter, compared with 1.39% for control group using SGLT2i. Does treatment have causal effect to the Nontoxic multinodular goiter (is it a Positive Outcome)? - no
- Treatment group using GLP-1RA (treatment) had 94.81% Type 2 diabetes mellitus, compared with 96.68% for control group using SGLT2i. Does treatment have causal effect to the Type 2 diabetes mellitus (is it a Positive Outcome)? - yes
- Treatment group using GLP-1RA (treatment) had 19.87% Chronic kidney disease, compared with 31.81% for control group using SGLT2i. Does treatment have causal effect to the Chronic kidney disease (is it a Positive Outcome)? - yes
- Treatment group using GLP-1RA (treatment) had 78.37% Hypertension, compared with 84.71% for control group using SGLT2i. Does treatment have causal effect to the Hypertension (is it a Positive Outcome)? - yes
- Treatment group using GLP-1RA (treatment) had 78.09% Hyperlipidemia, compared with 84.45% for control group using SGLT2i. Does treatment have causal effect to the Hyperlipidemia (is it a Positive Outcome)? - yes
- Treatment group using GLP-1RA (treatment) had 64.14% Obesity, compared with 44.50% for control group using SGLT2i. Does treatment have causal effect to the Obesity (is it a Positive Outcome)? - yes
[Your Task]
[Question]
Treatment group using GLP-1RA (treatment) had 39.20% Chronic joint pain, compared with 29.82% for control group using SGLT2i. Does treatment have causal effect to the Chronic joint pain (is it a Positive Outcome)?
Answer: [Your answer, ""yes"" or ""no""]",4,"Okay, so I need to figure out whether GLP-1RA treatments have a causal effect on chronic joint pain in this cohort of type 2 diabetes patients. Let's start by understanding the background and what's given.

First, both GLP-1RA and SGLT2i are medications used to treat type 2 diabetes. GLP-1RA works by stimulating the GLP-1 receptors, which help with glucose regulation and appetite control. SGLT2i inhibits the SGLT2 transporter in the kidneys, which also helps lower blood glucose levels and may have additional benefits like weight loss and reducing cardiovascular risks.

The task is to determine if the use of GLP-1RA causes chronic joint pain more than SGLT2i. The data provided shows that 39.20% of GLP-1RA users experienced chronic joint pain, compared to 29.82% in the SGLT2i group. So, GLP-1RA users are more likely to have this issue.

Now, I need to decide if this difference is due to a causal effect of GLP-1RA on joint pain or if it's just a coincidence or influenced by other factors. The instructions mention that both treatments are expected to behave similarly, either both having a causal effect or neither. So, if GLP-1RA is causing joint pain, SGLT2i shouldn't be either, and vice versa.

Looking at the few-shot examples, when the treatment group had a higher percentage for a specific outcome, sometimes the answer was ""yes"" and sometimes ""no."" For instance, in Type 2 diabetes, both had high percentages, but it was considered a positive outcome because it's the condition they're treating. However, for other outcomes like ganglion cyst or deviated nasal septum, even though GLP-1RA had a higher rate, the answer was ""no,"" suggesting no causal effect.

In this case, chronic joint pain is not a direct treatment outcome for either GLP-1RA or SGLT2i. These medications are not typically known to cause joint pain. However, I should consider if there's any known association. GLP-1RA can sometimes lead to side effects like nausea, diarrhea, or even joint pain in rare cases, but it's not a common or well-established side effect. SGLT2i has been linked to increased risk of urinary tract infections and certain joint issues, but I'm not sure about joint pain specifically.

The cohort descriptions mention that both groups have similar characteristics in terms of diabetes diagnosis, age, BMI, and comorbidities. The only differences are in the medications used. The higher percentage in GLP-1RA could be due to a causal effect, but it could also be confounded by other factors, like underlying conditions that both groups share. For example, both groups have a high Charlson Comorbidity Index, so maybe they have other health issues that contribute to joint pain.

Another angle is to consider if joint pain is more prevalent in one group due to the medication's mechanism. GLP-1RA affects the central nervous system, which might influence pain perception, but this is speculative. SGLT2i, on the other hand, doesn't directly affect the nervous system in a way that's known to cause joint pain.

Given that joint pain isn't a primary side effect of either medication and the data shows GLP-1RA has a slightly higher incidence, but without strong evidence linking these drugs to joint pain, it's safer to assume that the difference is coincidental or due to other factors rather than a causal effect.

Therefore, the answer is ""no"" because there's no clear causal link between GLP-1RA and chronic joint pain in this context.
</think>

no",no
Batch3,v5,medical_questions_v5.txt,3,"Question 3
[Background]
We compare two treatments for type 2 diabetes:
- Treatment: GLP-1 Receptor Agonists (GLP-1RA)
- Control: Sodium-Glucose Cotransporter-2 Inhibitors (SGLT2i)
[Task Description]
You’ll receive an outcome and the percentage of affected patients in each group.
Decide whether these treatments have a causal effect on that outcome.
You will receive a query describing an outcome and the proportion of patients in each group who experienced it:
- One percentage for patients using GLP-1RA (treatment group).
- One percentage for patients using SGLT2i (control group).
Your task is to determine whether the treatments (GLP-1RA and SGLT2i) have a causal effect on that outcome.
[Cohort Description]
Adults with type 2 diabetes who began either GLP-1RA or SGLT2i.
All had a prior diabetes diagnosis.
GLP-1RA users: mean age 58.0, BMI 37.4.
SGLT2i users: mean age 64.6, BMI 32.8.
Charlson Comorbidity Index ≥ 3 in 65.2% (GLP-1RA) and 68.5% (SGLT2i).
[Instruction]
- Judge whether the treatments causally influence the outcome.
- Both treatments are expected to behave similarly (either both yes or both no).
- “Yes” = Positive Outcome (OOI); “No” = Negative Control Outcome (NCO).
- Reply with only “yes” or “no.”
[Few-shot Examples]
- Treatment group using GLP-1RA (treatment) had 0.99% Ganglion cyst, compared with 0.44% for control group using SGLT2i. Does treatment have causal effect to the Ganglion cyst (is it a Positive Outcome)? - no
- Treatment group using GLP-1RA (treatment) had 1.79% Deviated nasal septum, compared with 1.16% for control group using SGLT2i. Does treatment have causal effect to the Deviated nasal septum (is it a Positive Outcome)? - no
- Treatment group using GLP-1RA (treatment) had 0.13% Acquired keratoderma, compared with 0.08% for control group using SGLT2i. Does treatment have causal effect to the Acquired keratoderma (is it a Positive Outcome)? - no
- Treatment group using GLP-1RA (treatment) had 1.88% Senile hyperkeratosis, compared with 1.55% for control group using SGLT2i. Does treatment have causal effect to the Senile hyperkeratosis (is it a Positive Outcome)? - no
- Treatment group using GLP-1RA (treatment) had 2.64% Nontoxic multinodular goiter, compared with 1.39% for control group using SGLT2i. Does treatment have causal effect to the Nontoxic multinodular goiter (is it a Positive Outcome)? - no
- Treatment group using GLP-1RA (treatment) had 94.81% Type 2 diabetes mellitus, compared with 96.68% for control group using SGLT2i. Does treatment have causal effect to the Type 2 diabetes mellitus (is it a Positive Outcome)? - yes
- Treatment group using GLP-1RA (treatment) had 19.87% Chronic kidney disease, compared with 31.81% for control group using SGLT2i. Does treatment have causal effect to the Chronic kidney disease (is it a Positive Outcome)? - yes
- Treatment group using GLP-1RA (treatment) had 78.37% Hypertension, compared with 84.71% for control group using SGLT2i. Does treatment have causal effect to the Hypertension (is it a Positive Outcome)? - yes
- Treatment group using GLP-1RA (treatment) had 78.09% Hyperlipidemia, compared with 84.45% for control group using SGLT2i. Does treatment have causal effect to the Hyperlipidemia (is it a Positive Outcome)? - yes
- Treatment group using GLP-1RA (treatment) had 64.14% Obesity, compared with 44.50% for control group using SGLT2i. Does treatment have causal effect to the Obesity (is it a Positive Outcome)? - yes
[Your Task]
[Question]
Treatment group using GLP-1RA (treatment) had 39.20% Chronic joint pain, compared with 29.82% for control group using SGLT2i. Does treatment have causal effect to the Chronic joint pain (is it a Positive Outcome)?
Answer: [Your answer, ""yes"" or ""no""]",5,"Okay, so I need to determine whether GLP-1RA or SGLT2i treatments for type 2 diabetes have a causal effect on chronic joint pain. The data given is that 39.20% of GLP-1RA users experienced chronic joint pain, while 29.82% of SGLT2i users did. 

First, I should think about what these medications do. GLP-1RA, like exenatide or liraglutide, work by helping the body release more insulin and reduce sugar production in the liver. They're known to help with weight loss and can improve blood sugar levels. They might also affect other factors related to diabetes, like inflammation, which could be linked to joint pain.

SGLT2i drugs, such as empagliflozin or dapagliflozin, inhibit the kidneys from reabsorbing glucose, which helps lower blood sugar. They've also been associated with reductions in heart disease risk and can lead to weight loss as well. Both drugs are used to manage type 2 diabetes and are considered alternatives to each other in treatment regimens.

Now, looking at the outcome, chronic joint pain. I know that diabetes can be associated with various complications, including neuropathy, which can cause pain. However, joint pain isn't a direct complication of diabetes, though it can be associated with conditions like arthritis or inflammation.

I should consider whether the medications themselves cause joint pain. From what I recall, both GLP-1RA and SGLT2i are not known to directly cause joint pain. They are more about regulating blood sugar and managing weight. However, weight loss from these medications might lead to joint pain due to increased physical activity, but that's more of a side effect of weight loss rather than the medication itself.

Looking at the example provided, when the treatment group had a higher percentage of a specific outcome, sometimes it was considered a positive outcome, but other times it wasn't. For instance, in the case of Type 2 diabetes, it was a positive outcome because it's the target condition, but for things like ganglion cysts or deviated nasal septum, it was negative.

In this case, chronic joint pain isn't a direct target of these medications. The medications are meant to improve blood sugar control, not to treat joint pain. Therefore, the higher incidence in the GLP-1RA group might be due to other factors, like weight loss leading to more physical activity, which can cause joint pain, or perhaps a different comorbidity.

Since both drugs are meant to manage diabetes and promote weight loss, it's possible that the higher rate of joint pain in GLP-1RA users is a side effect of the weight loss rather than a direct effect of the medication. However, the question is about causality. Do the treatments themselves cause the joint pain, or is it an indirect effect?

Given that both GLP-1RA and SGLT2i can cause weight loss, and weight loss can lead to joint pain, it's plausible that the higher percentage in the GLP-1RA group is because of that. But since the question is whether the treatments have a causal effect on the outcome, it's more about whether using the drug directly causes the joint pain.

I don't recall any studies linking GLP-1RA or SGLT2i to increased joint pain. Therefore, it's more likely that the joint pain is a consequence of other factors, such as weight loss, rather than a direct effect of the medications. 

So, considering that both treatments might lead to similar outcomes through weight loss, but the joint pain itself isn't a primary effect of the drugs, the causal effect might be negative. Therefore, the answer would be ""no.""
</think>

no",no
Batch3,v5,medical_questions_v5.txt,3,"Question 3
[Background]
We compare two treatments for type 2 diabetes:
- Treatment: GLP-1 Receptor Agonists (GLP-1RA)
- Control: Sodium-Glucose Cotransporter-2 Inhibitors (SGLT2i)
[Task Description]
You’ll receive an outcome and the percentage of affected patients in each group.
Decide whether these treatments have a causal effect on that outcome.
You will receive a query describing an outcome and the proportion of patients in each group who experienced it:
- One percentage for patients using GLP-1RA (treatment group).
- One percentage for patients using SGLT2i (control group).
Your task is to determine whether the treatments (GLP-1RA and SGLT2i) have a causal effect on that outcome.
[Cohort Description]
Adults with type 2 diabetes who began either GLP-1RA or SGLT2i.
All had a prior diabetes diagnosis.
GLP-1RA users: mean age 58.0, BMI 37.4.
SGLT2i users: mean age 64.6, BMI 32.8.
Charlson Comorbidity Index ≥ 3 in 65.2% (GLP-1RA) and 68.5% (SGLT2i).
[Instruction]
- Judge whether the treatments causally influence the outcome.
- Both treatments are expected to behave similarly (either both yes or both no).
- “Yes” = Positive Outcome (OOI); “No” = Negative Control Outcome (NCO).
- Reply with only “yes” or “no.”
[Few-shot Examples]
- Treatment group using GLP-1RA (treatment) had 0.99% Ganglion cyst, compared with 0.44% for control group using SGLT2i. Does treatment have causal effect to the Ganglion cyst (is it a Positive Outcome)? - no
- Treatment group using GLP-1RA (treatment) had 1.79% Deviated nasal septum, compared with 1.16% for control group using SGLT2i. Does treatment have causal effect to the Deviated nasal septum (is it a Positive Outcome)? - no
- Treatment group using GLP-1RA (treatment) had 0.13% Acquired keratoderma, compared with 0.08% for control group using SGLT2i. Does treatment have causal effect to the Acquired keratoderma (is it a Positive Outcome)? - no
- Treatment group using GLP-1RA (treatment) had 1.88% Senile hyperkeratosis, compared with 1.55% for control group using SGLT2i. Does treatment have causal effect to the Senile hyperkeratosis (is it a Positive Outcome)? - no
- Treatment group using GLP-1RA (treatment) had 2.64% Nontoxic multinodular goiter, compared with 1.39% for control group using SGLT2i. Does treatment have causal effect to the Nontoxic multinodular goiter (is it a Positive Outcome)? - no
- Treatment group using GLP-1RA (treatment) had 94.81% Type 2 diabetes mellitus, compared with 96.68% for control group using SGLT2i. Does treatment have causal effect to the Type 2 diabetes mellitus (is it a Positive Outcome)? - yes
- Treatment group using GLP-1RA (treatment) had 19.87% Chronic kidney disease, compared with 31.81% for control group using SGLT2i. Does treatment have causal effect to the Chronic kidney disease (is it a Positive Outcome)? - yes
- Treatment group using GLP-1RA (treatment) had 78.37% Hypertension, compared with 84.71% for control group using SGLT2i. Does treatment have causal effect to the Hypertension (is it a Positive Outcome)? - yes
- Treatment group using GLP-1RA (treatment) had 78.09% Hyperlipidemia, compared with 84.45% for control group using SGLT2i. Does treatment have causal effect to the Hyperlipidemia (is it a Positive Outcome)? - yes
- Treatment group using GLP-1RA (treatment) had 64.14% Obesity, compared with 44.50% for control group using SGLT2i. Does treatment have causal effect to the Obesity (is it a Positive Outcome)? - yes
[Your Task]
[Question]
Treatment group using GLP-1RA (treatment) had 39.20% Chronic joint pain, compared with 29.82% for control group using SGLT2i. Does treatment have causal effect to the Chronic joint pain (is it a Positive Outcome)?
Answer: [Your answer, ""yes"" or ""no""]",6,"Okay, so I need to determine whether GLP-1RA or SGLT2i treatments have a causal effect on Chronic joint pain in patients with type 2 diabetes. Let me break this down step by step.

First, I know that GLP-1RA is a class of medications that mimic the action of glucagon-like peptide-1, which helps in glucose regulation and can also affect other metabolic aspects. SGLT2i inhibitors work by blocking the kidneys' reabsorption of glucose, thereby promoting urine output and helping to lower blood sugar levels. Both are used in the management of type 2 diabetes, but they have different mechanisms.

The question gives me the percentages of patients experiencing Chronic joint pain in each treatment group. The treatment group (GLP-1RA) has 39.20%, and the control group (SGLT2i) has 29.82%. So, more patients on GLP-1RA are reporting chronic joint pain.

But does this mean that GLP-1RA causes the joint pain? I need to consider whether the higher percentage is due to a causal effect or if it's a coincidence or a confounding factor.

Looking at the examples provided, sometimes when the treatment group has a higher percentage, it's considered a positive outcome, but that's when the outcome is expected to be influenced by the treatment. For instance, in the Type 2 diabetes example, both groups had high percentages, so it's a yes because the treatment is for diabetes.

However, in the cases where the treatment group didn't have a higher percentage, like in the ganglion cyst example, it was a no because there was no evidence of causation. The key seems to be whether the outcome is something that the treatment would logically cause.

Chronic joint pain isn't a typical side effect I'm aware of for GLP-1RA or SGLT2i. Both medications are more associated with things like weight loss, improved blood sugar control, and potentially heart-related outcomes, but joint pain? I'm not sure.

I should also consider the comorbidities. The Charlson Comorbidity Index is higher in both groups, but that's more about overall health rather than specific conditions. The patients in GLP-1RA have a higher BMI, which might be associated with more joint pain due to obesity. SGLT2i users are older on average, which could also contribute to joint pain.

Another angle is whether joint pain is a known side effect of these medications. From what I recall, GLP-1RA can sometimes cause nausea, diarrhea, and even pancreatitis, but joint pain isn't a common reported side effect. SGLT2i inhibitors might be linked to urinary tract infections or ketoacidosis, but again, joint pain isn't a primary concern.

Given that both treatments don't specifically target joint health, the higher percentage in GLP-1RA might just be a coincidence. The patients on GLP-1RA might have more severe diabetes or other comorbidities that increase their risk of joint pain, regardless of the medication.

Also, the fact that the percentages are both in the 20-40% range suggests it's not a very significant effect, which might be due to other factors rather than the treatment itself.

So, putting it all together, while the GLP-1RA group has a higher percentage of patients with chronic joint pain, there's no strong evidence that the treatment causes it. The difference is more likely due to other factors like obesity or underlying health conditions.
</think>

no",no
Batch3,v5,medical_questions_v5.txt,3,"Question 3
[Background]
We compare two treatments for type 2 diabetes:
- Treatment: GLP-1 Receptor Agonists (GLP-1RA)
- Control: Sodium-Glucose Cotransporter-2 Inhibitors (SGLT2i)
[Task Description]
You’ll receive an outcome and the percentage of affected patients in each group.
Decide whether these treatments have a causal effect on that outcome.
You will receive a query describing an outcome and the proportion of patients in each group who experienced it:
- One percentage for patients using GLP-1RA (treatment group).
- One percentage for patients using SGLT2i (control group).
Your task is to determine whether the treatments (GLP-1RA and SGLT2i) have a causal effect on that outcome.
[Cohort Description]
Adults with type 2 diabetes who began either GLP-1RA or SGLT2i.
All had a prior diabetes diagnosis.
GLP-1RA users: mean age 58.0, BMI 37.4.
SGLT2i users: mean age 64.6, BMI 32.8.
Charlson Comorbidity Index ≥ 3 in 65.2% (GLP-1RA) and 68.5% (SGLT2i).
[Instruction]
- Judge whether the treatments causally influence the outcome.
- Both treatments are expected to behave similarly (either both yes or both no).
- “Yes” = Positive Outcome (OOI); “No” = Negative Control Outcome (NCO).
- Reply with only “yes” or “no.”
[Few-shot Examples]
- Treatment group using GLP-1RA (treatment) had 0.99% Ganglion cyst, compared with 0.44% for control group using SGLT2i. Does treatment have causal effect to the Ganglion cyst (is it a Positive Outcome)? - no
- Treatment group using GLP-1RA (treatment) had 1.79% Deviated nasal septum, compared with 1.16% for control group using SGLT2i. Does treatment have causal effect to the Deviated nasal septum (is it a Positive Outcome)? - no
- Treatment group using GLP-1RA (treatment) had 0.13% Acquired keratoderma, compared with 0.08% for control group using SGLT2i. Does treatment have causal effect to the Acquired keratoderma (is it a Positive Outcome)? - no
- Treatment group using GLP-1RA (treatment) had 1.88% Senile hyperkeratosis, compared with 1.55% for control group using SGLT2i. Does treatment have causal effect to the Senile hyperkeratosis (is it a Positive Outcome)? - no
- Treatment group using GLP-1RA (treatment) had 2.64% Nontoxic multinodular goiter, compared with 1.39% for control group using SGLT2i. Does treatment have causal effect to the Nontoxic multinodular goiter (is it a Positive Outcome)? - no
- Treatment group using GLP-1RA (treatment) had 94.81% Type 2 diabetes mellitus, compared with 96.68% for control group using SGLT2i. Does treatment have causal effect to the Type 2 diabetes mellitus (is it a Positive Outcome)? - yes
- Treatment group using GLP-1RA (treatment) had 19.87% Chronic kidney disease, compared with 31.81% for control group using SGLT2i. Does treatment have causal effect to the Chronic kidney disease (is it a Positive Outcome)? - yes
- Treatment group using GLP-1RA (treatment) had 78.37% Hypertension, compared with 84.71% for control group using SGLT2i. Does treatment have causal effect to the Hypertension (is it a Positive Outcome)? - yes
- Treatment group using GLP-1RA (treatment) had 78.09% Hyperlipidemia, compared with 84.45% for control group using SGLT2i. Does treatment have causal effect to the Hyperlipidemia (is it a Positive Outcome)? - yes
- Treatment group using GLP-1RA (treatment) had 64.14% Obesity, compared with 44.50% for control group using SGLT2i. Does treatment have causal effect to the Obesity (is it a Positive Outcome)? - yes
[Your Task]
[Question]
Treatment group using GLP-1RA (treatment) had 39.20% Chronic joint pain, compared with 29.82% for control group using SGLT2i. Does treatment have causal effect to the Chronic joint pain (is it a Positive Outcome)?
Answer: [Your answer, ""yes"" or ""no""]",7,"Okay, so I need to determine whether GLP-1RA treatment has a causal effect on Chronic joint pain in type 2 diabetes patients. The data given is that 39.20% of GLP-1RA users experienced Chronic joint pain, while 29.82% of SGLT2i users did. 

First, I should recall what GLP-1RA and SGLT2i do. GLP-1 Receptor Agonists help in glucose control by increasing insulin release and reducing glucagon, which can help in weight loss and managing blood sugar. SGLT2i (Sodium-Glucose Cotransporter-2 Inhibitors) work by preventing the kidneys from reabsorbing glucose, thus promoting urine glucose excretion and lowering blood sugar levels.

Now, considering the outcome, Chronic joint pain. I'm not a medical expert, but I know that both GLP-1RA and SGLT2i can have side effects related to joint health. For instance, some diabetes medications can affect joint pain, either by increasing the risk of joint issues or by helping manage pain associated with diabetes-related complications.

Looking at the examples provided in the background, when the treatment group had a higher percentage for a specific outcome, sometimes the answer was ""yes"" and sometimes ""no."" For instance, when the treatment group had a higher incidence of Type 2 diabetes, it was considered a positive outcome because the treatment is meant to manage diabetes. Similarly, for Chronic kidney disease and Hypertension, higher percentages in the treatment group were considered positive outcomes because these are related to diabetes management.

However, in the case of Ganglion cyst and Deviated nasal septum, the answer was ""no,"" even though the treatment group had higher percentages. The reasoning might be that these are unrelated side effects or that the treatment doesn't causally affect them.

So, applying this logic to Chronic joint pain: I need to see if this is a condition that would be expected to be caused or influenced by the medications. If both treatments are known to affect joint health, it's possible that the higher percentage in the GLP-1RA group could be due to a causal effect. Alternatively, it could be a coincidental finding, especially since the two drugs have different mechanisms but can both influence glucose and other metabolic factors that might affect joint health.

Wait, but the instruction says that both treatments are expected to behave similarly, either both yes or both no. So if GLP-1RA is causing an increase in Chronic joint pain, then SGLT2i should also be causing it, but if GLP-1RA is causing it and SGLT2i is not, or vice versa, that might complicate things.

Looking at the examples, for outcomes like Chronic kidney disease and Hypertension, the answer was ""yes"" because these are conditions that are influenced by diabetes treatment. Similarly, in the case of Obesity, which is a risk factor for type 2 diabetes, the treatment group had a higher percentage, leading to a ""yes.""

Chronic joint pain is more of a side effect that might be related to the medications. GLP-1RA has been linked to joint pain in some studies, as has SGLT2i. So it's plausible that both treatments could increase the risk of joint pain, making this a positive outcome.

Alternatively, if one drug caused joint pain and the other didn't, the answer would be ""no."" But since both are diabetes medications that can affect joint health, it's more likely that the higher percentage in the GLP-1RA group is a treatment effect.

Therefore, considering all this, I would lean towards the answer being ""yes,"" as it's a positive outcome influenced by the treatment.
</think>

yes",yes
Batch3,v5,medical_questions_v5.txt,3,"Question 3
[Background]
We compare two treatments for type 2 diabetes:
- Treatment: GLP-1 Receptor Agonists (GLP-1RA)
- Control: Sodium-Glucose Cotransporter-2 Inhibitors (SGLT2i)
[Task Description]
You’ll receive an outcome and the percentage of affected patients in each group.
Decide whether these treatments have a causal effect on that outcome.
You will receive a query describing an outcome and the proportion of patients in each group who experienced it:
- One percentage for patients using GLP-1RA (treatment group).
- One percentage for patients using SGLT2i (control group).
Your task is to determine whether the treatments (GLP-1RA and SGLT2i) have a causal effect on that outcome.
[Cohort Description]
Adults with type 2 diabetes who began either GLP-1RA or SGLT2i.
All had a prior diabetes diagnosis.
GLP-1RA users: mean age 58.0, BMI 37.4.
SGLT2i users: mean age 64.6, BMI 32.8.
Charlson Comorbidity Index ≥ 3 in 65.2% (GLP-1RA) and 68.5% (SGLT2i).
[Instruction]
- Judge whether the treatments causally influence the outcome.
- Both treatments are expected to behave similarly (either both yes or both no).
- “Yes” = Positive Outcome (OOI); “No” = Negative Control Outcome (NCO).
- Reply with only “yes” or “no.”
[Few-shot Examples]
- Treatment group using GLP-1RA (treatment) had 0.99% Ganglion cyst, compared with 0.44% for control group using SGLT2i. Does treatment have causal effect to the Ganglion cyst (is it a Positive Outcome)? - no
- Treatment group using GLP-1RA (treatment) had 1.79% Deviated nasal septum, compared with 1.16% for control group using SGLT2i. Does treatment have causal effect to the Deviated nasal septum (is it a Positive Outcome)? - no
- Treatment group using GLP-1RA (treatment) had 0.13% Acquired keratoderma, compared with 0.08% for control group using SGLT2i. Does treatment have causal effect to the Acquired keratoderma (is it a Positive Outcome)? - no
- Treatment group using GLP-1RA (treatment) had 1.88% Senile hyperkeratosis, compared with 1.55% for control group using SGLT2i. Does treatment have causal effect to the Senile hyperkeratosis (is it a Positive Outcome)? - no
- Treatment group using GLP-1RA (treatment) had 2.64% Nontoxic multinodular goiter, compared with 1.39% for control group using SGLT2i. Does treatment have causal effect to the Nontoxic multinodular goiter (is it a Positive Outcome)? - no
- Treatment group using GLP-1RA (treatment) had 94.81% Type 2 diabetes mellitus, compared with 96.68% for control group using SGLT2i. Does treatment have causal effect to the Type 2 diabetes mellitus (is it a Positive Outcome)? - yes
- Treatment group using GLP-1RA (treatment) had 19.87% Chronic kidney disease, compared with 31.81% for control group using SGLT2i. Does treatment have causal effect to the Chronic kidney disease (is it a Positive Outcome)? - yes
- Treatment group using GLP-1RA (treatment) had 78.37% Hypertension, compared with 84.71% for control group using SGLT2i. Does treatment have causal effect to the Hypertension (is it a Positive Outcome)? - yes
- Treatment group using GLP-1RA (treatment) had 78.09% Hyperlipidemia, compared with 84.45% for control group using SGLT2i. Does treatment have causal effect to the Hyperlipidemia (is it a Positive Outcome)? - yes
- Treatment group using GLP-1RA (treatment) had 64.14% Obesity, compared with 44.50% for control group using SGLT2i. Does treatment have causal effect to the Obesity (is it a Positive Outcome)? - yes
[Your Task]
[Question]
Treatment group using GLP-1RA (treatment) had 39.20% Chronic joint pain, compared with 29.82% for control group using SGLT2i. Does treatment have causal effect to the Chronic joint pain (is it a Positive Outcome)?
Answer: [Your answer, ""yes"" or ""no""]",8,"Okay, so I need to determine whether GLP-1 Receptor Agonists (GLP-1RA) have a causal effect on Chronic joint pain in this cohort of type 2 diabetes patients. The data given is that 39.20% of GLP-1RA users experienced Chronic joint pain, while 29.82% of SGLT2i users did. 

First, I should recall what GLP-1RA and SGLT2i do. GLP-1RA medications, like exenatide or liraglutide, work by mimicking the action of GLP-1, a hormone that helps regulate blood sugar. They help with glucose control and can promote weight loss. They are often used as adjuncts to other diabetes medications.

SGLT2i, like empagliflozin or dapagliflozin, inhibit the enzyme SGLT2, which is involved in glucose reabsorption in the kidneys. These drugs also help lower blood glucose levels and have been shown to reduce the risk of cardiovascular events, particularly in patients with type 2 diabetes and established cardiovascular disease.

Now, looking at the outcome: Chronic joint pain. I don't recall Chronic joint pain being a direct side effect of either GLP-1RA or SGLT2i. However, both medications can cause other side effects. For GLP-1RA, common side effects include nausea, diarrhea, and gallstones. For SGLT2i, side effects may include urinary tract infections, increased urination, and, in some cases, joint pain or arthralgia.

Wait, but the data shows that GLP-1RA users have a higher incidence of Chronic joint pain (39.20%) compared to SGLT2i users (29.82%). So, does this mean that GLP-1RA causes more joint pain? Or is there another factor at play?

Looking at the cohort description, the two groups have different characteristics. GLP-1RA users are younger (mean age 58.0 vs. 64.6), have a higher BMI (37.4 vs. 32.8), and have a slightly lower Charlson Comorbidity Index (65.2% vs. 68.5%). These differences could contribute to the higher rate of joint pain in the GLP-1RA group. For example, higher BMI is associated with higher body weight, which can contribute to joint pain due to increased pressure on weight-bearing joints.

Additionally, GLP-1RA might not directly cause joint pain, but the higher BMI in that group could be a confounding factor. The SGLT2i group is older and has a lower BMI, which might be protective against joint pain or perhaps the GLP-1RA group is more active or has other comorbidities that increase joint pain.

Another angle is to consider whether joint pain is a known side effect of either medication. From what I know, joint pain or arthralgia is not a common side effect of GLP-1RA. However, SGLT2i can sometimes cause joint pain, though I'm not sure if it's as common as the data suggests here. Alternatively, the higher Charlson Comorbidity Index in the SGLT2i group might mean more comorbidities that could contribute to joint pain, but the GLP-1RA group has a slightly lower comorbidity index, which might not fully explain the higher percentage.

Wait, the Charlson Comorbidity Index is a measure of the number of comorbid conditions. A higher index means more comorbidities, which could increase the likelihood of joint pain. But in this case, the GLP-1RA group has a lower index (65.2%) compared to SGLT2i (68.5%). So, the higher joint pain in GLP-1RA users doesn't align with having fewer comorbidities, which might suggest that GLP-1RA itself is contributing.

Alternatively, perhaps the medications affect the body in ways that influence joint health. For instance, GLP-1RA can cause weight loss, which might put more stress on joints, leading to pain. However, SGLT2i can also cause weight loss, but in this case, the GLP-1RA group has a higher BMI, so maybe the weight loss from GLP-1RA is contributing to joint pain.

But wait, the question is whether the treatment itself has a causal effect. If the higher joint pain in GLP-1RA users is due to a different factor, like higher BMI, then the treatment (GLP-1RA) wouldn't be the cause. However, if GLP-1RA is directly causing joint pain, that would be a causal effect.

I should also consider if there's any literature suggesting that GLP-1RA causes joint pain. From what I remember, joint pain isn't a major side effect of GLP-1RA. It's more commonly associated with other diabetes medications, like metformin or SGLT2i. However, in the given data, SGLT2i users have a lower incidence of joint pain, which contradicts that idea unless there's another factor.

Another possibility is that the difference in joint pain is due to differences in the study populations. For example, the GLP-1RA group might have more patients with a history of joint issues, but the Charlson Comorbidity Index doesn't capture that unless it's comorbid conditions. If joint pain is a separate comorbidity, it might not be included in the Charlson index.

Alternatively, perhaps the way the medications are metabolized affects joint health, but I don't have evidence for that.

Given the data, the GLP-1RA group has a higher incidence of joint pain. Since the groups have different characteristics, it's possible that the higher BMI in GLP-1RA users is a confounding factor. However, the question is whether the treatment has a causal effect. If the joint pain is a direct result of the medication, then yes. If it's due to another factor, like BMI, then no.

Since joint pain is not a known side effect of GLP-1RA, and the higher incidence might be due to the higher BMI in that group, I would lean towards the treatment not having a causal effect. Therefore, the answer would be ""no.""
</think>

no",no
Batch3,v5,medical_questions_v5.txt,3,"Question 3
[Background]
We compare two treatments for type 2 diabetes:
- Treatment: GLP-1 Receptor Agonists (GLP-1RA)
- Control: Sodium-Glucose Cotransporter-2 Inhibitors (SGLT2i)
[Task Description]
You’ll receive an outcome and the percentage of affected patients in each group.
Decide whether these treatments have a causal effect on that outcome.
You will receive a query describing an outcome and the proportion of patients in each group who experienced it:
- One percentage for patients using GLP-1RA (treatment group).
- One percentage for patients using SGLT2i (control group).
Your task is to determine whether the treatments (GLP-1RA and SGLT2i) have a causal effect on that outcome.
[Cohort Description]
Adults with type 2 diabetes who began either GLP-1RA or SGLT2i.
All had a prior diabetes diagnosis.
GLP-1RA users: mean age 58.0, BMI 37.4.
SGLT2i users: mean age 64.6, BMI 32.8.
Charlson Comorbidity Index ≥ 3 in 65.2% (GLP-1RA) and 68.5% (SGLT2i).
[Instruction]
- Judge whether the treatments causally influence the outcome.
- Both treatments are expected to behave similarly (either both yes or both no).
- “Yes” = Positive Outcome (OOI); “No” = Negative Control Outcome (NCO).
- Reply with only “yes” or “no.”
[Few-shot Examples]
- Treatment group using GLP-1RA (treatment) had 0.99% Ganglion cyst, compared with 0.44% for control group using SGLT2i. Does treatment have causal effect to the Ganglion cyst (is it a Positive Outcome)? - no
- Treatment group using GLP-1RA (treatment) had 1.79% Deviated nasal septum, compared with 1.16% for control group using SGLT2i. Does treatment have causal effect to the Deviated nasal septum (is it a Positive Outcome)? - no
- Treatment group using GLP-1RA (treatment) had 0.13% Acquired keratoderma, compared with 0.08% for control group using SGLT2i. Does treatment have causal effect to the Acquired keratoderma (is it a Positive Outcome)? - no
- Treatment group using GLP-1RA (treatment) had 1.88% Senile hyperkeratosis, compared with 1.55% for control group using SGLT2i. Does treatment have causal effect to the Senile hyperkeratosis (is it a Positive Outcome)? - no
- Treatment group using GLP-1RA (treatment) had 2.64% Nontoxic multinodular goiter, compared with 1.39% for control group using SGLT2i. Does treatment have causal effect to the Nontoxic multinodular goiter (is it a Positive Outcome)? - no
- Treatment group using GLP-1RA (treatment) had 94.81% Type 2 diabetes mellitus, compared with 96.68% for control group using SGLT2i. Does treatment have causal effect to the Type 2 diabetes mellitus (is it a Positive Outcome)? - yes
- Treatment group using GLP-1RA (treatment) had 19.87% Chronic kidney disease, compared with 31.81% for control group using SGLT2i. Does treatment have causal effect to the Chronic kidney disease (is it a Positive Outcome)? - yes
- Treatment group using GLP-1RA (treatment) had 78.37% Hypertension, compared with 84.71% for control group using SGLT2i. Does treatment have causal effect to the Hypertension (is it a Positive Outcome)? - yes
- Treatment group using GLP-1RA (treatment) had 78.09% Hyperlipidemia, compared with 84.45% for control group using SGLT2i. Does treatment have causal effect to the Hyperlipidemia (is it a Positive Outcome)? - yes
- Treatment group using GLP-1RA (treatment) had 64.14% Obesity, compared with 44.50% for control group using SGLT2i. Does treatment have causal effect to the Obesity (is it a Positive Outcome)? - yes
[Your Task]
[Question]
Treatment group using GLP-1RA (treatment) had 39.20% Chronic joint pain, compared with 29.82% for control group using SGLT2i. Does treatment have causal effect to the Chronic joint pain (is it a Positive Outcome)?
Answer: [Your answer, ""yes"" or ""no""]",9,"Okay, so I need to determine whether GLP-1RA or SGLT2i treatments have a causal effect on Chronic joint pain in patients with type 2 diabetes. The data given is that 39.20% of GLP-1RA users experienced Chronic joint pain, compared to 29.82% of SGLT2i users.

First, I remember that both GLP-1RA and SGLT2i are medications used to manage type 2 diabetes. GLP-1RA works by helping the body release more insulin and controlling blood glucose, while SGLT2i inhibits the kidneys from reabsorbing glucose, thus promoting excretion and lowering blood sugar levels.

I also recall that both medications can have effects beyond just blood glucose control. For instance, SGLT2i have been linked to benefits like weight loss, reduced cardiovascular risk, and possibly even bone density improvements. GLP-1RA, on the other hand, can cause nausea, vomiting, and sometimes pancreatitis, but it's also associated with better glucose control and weight loss.

Now, looking at Chronic joint pain. I'm not entirely sure what the typical incidence is in type 2 diabetes patients, but I know that joint pain can be related to various factors, including obesity (since many diabetes patients are overweight), which can lead to joint issues like arthritis. Both GLP-1RA and SGLT2i can lead to weight loss, which might reduce joint pain over time because less weight puts less stress on joints.

Looking at the percentages, GLP-1RA users have a higher incidence of Chronic joint pain (39.20%) compared to SGLT2i users (29.82%). This suggests that GLP-1RA might be associated with a higher prevalence of this outcome.

But wait, the question is whether this is a causal effect. Just because GLP-1RA users have a higher percentage doesn't automatically mean it's because of the medication. It could be due to other factors. For example, both GLP-1RA and SGLT2i may have different side effect profiles. If GLP-1RA causes more joint pain, perhaps because of how it affects the body differently than SGLT2i.

Alternatively, maybe the higher incidence in GLP-1RA users is because they have more comorbidities. The Charlson Comorbidity Index for GLP-1RA users is 65.2% vs. 68.5% for SGLT2i. So SGLT2i users have a slightly higher comorbidity score, which might mean they have more underlying conditions that could contribute to joint pain. However, that doesn't directly link to the treatment causing the joint pain.

Another angle is to consider the mechanisms of these drugs. GLP-1RA can cause weight loss, which as mentioned, can help with joint pain. SGLT2i also cause weight loss but perhaps not as much as GLP-1RA. So, maybe the higher incidence in GLP-1RA users is because they lose more weight, which alleviates joint pain. But in this case, the percentage of joint pain is higher in GLP-1RA, which might suggest that more joint pain is being experienced. That seems counterintuitive if weight loss is reducing it.

Wait, actually, if GLP-1RA leads to more weight loss, one might expect less joint pain because less weight is on the joints. So a higher percentage of joint pain in GLP-1RA users doesn't align with that expectation. Unless the weight loss isn't the factor here.

Alternatively, perhaps GLP-1RA affects the body in a way that increases joint pain. Maybe through inflammation or other mechanisms. For example, some medications can cause joint inflammation or exacerbate existing joint issues.

Looking at the examples provided, most of the outcomes where the treatment group had a higher percentage were considered ""yes"" as a positive outcome. For instance, when GLP-1RA had a higher percentage for Type 2 diabetes, obesity, hypertension, hyperlipidemia, and chronic kidney disease, it was considered a positive outcome.

In this case, since GLP-1RA users have a higher incidence of Chronic joint pain, it's being treated as a positive outcome, implying that the treatment has a causal effect on it.

But wait, in the examples, the control group sometimes had a lower or higher percentage. For instance, in the first example, GLP-1RA had 0.99% and control had 0.44%, and it was a ""no"". Similarly, in another example, GLP-1RA had 0.13% vs. 0.08% control, also ""no"". So when the treatment group is higher, sometimes it's ""yes"" and sometimes ""no"".

But in the examples provided, when the treatment group had a higher percentage, it was considered ""yes"" only for outcomes where the treatment is expected to have a positive effect, like diabetes, obesity, etc. For outcomes where the treatment isn't supposed to have a direct effect, like joint pain, it's ""no"".

Wait, no, in the examples, for the Type 2 diabetes, the treatment group had 94.81% vs. 96.68% control, and it was ""yes"". Similarly, for obesity, 64.14% vs. 44.50%, ""yes"". But for joint pain, it's 39.20% vs. 29.82%, and the answer is ""yes"" as a positive outcome.

But in reality, joint pain is more common in people with diabetes, often due to complications like neuropathy or retinopathy, but also due to obesity-related arthritis. So if GLP-1RA is associated with weight loss, maybe it's reducing joint pain, but in this case, it's higher. So perhaps the higher incidence in GLP-1RA is coincidental, or perhaps it's due to another factor.

But according to the instruction, both treatments are expected to behave similarly—either both yes or both no. So if in the example, when the treatment group had a higher percentage, it was considered ""yes"", perhaps that's the pattern to follow here.

Alternatively, perhaps the reasoning is that since both treatments can affect weight and inflammation, and joint pain is a downstream effect, the treatment that causes more of a certain effect (like weight loss) would have a positive outcome. But in this case, GLP-1RA is causing higher joint pain, so maybe it's a negative outcome, but according to the examples, when the treatment group has a higher percentage, it's ""yes"".

Wait, in the examples, when the treatment group had a higher percentage for positive outcomes (like diabetes, obesity), it was ""yes"". For non-expected outcomes, like joint pain, perhaps it's ""no"". But in the given question, the outcome is joint pain, which is a positive outcome in the context of the task because it's a health-related issue. So if the treatment is causing more of it, it's a positive outcome, hence ""yes"".

But I'm a bit confused because joint pain is often a negative outcome in diabetes management, as it can indicate complications. However, in the task's context, any outcome is considered positive if the treatment is causing it. So if the treatment increases the occurrence of joint pain, it's a positive outcome, hence ""yes"".

Therefore, based on the pattern in the examples and the instruction, I think the answer is ""yes"".
</think>

yes",yes
Batch3,v5,medical_questions_v5.txt,3,"Question 3
[Background]
We compare two treatments for type 2 diabetes:
- Treatment: GLP-1 Receptor Agonists (GLP-1RA)
- Control: Sodium-Glucose Cotransporter-2 Inhibitors (SGLT2i)
[Task Description]
You’ll receive an outcome and the percentage of affected patients in each group.
Decide whether these treatments have a causal effect on that outcome.
You will receive a query describing an outcome and the proportion of patients in each group who experienced it:
- One percentage for patients using GLP-1RA (treatment group).
- One percentage for patients using SGLT2i (control group).
Your task is to determine whether the treatments (GLP-1RA and SGLT2i) have a causal effect on that outcome.
[Cohort Description]
Adults with type 2 diabetes who began either GLP-1RA or SGLT2i.
All had a prior diabetes diagnosis.
GLP-1RA users: mean age 58.0, BMI 37.4.
SGLT2i users: mean age 64.6, BMI 32.8.
Charlson Comorbidity Index ≥ 3 in 65.2% (GLP-1RA) and 68.5% (SGLT2i).
[Instruction]
- Judge whether the treatments causally influence the outcome.
- Both treatments are expected to behave similarly (either both yes or both no).
- “Yes” = Positive Outcome (OOI); “No” = Negative Control Outcome (NCO).
- Reply with only “yes” or “no.”
[Few-shot Examples]
- Treatment group using GLP-1RA (treatment) had 0.99% Ganglion cyst, compared with 0.44% for control group using SGLT2i. Does treatment have causal effect to the Ganglion cyst (is it a Positive Outcome)? - no
- Treatment group using GLP-1RA (treatment) had 1.79% Deviated nasal septum, compared with 1.16% for control group using SGLT2i. Does treatment have causal effect to the Deviated nasal septum (is it a Positive Outcome)? - no
- Treatment group using GLP-1RA (treatment) had 0.13% Acquired keratoderma, compared with 0.08% for control group using SGLT2i. Does treatment have causal effect to the Acquired keratoderma (is it a Positive Outcome)? - no
- Treatment group using GLP-1RA (treatment) had 1.88% Senile hyperkeratosis, compared with 1.55% for control group using SGLT2i. Does treatment have causal effect to the Senile hyperkeratosis (is it a Positive Outcome)? - no
- Treatment group using GLP-1RA (treatment) had 2.64% Nontoxic multinodular goiter, compared with 1.39% for control group using SGLT2i. Does treatment have causal effect to the Nontoxic multinodular goiter (is it a Positive Outcome)? - no
- Treatment group using GLP-1RA (treatment) had 94.81% Type 2 diabetes mellitus, compared with 96.68% for control group using SGLT2i. Does treatment have causal effect to the Type 2 diabetes mellitus (is it a Positive Outcome)? - yes
- Treatment group using GLP-1RA (treatment) had 19.87% Chronic kidney disease, compared with 31.81% for control group using SGLT2i. Does treatment have causal effect to the Chronic kidney disease (is it a Positive Outcome)? - yes
- Treatment group using GLP-1RA (treatment) had 78.37% Hypertension, compared with 84.71% for control group using SGLT2i. Does treatment have causal effect to the Hypertension (is it a Positive Outcome)? - yes
- Treatment group using GLP-1RA (treatment) had 78.09% Hyperlipidemia, compared with 84.45% for control group using SGLT2i. Does treatment have causal effect to the Hyperlipidemia (is it a Positive Outcome)? - yes
- Treatment group using GLP-1RA (treatment) had 64.14% Obesity, compared with 44.50% for control group using SGLT2i. Does treatment have causal effect to the Obesity (is it a Positive Outcome)? - yes
[Your Task]
[Question]
Treatment group using GLP-1RA (treatment) had 39.20% Chronic joint pain, compared with 29.82% for control group using SGLT2i. Does treatment have causal effect to the Chronic joint pain (is it a Positive Outcome)?
Answer: [Your answer, ""yes"" or ""no""]",10,"Okay, so I'm trying to figure out whether GLP-1 Receptor Agonists (GLP-1RA) have a causal effect on Chronic joint pain in the context of type 2 diabetes. The data provided shows that 39.20% of GLP-1RA users experienced Chronic joint pain, compared to 29.82% of SGLT2i users. 

First, I remember that both GLP-1RA and SGLT2i are medications used to manage type 2 diabetes. GLP-1RA works by helping the body release more insulin and less glucagon, which can help with weight loss and lowering blood glucose. SGLT2i inhibits the kidneys from reabsorbing glucose, which also lowers blood glucose levels and can have benefits beyond just glucose control, like reducing the risk of heart disease.

Now, the question is about Chronic joint pain. I'm not a medical expert, but I know that both medications are used in the management of diabetes, and sometimes medications have side effects. I wonder if either of these treatments is known to cause joint pain as a side effect.

Looking at the examples provided, for instance, when the treatment group had a higher percentage for outcomes like Hypertension, Hyperlipidemia, and Obesity, the answer was ""yes."" That makes sense because these are known side effects or complications of diabetes that can be influenced by the medications. So, if the treatment group has a higher rate of a specific outcome, it might indicate that the treatment is causing it.

In the case of Chronic joint pain, I'm not sure if it's directly linked to either GLP-1RA or SGLT2i. I know that some diabetes medications can cause joint pain as a side effect, but I'm not certain about GLP-1RA and SGLT2i specifically. I should consider whether there's a known association between these medications and joint pain.

From what I recall, GLP-1RA can sometimes cause side effects like nausea, vomiting, and diarrhea, but joint pain isn't something I've heard associated with them. SGLT2i, on the other hand, have been linked to some side effects like increased urination, hypoglycemia, and, more recently, reports of joint pain, especially in the legs. So, SGLT2i might be associated with joint pain more than GLP-1RA.

Given that the control group (SGLT2i) has a lower percentage of patients with Chronic joint pain (29.82%) compared to GLP-1RA (39.20%), it suggests that GLP-1RA users are more likely to experience this issue. If SGLT2i is known to cause joint pain, then the lower percentage in their group makes sense. But if GLP-1RA isn't typically linked to joint pain, then maybe the higher percentage in GLP-1RA users is coincidental or influenced by another factor.

Another angle to consider is the characteristics of the patients in each group. The GLP-1RA group has a younger mean age (58.0 vs. 64.6) and higher BMI (37.4 vs. 32.8). Higher BMI is associated with more joint pain due to the additional weight stress on joints. So, the higher percentage in GLP-1RA users could be due to the demographic differences rather than the medication itself.

Also, the Charlson Comorbidity Index is higher in both groups, but slightly more so in the SGLT2i group. This could mean that SGLT2i patients have more comorbidities, which might include joint pain or other conditions that cause joint pain. So, the higher percentage in GLP-1RA might be due to the underlying health of the patients rather than the treatment.

I should also think about whether the outcome is a known positive outcome for either treatment. If joint pain is a known side effect or complication, then the higher percentage in GLP-1RA would indicate a causal effect. But if it's not a known outcome, it might be a confounding factor related to the patients' characteristics.

Looking at the examples provided, when the outcome was Type 2 diabetes, it was considered a positive outcome because it's a known complication, so the higher rate in GLP-1RA was seen as causal. Similarly, for Chronic kidney disease and other conditions, the same logic applied. So, applying the same reasoning, if Chronic joint pain is a known positive outcome, then GLP-1RA causing it would make sense.

However, if joint pain isn't directly linked to these treatments, then the higher percentage might be due to other factors, like the patients' higher BMI or other comorbidities. In that case, the treatment might not have a causal effect.

I'm a bit torn because, while the GLP-1RA group has a higher percentage, the underlying factors could be influencing it. But based on the instruction that both treatments should behave similarly, I think the answer is to check if the outcome is a positive one that the treatment should influence.

Since joint pain isn't a typical side effect of either treatment, and given the higher BMI in GLP-1RA users, it's more likely that the higher percentage is due to the patients' characteristics rather than the treatment. Therefore, the treatment might not have a causal effect here.
</think>

no",no
Batch3,v5,medical_questions_v5.txt,4,"Question 4
[Background]
We compare two treatments for type 2 diabetes:
- Treatment: GLP-1 Receptor Agonists (GLP-1RA)
- Control: Sodium-Glucose Cotransporter-2 Inhibitors (SGLT2i)
[Task Description]
You’ll receive an outcome and the percentage of affected patients in each group.
Decide whether these treatments have a causal effect on that outcome.
You will receive a query describing an outcome and the proportion of patients in each group who experienced it:
- One percentage for patients using GLP-1RA (treatment group).
- One percentage for patients using SGLT2i (control group).
Your task is to determine whether the treatments (GLP-1RA and SGLT2i) have a causal effect on that outcome.
[Cohort Description]
Adults with type 2 diabetes who began either GLP-1RA or SGLT2i.
All had a prior diabetes diagnosis.
GLP-1RA users: mean age 58.0, BMI 37.4.
SGLT2i users: mean age 64.6, BMI 32.8.
Charlson Comorbidity Index ≥ 3 in 65.2% (GLP-1RA) and 68.5% (SGLT2i).
[Instruction]
- Judge whether the treatments causally influence the outcome.
- Both treatments are expected to behave similarly (either both yes or both no).
- “Yes” = Positive Outcome (OOI); “No” = Negative Control Outcome (NCO).
- Reply with only “yes” or “no.”
[Few-shot Examples]
- Treatment group using GLP-1RA (treatment) had 0.99% Ganglion cyst, compared with 0.44% for control group using SGLT2i. Does treatment have causal effect to the Ganglion cyst (is it a Positive Outcome)? - no
- Treatment group using GLP-1RA (treatment) had 1.79% Deviated nasal septum, compared with 1.16% for control group using SGLT2i. Does treatment have causal effect to the Deviated nasal septum (is it a Positive Outcome)? - no
- Treatment group using GLP-1RA (treatment) had 0.13% Acquired keratoderma, compared with 0.08% for control group using SGLT2i. Does treatment have causal effect to the Acquired keratoderma (is it a Positive Outcome)? - no
- Treatment group using GLP-1RA (treatment) had 1.88% Senile hyperkeratosis, compared with 1.55% for control group using SGLT2i. Does treatment have causal effect to the Senile hyperkeratosis (is it a Positive Outcome)? - no
- Treatment group using GLP-1RA (treatment) had 2.64% Nontoxic multinodular goiter, compared with 1.39% for control group using SGLT2i. Does treatment have causal effect to the Nontoxic multinodular goiter (is it a Positive Outcome)? - no
- Treatment group using GLP-1RA (treatment) had 94.81% Type 2 diabetes mellitus, compared with 96.68% for control group using SGLT2i. Does treatment have causal effect to the Type 2 diabetes mellitus (is it a Positive Outcome)? - yes
- Treatment group using GLP-1RA (treatment) had 19.87% Chronic kidney disease, compared with 31.81% for control group using SGLT2i. Does treatment have causal effect to the Chronic kidney disease (is it a Positive Outcome)? - yes
- Treatment group using GLP-1RA (treatment) had 78.37% Hypertension, compared with 84.71% for control group using SGLT2i. Does treatment have causal effect to the Hypertension (is it a Positive Outcome)? - yes
- Treatment group using GLP-1RA (treatment) had 78.09% Hyperlipidemia, compared with 84.45% for control group using SGLT2i. Does treatment have causal effect to the Hyperlipidemia (is it a Positive Outcome)? - yes
- Treatment group using GLP-1RA (treatment) had 64.14% Obesity, compared with 44.50% for control group using SGLT2i. Does treatment have causal effect to the Obesity (is it a Positive Outcome)? - yes
[Your Task]
[Question]
Treatment group using GLP-1RA (treatment) had 29.61% Osteoarthritis, compared with 26.72% for control group using SGLT2i. Does treatment have causal effect to the Osteoarthritis (is it a Positive Outcome)?
Answer: [Your answer, ""yes"" or ""no""]",1,"Alright, I'm trying to figure out whether GLP-1 Receptor Agonists (GLP-1RA) have a causal effect on Osteoarthritis compared to Sodium-Glucose Cotransporter-2 Inhibitors (SGLT2i) in type 2 diabetes patients. Let's break this down step by step.

First, I know that both GLP-1RA and SGLT2i are medications used to treat type 2 diabetes. GLP-1RA works by increasing insulin release and slowing down glucose absorption, while SGLT2i inhibits the kidneys from reabsorbing glucose, thus promoting urine output and lowering blood sugar levels. Both are considered diabetes medications, but they have different mechanisms.

The question gives me the percentage of patients in each group who developed Osteoarthritis. The treatment group (GLP-1RA) had 29.61%, and the control group (SGLT2i) had 26.72%. The task is to determine if this difference suggests a causal effect.

I remember from the examples provided that if the treatment group has a higher percentage of an outcome, it's considered a Positive Outcome (OOI) if it's directly caused by the treatment. Conversely, if the control group has a higher rate, it's a Negative Control Outcome (NCO), meaning the treatment doesn't cause it.

Looking at the examples, when the treatment group had a higher rate than the control, it was often considered a yes for a Positive Outcome. For instance, in cases like chronic kidney disease, where the treatment group had 19.87% versus 31.81% in control, it was considered yes. Similarly, for hypertension and hyperlipidemia, higher rates in treatment groups were also yes.

However, in some cases, like ganglion cysts, deviated nasal septum, etc., the treatment group didn't have a higher rate, so it was no. But in this case, the treatment group (GLP-1RA) has a slightly higher percentage (29.61%) compared to the control (26.72%). 

Now, considering the mechanisms, GLP-1RA is known to have effects beyond glucose control, such as promoting weight loss and potentially affecting other comorbidities. SGLT2i has been linked to reductions in cardiovascular events and kidney disease, but does either of these medications directly cause or influence osteoarthritis?

Osteoarthritis is a joint disease characterized by the breakdown of cartilage. It can be influenced by factors like obesity, which is a risk factor. Since GLP-1RA often leads to weight loss, which can reduce the risk of osteoarthritis. Conversely, SGLT2i might not have as significant an effect on weight. 

Looking at the example where obesity was the outcome, the treatment group had a higher percentage, and it was considered a yes because GLP-1RA likely causes weight loss, reducing the risk of obesity. Wait, but in that example, the outcome was obesity, so a higher rate in the treatment group would mean GLP-1RA is causing more obesity, which doesn't make sense. Wait, no, the example said that treatment group had 64.14% obesity, control had 44.50%, and it was considered yes because GLP-1RA causes weight gain, leading to more obesity. But that seems contradictory because GLP-1RA is usually associated with weight loss. Hmm, maybe I need to clarify that.

Wait, no, in that example, the outcome was obesity. The treatment group had a higher percentage, so it was considered yes, implying that GLP-1RA might be causing obesity. But that doesn't align with what I know about GLP-1RA, which often leads to weight loss. Maybe the example was a mistake, or perhaps it's a different effect. Alternatively, maybe the example was for a different outcome.

In any case, focusing on osteoarthritis, if GLP-1RA leads to weight loss, which is protective against osteoarthritis, then the treatment group (GLP-1RA) would have a lower rate of osteoarthritis. Conversely, if GLP-1RA had no effect on weight, and SGLT2i maybe had a different impact, then the slightly higher rate in GLP-1RA could be coincidental.

But wait, in the example given, the treatment group had 29.61% vs. 26.72% in control. So, slightly higher in GLP-1RA. If GLP-1RA is causing weight loss, which reduces osteoarthritis risk, then we'd expect the treatment group to have fewer cases, not more. Therefore, a higher rate in GLP-1RA would suggest that GLP-1RA might be causing osteoarthritis, which doesn't align with my understanding. Alternatively, maybe there's another mechanism.

Alternatively, perhaps the difference is due to other factors, like the populations treated. The GLP-1RA group has a lower BMI (37.4) compared to SGLT2i (32.8). Wait, no, the GLP-1RA group has a higher BMI. Wait, looking back, the GLP-1RA users have a mean BMI of 37.4, and SGLT2i have 32.8. So, the GLP-1RA group is more obese. Obesity is a risk factor for osteoarthritis. Therefore, the higher percentage in GLP-1RA could just be due to higher obesity rates in that group, not the treatment causing it.

Moreover, in the examples, when the outcome was obesity, the treatment group had a higher rate, which was considered yes because the treatment (GLP-1RA) was causing more obesity. But that seems contradictory because GLP-1RA is usually associated with weight loss. So perhaps the example was incorrect, or it's a different scenario.

In any case, for this question, the GLP-1RA group has a higher BMI, which is a risk factor for osteoarthritis. The percentage of osteoarthritis is slightly higher in the GLP-1RA group. However, this could be due to the higher obesity rates in that group, not the treatment itself causing osteoarthritis.

Therefore, it's possible that the difference is not causal but due to the underlying characteristics of the groups. Hence, the treatment (GLP-1RA) may not have a causal effect on osteoarthritis in this case.
</think>

no",no
Batch3,v5,medical_questions_v5.txt,4,"Question 4
[Background]
We compare two treatments for type 2 diabetes:
- Treatment: GLP-1 Receptor Agonists (GLP-1RA)
- Control: Sodium-Glucose Cotransporter-2 Inhibitors (SGLT2i)
[Task Description]
You’ll receive an outcome and the percentage of affected patients in each group.
Decide whether these treatments have a causal effect on that outcome.
You will receive a query describing an outcome and the proportion of patients in each group who experienced it:
- One percentage for patients using GLP-1RA (treatment group).
- One percentage for patients using SGLT2i (control group).
Your task is to determine whether the treatments (GLP-1RA and SGLT2i) have a causal effect on that outcome.
[Cohort Description]
Adults with type 2 diabetes who began either GLP-1RA or SGLT2i.
All had a prior diabetes diagnosis.
GLP-1RA users: mean age 58.0, BMI 37.4.
SGLT2i users: mean age 64.6, BMI 32.8.
Charlson Comorbidity Index ≥ 3 in 65.2% (GLP-1RA) and 68.5% (SGLT2i).
[Instruction]
- Judge whether the treatments causally influence the outcome.
- Both treatments are expected to behave similarly (either both yes or both no).
- “Yes” = Positive Outcome (OOI); “No” = Negative Control Outcome (NCO).
- Reply with only “yes” or “no.”
[Few-shot Examples]
- Treatment group using GLP-1RA (treatment) had 0.99% Ganglion cyst, compared with 0.44% for control group using SGLT2i. Does treatment have causal effect to the Ganglion cyst (is it a Positive Outcome)? - no
- Treatment group using GLP-1RA (treatment) had 1.79% Deviated nasal septum, compared with 1.16% for control group using SGLT2i. Does treatment have causal effect to the Deviated nasal septum (is it a Positive Outcome)? - no
- Treatment group using GLP-1RA (treatment) had 0.13% Acquired keratoderma, compared with 0.08% for control group using SGLT2i. Does treatment have causal effect to the Acquired keratoderma (is it a Positive Outcome)? - no
- Treatment group using GLP-1RA (treatment) had 1.88% Senile hyperkeratosis, compared with 1.55% for control group using SGLT2i. Does treatment have causal effect to the Senile hyperkeratosis (is it a Positive Outcome)? - no
- Treatment group using GLP-1RA (treatment) had 2.64% Nontoxic multinodular goiter, compared with 1.39% for control group using SGLT2i. Does treatment have causal effect to the Nontoxic multinodular goiter (is it a Positive Outcome)? - no
- Treatment group using GLP-1RA (treatment) had 94.81% Type 2 diabetes mellitus, compared with 96.68% for control group using SGLT2i. Does treatment have causal effect to the Type 2 diabetes mellitus (is it a Positive Outcome)? - yes
- Treatment group using GLP-1RA (treatment) had 19.87% Chronic kidney disease, compared with 31.81% for control group using SGLT2i. Does treatment have causal effect to the Chronic kidney disease (is it a Positive Outcome)? - yes
- Treatment group using GLP-1RA (treatment) had 78.37% Hypertension, compared with 84.71% for control group using SGLT2i. Does treatment have causal effect to the Hypertension (is it a Positive Outcome)? - yes
- Treatment group using GLP-1RA (treatment) had 78.09% Hyperlipidemia, compared with 84.45% for control group using SGLT2i. Does treatment have causal effect to the Hyperlipidemia (is it a Positive Outcome)? - yes
- Treatment group using GLP-1RA (treatment) had 64.14% Obesity, compared with 44.50% for control group using SGLT2i. Does treatment have causal effect to the Obesity (is it a Positive Outcome)? - yes
[Your Task]
[Question]
Treatment group using GLP-1RA (treatment) had 29.61% Osteoarthritis, compared with 26.72% for control group using SGLT2i. Does treatment have causal effect to the Osteoarthritis (is it a Positive Outcome)?
Answer: [Your answer, ""yes"" or ""no""]",2,"Okay, so I need to determine if GLP-1RA treatment has a causal effect on osteoarthritis in this context. Let me start by understanding the problem.

We have two treatments: GLP-1 Receptor Agonists (GLP-1RA) and Sodium-Glucose Cotransporter-2 Inhibitors (SGLT2i). Both are used for type 2 diabetes, but they work differently. GLP-1RA helps with weight loss and is often used with insulin, while SGLT2i can help with weight loss as well but might have different side effects.

The task is to see if the treatment group (GLP-1RA) has a causal effect on the outcome, which is osteoarthritis. The data given is that 29.61% of GLP-1RA users developed osteoarthritis, compared to 26.72% in the SGLT2i group. I need to decide if this difference is due to the treatment or other factors.

First, I should consider whether these medications are known to cause osteoarthritis. From what I remember, GLP-1RA can sometimes cause side effects like pancreatitis or thyroid issues, but osteoarthritis isn't a common side effect I've heard about. Similarly, SGLT2i has been linked to ketoacidosis, heart issues, and urinary tract infections, but again, osteoarthritis isn't a primary side effect I'm aware of.

Next, I should think about the population. Both groups are adults with type 2 diabetes, but there are differences in age, BMI, and comorbidities. GLP-1RA users are slightly younger (mean age 58 vs 64.6), have higher BMI (37.4 vs 32.8), and a slightly lower Charlson score. These factors could influence the incidence of osteoarthritis. For instance, higher BMI is a known risk factor for osteoarthritis because more weight can strain the joints.

Looking at the percentages, GLP-1RA has a higher incidence of osteoarthritis (29.61%) compared to SGLT2i (26.72%). But considering the differences in the populations, it's possible that the higher BMI in the GLP-1RA group is contributing more to osteoarthritis. Since both groups have different characteristics, it's hard to isolate the effect of the treatment alone.

The instructions mention that both treatments should behave similarly—either both have a causal effect or neither does. From the examples given, when one treatment has a higher percentage, it's often considered a positive outcome, but that's when the effect is expected or known. In this case, osteoarthritis isn't a typical side effect of these medications, so it's more likely that the higher percentage is due to other factors, like BMI, rather than the treatment itself.

Also, looking at other examples, when the treatment group had a higher percentage for conditions like obesity, hyperlipidemia, and hypertension, it was considered a positive outcome. But those are expected outcomes of the treatments. Osteoarthritis isn't an expected outcome, so it's more likely a coincidence or due to other factors like weight.

Therefore, it's more plausible that the higher incidence in the GLP-1RA group is due to the higher BMI rather than the treatment causing it. So, the causal effect isn't from the treatment but from other characteristics of the patients.
</think>

no",no
Batch3,v5,medical_questions_v5.txt,4,"Question 4
[Background]
We compare two treatments for type 2 diabetes:
- Treatment: GLP-1 Receptor Agonists (GLP-1RA)
- Control: Sodium-Glucose Cotransporter-2 Inhibitors (SGLT2i)
[Task Description]
You’ll receive an outcome and the percentage of affected patients in each group.
Decide whether these treatments have a causal effect on that outcome.
You will receive a query describing an outcome and the proportion of patients in each group who experienced it:
- One percentage for patients using GLP-1RA (treatment group).
- One percentage for patients using SGLT2i (control group).
Your task is to determine whether the treatments (GLP-1RA and SGLT2i) have a causal effect on that outcome.
[Cohort Description]
Adults with type 2 diabetes who began either GLP-1RA or SGLT2i.
All had a prior diabetes diagnosis.
GLP-1RA users: mean age 58.0, BMI 37.4.
SGLT2i users: mean age 64.6, BMI 32.8.
Charlson Comorbidity Index ≥ 3 in 65.2% (GLP-1RA) and 68.5% (SGLT2i).
[Instruction]
- Judge whether the treatments causally influence the outcome.
- Both treatments are expected to behave similarly (either both yes or both no).
- “Yes” = Positive Outcome (OOI); “No” = Negative Control Outcome (NCO).
- Reply with only “yes” or “no.”
[Few-shot Examples]
- Treatment group using GLP-1RA (treatment) had 0.99% Ganglion cyst, compared with 0.44% for control group using SGLT2i. Does treatment have causal effect to the Ganglion cyst (is it a Positive Outcome)? - no
- Treatment group using GLP-1RA (treatment) had 1.79% Deviated nasal septum, compared with 1.16% for control group using SGLT2i. Does treatment have causal effect to the Deviated nasal septum (is it a Positive Outcome)? - no
- Treatment group using GLP-1RA (treatment) had 0.13% Acquired keratoderma, compared with 0.08% for control group using SGLT2i. Does treatment have causal effect to the Acquired keratoderma (is it a Positive Outcome)? - no
- Treatment group using GLP-1RA (treatment) had 1.88% Senile hyperkeratosis, compared with 1.55% for control group using SGLT2i. Does treatment have causal effect to the Senile hyperkeratosis (is it a Positive Outcome)? - no
- Treatment group using GLP-1RA (treatment) had 2.64% Nontoxic multinodular goiter, compared with 1.39% for control group using SGLT2i. Does treatment have causal effect to the Nontoxic multinodular goiter (is it a Positive Outcome)? - no
- Treatment group using GLP-1RA (treatment) had 94.81% Type 2 diabetes mellitus, compared with 96.68% for control group using SGLT2i. Does treatment have causal effect to the Type 2 diabetes mellitus (is it a Positive Outcome)? - yes
- Treatment group using GLP-1RA (treatment) had 19.87% Chronic kidney disease, compared with 31.81% for control group using SGLT2i. Does treatment have causal effect to the Chronic kidney disease (is it a Positive Outcome)? - yes
- Treatment group using GLP-1RA (treatment) had 78.37% Hypertension, compared with 84.71% for control group using SGLT2i. Does treatment have causal effect to the Hypertension (is it a Positive Outcome)? - yes
- Treatment group using GLP-1RA (treatment) had 78.09% Hyperlipidemia, compared with 84.45% for control group using SGLT2i. Does treatment have causal effect to the Hyperlipidemia (is it a Positive Outcome)? - yes
- Treatment group using GLP-1RA (treatment) had 64.14% Obesity, compared with 44.50% for control group using SGLT2i. Does treatment have causal effect to the Obesity (is it a Positive Outcome)? - yes
[Your Task]
[Question]
Treatment group using GLP-1RA (treatment) had 29.61% Osteoarthritis, compared with 26.72% for control group using SGLT2i. Does treatment have causal effect to the Osteoarthritis (is it a Positive Outcome)?
Answer: [Your answer, ""yes"" or ""no""]",3,"Okay, so I'm trying to figure out whether GLP-1 Receptor Agonists (GLP-1RA) have a causal effect on osteoarthritis compared to Sodium-Glucose Cotransporter-2 Inhibitors (SGLT2i) in type 2 diabetes patients. 

First, I need to understand what the question is asking. It provides the percentages of patients in each treatment group who developed osteoarthritis. The treatment group using GLP-1RA had 29.61%, and the control group using SGLT2i had 26.72%. The task is to determine if this difference indicates a causal effect of GLP-1RA on osteoarthritis.

I remember from the background that both treatments are used for type 2 diabetes, but they work differently. GLP-1RA helps with glucose control by increasing insulin and decreasing glucagon, while SGLT2i inhibits glucose reabsorption, leading to more urine excretion and lower blood glucose. 

Now, thinking about the outcome, osteoarthritis is a joint disease often related to factors like obesity, age, and inflammation. Since both groups have type 2 diabetes, they might already be at higher risk for joint issues. The question is whether using one treatment over the other specifically causes osteoarthritis.

Looking at the examples provided, I notice that when the treatment group had a higher percentage for a particular outcome, it was sometimes considered a positive outcome (yes), but often it was no. For instance, in the case of Type 2 diabetes, the treatment group had a slightly lower percentage, but it was considered a yes because the treatment is expected to manage diabetes. Similarly, for Chronic kidney disease, the treatment group had a lower rate, leading to a yes.

In this case, GLP-1RA has a slightly higher percentage (29.61%) compared to SGLT2i (26.72%). The question is whether this difference is causal. Since both groups are using different medications for diabetes, it's possible that other factors are at play, like the underlying characteristics of the patients.

Looking at the cohort description, GLP-1RA users are younger (mean age 58.0 vs. 64.6 for SGLT2i) and have a higher BMI (37.4 vs. 32.8). They also have a similar Charlson Comorbidity Index, which measures the risk of complications. Higher BMI is a known risk factor for osteoarthritis, so maybe the difference in BMI contributes to the higher rate in the GLP-1RA group.

Also, GLP-1RA might influence other factors like inflammation or weight, which could affect joint health. However, SGLT2i is known to have benefits beyond glucose control, such as reducing cardiovascular events and possibly affecting inflammation, which might protect against osteoarthritis.

But the question is whether the treatment itself causes the outcome. If the higher rate in GLP-1RA is due to their patients being more obese or having other risk factors, then it's not a causal effect of the medication itself. Instead, it's a result of the patient characteristics or other underlying factors.

In the examples, when the treatment group had a higher percentage for conditions like hypertension or hyperlipidemia, it was considered a positive outcome because those are expected to improve with treatment. But osteoarthritis isn't directly a diabetes-related condition; it's more related to joint health. So, it's not clear if GLP-1RA would directly cause osteoarthritis.

Given that both groups are using diabetes medications, and the difference in osteoarthritis rates could be due to other factors like BMI, it's more likely that the difference is not causal but due to confounding variables. Therefore, the answer should be no.
</think>

no",no
Batch3,v5,medical_questions_v5.txt,4,"Question 4
[Background]
We compare two treatments for type 2 diabetes:
- Treatment: GLP-1 Receptor Agonists (GLP-1RA)
- Control: Sodium-Glucose Cotransporter-2 Inhibitors (SGLT2i)
[Task Description]
You’ll receive an outcome and the percentage of affected patients in each group.
Decide whether these treatments have a causal effect on that outcome.
You will receive a query describing an outcome and the proportion of patients in each group who experienced it:
- One percentage for patients using GLP-1RA (treatment group).
- One percentage for patients using SGLT2i (control group).
Your task is to determine whether the treatments (GLP-1RA and SGLT2i) have a causal effect on that outcome.
[Cohort Description]
Adults with type 2 diabetes who began either GLP-1RA or SGLT2i.
All had a prior diabetes diagnosis.
GLP-1RA users: mean age 58.0, BMI 37.4.
SGLT2i users: mean age 64.6, BMI 32.8.
Charlson Comorbidity Index ≥ 3 in 65.2% (GLP-1RA) and 68.5% (SGLT2i).
[Instruction]
- Judge whether the treatments causally influence the outcome.
- Both treatments are expected to behave similarly (either both yes or both no).
- “Yes” = Positive Outcome (OOI); “No” = Negative Control Outcome (NCO).
- Reply with only “yes” or “no.”
[Few-shot Examples]
- Treatment group using GLP-1RA (treatment) had 0.99% Ganglion cyst, compared with 0.44% for control group using SGLT2i. Does treatment have causal effect to the Ganglion cyst (is it a Positive Outcome)? - no
- Treatment group using GLP-1RA (treatment) had 1.79% Deviated nasal septum, compared with 1.16% for control group using SGLT2i. Does treatment have causal effect to the Deviated nasal septum (is it a Positive Outcome)? - no
- Treatment group using GLP-1RA (treatment) had 0.13% Acquired keratoderma, compared with 0.08% for control group using SGLT2i. Does treatment have causal effect to the Acquired keratoderma (is it a Positive Outcome)? - no
- Treatment group using GLP-1RA (treatment) had 1.88% Senile hyperkeratosis, compared with 1.55% for control group using SGLT2i. Does treatment have causal effect to the Senile hyperkeratosis (is it a Positive Outcome)? - no
- Treatment group using GLP-1RA (treatment) had 2.64% Nontoxic multinodular goiter, compared with 1.39% for control group using SGLT2i. Does treatment have causal effect to the Nontoxic multinodular goiter (is it a Positive Outcome)? - no
- Treatment group using GLP-1RA (treatment) had 94.81% Type 2 diabetes mellitus, compared with 96.68% for control group using SGLT2i. Does treatment have causal effect to the Type 2 diabetes mellitus (is it a Positive Outcome)? - yes
- Treatment group using GLP-1RA (treatment) had 19.87% Chronic kidney disease, compared with 31.81% for control group using SGLT2i. Does treatment have causal effect to the Chronic kidney disease (is it a Positive Outcome)? - yes
- Treatment group using GLP-1RA (treatment) had 78.37% Hypertension, compared with 84.71% for control group using SGLT2i. Does treatment have causal effect to the Hypertension (is it a Positive Outcome)? - yes
- Treatment group using GLP-1RA (treatment) had 78.09% Hyperlipidemia, compared with 84.45% for control group using SGLT2i. Does treatment have causal effect to the Hyperlipidemia (is it a Positive Outcome)? - yes
- Treatment group using GLP-1RA (treatment) had 64.14% Obesity, compared with 44.50% for control group using SGLT2i. Does treatment have causal effect to the Obesity (is it a Positive Outcome)? - yes
[Your Task]
[Question]
Treatment group using GLP-1RA (treatment) had 29.61% Osteoarthritis, compared with 26.72% for control group using SGLT2i. Does treatment have causal effect to the Osteoarthritis (is it a Positive Outcome)?
Answer: [Your answer, ""yes"" or ""no""]",4,"Okay, so I'm trying to figure out whether GLP-1 Receptor Agonists (GLP-1RA) have a causal effect on osteoarthritis compared to Sodium-Glucose Cotransporter-2 Inhibitors (SGLT2i) in patients with type 2 diabetes. 

First, I remember that GLP-1RAs are medications that help with weight loss and blood sugar control by increasing insulin release and slowing digestion. They're often used in combination with other diabetes medications. On the other hand, SGLT2i inhibitors work by preventing the kidneys from reabsorbing glucose, which also helps lower blood sugar and can lead to weight loss and reductions in cardiovascular risks.

The question gives me the percentages of patients in each group who developed osteoarthritis. The treatment group (GLP-1RA) had 29.61%, and the control group (SGLT2i) had 26.72%. So, more patients in the treatment group developed osteoarthritis.

Now, I need to determine if this difference is causally related. Both drugs are used for managing type 2 diabetes, but they have different mechanisms. GLP-1RAs can cause weight loss, which might be associated with higher risk of osteoarthritis because weight-bearing exercises are common and increased activity can stress joints. Alternatively, SGLT2i might also cause weight loss, but perhaps not as much, or the difference in the incidence here might not be directly linked to the drugs but to other factors.

Looking at the examples provided, when one treatment had a higher percentage of an outcome, it was often considered a ""yes"" if the outcome was expected to be a positive effect of the treatment. For instance, in the examples where the outcome was a diabetes-related complication, it was considered a positive outcome. But osteoarthritis isn't directly a diabetes complication; it's a joint disease. However, both GLP-1RA and SGLT2i can affect body weight, which is a risk factor for osteoarthritis.

In the examples given, when the treatment group had a higher percentage of an outcome, it was sometimes considered a positive outcome if the treatment was expected to cause it. For instance, obesity was considered a positive outcome when the treatment group had a higher rate, which makes sense because GLP-1RAs can help with weight loss, contributing to obesity as a positive outcome.

In this case, osteoarthritis is a condition that can be influenced by weight. GLP-1RAs might lead to weight loss, which could potentially reduce the risk of osteoarthritis, but if the treatment group has a higher incidence, it might mean that the drug increases the risk. Alternatively, it could be that the treatment group is more active, but that doesn't fit well with the data.

Alternatively, perhaps the difference in osteoarthritis incidence isn't directly due to the drugs but to other factors, like the population differences. The GLP-1RA users had a higher BMI (37.4) compared to SGLT2i users (32.8). Higher BMI is a known risk factor for osteoarthritis. So, even though GLP-1RAs are used to help with weight loss, in this cohort, the GLP-1RA group had a higher BMI, which could explain a higher incidence of osteoarthritis. 

Wait, but the GLP-1RA group's BMI was 37.4, and SGLT2i was 32.8. So the GLP-1RA group is more obese, which is a higher risk for osteoarthritis. Therefore, the higher percentage in the GLP-1RA group might not be due to the drug but the baseline characteristic of the patients.

But the instruction says to consider whether the treatments causally influence the outcome. So, if the treatment group has a higher incidence, is that because the treatment causes it or because the control group is different?

Another angle: GLP-1RAs are known to sometimes cause side effects related to the gallbladder or pancreas, but I don't think that's related to osteoarthritis. SGLT2i can also cause some side effects, but again, not directly linked to osteoarthritis.

Looking at the examples, when the treatment group had a higher rate, it was often considered a ""yes"" if the outcome was something the treatment was supposed to influence positively. For instance, Type 2 diabetes was a positive outcome because both treatments are for diabetes, so if the treatment group had more cases, it's because the treatment is effective.

In the case of osteoarthritis, if the treatment is causing weight loss, which is a positive outcome for diabetes management but could affect osteoarthritis risk either way. However, the example with obesity was considered a positive outcome because it's a known risk factor for diabetes, so the higher rate in treatment was seen as a positive effect.

Similarly, if osteoarthritis is more common in the treatment group, perhaps it's because the treatment leads to weight loss, which might reduce the risk, but if the incidence is higher, maybe it's not a direct effect. Alternatively, the higher BMI in the treatment group could be a confounding factor, leading to a higher incidence regardless of the treatment.

Wait, but the GLP-1RA group has a higher BMI, which is a risk factor for osteoarthritis. So, if they're more obese, they might have a higher incidence of osteoarthritis regardless of the treatment. The SGLT2i group has a lower BMI, which would have a lower risk. So, the higher percentage in GLP-1RA might just be because their patients are more at risk to begin with.

But the task is to determine if the treatments causally influence the outcome. So, even if the GLP-1RA group has a higher incidence, it's because the treatment causes it, or because the control group is different.

Looking at the examples, when the treatment group had a higher rate, it was considered ""yes"" if the outcome was a positive effect. For instance, in the case of Type 2 diabetes, it's a positive outcome because the treatment is for diabetes, so if more patients have it, it's because the treatment is effective.

In this case, osteoarthritis isn't a direct target of the treatments, but both treatments can affect weight. GLP-1RA can lead to weight loss, which could reduce the risk of osteoarthritis, but if the GLP-1RA group has a higher incidence, maybe the treatment isn't directly causing it. Alternatively, the higher BMI in the treatment group could be the cause.

But the instruction says that both treatments are expected to behave similarly, either both yes or both no. So, if the treatment group has a higher rate, it's because the treatment has a causal effect, or the control group does. Since both are diabetes medications, but with different effects, perhaps the outcome is influenced by the same factors.

Wait, but in the examples, when the treatment group had a higher rate, it was considered a ""yes"" if the outcome was a positive effect. For instance, when the treatment group had more Type 2 diabetes, it was ""yes"" because the treatment is for diabetes. Similarly, when the treatment group had more obesity, it was ""yes"" because obesity is a risk factor for diabetes, so the treatment leading to weight loss was considered a positive outcome.

Applying that logic here, osteoarthritis is a condition influenced by weight. If GLP-1RA causes weight loss, which could reduce the risk of osteoarthritis, but in this case, the GLP-1RA group has a higher incidence. That seems contradictory. Alternatively, perhaps the treatment isn't directly causing osteoarthritis, but the higher BMI in the treatment group is the cause.

But the task is to determine if the treatments have a causal effect. So, if the treatment group has a higher incidence, is it because the treatment causes it or because the control group is different.

In the examples, when the treatment group had a higher rate, it was considered a ""yes"" if the outcome was a positive effect. So, applying that here, if the treatment group has a higher rate of osteoarthritis, which is a condition influenced by weight, and the treatment group has a higher BMI, perhaps the treatment isn't causing it but the control group has lower BMI, leading to lower incidence.

But the instruction says to consider whether the treatments causally influence the outcome. So, if the treatment group has a higher incidence, is that because the treatment causes it, or because the control group is different.

Wait, but the example with obesity was considered a positive outcome because the treatment was helping with weight loss, which is a positive for diabetes. So, if the treatment group has more obesity, it's because the treatment is effective. Similarly, if the treatment group has more osteoarthritis, maybe it's because the treatment is causing weight loss, which somehow affects osteoarthritis. Or, it could be that the higher BMI is causing more osteoarthritis.

This is a bit confusing. Let me think again.

GLP-1RA: known to cause weight loss or maintain weight loss, which could potentially reduce the risk of osteoarthritis because less weight on joints. But in this case, the GLP-1RA group has a higher BMI, which is a risk factor for osteoarthritis. So, the treatment might not be the cause here; the higher BMI is.

Alternatively, perhaps the treatment group, despite having higher BMI, has a higher incidence of osteoarthritis because of some other mechanism. But I don't know of any direct link between GLP-1RA and osteoarthritis.

In the examples, when the treatment group had a higher rate, it was often considered a ""yes"" if the outcome was a positive effect. For instance, when the treatment group had more Type 2 diabetes, it was ""yes"" because the treatment is for diabetes.

So, applying that logic, if the treatment group has a higher rate of osteoarthritis, it's considered a ""yes"" because the treatment influences it. But I'm not sure if that's the case here.

Alternatively, perhaps the higher incidence in the treatment group is due to the higher BMI, which is a confounding factor. So, the treatment isn't causing it, but the control group's lower BMI is protective.

But the instruction says to determine if the treatments have a causal effect. So, if the treatment group has a higher rate, it's because the treatment causes it, or because the control group is different.

In the example where the treatment group had more obesity, it was considered a ""yes"" because the treatment helps with weight loss, which is a positive outcome for diabetes. So, perhaps in this case, osteoarthritis is a positive outcome because the treatment is influencing it.

Wait, but osteoarthritis isn't a positive outcome for diabetes treatment. It's a joint condition. So, maybe the causal effect isn't direct. Alternatively, perhaps the treatment isn't causing it, but the higher BMI is.

I'm a bit stuck. Let me look at the examples again.

In the example where the treatment group had a higher rate of Type 2 diabetes, it was ""yes"" because it's the treatment's intended outcome. Similarly, when the treatment group had more obesity, it was ""yes"" because the treatment helps with weight loss.

In this case, the treatment group has a higher rate of osteoarthritis. Osteoarthritis is influenced by BMI. Since the treatment group has a higher BMI, which is a risk factor, the higher incidence might be because of the higher BMI, not the treatment.

But the task is to determine if the treatments have a causal effect on the outcome. So, if the treatment group has a higher rate, it's because the treatment causes it. But in this case, the higher rate might be due to the higher BMI in the treatment group, not the treatment itself.

However, the instruction says that both treatments are expected to behave similarly, either both yes or both no. So, if the treatment group has a higher rate, it's because the treatment has a causal effect, or the control group does. But in this case, the control group has a lower rate, so the treatment group's higher rate might be due to something else.

Alternatively, perhaps the treatment isn't causing osteoarthritis, but the control group is different. But I don't know.

I think I need to make a decision based on the examples. In the examples, when the treatment group had a higher rate, it was often considered a ""yes"" if the outcome was a positive effect of the treatment. So, applying that here, since the treatment group has a higher rate of osteoarthritis, and the treatment is GLP-1RA which can affect weight, perhaps it's considered a ""yes"" because the treatment influences the outcome.

But I'm not entirely sure. Alternatively, maybe it's a ""no"" because the higher rate is due to the higher BMI in the treatment group.

Wait, but the instruction says to consider whether the treatments have a causal effect. So, if the treatment group has a higher rate, it's because the treatment causes it, or because the control group is different.

In the example with obesity, it was considered a positive outcome because the treatment helps with weight loss, which is a known risk factor for diabetes. So, the higher rate in the treatment group was seen as a positive effect of the treatment.

Similarly, if the treatment group has a higher rate of osteoarthritis, perhaps it's because the treatment is causing weight loss, which might indirectly affect osteoarthritis. Or, it could be that the higher BMI is the cause.

I think the key is that in the examples, the ""yes"" was given when the treatment group had a higher rate of a condition that the treatment was intended to influence. In this case, osteoarthritis isn't directly influenced by the treatments, but weight is. So, if the treatment is causing weight loss, which could affect osteoarthritis, then it's a positive outcome. But if the higher rate is because of higher BMI, then it's not a causal effect of the treatment.

Given that the GLP-1RA group has a higher BMI, which is a known risk factor for osteoarthritis, the higher incidence might be due to that, not the treatment. Therefore, the treatment might not have a causal effect here.

But the instruction says to consider whether the treatments have a causal effect, regardless of the reasons. So, if the treatment group has a higher rate, it's because the treatment causes it, or because the control group is different.

In the example with Type 2 diabetes, it was ""yes"" because the treatment is for diabetes. Similarly, here, if the treatment is influencing osteoarthritis, it's a ""yes"". But I'm not sure if that's the case.

Alternatively, perhaps the higher rate is a spurious finding and not causal. But without more data, I have to make a decision based on the given information.

I think I'll go with ""yes"" because the treatment group has a higher rate, and the treatment can influence weight, which is a factor in osteoarthritis. So, it's a positive outcome.
</think>

yes",yes
Batch3,v5,medical_questions_v5.txt,4,"Question 4
[Background]
We compare two treatments for type 2 diabetes:
- Treatment: GLP-1 Receptor Agonists (GLP-1RA)
- Control: Sodium-Glucose Cotransporter-2 Inhibitors (SGLT2i)
[Task Description]
You’ll receive an outcome and the percentage of affected patients in each group.
Decide whether these treatments have a causal effect on that outcome.
You will receive a query describing an outcome and the proportion of patients in each group who experienced it:
- One percentage for patients using GLP-1RA (treatment group).
- One percentage for patients using SGLT2i (control group).
Your task is to determine whether the treatments (GLP-1RA and SGLT2i) have a causal effect on that outcome.
[Cohort Description]
Adults with type 2 diabetes who began either GLP-1RA or SGLT2i.
All had a prior diabetes diagnosis.
GLP-1RA users: mean age 58.0, BMI 37.4.
SGLT2i users: mean age 64.6, BMI 32.8.
Charlson Comorbidity Index ≥ 3 in 65.2% (GLP-1RA) and 68.5% (SGLT2i).
[Instruction]
- Judge whether the treatments causally influence the outcome.
- Both treatments are expected to behave similarly (either both yes or both no).
- “Yes” = Positive Outcome (OOI); “No” = Negative Control Outcome (NCO).
- Reply with only “yes” or “no.”
[Few-shot Examples]
- Treatment group using GLP-1RA (treatment) had 0.99% Ganglion cyst, compared with 0.44% for control group using SGLT2i. Does treatment have causal effect to the Ganglion cyst (is it a Positive Outcome)? - no
- Treatment group using GLP-1RA (treatment) had 1.79% Deviated nasal septum, compared with 1.16% for control group using SGLT2i. Does treatment have causal effect to the Deviated nasal septum (is it a Positive Outcome)? - no
- Treatment group using GLP-1RA (treatment) had 0.13% Acquired keratoderma, compared with 0.08% for control group using SGLT2i. Does treatment have causal effect to the Acquired keratoderma (is it a Positive Outcome)? - no
- Treatment group using GLP-1RA (treatment) had 1.88% Senile hyperkeratosis, compared with 1.55% for control group using SGLT2i. Does treatment have causal effect to the Senile hyperkeratosis (is it a Positive Outcome)? - no
- Treatment group using GLP-1RA (treatment) had 2.64% Nontoxic multinodular goiter, compared with 1.39% for control group using SGLT2i. Does treatment have causal effect to the Nontoxic multinodular goiter (is it a Positive Outcome)? - no
- Treatment group using GLP-1RA (treatment) had 94.81% Type 2 diabetes mellitus, compared with 96.68% for control group using SGLT2i. Does treatment have causal effect to the Type 2 diabetes mellitus (is it a Positive Outcome)? - yes
- Treatment group using GLP-1RA (treatment) had 19.87% Chronic kidney disease, compared with 31.81% for control group using SGLT2i. Does treatment have causal effect to the Chronic kidney disease (is it a Positive Outcome)? - yes
- Treatment group using GLP-1RA (treatment) had 78.37% Hypertension, compared with 84.71% for control group using SGLT2i. Does treatment have causal effect to the Hypertension (is it a Positive Outcome)? - yes
- Treatment group using GLP-1RA (treatment) had 78.09% Hyperlipidemia, compared with 84.45% for control group using SGLT2i. Does treatment have causal effect to the Hyperlipidemia (is it a Positive Outcome)? - yes
- Treatment group using GLP-1RA (treatment) had 64.14% Obesity, compared with 44.50% for control group using SGLT2i. Does treatment have causal effect to the Obesity (is it a Positive Outcome)? - yes
[Your Task]
[Question]
Treatment group using GLP-1RA (treatment) had 29.61% Osteoarthritis, compared with 26.72% for control group using SGLT2i. Does treatment have causal effect to the Osteoarthritis (is it a Positive Outcome)?
Answer: [Your answer, ""yes"" or ""no""]",5,"Alright, so I need to figure out whether GLP-1 Receptor Agonists (GLP-1RA) have a causal effect on Osteoarthritis in patients with type 2 diabetes. The data given is that 29.61% of GLP-1RA users experienced Osteoarthritis, while 26.72% of SGLT2i users did. 

First, I should understand what both treatments do. GLP-1RA medications, like exenatide or liraglutide, work by mimicking the action of GLP-1, a hormone that helps regulate blood sugar. They help with glucose control and can promote weight loss. They might also affect other factors related to diabetes and cardiovascular health.

SGLT2i inhibitors, such as empagliflozin or dapagliflozin, work by inhibiting the enzyme SGLT2, which is responsible for reabsorbing glucose in the kidneys. This helps reduce blood sugar levels and can lead to weight loss and a reduction in cardiovascular risks.

Now, looking at the outcome, Osteoarthritis. Osteoarthritis is a joint disease characterized by the breakdown of cartilage and bone remodeling. It's often related to factors like obesity, age, and joint stress. In the context of type 2 diabetes, both GLP-1RA and SGLT2i are used to manage the disease, but they might have different effects on other comorbidities.

GLP-1RA is known to aid in weight loss, which could contribute to the development or progression of osteoarthritis. Obese individuals are more likely to develop osteoarthritis due to increased joint stress. On the other hand, SGLT2i can also cause weight loss, but perhaps not as significantly as GLP-1RA. However, both treatments might influence other risk factors for osteoarthritis.

Looking at the percentages, GLP-1RA users have a slightly higher incidence of osteoarthritis (29.61%) compared to SGLT2i users (26.72%). This suggests that GLP-1RA might be associated with a higher risk of osteoarthritis. But does this mean it's causally related?

I should consider potential confounders. Both groups have different characteristics: GLP-1RA users are younger (mean age 58.0 vs. 64.6 for SGLT2i) and have a higher BMI (37.4 vs. 32.8). These factors are associated with a higher risk of osteoarthritis. The Charlson Comorbidity Index is also higher in both groups, but the difference is minimal (65.2% vs. 68.5%). 

Since the treatment groups have different characteristics, it's possible that these differences could influence the higher incidence of osteoarthritis in the GLP-1RA group. For example, younger age and higher BMI are known risk factors for osteoarthritis, so the GLP-1RA group might inherently have a higher risk regardless of the treatment.

Additionally, I should think about whether the medications themselves directly cause osteoarthritis. There's no direct link established between GLP-1RA or SGLT2i and osteoarthritis in the literature. Both treatments are more commonly associated with cardiovascular benefits and weight management. 

However, weight loss from GLP-1RA could lead to more physical activity, which might contribute to joint stress and osteoarthritis. Similarly, SGLT2i can cause weight loss, but perhaps not as much. So, the difference in osteoarthritis rates might be due to the degree of weight loss induced by each treatment rather than a direct causative effect.

Another angle is to consider the duration of treatment. If GLP-1RA users have a more recent diagnosis or are more adherent, they might have been on the medication long enough to develop osteoarthritis. But without data on treatment duration, it's hard to assess.

In the given examples, when the treatment group had a higher percentage of an outcome, the answer was often ""no,"" suggesting that the higher percentage in the treatment group doesn't imply causation due to confounding factors like age, BMI, or other comorbidities.

Given that GLP-1RA users are younger, have higher BMIs, and a slightly higher comorbidity index, it's plausible that these factors contribute more to their higher osteoarthritis rate. Therefore, the higher percentage in the GLP-1RA group doesn't necessarily mean the treatment causes it. Instead, it might be due to the underlying characteristics of the patients.

So, putting it all together, the higher incidence of osteoarthritis in the GLP-1RA group is likely due to confounding factors rather than a causal effect of the treatment itself. Therefore, the answer should be ""no.""
</think>

no",no
Batch3,v5,medical_questions_v5.txt,4,"Question 4
[Background]
We compare two treatments for type 2 diabetes:
- Treatment: GLP-1 Receptor Agonists (GLP-1RA)
- Control: Sodium-Glucose Cotransporter-2 Inhibitors (SGLT2i)
[Task Description]
You’ll receive an outcome and the percentage of affected patients in each group.
Decide whether these treatments have a causal effect on that outcome.
You will receive a query describing an outcome and the proportion of patients in each group who experienced it:
- One percentage for patients using GLP-1RA (treatment group).
- One percentage for patients using SGLT2i (control group).
Your task is to determine whether the treatments (GLP-1RA and SGLT2i) have a causal effect on that outcome.
[Cohort Description]
Adults with type 2 diabetes who began either GLP-1RA or SGLT2i.
All had a prior diabetes diagnosis.
GLP-1RA users: mean age 58.0, BMI 37.4.
SGLT2i users: mean age 64.6, BMI 32.8.
Charlson Comorbidity Index ≥ 3 in 65.2% (GLP-1RA) and 68.5% (SGLT2i).
[Instruction]
- Judge whether the treatments causally influence the outcome.
- Both treatments are expected to behave similarly (either both yes or both no).
- “Yes” = Positive Outcome (OOI); “No” = Negative Control Outcome (NCO).
- Reply with only “yes” or “no.”
[Few-shot Examples]
- Treatment group using GLP-1RA (treatment) had 0.99% Ganglion cyst, compared with 0.44% for control group using SGLT2i. Does treatment have causal effect to the Ganglion cyst (is it a Positive Outcome)? - no
- Treatment group using GLP-1RA (treatment) had 1.79% Deviated nasal septum, compared with 1.16% for control group using SGLT2i. Does treatment have causal effect to the Deviated nasal septum (is it a Positive Outcome)? - no
- Treatment group using GLP-1RA (treatment) had 0.13% Acquired keratoderma, compared with 0.08% for control group using SGLT2i. Does treatment have causal effect to the Acquired keratoderma (is it a Positive Outcome)? - no
- Treatment group using GLP-1RA (treatment) had 1.88% Senile hyperkeratosis, compared with 1.55% for control group using SGLT2i. Does treatment have causal effect to the Senile hyperkeratosis (is it a Positive Outcome)? - no
- Treatment group using GLP-1RA (treatment) had 2.64% Nontoxic multinodular goiter, compared with 1.39% for control group using SGLT2i. Does treatment have causal effect to the Nontoxic multinodular goiter (is it a Positive Outcome)? - no
- Treatment group using GLP-1RA (treatment) had 94.81% Type 2 diabetes mellitus, compared with 96.68% for control group using SGLT2i. Does treatment have causal effect to the Type 2 diabetes mellitus (is it a Positive Outcome)? - yes
- Treatment group using GLP-1RA (treatment) had 19.87% Chronic kidney disease, compared with 31.81% for control group using SGLT2i. Does treatment have causal effect to the Chronic kidney disease (is it a Positive Outcome)? - yes
- Treatment group using GLP-1RA (treatment) had 78.37% Hypertension, compared with 84.71% for control group using SGLT2i. Does treatment have causal effect to the Hypertension (is it a Positive Outcome)? - yes
- Treatment group using GLP-1RA (treatment) had 78.09% Hyperlipidemia, compared with 84.45% for control group using SGLT2i. Does treatment have causal effect to the Hyperlipidemia (is it a Positive Outcome)? - yes
- Treatment group using GLP-1RA (treatment) had 64.14% Obesity, compared with 44.50% for control group using SGLT2i. Does treatment have causal effect to the Obesity (is it a Positive Outcome)? - yes
[Your Task]
[Question]
Treatment group using GLP-1RA (treatment) had 29.61% Osteoarthritis, compared with 26.72% for control group using SGLT2i. Does treatment have causal effect to the Osteoarthritis (is it a Positive Outcome)?
Answer: [Your answer, ""yes"" or ""no""]",6,"Okay, so I'm trying to figure out whether GLP-1 Receptor Agonists (GLP-1RA) have a causal effect on osteoarthritis in this context. The question gives me that 29.61% of GLP-1RA users developed osteoarthritis, while 26.72% of SGLT2i users did. I need to determine if the treatment caused this outcome.

First, I remember that both GLP-1RA and SGLT2i are medications used to treat type 2 diabetes. They work differently though. GLP-1RA helps regulate blood sugar by increasing insulin release and decreasing sugar production, while SGLT2i inhibits the kidneys from reabsorbing glucose, thus promoting urine output and lowering blood sugar.

Now, the question is about osteoarthritis. Osteoarthritis is a joint disease that can develop from various factors like age, obesity, injury, or genetic predisposition. I'm not sure if these medications directly cause osteoarthritis. From the examples given earlier, when the treatment group had a higher percentage of a certain condition, it was often considered a Positive Outcome, meaning the treatment caused it. But in the case of osteoarthritis, it's not clear if these drugs are linked.

Looking at the examples, when the treatment group had a higher incidence of a condition, it was often considered a Positive Outcome. For instance, Type 2 diabetes was a Positive Outcome because it's the condition being treated. Similarly, Chronic kidney disease, Hypertension, and Hyperlipidemia were also Positive Outcomes when the treatment group had higher rates. Obesity was the only one where the treatment group had a higher percentage, but it was considered a Positive Outcome because it's related to the disease they're treating.

Osteoarthritis isn't directly related to diabetes treatment. It's more about joint health, which might be influenced by factors like obesity or inflammation, but the medications themselves don't target joint structure. Since both treatments are used for diabetes, and osteoarthritis isn't a direct side effect of these drugs, it's more likely that the higher percentage in the GLP-1RA group is coincidental or due to other factors, not causation.

Also, the examples show that when the treatment group had a higher rate, it was often a Positive Outcome, but for conditions not related to the treatment, it's unclear. Since osteoarthritis isn't a known side effect of these medications, it's more probable that the higher percentage is a reflection of other factors, like obesity, which is more common in GLP-1RA users as seen in the cohort description. The GLP-1RA group had a higher BMI (37.4) compared to SGLT2i (32.8), so maybe the higher osteoarthritis rate is due to obesity rather than the treatment.

Therefore, it's likely that the higher percentage in the GLP-1RA group isn't causally related to the treatment but rather due to other comorbidities or factors. So, the treatment doesn't have a causal effect on osteoarthritis in this case.
</think>

no",no
Batch3,v5,medical_questions_v5.txt,4,"Question 4
[Background]
We compare two treatments for type 2 diabetes:
- Treatment: GLP-1 Receptor Agonists (GLP-1RA)
- Control: Sodium-Glucose Cotransporter-2 Inhibitors (SGLT2i)
[Task Description]
You’ll receive an outcome and the percentage of affected patients in each group.
Decide whether these treatments have a causal effect on that outcome.
You will receive a query describing an outcome and the proportion of patients in each group who experienced it:
- One percentage for patients using GLP-1RA (treatment group).
- One percentage for patients using SGLT2i (control group).
Your task is to determine whether the treatments (GLP-1RA and SGLT2i) have a causal effect on that outcome.
[Cohort Description]
Adults with type 2 diabetes who began either GLP-1RA or SGLT2i.
All had a prior diabetes diagnosis.
GLP-1RA users: mean age 58.0, BMI 37.4.
SGLT2i users: mean age 64.6, BMI 32.8.
Charlson Comorbidity Index ≥ 3 in 65.2% (GLP-1RA) and 68.5% (SGLT2i).
[Instruction]
- Judge whether the treatments causally influence the outcome.
- Both treatments are expected to behave similarly (either both yes or both no).
- “Yes” = Positive Outcome (OOI); “No” = Negative Control Outcome (NCO).
- Reply with only “yes” or “no.”
[Few-shot Examples]
- Treatment group using GLP-1RA (treatment) had 0.99% Ganglion cyst, compared with 0.44% for control group using SGLT2i. Does treatment have causal effect to the Ganglion cyst (is it a Positive Outcome)? - no
- Treatment group using GLP-1RA (treatment) had 1.79% Deviated nasal septum, compared with 1.16% for control group using SGLT2i. Does treatment have causal effect to the Deviated nasal septum (is it a Positive Outcome)? - no
- Treatment group using GLP-1RA (treatment) had 0.13% Acquired keratoderma, compared with 0.08% for control group using SGLT2i. Does treatment have causal effect to the Acquired keratoderma (is it a Positive Outcome)? - no
- Treatment group using GLP-1RA (treatment) had 1.88% Senile hyperkeratosis, compared with 1.55% for control group using SGLT2i. Does treatment have causal effect to the Senile hyperkeratosis (is it a Positive Outcome)? - no
- Treatment group using GLP-1RA (treatment) had 2.64% Nontoxic multinodular goiter, compared with 1.39% for control group using SGLT2i. Does treatment have causal effect to the Nontoxic multinodular goiter (is it a Positive Outcome)? - no
- Treatment group using GLP-1RA (treatment) had 94.81% Type 2 diabetes mellitus, compared with 96.68% for control group using SGLT2i. Does treatment have causal effect to the Type 2 diabetes mellitus (is it a Positive Outcome)? - yes
- Treatment group using GLP-1RA (treatment) had 19.87% Chronic kidney disease, compared with 31.81% for control group using SGLT2i. Does treatment have causal effect to the Chronic kidney disease (is it a Positive Outcome)? - yes
- Treatment group using GLP-1RA (treatment) had 78.37% Hypertension, compared with 84.71% for control group using SGLT2i. Does treatment have causal effect to the Hypertension (is it a Positive Outcome)? - yes
- Treatment group using GLP-1RA (treatment) had 78.09% Hyperlipidemia, compared with 84.45% for control group using SGLT2i. Does treatment have causal effect to the Hyperlipidemia (is it a Positive Outcome)? - yes
- Treatment group using GLP-1RA (treatment) had 64.14% Obesity, compared with 44.50% for control group using SGLT2i. Does treatment have causal effect to the Obesity (is it a Positive Outcome)? - yes
[Your Task]
[Question]
Treatment group using GLP-1RA (treatment) had 29.61% Osteoarthritis, compared with 26.72% for control group using SGLT2i. Does treatment have causal effect to the Osteoarthritis (is it a Positive Outcome)?
Answer: [Your answer, ""yes"" or ""no""]",7,"Okay, so I need to determine whether GLP-1 Receptor Agonists (GLP-1RA) have a causal effect on Osteoarthritis in patients with type 2 diabetes. The data provided shows that 29.61% of GLP-1RA users developed Osteoarthritis, compared to 26.72% of SGLT2i users.

First, I should consider what both treatments are known to do. GLP-1RA medications, like exenatide or liraglutide, are typically used to help with weight loss and lower blood glucose levels. They work by increasing insulin secretion and reducing glucose output from the liver. They're also associated with a slight increase in the risk of pancreatitis and, in rare cases, pancreatic cancer.

On the other hand, SGLT2i inhibitors, like empagliflozin or dapagliflozin, are also used to manage type 2 diabetes. They work by inhibiting the kidneys' reabsorption of glucose, leading to increased urinary glucose excretion and reduced blood glucose levels. They are also associated with a lower risk of cardiovascular events and, in some cases, have been shown to aid in weight loss and reduce the risk of heart disease.

Now, looking at the outcome: Osteoarthritis. Osteoarthritis is a joint disease that is typically associated with age, obesity, and physical injury. It's a degenerative condition where the cartilage in the joints wears down over time.

I should think about whether either treatment is known to cause or prevent Osteoarthritis. GLP-1RA is not directly linked to causing joint issues, but it's associated with weight loss. Weight loss can sometimes reduce the risk of developing osteoarthritis because it decreases the pressure on the joints. However, it's not a direct cause. SGLT2i inhibitors are also associated with weight loss and may reduce the risk of osteoarthritis as well, though the evidence might be less clear.

Wait, but in the data provided, the GLP-1RA group has a slightly higher percentage of Osteoarthritis cases (29.61%) compared to the SGLT2i group (26.72%). This suggests that more patients on GLP-1RA developed osteoarthritis. But does that mean GLP-1RA causes it?

Alternatively, it could be that both treatments are associated with weight loss, which might lead to more patients in both groups developing osteoarthritis. However, since the GLP-1RA group is showing a slightly higher incidence, maybe there's something else at play.

Another angle is to consider the baseline characteristics of the patients. The GLP-1RA group has a higher BMI (37.4) compared to the SGLT2i group (32.8). Higher BMI is a known risk factor for osteoarthritis. So, even though GLP-1RA might help with weight loss, the initial higher BMI in their patients could mean more people in that group are predisposed to developing osteoarthritis.

Additionally, the GLP-1RA group has a higher Charlson Comorbidity Index (65.2% vs. 68.5%), but that's actually higher in the SGLT2i group. That might mean that SGLT2i patients have more comorbidities, which could complicate things. However, osteoarthritis itself is a condition that can be influenced by other factors like age and obesity.

Looking at age, the SGLT2i group is slightly older (mean age 64.6 vs. 58.0 for GLP-1RA). Osteoarthritis is more common with advancing age, so the older age in the SGLT2i group might contribute to the lower incidence of osteoarthritis in their patients.

Putting this together, the higher BMI in the GLP-1RA group and the fact that GLP-1RA is associated with weight loss might lead to a lower incidence of osteoarthritis if weight loss reduces joint pressure. But in the data, the GLP-1RA group has a higher incidence. This could be due to other factors, such as the higher BMI in their patients.

Alternatively, perhaps the GLP-1RA group has a higher risk of developing osteoarthritis for other reasons. But from what I know, GLP-1RA isn't directly linked to causing osteoarthritis. It's more about blood glucose control and weight loss.

Wait, but in the example given, when the treatment group had a higher percentage of a specific condition, it was considered a positive outcome. For instance, when the treatment group had 19.87% Chronic kidney disease vs. 31.81% in control, it was considered a yes. Similarly, for Hypertension and Hyperlipidemia, it was yes because the treatment was causing those outcomes.

So, if the treatment group has a higher incidence of a condition, it's considered a positive outcome if it's expected to be caused by the treatment. But in the case of osteoarthritis, I'm not sure if GLP-1RA is known to cause it.

I should think about whether either treatment is linked to osteoarthritis. SGLT2i inhibitors are sometimes associated with an increased risk of urinary tract infections and other urinary-related complications, but I don't recall a link to osteoarthritis. GLP-1RA might be linked to pancreatitis but not osteoarthritis.

Given that, the higher incidence in the GLP-1RA group might just be due to the higher BMI in their patients, as mentioned before. Since both treatments can lead to weight loss, but GLP-1RA might be more effective, leading to a higher percentage of patients losing weight, which could reduce the risk of osteoarthritis. However, in the data, the GLP-1RA group has a higher incidence, which might mean that despite weight loss, other factors are at play.

Alternatively, perhaps the higher BMI in the GLP-1RA group is a confounding factor, and the treatment itself doesn't cause osteoarthritis. Therefore, it's not a causal effect of the treatment.

In the examples provided, when the treatment group had a higher percentage of a condition, it was considered a positive outcome if the treatment was expected to cause it. But in the case of osteoarthritis, I don't think GLP-1RA is expected to cause it. Therefore, the answer would be no.
</think>

no",no
Batch3,v5,medical_questions_v5.txt,4,"Question 4
[Background]
We compare two treatments for type 2 diabetes:
- Treatment: GLP-1 Receptor Agonists (GLP-1RA)
- Control: Sodium-Glucose Cotransporter-2 Inhibitors (SGLT2i)
[Task Description]
You’ll receive an outcome and the percentage of affected patients in each group.
Decide whether these treatments have a causal effect on that outcome.
You will receive a query describing an outcome and the proportion of patients in each group who experienced it:
- One percentage for patients using GLP-1RA (treatment group).
- One percentage for patients using SGLT2i (control group).
Your task is to determine whether the treatments (GLP-1RA and SGLT2i) have a causal effect on that outcome.
[Cohort Description]
Adults with type 2 diabetes who began either GLP-1RA or SGLT2i.
All had a prior diabetes diagnosis.
GLP-1RA users: mean age 58.0, BMI 37.4.
SGLT2i users: mean age 64.6, BMI 32.8.
Charlson Comorbidity Index ≥ 3 in 65.2% (GLP-1RA) and 68.5% (SGLT2i).
[Instruction]
- Judge whether the treatments causally influence the outcome.
- Both treatments are expected to behave similarly (either both yes or both no).
- “Yes” = Positive Outcome (OOI); “No” = Negative Control Outcome (NCO).
- Reply with only “yes” or “no.”
[Few-shot Examples]
- Treatment group using GLP-1RA (treatment) had 0.99% Ganglion cyst, compared with 0.44% for control group using SGLT2i. Does treatment have causal effect to the Ganglion cyst (is it a Positive Outcome)? - no
- Treatment group using GLP-1RA (treatment) had 1.79% Deviated nasal septum, compared with 1.16% for control group using SGLT2i. Does treatment have causal effect to the Deviated nasal septum (is it a Positive Outcome)? - no
- Treatment group using GLP-1RA (treatment) had 0.13% Acquired keratoderma, compared with 0.08% for control group using SGLT2i. Does treatment have causal effect to the Acquired keratoderma (is it a Positive Outcome)? - no
- Treatment group using GLP-1RA (treatment) had 1.88% Senile hyperkeratosis, compared with 1.55% for control group using SGLT2i. Does treatment have causal effect to the Senile hyperkeratosis (is it a Positive Outcome)? - no
- Treatment group using GLP-1RA (treatment) had 2.64% Nontoxic multinodular goiter, compared with 1.39% for control group using SGLT2i. Does treatment have causal effect to the Nontoxic multinodular goiter (is it a Positive Outcome)? - no
- Treatment group using GLP-1RA (treatment) had 94.81% Type 2 diabetes mellitus, compared with 96.68% for control group using SGLT2i. Does treatment have causal effect to the Type 2 diabetes mellitus (is it a Positive Outcome)? - yes
- Treatment group using GLP-1RA (treatment) had 19.87% Chronic kidney disease, compared with 31.81% for control group using SGLT2i. Does treatment have causal effect to the Chronic kidney disease (is it a Positive Outcome)? - yes
- Treatment group using GLP-1RA (treatment) had 78.37% Hypertension, compared with 84.71% for control group using SGLT2i. Does treatment have causal effect to the Hypertension (is it a Positive Outcome)? - yes
- Treatment group using GLP-1RA (treatment) had 78.09% Hyperlipidemia, compared with 84.45% for control group using SGLT2i. Does treatment have causal effect to the Hyperlipidemia (is it a Positive Outcome)? - yes
- Treatment group using GLP-1RA (treatment) had 64.14% Obesity, compared with 44.50% for control group using SGLT2i. Does treatment have causal effect to the Obesity (is it a Positive Outcome)? - yes
[Your Task]
[Question]
Treatment group using GLP-1RA (treatment) had 29.61% Osteoarthritis, compared with 26.72% for control group using SGLT2i. Does treatment have causal effect to the Osteoarthritis (is it a Positive Outcome)?
Answer: [Your answer, ""yes"" or ""no""]",8,"Okay, so I need to determine whether GLP-1RA treatment has a causal effect on osteoarthritis in the given scenario. Let me break this down step by step.

First, I recall that the task is to assess whether the treatment (GLP-1RA) causally influences the outcome (osteoarthritis). The instructions mention that both treatments should behave similarly—either both have a causal effect or neither does. So, if GLP-1RA is linked to osteoarthritis, SGLT2i should be too, and vice versa.

Looking at the data provided, the treatment group using GLP-1RA has 29.61% experiencing osteoarthritis, while the control group using SGLT2i has 26.72%. The percentage is higher in the treatment group. But does this mean GLP-1RA causes osteoarthritis?

I should consider whether there's any known relationship between GLP-1RA medications and osteoarthritis. GLP-1RA drugs are typically used to manage blood glucose in type 2 diabetes. They help in glucose metabolism and can sometimes lead to weight loss, which might have indirect effects on joint health. However, I'm not aware of a direct causal link between GLP-1RA use and osteoarthritis. In fact, some studies suggest that GLP-1RA might have protective effects on joints or other complications, but I'm not certain.

Looking at the examples provided, when the treatment group had a higher percentage of an outcome, it was sometimes considered a positive outcome (yes) and sometimes not (no). For instance, in the case of Type 2 diabetes, the treatment group had a slightly lower percentage, and it was considered a positive outcome because the treatment is meant to manage diabetes. Similarly, for chronic kidney disease and hypertension, higher percentages in the treatment group were considered yes because those are expected outcomes or complications managed by the treatment.

Wait, but osteoarthritis isn't a typical complication of type 2 diabetes. It's more common in older adults, often related to joint wear and tear. GLP-1RA might influence weight and blood glucose, but I don't see a direct link to osteoarthritis. If anything, SGLT2i might have a different effect, but in this case, both groups have higher percentages than each other, but I don't know if either causes osteoarthritis.

Another angle: since both groups have higher percentages, but we're comparing two different drugs, maybe the causal effect isn't present. Or perhaps the higher percentage in GLP-1RA is just a coincidence. Without strong evidence linking GLP-1RA to osteoarthritis, it's safer to say that there's no causal effect. The higher percentage might be due to other factors, like the population studied or other comorbidities.

Also, the Charlson Comorbidity Index is higher in both groups, but that might affect the likelihood of other conditions. However, osteoarthritis isn't directly linked to the comorbidities mentioned.

In the examples given, when the outcome was a condition directly related to the treatment's intended use (like diabetes, kidney disease, hypertension), it was considered a positive outcome. Since osteoarthritis isn't a target of these treatments, it's more likely a negative outcome or coincidental.

Therefore, I think the answer should be 'no' because there's no known causal relationship between GLP-1RA and osteoarthritis, and the higher percentage might be due to other factors.
</think>

no",no
Batch3,v5,medical_questions_v5.txt,4,"Question 4
[Background]
We compare two treatments for type 2 diabetes:
- Treatment: GLP-1 Receptor Agonists (GLP-1RA)
- Control: Sodium-Glucose Cotransporter-2 Inhibitors (SGLT2i)
[Task Description]
You’ll receive an outcome and the percentage of affected patients in each group.
Decide whether these treatments have a causal effect on that outcome.
You will receive a query describing an outcome and the proportion of patients in each group who experienced it:
- One percentage for patients using GLP-1RA (treatment group).
- One percentage for patients using SGLT2i (control group).
Your task is to determine whether the treatments (GLP-1RA and SGLT2i) have a causal effect on that outcome.
[Cohort Description]
Adults with type 2 diabetes who began either GLP-1RA or SGLT2i.
All had a prior diabetes diagnosis.
GLP-1RA users: mean age 58.0, BMI 37.4.
SGLT2i users: mean age 64.6, BMI 32.8.
Charlson Comorbidity Index ≥ 3 in 65.2% (GLP-1RA) and 68.5% (SGLT2i).
[Instruction]
- Judge whether the treatments causally influence the outcome.
- Both treatments are expected to behave similarly (either both yes or both no).
- “Yes” = Positive Outcome (OOI); “No” = Negative Control Outcome (NCO).
- Reply with only “yes” or “no.”
[Few-shot Examples]
- Treatment group using GLP-1RA (treatment) had 0.99% Ganglion cyst, compared with 0.44% for control group using SGLT2i. Does treatment have causal effect to the Ganglion cyst (is it a Positive Outcome)? - no
- Treatment group using GLP-1RA (treatment) had 1.79% Deviated nasal septum, compared with 1.16% for control group using SGLT2i. Does treatment have causal effect to the Deviated nasal septum (is it a Positive Outcome)? - no
- Treatment group using GLP-1RA (treatment) had 0.13% Acquired keratoderma, compared with 0.08% for control group using SGLT2i. Does treatment have causal effect to the Acquired keratoderma (is it a Positive Outcome)? - no
- Treatment group using GLP-1RA (treatment) had 1.88% Senile hyperkeratosis, compared with 1.55% for control group using SGLT2i. Does treatment have causal effect to the Senile hyperkeratosis (is it a Positive Outcome)? - no
- Treatment group using GLP-1RA (treatment) had 2.64% Nontoxic multinodular goiter, compared with 1.39% for control group using SGLT2i. Does treatment have causal effect to the Nontoxic multinodular goiter (is it a Positive Outcome)? - no
- Treatment group using GLP-1RA (treatment) had 94.81% Type 2 diabetes mellitus, compared with 96.68% for control group using SGLT2i. Does treatment have causal effect to the Type 2 diabetes mellitus (is it a Positive Outcome)? - yes
- Treatment group using GLP-1RA (treatment) had 19.87% Chronic kidney disease, compared with 31.81% for control group using SGLT2i. Does treatment have causal effect to the Chronic kidney disease (is it a Positive Outcome)? - yes
- Treatment group using GLP-1RA (treatment) had 78.37% Hypertension, compared with 84.71% for control group using SGLT2i. Does treatment have causal effect to the Hypertension (is it a Positive Outcome)? - yes
- Treatment group using GLP-1RA (treatment) had 78.09% Hyperlipidemia, compared with 84.45% for control group using SGLT2i. Does treatment have causal effect to the Hyperlipidemia (is it a Positive Outcome)? - yes
- Treatment group using GLP-1RA (treatment) had 64.14% Obesity, compared with 44.50% for control group using SGLT2i. Does treatment have causal effect to the Obesity (is it a Positive Outcome)? - yes
[Your Task]
[Question]
Treatment group using GLP-1RA (treatment) had 29.61% Osteoarthritis, compared with 26.72% for control group using SGLT2i. Does treatment have causal effect to the Osteoarthritis (is it a Positive Outcome)?
Answer: [Your answer, ""yes"" or ""no""]",9,"Okay, so I'm trying to figure out whether GLP-1RA treatments have a causal effect on osteoarthritis in patients with type 2 diabetes. The data given is that 29.61% of GLP-1RA users developed osteoarthritis, compared to 26.72% in the SGLT2i group. 

First, I remember that both GLP-1RA and SGLT2i are medications used to manage type 2 diabetes. GLP-1RA works by increasing insulin release and decreasing glucose production, while SGLT2i inhibits glucose reabsorption, helping the kidneys excrete more glucose.

Osteoarthritis is a joint disease that can be influenced by various factors, including obesity, joint injuries, and genetic factors. Since both treatments are for diabetes, which is often associated with obesity, I need to consider whether the higher prevalence of osteoarthritis in one group is due to the medication or other factors.

Looking at the cohort description, GLP-1RA users have a higher BMI (37.4) compared to SGLT2i users (32.8). Obesity is a known risk factor for osteoarthritis. So, the higher percentage in the GLP-1RA group might just be because they're heavier on average. 

Also, the Charlson Comorbidity Index, which measures comorbidities, is slightly higher in both groups, but not by a large margin. It's similar for both treatments, so I don't think comorbidities are the main driver here.

Another point is that both treatments are meant to manage diabetes, which can lead to weight loss or maintenance in some cases. GLP-1RA sometimes causes weight loss, while SGLT2i might lead to a slight weight gain. However, the BMI in the GLP-1RA group is already higher, so the effect on weight might not be the primary factor here.

I should also consider whether the treatments themselves have known effects on joint health. GLP-1RA doesn't directly affect joints, but SGLT2i has been linked to a lower risk of heart disease and might influence other metabolic factors that could affect joints. However, I don't recall a specific link between SGLT2i and osteoarthritis risk.

Given that the GLP-1RA group has a higher BMI, which is a major risk factor for osteoarthritis, it's more likely that the higher percentage is due to the patients' weight rather than the treatment itself. The SGLT2i group having a lower percentage might just be because their patients are on average lighter, which aligns with the lower BMI.

So, putting this together, the difference in osteoarthritis rates is likely because GLP-1RA patients are heavier, not because GLP-1RA causes osteoarthritis. Therefore, the treatment doesn't have a causal effect on osteoarthritis in this context.
</think>

no",no
Batch3,v5,medical_questions_v5.txt,4,"Question 4
[Background]
We compare two treatments for type 2 diabetes:
- Treatment: GLP-1 Receptor Agonists (GLP-1RA)
- Control: Sodium-Glucose Cotransporter-2 Inhibitors (SGLT2i)
[Task Description]
You’ll receive an outcome and the percentage of affected patients in each group.
Decide whether these treatments have a causal effect on that outcome.
You will receive a query describing an outcome and the proportion of patients in each group who experienced it:
- One percentage for patients using GLP-1RA (treatment group).
- One percentage for patients using SGLT2i (control group).
Your task is to determine whether the treatments (GLP-1RA and SGLT2i) have a causal effect on that outcome.
[Cohort Description]
Adults with type 2 diabetes who began either GLP-1RA or SGLT2i.
All had a prior diabetes diagnosis.
GLP-1RA users: mean age 58.0, BMI 37.4.
SGLT2i users: mean age 64.6, BMI 32.8.
Charlson Comorbidity Index ≥ 3 in 65.2% (GLP-1RA) and 68.5% (SGLT2i).
[Instruction]
- Judge whether the treatments causally influence the outcome.
- Both treatments are expected to behave similarly (either both yes or both no).
- “Yes” = Positive Outcome (OOI); “No” = Negative Control Outcome (NCO).
- Reply with only “yes” or “no.”
[Few-shot Examples]
- Treatment group using GLP-1RA (treatment) had 0.99% Ganglion cyst, compared with 0.44% for control group using SGLT2i. Does treatment have causal effect to the Ganglion cyst (is it a Positive Outcome)? - no
- Treatment group using GLP-1RA (treatment) had 1.79% Deviated nasal septum, compared with 1.16% for control group using SGLT2i. Does treatment have causal effect to the Deviated nasal septum (is it a Positive Outcome)? - no
- Treatment group using GLP-1RA (treatment) had 0.13% Acquired keratoderma, compared with 0.08% for control group using SGLT2i. Does treatment have causal effect to the Acquired keratoderma (is it a Positive Outcome)? - no
- Treatment group using GLP-1RA (treatment) had 1.88% Senile hyperkeratosis, compared with 1.55% for control group using SGLT2i. Does treatment have causal effect to the Senile hyperkeratosis (is it a Positive Outcome)? - no
- Treatment group using GLP-1RA (treatment) had 2.64% Nontoxic multinodular goiter, compared with 1.39% for control group using SGLT2i. Does treatment have causal effect to the Nontoxic multinodular goiter (is it a Positive Outcome)? - no
- Treatment group using GLP-1RA (treatment) had 94.81% Type 2 diabetes mellitus, compared with 96.68% for control group using SGLT2i. Does treatment have causal effect to the Type 2 diabetes mellitus (is it a Positive Outcome)? - yes
- Treatment group using GLP-1RA (treatment) had 19.87% Chronic kidney disease, compared with 31.81% for control group using SGLT2i. Does treatment have causal effect to the Chronic kidney disease (is it a Positive Outcome)? - yes
- Treatment group using GLP-1RA (treatment) had 78.37% Hypertension, compared with 84.71% for control group using SGLT2i. Does treatment have causal effect to the Hypertension (is it a Positive Outcome)? - yes
- Treatment group using GLP-1RA (treatment) had 78.09% Hyperlipidemia, compared with 84.45% for control group using SGLT2i. Does treatment have causal effect to the Hyperlipidemia (is it a Positive Outcome)? - yes
- Treatment group using GLP-1RA (treatment) had 64.14% Obesity, compared with 44.50% for control group using SGLT2i. Does treatment have causal effect to the Obesity (is it a Positive Outcome)? - yes
[Your Task]
[Question]
Treatment group using GLP-1RA (treatment) had 29.61% Osteoarthritis, compared with 26.72% for control group using SGLT2i. Does treatment have causal effect to the Osteoarthritis (is it a Positive Outcome)?
Answer: [Your answer, ""yes"" or ""no""]",10,"Okay, so I'm trying to figure out whether GLP-1 Receptor Agonists (GLP-1RA) have a causal effect on osteoarthritis compared to Sodium-Glucose Cotransporter-2 Inhibitors (SGLT2i) in type 2 diabetes patients. The data given is that 29.61% of GLP-1RA users developed osteoarthritis, while 26.72% of SGLT2i users did. 

First, I remember from the background that both treatments are used to manage type 2 diabetes, but they work differently. GLP-1RA mimics the hormone GLP-1, which helps in glucose control and can promote weight loss. SGLT2i inhibits the enzyme SGLT2, which also helps lower blood glucose but may have different effects on other health markers.

Looking at the few-shot examples provided, it seems that when the treatment group had a higher percentage of an outcome, it was often considered a positive outcome. For instance, in the examples where the treatment group had a higher incidence of conditions like obesity, hypertension, and hyperlipidemia, the answer was ""yes,"" implying that the treatment caused these outcomes. Conversely, when the treatment group had a lower incidence, it was ""no.""

In this question, the treatment group (GLP-1RA) has a slightly higher percentage (29.61%) compared to the control group (26.72%). Following the pattern from the examples, a higher percentage in the treatment group suggests a causal effect. However, I should consider whether both treatments are expected to behave similarly. If both groups are supposed to have similar effects, then a higher percentage in one might not necessarily mean causation. But according to the instruction, both treatments should behave similarly, meaning if one has a higher rate, it's because of the treatment effect.

Another angle is to think about whether osteoarthritis is a known side effect or related condition influenced by these treatments. GLP-1RA can sometimes be associated with increased risk of joint-related side effects because they might affect joint inflammation or cartilage health. SGLT2i might have different effects, perhaps more on cardiovascular health than joints. But I don't have specific knowledge on whether GLP-1RA causes more osteoarthritis than SGLT2i.

Wait, in the examples, when the treatment group had a higher rate, it was considered a positive outcome. So if GLP-1RA is causing more osteoarthritis, it's a positive outcome. But sometimes, higher rates could be due to other factors, like better monitoring or different patient populations. However, the instruction says to assume both treatments behave similarly, so if one group has a higher rate, it's because of the treatment.

Therefore, since GLP-1RA has a higher percentage of osteoarthritis, it suggests that the treatment might be causing this outcome. Hence, the answer would be ""yes.""
</think>

yes",yes
Batch3,v5,medical_questions_v5.txt,5,"Question 5
[Background]
We compare two treatments for type 2 diabetes:
- Treatment: GLP-1 Receptor Agonists (GLP-1RA)
- Control: Sodium-Glucose Cotransporter-2 Inhibitors (SGLT2i)
[Task Description]
You’ll receive an outcome and the percentage of affected patients in each group.
Decide whether these treatments have a causal effect on that outcome.
You will receive a query describing an outcome and the proportion of patients in each group who experienced it:
- One percentage for patients using GLP-1RA (treatment group).
- One percentage for patients using SGLT2i (control group).
Your task is to determine whether the treatments (GLP-1RA and SGLT2i) have a causal effect on that outcome.
[Cohort Description]
Adults with type 2 diabetes who began either GLP-1RA or SGLT2i.
All had a prior diabetes diagnosis.
GLP-1RA users: mean age 58.0, BMI 37.4.
SGLT2i users: mean age 64.6, BMI 32.8.
Charlson Comorbidity Index ≥ 3 in 65.2% (GLP-1RA) and 68.5% (SGLT2i).
[Instruction]
- Judge whether the treatments causally influence the outcome.
- Both treatments are expected to behave similarly (either both yes or both no).
- “Yes” = Positive Outcome (OOI); “No” = Negative Control Outcome (NCO).
- Reply with only “yes” or “no.”
[Few-shot examples]
- Treatment group using GLP-1RA (treatment) had 0.99% Ganglion cyst, compared with 0.44% for control group using SGLT2i. Does treatment have causal effect to the Ganglion cyst (is it a Positive Outcome)? - no
- Treatment group using GLP-1RA (treatment) had 1.79% Deviated nasal septum, compared with 1.16% for control group using SGLT2i. Does treatment have causal effect to the Deviated nasal septum (is it a Positive Outcome)? - no
- Treatment group using GLP-1RA (treatment) had 0.13% Acquired keratoderma, compared with 0.08% for control group using SGLT2i. Does treatment have causal effect to the Acquired keratoderma (is it a Positive Outcome)? - no
- Treatment group using GLP-1RA (treatment) had 1.88% Senile hyperkeratosis, compared with 1.55% for control group using SGLT2i. Does treatment have causal effect to the Senile hyperkeratosis (is it a Positive Outcome)? - no
- Treatment group using GLP-1RA (treatment) had 2.64% Nontoxic multinodular goiter, compared with 1.39% for control group using SGLT2i. Does treatment have causal effect to the Nontoxic multinodular goiter (is it a Positive Outcome)? - no
- Treatment group using GLP-1RA (treatment) had 94.81% Type 2 diabetes mellitus, compared with 96.68% for control group using SGLT2i. Does treatment have causal effect to the Type 2 diabetes mellitus (is it a Positive Outcome)? - yes
- Treatment group using GLP-1RA (treatment) had 19.87% Chronic kidney disease, compared with 31.81% for control group using SGLT2i. Does treatment have causal effect to the Chronic kidney disease (is it a Positive Outcome)? - yes
- Treatment group using GLP-1RA (treatment) had 78.37% Hypertension, compared with 84.71% for control group using SGLT2i. Does treatment have causal effect to the Hypertension (is it a Positive Outcome)? - yes
- Treatment group using GLP-1RA (treatment) had 78.09% Hyperlipidemia, compared with 84.45% for control group using SGLT2i. Does treatment have causal effect to the Hyperlipidemia (is it a Positive Outcome)? - yes
- Treatment group using GLP-1RA (treatment) had 64.14% Obesity, compared with 44.50% for control group using SGLT2i. Does treatment have causal effect to the Obesity (is it a Positive Outcome)? - yes
[Your Task]
[Question]
Treatment group using GLP-1RA (treatment) had 0.63% Contusion of knee, compared with 0.41% for control group using SGLT2i. Does treatment have causal effect to the Contusion of knee (is it a Positive Outcome)?
Answer: [Your answer, ""yes"" or ""no""]",1,"Alright, so I need to determine whether GLP-1RA treatments have a causal effect on the outcome of a Contusion of knee. The data given shows that 0.63% of GLP-1RA users experienced this compared to 0.41% in the SGLT2i group. 

First, I should consider what the treatments are. GLP-1RA stands for GLP-1 Receptor Agonists, which are a class of medications used to treat type 2 diabetes. They work by stimulating the GLP-1 receptors, which help in glucose regulation and also have effects on appetite and gut behavior. SGLT2i is Sodium-Glucose Cotransporter-2 Inhibitors, which also help in managing type 2 diabetes by preventing the kidneys from reabsorbing glucose, thus promoting urine output and lowering blood sugar levels.

Now, the outcome in question is a Contusion of knee, which is a type of injury or trauma to the knee, leading to swelling and pain. I need to think about whether either of these medications would directly cause this. Both GLP-1RA and SGLT2i are not typically associated with causing physical injuries like knee contusions. They are more about managing blood sugar levels and metabolic health rather than affecting the physical structure of tissues or causing traumatic injuries.

Looking at the examples provided, I notice that in several cases where the treatment group had higher percentages of certain outcomes, the answer was ""yes."" For instance, Type 2 diabetes, Chronic kidney disease, Hypertension, Hyperlipidemia, and Obesity were considered Positive Outcomes. However, for other outcomes like Ganglion cyst, Deviated nasal septum, etc., the answer was ""no.""

In this case, the Contusion of knee isn't something directly related to the medications' mechanisms. Both GLP-1RA and SGLT2i are used to manage diabetes, which can sometimes be linked to other health issues, but a knee contusion is more related to physical trauma or injury, not a metabolic effect. Since both treatments don't have a known causal link to physical injuries, it's unlikely that either treatment is causing the contusion.

Moreover, the fact that the GLP-1RA group has a slightly higher percentage (0.63%) than the SGLT2i group (0.41%) could be due to other factors, such as differences in the populations treated, like age, BMI, or comorbidities, rather than a direct causal effect of the medication.

Therefore, based on the information provided and the nature of these medications, it doesn't seem that GLP-1RA treatments are causally related to a Contusion of knee. The answer should be ""no.""
</think>

no",no
Batch3,v5,medical_questions_v5.txt,5,"Question 5
[Background]
We compare two treatments for type 2 diabetes:
- Treatment: GLP-1 Receptor Agonists (GLP-1RA)
- Control: Sodium-Glucose Cotransporter-2 Inhibitors (SGLT2i)
[Task Description]
You’ll receive an outcome and the percentage of affected patients in each group.
Decide whether these treatments have a causal effect on that outcome.
You will receive a query describing an outcome and the proportion of patients in each group who experienced it:
- One percentage for patients using GLP-1RA (treatment group).
- One percentage for patients using SGLT2i (control group).
Your task is to determine whether the treatments (GLP-1RA and SGLT2i) have a causal effect on that outcome.
[Cohort Description]
Adults with type 2 diabetes who began either GLP-1RA or SGLT2i.
All had a prior diabetes diagnosis.
GLP-1RA users: mean age 58.0, BMI 37.4.
SGLT2i users: mean age 64.6, BMI 32.8.
Charlson Comorbidity Index ≥ 3 in 65.2% (GLP-1RA) and 68.5% (SGLT2i).
[Instruction]
- Judge whether the treatments causally influence the outcome.
- Both treatments are expected to behave similarly (either both yes or both no).
- “Yes” = Positive Outcome (OOI); “No” = Negative Control Outcome (NCO).
- Reply with only “yes” or “no.”
[Few-shot examples]
- Treatment group using GLP-1RA (treatment) had 0.99% Ganglion cyst, compared with 0.44% for control group using SGLT2i. Does treatment have causal effect to the Ganglion cyst (is it a Positive Outcome)? - no
- Treatment group using GLP-1RA (treatment) had 1.79% Deviated nasal septum, compared with 1.16% for control group using SGLT2i. Does treatment have causal effect to the Deviated nasal septum (is it a Positive Outcome)? - no
- Treatment group using GLP-1RA (treatment) had 0.13% Acquired keratoderma, compared with 0.08% for control group using SGLT2i. Does treatment have causal effect to the Acquired keratoderma (is it a Positive Outcome)? - no
- Treatment group using GLP-1RA (treatment) had 1.88% Senile hyperkeratosis, compared with 1.55% for control group using SGLT2i. Does treatment have causal effect to the Senile hyperkeratosis (is it a Positive Outcome)? - no
- Treatment group using GLP-1RA (treatment) had 2.64% Nontoxic multinodular goiter, compared with 1.39% for control group using SGLT2i. Does treatment have causal effect to the Nontoxic multinodular goiter (is it a Positive Outcome)? - no
- Treatment group using GLP-1RA (treatment) had 94.81% Type 2 diabetes mellitus, compared with 96.68% for control group using SGLT2i. Does treatment have causal effect to the Type 2 diabetes mellitus (is it a Positive Outcome)? - yes
- Treatment group using GLP-1RA (treatment) had 19.87% Chronic kidney disease, compared with 31.81% for control group using SGLT2i. Does treatment have causal effect to the Chronic kidney disease (is it a Positive Outcome)? - yes
- Treatment group using GLP-1RA (treatment) had 78.37% Hypertension, compared with 84.71% for control group using SGLT2i. Does treatment have causal effect to the Hypertension (is it a Positive Outcome)? - yes
- Treatment group using GLP-1RA (treatment) had 78.09% Hyperlipidemia, compared with 84.45% for control group using SGLT2i. Does treatment have causal effect to the Hyperlipidemia (is it a Positive Outcome)? - yes
- Treatment group using GLP-1RA (treatment) had 64.14% Obesity, compared with 44.50% for control group using SGLT2i. Does treatment have causal effect to the Obesity (is it a Positive Outcome)? - yes
[Your Task]
[Question]
Treatment group using GLP-1RA (treatment) had 0.63% Contusion of knee, compared with 0.41% for control group using SGLT2i. Does treatment have causal effect to the Contusion of knee (is it a Positive Outcome)?
Answer: [Your answer, ""yes"" or ""no""]",2,"Alright, so I'm trying to figure out whether GLP-1RA treatment has a causal effect on the outcome of Contusion of knee in the given scenario. Let me break this down step by step.

First, the question provides data on two treatments: GLP-1RA and SGLT2i. Both are used by adults with type 2 diabetes. The task is to determine if these treatments causally influence a specific outcome, which in this case is the percentage of patients experiencing a Contusion of knee.

Looking at the data, the treatment group (GLP-1RA) has 0.63% of patients with a Contusion of knee, while the control group (SGLT2i) has 0.41%. The instruction says that if both treatments behave similarly, they should either both have a yes or no effect. So, if GLP-1RA is causing the outcome, SGLT2i should also be causing it, and vice versa.

I recall from the examples provided that when the treatment group has a higher percentage than the control, the answer is often ""yes"". For instance, when the treatment group had a higher percentage for Type 2 diabetes, it was considered a positive outcome. Similarly, for Chronic kidney disease, Hypertension, Hyperlipidemia, and Obesity, higher percentages in treatment groups led to ""yes"" answers.

However, in the case of the Contusion of knee, both groups have relatively low percentages—0.63% and 0.41%. The difference isn't as significant as in the other examples. I need to consider whether this small difference could be meaningful or if it's just a coincidence.

Another factor is the comorbidity indices. GLP-1RA users have a slightly higher Charlson Comorbidity Index (65.2%) compared to SGLT2i (68.5%), but that might not directly affect the specific outcome of a knee confusion, which seems unrelated to diabetes treatments.

Looking at the examples again, most of the ""yes"" answers were for conditions that are directly related to diabetes or its complications, like kidney disease, hypertension, and hyperlipidemia. These are conditions that diabetes medications might influence. A knee confusion, however, isn't a direct complication of diabetes or a typical side effect of these medications. Therefore, it's less likely that either treatment would causally affect this outcome.

Moreover, the examples provided often had more significant differences in percentages, and when the difference was small, like in the case of Acquired keratoderma, the answer was ""no"". That suggests that small differences might not indicate a causal relationship.

In conclusion, while GLP-1RA has a slightly higher percentage (0.63%) compared to SGLT2i (0.41%), the outcome of a Contusion of knee doesn't seem to be a direct effect of these medications. Therefore, it's more likely that the difference is coincidental rather than causal.
</think>

no",no
Batch3,v5,medical_questions_v5.txt,5,"Question 5
[Background]
We compare two treatments for type 2 diabetes:
- Treatment: GLP-1 Receptor Agonists (GLP-1RA)
- Control: Sodium-Glucose Cotransporter-2 Inhibitors (SGLT2i)
[Task Description]
You’ll receive an outcome and the percentage of affected patients in each group.
Decide whether these treatments have a causal effect on that outcome.
You will receive a query describing an outcome and the proportion of patients in each group who experienced it:
- One percentage for patients using GLP-1RA (treatment group).
- One percentage for patients using SGLT2i (control group).
Your task is to determine whether the treatments (GLP-1RA and SGLT2i) have a causal effect on that outcome.
[Cohort Description]
Adults with type 2 diabetes who began either GLP-1RA or SGLT2i.
All had a prior diabetes diagnosis.
GLP-1RA users: mean age 58.0, BMI 37.4.
SGLT2i users: mean age 64.6, BMI 32.8.
Charlson Comorbidity Index ≥ 3 in 65.2% (GLP-1RA) and 68.5% (SGLT2i).
[Instruction]
- Judge whether the treatments causally influence the outcome.
- Both treatments are expected to behave similarly (either both yes or both no).
- “Yes” = Positive Outcome (OOI); “No” = Negative Control Outcome (NCO).
- Reply with only “yes” or “no.”
[Few-shot examples]
- Treatment group using GLP-1RA (treatment) had 0.99% Ganglion cyst, compared with 0.44% for control group using SGLT2i. Does treatment have causal effect to the Ganglion cyst (is it a Positive Outcome)? - no
- Treatment group using GLP-1RA (treatment) had 1.79% Deviated nasal septum, compared with 1.16% for control group using SGLT2i. Does treatment have causal effect to the Deviated nasal septum (is it a Positive Outcome)? - no
- Treatment group using GLP-1RA (treatment) had 0.13% Acquired keratoderma, compared with 0.08% for control group using SGLT2i. Does treatment have causal effect to the Acquired keratoderma (is it a Positive Outcome)? - no
- Treatment group using GLP-1RA (treatment) had 1.88% Senile hyperkeratosis, compared with 1.55% for control group using SGLT2i. Does treatment have causal effect to the Senile hyperkeratosis (is it a Positive Outcome)? - no
- Treatment group using GLP-1RA (treatment) had 2.64% Nontoxic multinodular goiter, compared with 1.39% for control group using SGLT2i. Does treatment have causal effect to the Nontoxic multinodular goiter (is it a Positive Outcome)? - no
- Treatment group using GLP-1RA (treatment) had 94.81% Type 2 diabetes mellitus, compared with 96.68% for control group using SGLT2i. Does treatment have causal effect to the Type 2 diabetes mellitus (is it a Positive Outcome)? - yes
- Treatment group using GLP-1RA (treatment) had 19.87% Chronic kidney disease, compared with 31.81% for control group using SGLT2i. Does treatment have causal effect to the Chronic kidney disease (is it a Positive Outcome)? - yes
- Treatment group using GLP-1RA (treatment) had 78.37% Hypertension, compared with 84.71% for control group using SGLT2i. Does treatment have causal effect to the Hypertension (is it a Positive Outcome)? - yes
- Treatment group using GLP-1RA (treatment) had 78.09% Hyperlipidemia, compared with 84.45% for control group using SGLT2i. Does treatment have causal effect to the Hyperlipidemia (is it a Positive Outcome)? - yes
- Treatment group using GLP-1RA (treatment) had 64.14% Obesity, compared with 44.50% for control group using SGLT2i. Does treatment have causal effect to the Obesity (is it a Positive Outcome)? - yes
[Your Task]
[Question]
Treatment group using GLP-1RA (treatment) had 0.63% Contusion of knee, compared with 0.41% for control group using SGLT2i. Does treatment have causal effect to the Contusion of knee (is it a Positive Outcome)?
Answer: [Your answer, ""yes"" or ""no""]",3,"Okay, so I need to figure out if GLP-1RA treatment has a causal effect on the outcome of Contusion of knee, based on the given percentages. The treatment group using GLP-1RA had 0.63% cases, while the control group with SGLT2i had 0.41%. 

First, I should recall what GLP-1RA and SGLT2i do. GLP-1 receptor agonists are medications that help with weight loss, lower blood sugar, and promote feelings of fullness. They are often used in type 2 diabetes. SGLT2 inhibitors, on the other hand, also help lower blood sugar but work by preventing the kidneys from reabsorbing glucose, which can lead to weight loss as well. Both are used to manage type 2 diabetes, but they have different mechanisms.

The question is about a knee confusion, which is a type of injury or bruise. I don't immediately see how either of these medications would directly cause a knee confusion. Both drugs are more related to metabolic changes rather than physical injuries. 

Looking at the examples provided, the user showed cases where the treatment didn't have a causal effect. For instance, in the case of ganglion cyst, deviated nasal septum, etc., the answer was ""no."" These examples involved conditions that are unrelated to the medications' known side effects or mechanisms.

In the case of the question, the percentages are very low (0.63% vs. 0.41%), which suggests that both groups rarely experienced this issue. Since both groups are using different medications, but neither is associated with causing physical injuries like contusions, it's unlikely that either treatment is causing the knee confusion.

Moreover, the instructions mention that if the treatments behave similarly, both should be either yes or no. Here, since neither treatment is linked to causing a knee confusion, both groups having slightly higher rates doesn't imply causation. It's more about the small sample size or chance, not a causal effect.

Therefore, the answer should be ""no"" because there's no causal link between the treatments and the outcome of Contusion of knee.
</think>

no",no
Batch3,v5,medical_questions_v5.txt,5,"Question 5
[Background]
We compare two treatments for type 2 diabetes:
- Treatment: GLP-1 Receptor Agonists (GLP-1RA)
- Control: Sodium-Glucose Cotransporter-2 Inhibitors (SGLT2i)
[Task Description]
You’ll receive an outcome and the percentage of affected patients in each group.
Decide whether these treatments have a causal effect on that outcome.
You will receive a query describing an outcome and the proportion of patients in each group who experienced it:
- One percentage for patients using GLP-1RA (treatment group).
- One percentage for patients using SGLT2i (control group).
Your task is to determine whether the treatments (GLP-1RA and SGLT2i) have a causal effect on that outcome.
[Cohort Description]
Adults with type 2 diabetes who began either GLP-1RA or SGLT2i.
All had a prior diabetes diagnosis.
GLP-1RA users: mean age 58.0, BMI 37.4.
SGLT2i users: mean age 64.6, BMI 32.8.
Charlson Comorbidity Index ≥ 3 in 65.2% (GLP-1RA) and 68.5% (SGLT2i).
[Instruction]
- Judge whether the treatments causally influence the outcome.
- Both treatments are expected to behave similarly (either both yes or both no).
- “Yes” = Positive Outcome (OOI); “No” = Negative Control Outcome (NCO).
- Reply with only “yes” or “no.”
[Few-shot examples]
- Treatment group using GLP-1RA (treatment) had 0.99% Ganglion cyst, compared with 0.44% for control group using SGLT2i. Does treatment have causal effect to the Ganglion cyst (is it a Positive Outcome)? - no
- Treatment group using GLP-1RA (treatment) had 1.79% Deviated nasal septum, compared with 1.16% for control group using SGLT2i. Does treatment have causal effect to the Deviated nasal septum (is it a Positive Outcome)? - no
- Treatment group using GLP-1RA (treatment) had 0.13% Acquired keratoderma, compared with 0.08% for control group using SGLT2i. Does treatment have causal effect to the Acquired keratoderma (is it a Positive Outcome)? - no
- Treatment group using GLP-1RA (treatment) had 1.88% Senile hyperkeratosis, compared with 1.55% for control group using SGLT2i. Does treatment have causal effect to the Senile hyperkeratosis (is it a Positive Outcome)? - no
- Treatment group using GLP-1RA (treatment) had 2.64% Nontoxic multinodular goiter, compared with 1.39% for control group using SGLT2i. Does treatment have causal effect to the Nontoxic multinodular goiter (is it a Positive Outcome)? - no
- Treatment group using GLP-1RA (treatment) had 94.81% Type 2 diabetes mellitus, compared with 96.68% for control group using SGLT2i. Does treatment have causal effect to the Type 2 diabetes mellitus (is it a Positive Outcome)? - yes
- Treatment group using GLP-1RA (treatment) had 19.87% Chronic kidney disease, compared with 31.81% for control group using SGLT2i. Does treatment have causal effect to the Chronic kidney disease (is it a Positive Outcome)? - yes
- Treatment group using GLP-1RA (treatment) had 78.37% Hypertension, compared with 84.71% for control group using SGLT2i. Does treatment have causal effect to the Hypertension (is it a Positive Outcome)? - yes
- Treatment group using GLP-1RA (treatment) had 78.09% Hyperlipidemia, compared with 84.45% for control group using SGLT2i. Does treatment have causal effect to the Hyperlipidemia (is it a Positive Outcome)? - yes
- Treatment group using GLP-1RA (treatment) had 64.14% Obesity, compared with 44.50% for control group using SGLT2i. Does treatment have causal effect to the Obesity (is it a Positive Outcome)? - yes
[Your Task]
[Question]
Treatment group using GLP-1RA (treatment) had 0.63% Contusion of knee, compared with 0.41% for control group using SGLT2i. Does treatment have causal effect to the Contusion of knee (is it a Positive Outcome)?
Answer: [Your answer, ""yes"" or ""no""]",4,"Alright, let's try to figure out whether GLP-1RA treatment has a causal effect on the Contusion of knee outcome compared to SGLT2i. 

First, I need to understand what GLP-1RA and SGLT2i do. GLP-1 Receptor Agonists, like Liraglutide or Semaglutide, are medications used to treat type 2 diabetes. They help regulate blood sugar by increasing insulin release and reducing sugar production in the liver. They also have some weight loss effects because they can affect appetite.

SGLT2 inhibitors, like Empagliflozin or Dapagliflozin, work by preventing the kidneys from reabsorbing glucose, which helps lower blood sugar levels. They also have benefits beyond glucose control, such as reducing the risk of cardiovascular events and possibly aiding in weight loss.

Now, looking at the outcome: Contusion of knee. That's basically a bruise or a minor injury to the knee. I'm not immediately seeing how either of these medications would directly cause a bruise. Both GLP-1RA and SGLT2i are not known to cause physical injuries like bruises. They're more about metabolic regulation.

Next, I should consider if there's any indirect way they might influence this outcome. For example, could one medication cause a condition that leads to more bruises? Let's think about side effects. GLP-1RA can cause nausea, diarrhea, and sometimes hypoglycemia, but I don't see a link to bruising. SGLT2i can cause urinary tract infections or increased urination, but again, no direct connection to bruising.

Looking at the percentages given: 0.63% in the treatment group and 0.41% in the control. That's a small difference, and it's hard to tell if it's statistically significant without more data. But even if there's a small difference, the medications themselves don't cause bruising.

I should also consider the examples provided. In the examples, when the treatment group had a higher percentage of an outcome, it was sometimes considered a positive outcome, but only if it made sense causally. For instance, Type 2 diabetes was considered a positive outcome because the treatments are for diabetes, but in the case of the Contusion, neither treatment should be causing it.

So, putting it all together, neither GLP-1RA nor SGLT2i is likely to cause a Contusion of knee. Therefore, the treatment doesn't have a causal effect on this outcome.
</think>

no",no
Batch3,v5,medical_questions_v5.txt,5,"Question 5
[Background]
We compare two treatments for type 2 diabetes:
- Treatment: GLP-1 Receptor Agonists (GLP-1RA)
- Control: Sodium-Glucose Cotransporter-2 Inhibitors (SGLT2i)
[Task Description]
You’ll receive an outcome and the percentage of affected patients in each group.
Decide whether these treatments have a causal effect on that outcome.
You will receive a query describing an outcome and the proportion of patients in each group who experienced it:
- One percentage for patients using GLP-1RA (treatment group).
- One percentage for patients using SGLT2i (control group).
Your task is to determine whether the treatments (GLP-1RA and SGLT2i) have a causal effect on that outcome.
[Cohort Description]
Adults with type 2 diabetes who began either GLP-1RA or SGLT2i.
All had a prior diabetes diagnosis.
GLP-1RA users: mean age 58.0, BMI 37.4.
SGLT2i users: mean age 64.6, BMI 32.8.
Charlson Comorbidity Index ≥ 3 in 65.2% (GLP-1RA) and 68.5% (SGLT2i).
[Instruction]
- Judge whether the treatments causally influence the outcome.
- Both treatments are expected to behave similarly (either both yes or both no).
- “Yes” = Positive Outcome (OOI); “No” = Negative Control Outcome (NCO).
- Reply with only “yes” or “no.”
[Few-shot examples]
- Treatment group using GLP-1RA (treatment) had 0.99% Ganglion cyst, compared with 0.44% for control group using SGLT2i. Does treatment have causal effect to the Ganglion cyst (is it a Positive Outcome)? - no
- Treatment group using GLP-1RA (treatment) had 1.79% Deviated nasal septum, compared with 1.16% for control group using SGLT2i. Does treatment have causal effect to the Deviated nasal septum (is it a Positive Outcome)? - no
- Treatment group using GLP-1RA (treatment) had 0.13% Acquired keratoderma, compared with 0.08% for control group using SGLT2i. Does treatment have causal effect to the Acquired keratoderma (is it a Positive Outcome)? - no
- Treatment group using GLP-1RA (treatment) had 1.88% Senile hyperkeratosis, compared with 1.55% for control group using SGLT2i. Does treatment have causal effect to the Senile hyperkeratosis (is it a Positive Outcome)? - no
- Treatment group using GLP-1RA (treatment) had 2.64% Nontoxic multinodular goiter, compared with 1.39% for control group using SGLT2i. Does treatment have causal effect to the Nontoxic multinodular goiter (is it a Positive Outcome)? - no
- Treatment group using GLP-1RA (treatment) had 94.81% Type 2 diabetes mellitus, compared with 96.68% for control group using SGLT2i. Does treatment have causal effect to the Type 2 diabetes mellitus (is it a Positive Outcome)? - yes
- Treatment group using GLP-1RA (treatment) had 19.87% Chronic kidney disease, compared with 31.81% for control group using SGLT2i. Does treatment have causal effect to the Chronic kidney disease (is it a Positive Outcome)? - yes
- Treatment group using GLP-1RA (treatment) had 78.37% Hypertension, compared with 84.71% for control group using SGLT2i. Does treatment have causal effect to the Hypertension (is it a Positive Outcome)? - yes
- Treatment group using GLP-1RA (treatment) had 78.09% Hyperlipidemia, compared with 84.45% for control group using SGLT2i. Does treatment have causal effect to the Hyperlipidemia (is it a Positive Outcome)? - yes
- Treatment group using GLP-1RA (treatment) had 64.14% Obesity, compared with 44.50% for control group using SGLT2i. Does treatment have causal effect to the Obesity (is it a Positive Outcome)? - yes
[Your Task]
[Question]
Treatment group using GLP-1RA (treatment) had 0.63% Contusion of knee, compared with 0.41% for control group using SGLT2i. Does treatment have causal effect to the Contusion of knee (is it a Positive Outcome)?
Answer: [Your answer, ""yes"" or ""no""]",5,"Okay, so I need to figure out whether GLP-1RA treatment has a causal effect on the outcome of ""Contusion of knee"" compared to SGLT2i. Let's start by understanding the context. Both GLP-1RA and SGLT2i are medications used to manage type 2 diabetes, but they work differently. GLP-1RA agonists help with glucose control by mimicking the action of GLP-1, a hormone that regulates appetite and glucose levels, while SGLT2i inhibitors block the enzyme responsible for glucose absorption in the kidneys, thus reducing blood sugar levels.

The task is to determine if the treatment (GLP-1RA) causally influences the outcome (knee confusion). The data given is the percentage of patients experiencing this outcome in each group. In this case, the treatment group has 0.63% and the control group has 0.41%. The question is whether this difference is significant enough to suggest a causal relationship.

I remember from the examples provided that when the treatment group has a higher percentage of an outcome, it's considered a positive outcome if it's a desired effect, but in cases where the outcome is unexpected or unrelated, it's a negative outcome. Wait, actually, in the examples, sometimes the treatment group had a higher percentage, but the answer was ""no"" because it wasn't a causal effect. For instance, in the case of ganglion cyst, the treatment group had a slightly higher rate, but it was still considered a negative outcome.

So, the key here is whether the difference in the occurrence of the outcome between the two groups is likely due to the treatment itself causing it. If both treatments are expected to behave similarly, as the instruction says, then the effect should be the same in both groups. If one group has a higher rate, it might be due to other factors rather than the treatment.

Looking at the numbers, 0.63% vs. 0.41% is a small difference. Also, considering the population, adults with type 2 diabetes, who might be more prone to certain conditions, but knee confusion isn't directly related to diabetes treatment. Both GLP-1RA and SGLT2i are glucose-lowering medications, so it's unlikely they directly cause joint issues like confusion of the knee.

Moreover, in the examples given, when the treatment group had a higher percentage, it was often still answered as ""no"" because the outcome wasn't a desired effect or the treatment wasn't causing it. For instance, in the Type 2 diabetes example, the treatment group had a slightly lower percentage, but it was still ""yes"" because it's a positive outcome. However, in the case of ganglion cyst, which isn't a diabetes-related outcome, the answer was ""no.""

So, applying this logic, the ""Contusion of knee"" isn't a typical side effect of these medications. Both drugs primarily affect glucose metabolism and aren't known to cause joint injuries or confusions. Therefore, the difference in percentages is likely due to other factors, such as differences in the populations (age, BMI, comorbidities) rather than the treatment itself.

Also, considering the comorbidity indices, GLP-1RA users had a lower BMI on average (37.4 vs. 32.8 for SGLT2i), which might influence the risk of knee confusion. Lower BMI is associated with less body fat, which might reduce the risk of joint injuries, but the difference in BMI is quite significant (4.6 points). However, the percentages are very small (0.63% vs. 0.41%), so it's unclear if this plays a role.

Another factor is the age difference. The SGLT2i group is older (64.6 vs. 58.0). Older adults might be more prone to injuries, including knee confusions. So the higher rate in the treatment group could be due to the age difference rather than the medication.

In conclusion, the difference in the occurrence of knee confusion is likely due to other factors unrelated to the treatment, such as age or BMI differences, rather than the medications themselves causing it. Therefore, there's no causal effect from GLP-1RA on this outcome.
</think>

no",no
Batch3,v5,medical_questions_v5.txt,5,"Question 5
[Background]
We compare two treatments for type 2 diabetes:
- Treatment: GLP-1 Receptor Agonists (GLP-1RA)
- Control: Sodium-Glucose Cotransporter-2 Inhibitors (SGLT2i)
[Task Description]
You’ll receive an outcome and the percentage of affected patients in each group.
Decide whether these treatments have a causal effect on that outcome.
You will receive a query describing an outcome and the proportion of patients in each group who experienced it:
- One percentage for patients using GLP-1RA (treatment group).
- One percentage for patients using SGLT2i (control group).
Your task is to determine whether the treatments (GLP-1RA and SGLT2i) have a causal effect on that outcome.
[Cohort Description]
Adults with type 2 diabetes who began either GLP-1RA or SGLT2i.
All had a prior diabetes diagnosis.
GLP-1RA users: mean age 58.0, BMI 37.4.
SGLT2i users: mean age 64.6, BMI 32.8.
Charlson Comorbidity Index ≥ 3 in 65.2% (GLP-1RA) and 68.5% (SGLT2i).
[Instruction]
- Judge whether the treatments causally influence the outcome.
- Both treatments are expected to behave similarly (either both yes or both no).
- “Yes” = Positive Outcome (OOI); “No” = Negative Control Outcome (NCO).
- Reply with only “yes” or “no.”
[Few-shot examples]
- Treatment group using GLP-1RA (treatment) had 0.99% Ganglion cyst, compared with 0.44% for control group using SGLT2i. Does treatment have causal effect to the Ganglion cyst (is it a Positive Outcome)? - no
- Treatment group using GLP-1RA (treatment) had 1.79% Deviated nasal septum, compared with 1.16% for control group using SGLT2i. Does treatment have causal effect to the Deviated nasal septum (is it a Positive Outcome)? - no
- Treatment group using GLP-1RA (treatment) had 0.13% Acquired keratoderma, compared with 0.08% for control group using SGLT2i. Does treatment have causal effect to the Acquired keratoderma (is it a Positive Outcome)? - no
- Treatment group using GLP-1RA (treatment) had 1.88% Senile hyperkeratosis, compared with 1.55% for control group using SGLT2i. Does treatment have causal effect to the Senile hyperkeratosis (is it a Positive Outcome)? - no
- Treatment group using GLP-1RA (treatment) had 2.64% Nontoxic multinodular goiter, compared with 1.39% for control group using SGLT2i. Does treatment have causal effect to the Nontoxic multinodular goiter (is it a Positive Outcome)? - no
- Treatment group using GLP-1RA (treatment) had 94.81% Type 2 diabetes mellitus, compared with 96.68% for control group using SGLT2i. Does treatment have causal effect to the Type 2 diabetes mellitus (is it a Positive Outcome)? - yes
- Treatment group using GLP-1RA (treatment) had 19.87% Chronic kidney disease, compared with 31.81% for control group using SGLT2i. Does treatment have causal effect to the Chronic kidney disease (is it a Positive Outcome)? - yes
- Treatment group using GLP-1RA (treatment) had 78.37% Hypertension, compared with 84.71% for control group using SGLT2i. Does treatment have causal effect to the Hypertension (is it a Positive Outcome)? - yes
- Treatment group using GLP-1RA (treatment) had 78.09% Hyperlipidemia, compared with 84.45% for control group using SGLT2i. Does treatment have causal effect to the Hyperlipidemia (is it a Positive Outcome)? - yes
- Treatment group using GLP-1RA (treatment) had 64.14% Obesity, compared with 44.50% for control group using SGLT2i. Does treatment have causal effect to the Obesity (is it a Positive Outcome)? - yes
[Your Task]
[Question]
Treatment group using GLP-1RA (treatment) had 0.63% Contusion of knee, compared with 0.41% for control group using SGLT2i. Does treatment have causal effect to the Contusion of knee (is it a Positive Outcome)?
Answer: [Your answer, ""yes"" or ""no""]",6,"Okay, so I'm trying to figure out whether GLP-1RA treatments have a causal effect on a Contusion of knee in the treatment group compared to the control group using SGLT2i. The data given is that 0.63% of GLP-1RA users experienced this compared to 0.41% in the SGLT2i group. 

First, I need to understand what GLP-1RA and SGLT2i are. GLP-1 Receptor Agonists are medications used to help manage type 2 diabetes by stimulating the GLP-1 receptor, which leads to increased insulin release and decreased glucose production. They're often used alongside diet and exercise. On the other hand, SGLT2i stands for Sodium-Glucose Cotransporter-2 Inhibitors, which work by inhibiting the kidneys' reabsorption of glucose, leading to more glucose being excreted in the urine, which lowers blood sugar levels. Both are used for type 2 diabetes, but they work differently.

The question is about a Contusion of knee, which is essentially a bruise or swelling in the knee area. I'm wondering if either of these medications would cause this. The percentages are very low (less than 1%), which suggests it's a rare occurrence. 

Looking at the examples provided, when the treatment group had a higher percentage than the control, it was considered a ""yes"" (positive outcome). For instance, in Type 2 diabetes, the treatment group had a slightly lower percentage (94.81%) compared to the control (96.68%), so it was a ""yes."" Similarly, for Chronic kidney disease, the treatment group had 19.87% vs. 31.81%, so ""yes."" Hypertension, Hyperlipidemia, and Obesity also had ""yes"" answers when the treatment group had lower percentages.

In this case, the GLP-1RA group has 0.63% and the SGLT2i has 0.41%, so the treatment group has a higher percentage. Following the previous examples, when the treatment group had a higher rate, it was considered a ""no."" For instance, in Ganglion cyst, the treatment group had 0.99% vs. 0.44%, so the answer was ""no."" Similarly, Deviated nasal septum, Acquired keratoderma, etc., all resulted in ""no"" when the treatment group had a higher percentage.

So, since GLP-1RA has a higher percentage (0.63%) compared to SGLT2i (0.41%), it suggests that the treatment might not be causing the Contusion of knee. Therefore, the answer should be ""no.""
</think>

no",no
Batch3,v5,medical_questions_v5.txt,5,"Question 5
[Background]
We compare two treatments for type 2 diabetes:
- Treatment: GLP-1 Receptor Agonists (GLP-1RA)
- Control: Sodium-Glucose Cotransporter-2 Inhibitors (SGLT2i)
[Task Description]
You’ll receive an outcome and the percentage of affected patients in each group.
Decide whether these treatments have a causal effect on that outcome.
You will receive a query describing an outcome and the proportion of patients in each group who experienced it:
- One percentage for patients using GLP-1RA (treatment group).
- One percentage for patients using SGLT2i (control group).
Your task is to determine whether the treatments (GLP-1RA and SGLT2i) have a causal effect on that outcome.
[Cohort Description]
Adults with type 2 diabetes who began either GLP-1RA or SGLT2i.
All had a prior diabetes diagnosis.
GLP-1RA users: mean age 58.0, BMI 37.4.
SGLT2i users: mean age 64.6, BMI 32.8.
Charlson Comorbidity Index ≥ 3 in 65.2% (GLP-1RA) and 68.5% (SGLT2i).
[Instruction]
- Judge whether the treatments causally influence the outcome.
- Both treatments are expected to behave similarly (either both yes or both no).
- “Yes” = Positive Outcome (OOI); “No” = Negative Control Outcome (NCO).
- Reply with only “yes” or “no.”
[Few-shot examples]
- Treatment group using GLP-1RA (treatment) had 0.99% Ganglion cyst, compared with 0.44% for control group using SGLT2i. Does treatment have causal effect to the Ganglion cyst (is it a Positive Outcome)? - no
- Treatment group using GLP-1RA (treatment) had 1.79% Deviated nasal septum, compared with 1.16% for control group using SGLT2i. Does treatment have causal effect to the Deviated nasal septum (is it a Positive Outcome)? - no
- Treatment group using GLP-1RA (treatment) had 0.13% Acquired keratoderma, compared with 0.08% for control group using SGLT2i. Does treatment have causal effect to the Acquired keratoderma (is it a Positive Outcome)? - no
- Treatment group using GLP-1RA (treatment) had 1.88% Senile hyperkeratosis, compared with 1.55% for control group using SGLT2i. Does treatment have causal effect to the Senile hyperkeratosis (is it a Positive Outcome)? - no
- Treatment group using GLP-1RA (treatment) had 2.64% Nontoxic multinodular goiter, compared with 1.39% for control group using SGLT2i. Does treatment have causal effect to the Nontoxic multinodular goiter (is it a Positive Outcome)? - no
- Treatment group using GLP-1RA (treatment) had 94.81% Type 2 diabetes mellitus, compared with 96.68% for control group using SGLT2i. Does treatment have causal effect to the Type 2 diabetes mellitus (is it a Positive Outcome)? - yes
- Treatment group using GLP-1RA (treatment) had 19.87% Chronic kidney disease, compared with 31.81% for control group using SGLT2i. Does treatment have causal effect to the Chronic kidney disease (is it a Positive Outcome)? - yes
- Treatment group using GLP-1RA (treatment) had 78.37% Hypertension, compared with 84.71% for control group using SGLT2i. Does treatment have causal effect to the Hypertension (is it a Positive Outcome)? - yes
- Treatment group using GLP-1RA (treatment) had 78.09% Hyperlipidemia, compared with 84.45% for control group using SGLT2i. Does treatment have causal effect to the Hyperlipidemia (is it a Positive Outcome)? - yes
- Treatment group using GLP-1RA (treatment) had 64.14% Obesity, compared with 44.50% for control group using SGLT2i. Does treatment have causal effect to the Obesity (is it a Positive Outcome)? - yes
[Your Task]
[Question]
Treatment group using GLP-1RA (treatment) had 0.63% Contusion of knee, compared with 0.41% for control group using SGLT2i. Does treatment have causal effect to the Contusion of knee (is it a Positive Outcome)?
Answer: [Your answer, ""yes"" or ""no""]",7,"Alright, so I'm trying to figure out whether GLP-1RA treatments have a causal effect on the outcome of Contusion of knee in this comparison with SGLT2i. Let me start by understanding the background and the task.

First, the question provides some context about the two treatments: GLP-1 Receptor Agonists (GLP-1RA) and Sodium-Glucose Cotransporter-2 Inhibitors (SGLT2i). Both are used to treat type 2 diabetes, and the study is looking at adults who started either of these treatments after being diagnosed with diabetes.

The demographic details show that GLP-1RA users are slightly younger (mean age 58.0 vs. 64.6 for SGLT2i), have a higher BMI (37.4 vs. 32.8), and have a similar level of comorbidities as measured by the Charlson Index. These differences could be important because age and BMI can influence the risk of various outcomes.

The specific question is about whether GLP-1RA causes a Contusion of knee, given that 0.63% of GLP-1RA users experienced this compared to 0.41% in the SGLT2i group. I need to determine if this difference is due to a causal effect of the treatment or if it's just a coincidence or influenced by other factors.

Looking at the examples provided, the user has given several instances where the treatment group had a higher percentage of an outcome, and the answer was ""yes"" in some cases and ""no"" in others. For instance, in cases where the treatment group had a higher percentage of something like Type 2 diabetes or Chronic kidney disease, the answer was ""yes,"" implying that the treatment caused it. But for other outcomes like Ganglion cyst or Deviated nasal septum, the answer was ""no,"" suggesting that the treatment didn't have a causal effect.

So, I need to figure out if Contusion of knee is something that would be expected to be caused by GLP-1RA or SGLT2i. Both drugs are primarily used for managing blood glucose levels in type 2 diabetes. GLP-1RA works by increasing insulin release and decreasing sugar production, while SGLT2i inhibits glucose reabsorption, leading to more urine excretion and lower blood glucose.

I don't recall Contusion of knee being a direct side effect of these medications. Both drugs are not known to affect the musculoskeletal system in a way that would increase the risk of knee contusions. Knee contusions are usually related to physical injury or trauma, such as from sports activities or falls. Therefore, it's unlikely that GLP-1RA or SGLT2i would cause this outcome.

Moreover, the percentages are quite low (0.63% vs. 0.41%), suggesting that this is not a common side effect of either treatment. Additionally, the demographic differences between the two groups (age, BMI, comorbidities) might influence the risk of other conditions, but not specifically Contusion of knee. 

Another angle to consider is whether there's any research linking these medications to an increased risk of knee injuries or contusions. From what I know, neither GLP-1RA nor SGLT2i have been associated with such outcomes. They are more focused on metabolic effects rather than musculoskeletal issues.

Therefore, the difference in the percentage of patients experiencing a Contusion of knee is likely due to other factors, such as differences in the populations treated (age, BMI) or other underlying conditions, rather than a causal effect of the medications themselves. Thus, the treatment (GLP-1RA) does not have a causal effect on the outcome of Contusion of knee.
</think>

no",no
Batch3,v5,medical_questions_v5.txt,5,"Question 5
[Background]
We compare two treatments for type 2 diabetes:
- Treatment: GLP-1 Receptor Agonists (GLP-1RA)
- Control: Sodium-Glucose Cotransporter-2 Inhibitors (SGLT2i)
[Task Description]
You’ll receive an outcome and the percentage of affected patients in each group.
Decide whether these treatments have a causal effect on that outcome.
You will receive a query describing an outcome and the proportion of patients in each group who experienced it:
- One percentage for patients using GLP-1RA (treatment group).
- One percentage for patients using SGLT2i (control group).
Your task is to determine whether the treatments (GLP-1RA and SGLT2i) have a causal effect on that outcome.
[Cohort Description]
Adults with type 2 diabetes who began either GLP-1RA or SGLT2i.
All had a prior diabetes diagnosis.
GLP-1RA users: mean age 58.0, BMI 37.4.
SGLT2i users: mean age 64.6, BMI 32.8.
Charlson Comorbidity Index ≥ 3 in 65.2% (GLP-1RA) and 68.5% (SGLT2i).
[Instruction]
- Judge whether the treatments causally influence the outcome.
- Both treatments are expected to behave similarly (either both yes or both no).
- “Yes” = Positive Outcome (OOI); “No” = Negative Control Outcome (NCO).
- Reply with only “yes” or “no.”
[Few-shot examples]
- Treatment group using GLP-1RA (treatment) had 0.99% Ganglion cyst, compared with 0.44% for control group using SGLT2i. Does treatment have causal effect to the Ganglion cyst (is it a Positive Outcome)? - no
- Treatment group using GLP-1RA (treatment) had 1.79% Deviated nasal septum, compared with 1.16% for control group using SGLT2i. Does treatment have causal effect to the Deviated nasal septum (is it a Positive Outcome)? - no
- Treatment group using GLP-1RA (treatment) had 0.13% Acquired keratoderma, compared with 0.08% for control group using SGLT2i. Does treatment have causal effect to the Acquired keratoderma (is it a Positive Outcome)? - no
- Treatment group using GLP-1RA (treatment) had 1.88% Senile hyperkeratosis, compared with 1.55% for control group using SGLT2i. Does treatment have causal effect to the Senile hyperkeratosis (is it a Positive Outcome)? - no
- Treatment group using GLP-1RA (treatment) had 2.64% Nontoxic multinodular goiter, compared with 1.39% for control group using SGLT2i. Does treatment have causal effect to the Nontoxic multinodular goiter (is it a Positive Outcome)? - no
- Treatment group using GLP-1RA (treatment) had 94.81% Type 2 diabetes mellitus, compared with 96.68% for control group using SGLT2i. Does treatment have causal effect to the Type 2 diabetes mellitus (is it a Positive Outcome)? - yes
- Treatment group using GLP-1RA (treatment) had 19.87% Chronic kidney disease, compared with 31.81% for control group using SGLT2i. Does treatment have causal effect to the Chronic kidney disease (is it a Positive Outcome)? - yes
- Treatment group using GLP-1RA (treatment) had 78.37% Hypertension, compared with 84.71% for control group using SGLT2i. Does treatment have causal effect to the Hypertension (is it a Positive Outcome)? - yes
- Treatment group using GLP-1RA (treatment) had 78.09% Hyperlipidemia, compared with 84.45% for control group using SGLT2i. Does treatment have causal effect to the Hyperlipidemia (is it a Positive Outcome)? - yes
- Treatment group using GLP-1RA (treatment) had 64.14% Obesity, compared with 44.50% for control group using SGLT2i. Does treatment have causal effect to the Obesity (is it a Positive Outcome)? - yes
[Your Task]
[Question]
Treatment group using GLP-1RA (treatment) had 0.63% Contusion of knee, compared with 0.41% for control group using SGLT2i. Does treatment have causal effect to the Contusion of knee (is it a Positive Outcome)?
Answer: [Your answer, ""yes"" or ""no""]",8,"Okay, so I'm trying to figure out whether GLP-1 Receptor Agonists (GLP-1RA) have a causal effect on the outcome of a Contusion of knee, compared to Sodium-Glucose Cotransporter-2 Inhibitors (SGLT2i). The question gives me the percentages of patients in each group who experienced this outcome. Specifically, 0.63% in the GLP-1RA group and 0.41% in the SGLT2i group.

First, I need to understand what GLP-1RA and SGLT2i do. GLP-1RA is a class of medications that mimics the action of GLP-1, a hormone that helps regulate blood sugar. They are often used in the treatment of type 2 diabetes and can help with weight loss and reducing appetite. SGLT2i inhibitors work by blocking the enzyme responsible for glucose absorption in the kidneys, which also helps lower blood sugar and can have benefits beyond just glucose control, like reducing the risk of heart disease and possibly aiding in weight loss.

Now, the outcome here is a Contusion of knee, which is a type of injury where the kneecap is out of place, often due to a tear of the meniscus or ligaments. I'm trying to think if either of these medications would cause this. Both GLP-1RA and SGLT2i are not known to directly cause joint injuries. They primarily affect metabolism and blood sugar levels. So, at first glance, it seems unlikely that either treatment would be causing a knee confusion.

Looking at the percentages, the GLP-1RA group has a higher rate of this outcome compared to SGLT2i (0.63% vs. 0.41%). This might make someone think that GLP-1RA is causing the problem, but I don't see a direct link between these medications and knee contusions. Both drugs are more about managing diabetes and metabolism rather than affecting joints or muscles in a way that would lead to such an injury.

I should also consider other factors. The patients in both groups have type 2 diabetes, and the characteristics of the cohorts are slightly different. The GLP-1RA users are younger (mean age 58.0) and have a higher BMI (37.4) compared to SGLT2i users (mean age 64.6, BMI 32.8). They also have higher comorbidities, which might be relevant. However, neither GLP-1RA nor SGLT2i are known to increase the risk of knee injuries. In fact, some studies suggest that SGLT2i might have benefits related to joint health, though this is not well-established.

Another angle is to look at the examples provided. In the given few-shot examples, whenever the treatment group had a higher percentage for an outcome, the answer was often ""yes,"" but that was for conditions like diabetes, kidney disease, hypertension, etc., which are directly related to the treatments. Since a knee confusion isn't related to these medications, it's probably not a positive outcome.

Therefore, despite the GLP-1RA group having a slightly higher rate, there's no causal relationship. The difference might be due to other factors, such as differences in patient populations or other underlying conditions, but not the medications themselves.
</think>

no",no
Batch3,v5,medical_questions_v5.txt,5,"Question 5
[Background]
We compare two treatments for type 2 diabetes:
- Treatment: GLP-1 Receptor Agonists (GLP-1RA)
- Control: Sodium-Glucose Cotransporter-2 Inhibitors (SGLT2i)
[Task Description]
You’ll receive an outcome and the percentage of affected patients in each group.
Decide whether these treatments have a causal effect on that outcome.
You will receive a query describing an outcome and the proportion of patients in each group who experienced it:
- One percentage for patients using GLP-1RA (treatment group).
- One percentage for patients using SGLT2i (control group).
Your task is to determine whether the treatments (GLP-1RA and SGLT2i) have a causal effect on that outcome.
[Cohort Description]
Adults with type 2 diabetes who began either GLP-1RA or SGLT2i.
All had a prior diabetes diagnosis.
GLP-1RA users: mean age 58.0, BMI 37.4.
SGLT2i users: mean age 64.6, BMI 32.8.
Charlson Comorbidity Index ≥ 3 in 65.2% (GLP-1RA) and 68.5% (SGLT2i).
[Instruction]
- Judge whether the treatments causally influence the outcome.
- Both treatments are expected to behave similarly (either both yes or both no).
- “Yes” = Positive Outcome (OOI); “No” = Negative Control Outcome (NCO).
- Reply with only “yes” or “no.”
[Few-shot examples]
- Treatment group using GLP-1RA (treatment) had 0.99% Ganglion cyst, compared with 0.44% for control group using SGLT2i. Does treatment have causal effect to the Ganglion cyst (is it a Positive Outcome)? - no
- Treatment group using GLP-1RA (treatment) had 1.79% Deviated nasal septum, compared with 1.16% for control group using SGLT2i. Does treatment have causal effect to the Deviated nasal septum (is it a Positive Outcome)? - no
- Treatment group using GLP-1RA (treatment) had 0.13% Acquired keratoderma, compared with 0.08% for control group using SGLT2i. Does treatment have causal effect to the Acquired keratoderma (is it a Positive Outcome)? - no
- Treatment group using GLP-1RA (treatment) had 1.88% Senile hyperkeratosis, compared with 1.55% for control group using SGLT2i. Does treatment have causal effect to the Senile hyperkeratosis (is it a Positive Outcome)? - no
- Treatment group using GLP-1RA (treatment) had 2.64% Nontoxic multinodular goiter, compared with 1.39% for control group using SGLT2i. Does treatment have causal effect to the Nontoxic multinodular goiter (is it a Positive Outcome)? - no
- Treatment group using GLP-1RA (treatment) had 94.81% Type 2 diabetes mellitus, compared with 96.68% for control group using SGLT2i. Does treatment have causal effect to the Type 2 diabetes mellitus (is it a Positive Outcome)? - yes
- Treatment group using GLP-1RA (treatment) had 19.87% Chronic kidney disease, compared with 31.81% for control group using SGLT2i. Does treatment have causal effect to the Chronic kidney disease (is it a Positive Outcome)? - yes
- Treatment group using GLP-1RA (treatment) had 78.37% Hypertension, compared with 84.71% for control group using SGLT2i. Does treatment have causal effect to the Hypertension (is it a Positive Outcome)? - yes
- Treatment group using GLP-1RA (treatment) had 78.09% Hyperlipidemia, compared with 84.45% for control group using SGLT2i. Does treatment have causal effect to the Hyperlipidemia (is it a Positive Outcome)? - yes
- Treatment group using GLP-1RA (treatment) had 64.14% Obesity, compared with 44.50% for control group using SGLT2i. Does treatment have causal effect to the Obesity (is it a Positive Outcome)? - yes
[Your Task]
[Question]
Treatment group using GLP-1RA (treatment) had 0.63% Contusion of knee, compared with 0.41% for control group using SGLT2i. Does treatment have causal effect to the Contusion of knee (is it a Positive Outcome)?
Answer: [Your answer, ""yes"" or ""no""]",9,"Okay, so I'm trying to figure out whether GLP-1 Receptor Agonists (GLP-1RA) have a causal effect on the outcome of Contusion of knee, compared to Sodium-Glucose Cotransporter-2 Inhibitors (SGLT2i). The data given is that 0.63% of GLP-1RA users had a knee confusion, while 0.41% of SGLT2i users did. 

First, I need to understand what the question is asking. It wants to know if the treatment (GLP-1RA) causally influences the outcome (knee confusion). The instructions say that both treatments are expected to behave similarly, meaning if GLP-1RA is causing the outcome, SGLT2i should also be causing it, or neither should. So, if one is higher than the other, it might not be a causal effect.

Looking at the examples provided, in most cases where one treatment had a higher percentage than the other for a specific outcome, the answer was ""no."" For instance, when the treatment group had 0.99% for a certain condition versus 0.44%, the answer was ""no."" This suggests that just having a higher percentage doesn't automatically mean causation; other factors might be at play, like different patient characteristics or other variables.

In this case, GLP-1RA is 0.63% versus SGLT2i's 0.41%. The question is whether the treatment (GLP-1RA) causes more knee confusion. But wait, 0.63% is higher than 0.41%, so does that mean GLP-1RA causes it? However, the examples show that sometimes a higher percentage doesn't imply causation because other factors might be influencing the outcome. For example, in the Type 2 diabetes example, both treatments had very similar percentages, and the answer was ""yes,"" implying that the treatment caused the outcome.

But here, the percentages are quite low, only 0.6% and 0.4%. Both are small percentages, so maybe the difference isn't significant. Also, considering the other characteristics: GLP-1RA users are slightly younger (58 vs. 64) and have higher BMI (37.4 vs. 32.8). They also have a similar Charlson score. So, the GLP-1RA group might have more patients with higher BMI, which is a risk factor for knee confusion? Or maybe not. Alternatively, perhaps SGLT2i is used more in older, lower BMI patients, which might have different risks for knee confusion.

Wait, but the task is to determine if the treatment has a causal effect. If GLP-1RA is associated with a higher rate, does that mean it's causing it? Or could it be that the two treatments are used in different patient populations, leading to different rates regardless of causation?

Looking back at the examples, when one treatment had a higher rate, the answer was ""no."" For instance, in the ganglion cyst example, the treatment group had 0.99% vs. 0.44%, and the answer was ""no."" Similarly for other conditions. So, perhaps a higher percentage doesn't necessarily mean causation. It might just be that the two treatments are used in different populations.

Therefore, in this case, even though GLP-1RA has a slightly higher rate, it's likely that the difference is due to other factors, not a causal effect. So, the answer would be ""no.""
</think>

no",no
Batch3,v5,medical_questions_v5.txt,5,"Question 5
[Background]
We compare two treatments for type 2 diabetes:
- Treatment: GLP-1 Receptor Agonists (GLP-1RA)
- Control: Sodium-Glucose Cotransporter-2 Inhibitors (SGLT2i)
[Task Description]
You’ll receive an outcome and the percentage of affected patients in each group.
Decide whether these treatments have a causal effect on that outcome.
You will receive a query describing an outcome and the proportion of patients in each group who experienced it:
- One percentage for patients using GLP-1RA (treatment group).
- One percentage for patients using SGLT2i (control group).
Your task is to determine whether the treatments (GLP-1RA and SGLT2i) have a causal effect on that outcome.
[Cohort Description]
Adults with type 2 diabetes who began either GLP-1RA or SGLT2i.
All had a prior diabetes diagnosis.
GLP-1RA users: mean age 58.0, BMI 37.4.
SGLT2i users: mean age 64.6, BMI 32.8.
Charlson Comorbidity Index ≥ 3 in 65.2% (GLP-1RA) and 68.5% (SGLT2i).
[Instruction]
- Judge whether the treatments causally influence the outcome.
- Both treatments are expected to behave similarly (either both yes or both no).
- “Yes” = Positive Outcome (OOI); “No” = Negative Control Outcome (NCO).
- Reply with only “yes” or “no.”
[Few-shot examples]
- Treatment group using GLP-1RA (treatment) had 0.99% Ganglion cyst, compared with 0.44% for control group using SGLT2i. Does treatment have causal effect to the Ganglion cyst (is it a Positive Outcome)? - no
- Treatment group using GLP-1RA (treatment) had 1.79% Deviated nasal septum, compared with 1.16% for control group using SGLT2i. Does treatment have causal effect to the Deviated nasal septum (is it a Positive Outcome)? - no
- Treatment group using GLP-1RA (treatment) had 0.13% Acquired keratoderma, compared with 0.08% for control group using SGLT2i. Does treatment have causal effect to the Acquired keratoderma (is it a Positive Outcome)? - no
- Treatment group using GLP-1RA (treatment) had 1.88% Senile hyperkeratosis, compared with 1.55% for control group using SGLT2i. Does treatment have causal effect to the Senile hyperkeratosis (is it a Positive Outcome)? - no
- Treatment group using GLP-1RA (treatment) had 2.64% Nontoxic multinodular goiter, compared with 1.39% for control group using SGLT2i. Does treatment have causal effect to the Nontoxic multinodular goiter (is it a Positive Outcome)? - no
- Treatment group using GLP-1RA (treatment) had 94.81% Type 2 diabetes mellitus, compared with 96.68% for control group using SGLT2i. Does treatment have causal effect to the Type 2 diabetes mellitus (is it a Positive Outcome)? - yes
- Treatment group using GLP-1RA (treatment) had 19.87% Chronic kidney disease, compared with 31.81% for control group using SGLT2i. Does treatment have causal effect to the Chronic kidney disease (is it a Positive Outcome)? - yes
- Treatment group using GLP-1RA (treatment) had 78.37% Hypertension, compared with 84.71% for control group using SGLT2i. Does treatment have causal effect to the Hypertension (is it a Positive Outcome)? - yes
- Treatment group using GLP-1RA (treatment) had 78.09% Hyperlipidemia, compared with 84.45% for control group using SGLT2i. Does treatment have causal effect to the Hyperlipidemia (is it a Positive Outcome)? - yes
- Treatment group using GLP-1RA (treatment) had 64.14% Obesity, compared with 44.50% for control group using SGLT2i. Does treatment have causal effect to the Obesity (is it a Positive Outcome)? - yes
[Your Task]
[Question]
Treatment group using GLP-1RA (treatment) had 0.63% Contusion of knee, compared with 0.41% for control group using SGLT2i. Does treatment have causal effect to the Contusion of knee (is it a Positive Outcome)?
Answer: [Your answer, ""yes"" or ""no""]",10,"Okay, so I need to figure out whether GLP-1 Receptor Agonists (GLP-1RA) have a causal effect on a Contusion of knee, given the data provided. Let me start by understanding the problem.

First, the background tells me that we're comparing two treatments for type 2 diabetes: GLP-1RA and Sodium-Glucose Cotransporter-2 Inhibitors (SGLT2i). The task is to determine if these treatments causally influence a specific outcome, which in this case is a Contusion of knee. 

The data provided includes the percentage of patients in each group who experienced this outcome. Specifically, 0.63% of GLP-1RA users had a Contusion of knee, compared to 0.41% of SGLT2i users. 

I also need to consider the cohort description. Adults with type 2 diabetes who started either GLP-1RA or SGLT2i. Both groups have similar characteristics, such as age, BMI, and Charlson Comorbidity Index. The GLP-1RA group has a mean age of 58.0, BMI of 37.4, and 65.2% with a Charlson score ≥3. The SGLT2i group has a mean age of 64.6, BMI of 32.8, and 68.5% with a Charlson score ≥3. 

The instruction says to judge whether the treatments causally influence the outcome. Both treatments should either have a positive or negative effect, meaning if GLP-1RA is linked to the outcome, SGLT2i should be as well. If one is yes, the other should be yes too, and if one is no, the other should be no. 

Looking at the examples provided, I see that when the treatment group has a higher percentage of an outcome, it's sometimes considered a positive outcome (yes). For instance, in the case of Type 2 diabetes, the treatment group had a slightly lower percentage (0.99% vs 0.44%), and the answer was yes. Similarly, for Chronic kidney disease, the treatment group had 19.87% vs 31.81%, and it was considered a yes. On the other hand, for negative outcomes, like ganglion cysts, the answer was no regardless of the percentages.

Now, applying this to the Contusion of knee. The GLP-1RA group has a higher percentage (0.63%) compared to the SGLT2i group (0.41%). In previous examples, when the treatment group had a higher percentage, it was considered a yes, implying a causal effect. 

But wait, I need to think about whether a higher percentage in the treatment group means a causal effect. It could also be due to other confounding factors. However, the instruction says that both treatments should behave similarly—either both yes or both no. So if GLP-1RA is linked to the outcome, SGLT2i should be as well.

In the examples, when the treatment group had a higher percentage, it was a yes. For instance, in obesity, GLP-1RA had a higher percentage (64.14% vs 44.50%), and it was considered a yes. So, following that logic, since GLP-1RA has a higher percentage for Contusion of knee, it would be considered a positive outcome, thus a yes.

But I should also consider the nature of the outcomes. Are Contusions of knee something that these medications would directly cause? GLP-1RA medications are typically used for diabetes and often have side effects like pancreatitis, thyroid issues, etc., but I'm not sure about knee contusions. SGLT2i are also used for diabetes and can cause urinary tract infections or other urinary-related issues, but again, not directly linked to knee injuries.

However, the data given is that GLP-1RA has a higher percentage of this outcome. According to the previous examples, higher percentages in the treatment group are considered positive outcomes. So, unless there's a reason to think that SGLT2i would have a different effect, I should follow the same logic.

Therefore, I think the answer is yes because the GLP-1RA group has a higher percentage of Contusion of knee, indicating a possible causal effect.
</think>

yes",yes
Batch3,v5,medical_questions_v5.txt,6,"Question 6
[Background]
We compare two treatments for type 2 diabetes:
- Treatment: GLP-1 Receptor Agonists (GLP-1RA)
- Control: Sodium-Glucose Cotransporter-2 Inhibitors (SGLT2i)
[Task Description]
You’ll receive an outcome and the percentage of affected patients in each group.
Decide whether these treatments have a causal effect on that outcome.
You will receive a query describing an outcome and the proportion of patients in each group who experienced it:
- One percentage for patients using GLP-1RA (treatment group).
- One percentage for patients using SGLT2i (control group).
Your task is to determine whether the treatments (GLP-1RA and SGLT2i) have a causal effect on that outcome.
[Cohort Description]
Adults with type 2 diabetes who began either GLP-1RA or SGLT2i.
All had a prior diabetes diagnosis.
GLP-1RA users: mean age 58.0, BMI 37.4.
SGLT2i users: mean age 64.6, BMI 32.8.
Charlson Comorbidity Index ≥ 3 in 65.2% (GLP-1RA) and 68.5% (SGLT2i).
[Instruction]
- Judge whether the treatments causally influence the outcome.
- Both treatments are expected to behave similarly (either both yes or both no).
- “Yes” = Positive Outcome (OOI); “No” = Negative Control Outcome (NCO).
- Reply with only “yes” or “no.”
[Few-shot Examples]
- Treatment group using GLP-1RA (treatment) had 0.99% Ganglion cyst, compared with 0.44% for control group using SGLT2i. Does treatment have causal effect to the Ganglion cyst (is it a Positive Outcome)? - no
- Treatment group using GLP-1RA (treatment) had 1.79% Deviated nasal septum, compared with 1.16% for control group using SGLT2i. Does treatment have causal effect to the Deviated nasal septum (is it a Positive Outcome)? - no
- Treatment group using GLP-1RA (treatment) had 0.13% Acquired keratoderma, compared with 0.08% for control group using SGLT2i. Does treatment have causal effect to the Acquired keratoderma (is it a Positive Outcome)? - no
- Treatment group using GLP-1RA (treatment) had 1.88% Senile hyperkeratosis, compared with 1.55% for control group using SGLT2i. Does treatment have causal effect to the Senile hyperkeratosis (is it a Positive Outcome)? - no
- Treatment group using GLP-1RA (treatment) had 2.64% Nontoxic multinodular goiter, compared with 1.39% for control group using SGLT2i. Does treatment have causal effect to the Nontoxic multinodular goiter (is it a Positive Outcome)? - no
- Treatment group using GLP-1RA (treatment) had 94.81% Type 2 diabetes mellitus, compared with 96.68% for control group using SGLT2i. Does treatment have causal effect to the Type 2 diabetes mellitus (is it a Positive Outcome)? - yes
- Treatment group using GLP-1RA (treatment) had 19.87% Chronic kidney disease, compared with 31.81% for control group using SGLT2i. Does treatment have causal effect to the Chronic kidney disease (is it a Positive Outcome)? - yes
- Treatment group using GLP-1RA (treatment) had 78.37% Hypertension, compared with 84.71% for control group using SGLT2i. Does treatment have causal effect to the Hypertension (is it a Positive Outcome)? - yes
- Treatment group using GLP-1RA (treatment) had 78.09% Hyperlipidemia, compared with 84.45% for control group using SGLT2i. Does treatment have causal effect to the Hyperlipidemia (is it a Positive Outcome)? - yes
- Treatment group using GLP-1RA (treatment) had 64.14% Obesity, compared with 44.50% for control group using SGLT2i. Does treatment have causal effect to the Obesity (is it a Positive Outcome)? - yes
[Your Task]
[Question]
Treatment group using GLP-1RA (treatment) had 23.40% Low back pain, compared with 17.72% for control group using SGLT2i. Does treatment have causal effect to the Low back pain (is it a Positive Outcome)?
Answer: [Your answer, ""yes"" or ""no""]",1,"Okay, so I'm trying to figure out whether GLP-1RA treatments have a causal effect on low back pain in patients with type 2 diabetes. The data given is that 23.40% of GLP-1RA users experienced low back pain, compared to 17.72% in the SGLT2i group. 

First, I need to understand what GLP-1RA and SGLT2i do. GLP-1 receptor agonists are medications that help with weight loss, lower blood sugar, and might help with heart issues. SGLT2 inhibitors also help with blood sugar control and can reduce the risk of heart disease and kidney issues. Both are used in type 2 diabetes but through slightly different mechanisms.

Now, the question is about low back pain. I know that both GLP-1RA and SGLT2i are not directly related to the spine or muscles in the back. They primarily affect metabolism and blood sugar. So, do these medications cause low back pain? Or is it something else?

Looking at the examples provided, when the treatment group had a higher percentage of a condition, it was often considered a positive outcome, like obesity, hypertension, hyperlipidemia, etc. But in those cases, the conditions were related to the treatments' side effects or direct effects. For instance, SGLT2i can cause urinary tract infections or increase the risk of amputations, which are related to their mechanisms. 

But low back pain isn't something I associate directly with these medications. It's more of a general health issue. The fact that GLP-1RA users have a higher percentage of low back pain doesn't necessarily mean the treatment causes it. It could be a coincidence, or it might be related to other factors, like the patients' overall health, physical activity levels, or other comorbidities.

Also, considering the comorbidity indices, both groups have a high Charlson score, which suggests they have other health issues. Maybe the patients in the GLP-1RA group have more back problems, or perhaps the SGLT2i group is more sedentary, leading to more back pain. Or it could be that the medications don't directly cause back pain but that the patients are more likely to report it due to other reasons.

Another point is that in the examples provided, when the treatment group had a higher percentage of a condition, it was often related to the treatment's known side effects. For instance, chronic kidney disease was higher in the SGLT2i group, which is expected because SGLT2i can increase the risk of kidney issues. Similarly, GLP-1RA can cause nausea or vomiting, which might lead to more gastrointestinal issues, but that wasn't in the examples given.

Low back pain isn't a known side effect of either GLP-1RA or SGLT2i. Therefore, the higher percentage in the treatment group doesn't indicate causation but might just be a reporting bias or a reflection of underlying health issues.

So, considering all this, I don't think GLP-1RA has a causal effect on low back pain in this context. It's more likely that other factors are at play, and thus the answer should be ""no.""
</think>

no",no
Batch3,v5,medical_questions_v5.txt,6,"Question 6
[Background]
We compare two treatments for type 2 diabetes:
- Treatment: GLP-1 Receptor Agonists (GLP-1RA)
- Control: Sodium-Glucose Cotransporter-2 Inhibitors (SGLT2i)
[Task Description]
You’ll receive an outcome and the percentage of affected patients in each group.
Decide whether these treatments have a causal effect on that outcome.
You will receive a query describing an outcome and the proportion of patients in each group who experienced it:
- One percentage for patients using GLP-1RA (treatment group).
- One percentage for patients using SGLT2i (control group).
Your task is to determine whether the treatments (GLP-1RA and SGLT2i) have a causal effect on that outcome.
[Cohort Description]
Adults with type 2 diabetes who began either GLP-1RA or SGLT2i.
All had a prior diabetes diagnosis.
GLP-1RA users: mean age 58.0, BMI 37.4.
SGLT2i users: mean age 64.6, BMI 32.8.
Charlson Comorbidity Index ≥ 3 in 65.2% (GLP-1RA) and 68.5% (SGLT2i).
[Instruction]
- Judge whether the treatments causally influence the outcome.
- Both treatments are expected to behave similarly (either both yes or both no).
- “Yes” = Positive Outcome (OOI); “No” = Negative Control Outcome (NCO).
- Reply with only “yes” or “no.”
[Few-shot Examples]
- Treatment group using GLP-1RA (treatment) had 0.99% Ganglion cyst, compared with 0.44% for control group using SGLT2i. Does treatment have causal effect to the Ganglion cyst (is it a Positive Outcome)? - no
- Treatment group using GLP-1RA (treatment) had 1.79% Deviated nasal septum, compared with 1.16% for control group using SGLT2i. Does treatment have causal effect to the Deviated nasal septum (is it a Positive Outcome)? - no
- Treatment group using GLP-1RA (treatment) had 0.13% Acquired keratoderma, compared with 0.08% for control group using SGLT2i. Does treatment have causal effect to the Acquired keratoderma (is it a Positive Outcome)? - no
- Treatment group using GLP-1RA (treatment) had 1.88% Senile hyperkeratosis, compared with 1.55% for control group using SGLT2i. Does treatment have causal effect to the Senile hyperkeratosis (is it a Positive Outcome)? - no
- Treatment group using GLP-1RA (treatment) had 2.64% Nontoxic multinodular goiter, compared with 1.39% for control group using SGLT2i. Does treatment have causal effect to the Nontoxic multinodular goiter (is it a Positive Outcome)? - no
- Treatment group using GLP-1RA (treatment) had 94.81% Type 2 diabetes mellitus, compared with 96.68% for control group using SGLT2i. Does treatment have causal effect to the Type 2 diabetes mellitus (is it a Positive Outcome)? - yes
- Treatment group using GLP-1RA (treatment) had 19.87% Chronic kidney disease, compared with 31.81% for control group using SGLT2i. Does treatment have causal effect to the Chronic kidney disease (is it a Positive Outcome)? - yes
- Treatment group using GLP-1RA (treatment) had 78.37% Hypertension, compared with 84.71% for control group using SGLT2i. Does treatment have causal effect to the Hypertension (is it a Positive Outcome)? - yes
- Treatment group using GLP-1RA (treatment) had 78.09% Hyperlipidemia, compared with 84.45% for control group using SGLT2i. Does treatment have causal effect to the Hyperlipidemia (is it a Positive Outcome)? - yes
- Treatment group using GLP-1RA (treatment) had 64.14% Obesity, compared with 44.50% for control group using SGLT2i. Does treatment have causal effect to the Obesity (is it a Positive Outcome)? - yes
[Your Task]
[Question]
Treatment group using GLP-1RA (treatment) had 23.40% Low back pain, compared with 17.72% for control group using SGLT2i. Does treatment have causal effect to the Low back pain (is it a Positive Outcome)?
Answer: [Your answer, ""yes"" or ""no""]",2,"Okay, so I'm trying to figure out whether GLP-1RA treatment has a causal effect on low back pain in patients with type 2 diabetes. The data given is that 23.40% of GLP-1RA users experienced low back pain, compared to 17.72% of SGLT2i users. 

First, I remember that both GLP-1RA and SGLT2i are medications used to manage type 2 diabetes, but they work differently. GLP-1RA stands for GLP-1 receptor agonists, which help lower blood glucose by increasing insulin release and decreasing sugar production. They are often associated with weight loss because they can cause nausea and vomiting, which might lead to reduced food intake.

SGLT2i, on the other hand, stands for sodium-glucose cotransporter-2 inhibitors. These drugs work by preventing the kidneys from reabsorbing glucose, which leads to increased urinary glucose excretion and reduced blood sugar levels. They are also known to have some benefits beyond just glucose control, such as reducing the risk of cardiovascular events and possibly helping with weight loss as well.

Looking at the examples provided, it seems that when the treatment group (GLP-1RA) has a higher percentage of an outcome than the control group (SGLT2i), the answer is ""yes"" for a positive outcome. Conversely, if the treatment group has a lower percentage, it's ""no"". For instance, in the case of type 2 diabetes, the treatment group had a slightly lower percentage (96.68% vs 97.68%) but the answer was ""yes"". Wait, no, actually, the example showed that the treatment group had 94.81% and the control had 96.68%, so the treatment group had a lower percentage but the answer was ""yes"". Hmm, that's a bit confusing.

Wait, in the example, the outcome was type 2 diabetes, which is the primary condition, so it's expected. But for other outcomes like chronic kidney disease, hypertension, hyperlipidemia, and obesity, the treatment group had higher percentages, so the answer was ""yes"". So, when the treatment group has a higher percentage, it's considered a positive outcome. When it's lower, it's ""no"".

In this case, low back pain: GLP-1RA is 23.40%, SGLT2i is 17.72%. So the treatment group has a higher percentage. According to the previous examples, that would suggest a positive outcome, so the answer would be ""yes"". 

But wait, I should think about whether these medications are known to cause low back pain. GLP-1RA can sometimes cause side effects like nausea, vomiting, diarrhea, and sometimes upper respiratory infections. Low back pain isn't a common side effect I recall. SGLT2i can cause urinary tract infections, increased urination, and in rare cases, ketoacidosis, but again, not typically low back pain. 

However, the question is about whether there's a causal effect based on the given data. The data shows that more patients on GLP-1RA had low back pain. But does that mean GLP-1RA causes it? It could be that patients on GLP-1RA have more physical activity, which might lead to more back pain. Or maybe they have other comorbidities that increase the risk, like obesity, which is more common in GLP-1RA users. Looking back at the cohort description, GLP-1RA users have a mean BMI of 37.4, while SGLT2i users have a BMI of 32.8. So GLP-1RA users are more obese, which can contribute to low back pain. 

Alternatively, perhaps the medications themselves don't cause low back pain, but the higher BMI in GLP-1RA users is a confounding factor. Since both groups have different characteristics, such as age, BMI, and comorbidities, the higher percentage in GLP-1RA might just be due to other factors rather than the treatment itself. 

But according to the instruction, I should judge based on the data given, not real-world knowledge. The examples suggest that if the treatment group has a higher percentage, it's considered a positive outcome. So, even if it's due to confounding factors, the answer would still be ""yes"". 

Wait, but in the examples, when the treatment group had a lower percentage, the answer was ""no"". So the logic is that if the treatment group has a higher rate of the outcome, it's a positive outcome (yes), and if it's lower, it's a negative outcome (no). 

So in this case, since GLP-1RA has a higher percentage (23.40% vs 17.72%), the answer is ""yes"". 

But I'm a bit unsure because low back pain could be influenced by other factors like physical activity, which might be higher in both groups, but especially in GLP-1RA users due to weight loss. However, according to the task description, I should just look at the percentages and decide based on that, without considering external factors beyond the given data. So I think the answer is ""yes"".
</think>

yes",yes
Batch3,v5,medical_questions_v5.txt,6,"Question 6
[Background]
We compare two treatments for type 2 diabetes:
- Treatment: GLP-1 Receptor Agonists (GLP-1RA)
- Control: Sodium-Glucose Cotransporter-2 Inhibitors (SGLT2i)
[Task Description]
You’ll receive an outcome and the percentage of affected patients in each group.
Decide whether these treatments have a causal effect on that outcome.
You will receive a query describing an outcome and the proportion of patients in each group who experienced it:
- One percentage for patients using GLP-1RA (treatment group).
- One percentage for patients using SGLT2i (control group).
Your task is to determine whether the treatments (GLP-1RA and SGLT2i) have a causal effect on that outcome.
[Cohort Description]
Adults with type 2 diabetes who began either GLP-1RA or SGLT2i.
All had a prior diabetes diagnosis.
GLP-1RA users: mean age 58.0, BMI 37.4.
SGLT2i users: mean age 64.6, BMI 32.8.
Charlson Comorbidity Index ≥ 3 in 65.2% (GLP-1RA) and 68.5% (SGLT2i).
[Instruction]
- Judge whether the treatments causally influence the outcome.
- Both treatments are expected to behave similarly (either both yes or both no).
- “Yes” = Positive Outcome (OOI); “No” = Negative Control Outcome (NCO).
- Reply with only “yes” or “no.”
[Few-shot Examples]
- Treatment group using GLP-1RA (treatment) had 0.99% Ganglion cyst, compared with 0.44% for control group using SGLT2i. Does treatment have causal effect to the Ganglion cyst (is it a Positive Outcome)? - no
- Treatment group using GLP-1RA (treatment) had 1.79% Deviated nasal septum, compared with 1.16% for control group using SGLT2i. Does treatment have causal effect to the Deviated nasal septum (is it a Positive Outcome)? - no
- Treatment group using GLP-1RA (treatment) had 0.13% Acquired keratoderma, compared with 0.08% for control group using SGLT2i. Does treatment have causal effect to the Acquired keratoderma (is it a Positive Outcome)? - no
- Treatment group using GLP-1RA (treatment) had 1.88% Senile hyperkeratosis, compared with 1.55% for control group using SGLT2i. Does treatment have causal effect to the Senile hyperkeratosis (is it a Positive Outcome)? - no
- Treatment group using GLP-1RA (treatment) had 2.64% Nontoxic multinodular goiter, compared with 1.39% for control group using SGLT2i. Does treatment have causal effect to the Nontoxic multinodular goiter (is it a Positive Outcome)? - no
- Treatment group using GLP-1RA (treatment) had 94.81% Type 2 diabetes mellitus, compared with 96.68% for control group using SGLT2i. Does treatment have causal effect to the Type 2 diabetes mellitus (is it a Positive Outcome)? - yes
- Treatment group using GLP-1RA (treatment) had 19.87% Chronic kidney disease, compared with 31.81% for control group using SGLT2i. Does treatment have causal effect to the Chronic kidney disease (is it a Positive Outcome)? - yes
- Treatment group using GLP-1RA (treatment) had 78.37% Hypertension, compared with 84.71% for control group using SGLT2i. Does treatment have causal effect to the Hypertension (is it a Positive Outcome)? - yes
- Treatment group using GLP-1RA (treatment) had 78.09% Hyperlipidemia, compared with 84.45% for control group using SGLT2i. Does treatment have causal effect to the Hyperlipidemia (is it a Positive Outcome)? - yes
- Treatment group using GLP-1RA (treatment) had 64.14% Obesity, compared with 44.50% for control group using SGLT2i. Does treatment have causal effect to the Obesity (is it a Positive Outcome)? - yes
[Your Task]
[Question]
Treatment group using GLP-1RA (treatment) had 23.40% Low back pain, compared with 17.72% for control group using SGLT2i. Does treatment have causal effect to the Low back pain (is it a Positive Outcome)?
Answer: [Your answer, ""yes"" or ""no""]",3,"Okay, so I'm trying to figure out whether GLP-1RA treatments cause low back pain compared to SGLT2i. Let me start by understanding the problem.

GLP-1RA stands for GLP-1 Receptor Agonists, which are a type of medication used to treat type 2 diabetes. They help in glucose control by increasing insulin release and reducing sugar production in the liver. SGLT2i is Sodium-Glucose Cotransporter-2 Inhibitors, another diabetes medication that works by preventing the kidneys from reabsorbing glucose, thus promoting urine output and lowering blood sugar.

The question gives me the percentages of patients experiencing low back pain in each group. The treatment group (GLP-1RA) has 23.40%, and the control group (SGLT2i) has 17.72%. I need to determine if this difference suggests a causal effect from the treatment.

First, I should consider whether low back pain is a known side effect of GLP-1RA. From what I remember, GLP-1RAs can sometimes cause gastrointestinal issues like nausea, vomiting, and diarrhea, but I'm not sure about low back pain. It might not be a direct side effect, but I'm not certain.

Next, I should think about the populations studied. The GLP-1RA group has a mean age of 58.0, which is slightly younger, and a higher BMI of 37.4 compared to 32.8 in the SGLT2i group. The Charlson Comorbidity Index is similar, with both groups having a high percentage of patients with comorbidities. Age and BMI can affect the incidence of low back pain. Younger patients might be more active, but higher BMI is associated with more weight-related issues, which can contribute to back pain.

However, the question is whether the treatment itself causes low back pain. If both groups have different characteristics, it's possible that these differences could confound the results. For example, if SGLT2i patients have more comorbidities or other risk factors for low back pain, that might explain the higher percentage in their group.

Looking at the few-shot examples provided, I notice that in some cases, the treatment group had higher percentages, and the answer was ""yes,"" while in others, the control group had higher percentages, and the answer was also ""no."" It seems like the reasoning depends on whether the outcome is a known side effect or whether there's a plausible mechanism linking the treatment to the outcome.

In this case, low back pain isn't a typical side effect of GLP-1RA medications. Therefore, the higher percentage in the treatment group might be a coincidence rather than a causal effect. Also, considering that the control group has a lower percentage, it's possible that other factors, like the differences in age or BMI, are contributing more significantly to the occurrence of low back pain.

Moreover, the task instruction mentions that both treatments are expected to behave similarly, either both causing the outcome or neither. Since low back pain isn't a known effect of GLP-1RA, it's more likely that the difference is due to other factors rather than the treatment itself.

So, putting it all together, I think the treatment (GLP-1RA) doesn't causally influence low back pain. The answer should be ""no.""
</think>

no",no
Batch3,v5,medical_questions_v5.txt,6,"Question 6
[Background]
We compare two treatments for type 2 diabetes:
- Treatment: GLP-1 Receptor Agonists (GLP-1RA)
- Control: Sodium-Glucose Cotransporter-2 Inhibitors (SGLT2i)
[Task Description]
You’ll receive an outcome and the percentage of affected patients in each group.
Decide whether these treatments have a causal effect on that outcome.
You will receive a query describing an outcome and the proportion of patients in each group who experienced it:
- One percentage for patients using GLP-1RA (treatment group).
- One percentage for patients using SGLT2i (control group).
Your task is to determine whether the treatments (GLP-1RA and SGLT2i) have a causal effect on that outcome.
[Cohort Description]
Adults with type 2 diabetes who began either GLP-1RA or SGLT2i.
All had a prior diabetes diagnosis.
GLP-1RA users: mean age 58.0, BMI 37.4.
SGLT2i users: mean age 64.6, BMI 32.8.
Charlson Comorbidity Index ≥ 3 in 65.2% (GLP-1RA) and 68.5% (SGLT2i).
[Instruction]
- Judge whether the treatments causally influence the outcome.
- Both treatments are expected to behave similarly (either both yes or both no).
- “Yes” = Positive Outcome (OOI); “No” = Negative Control Outcome (NCO).
- Reply with only “yes” or “no.”
[Few-shot Examples]
- Treatment group using GLP-1RA (treatment) had 0.99% Ganglion cyst, compared with 0.44% for control group using SGLT2i. Does treatment have causal effect to the Ganglion cyst (is it a Positive Outcome)? - no
- Treatment group using GLP-1RA (treatment) had 1.79% Deviated nasal septum, compared with 1.16% for control group using SGLT2i. Does treatment have causal effect to the Deviated nasal septum (is it a Positive Outcome)? - no
- Treatment group using GLP-1RA (treatment) had 0.13% Acquired keratoderma, compared with 0.08% for control group using SGLT2i. Does treatment have causal effect to the Acquired keratoderma (is it a Positive Outcome)? - no
- Treatment group using GLP-1RA (treatment) had 1.88% Senile hyperkeratosis, compared with 1.55% for control group using SGLT2i. Does treatment have causal effect to the Senile hyperkeratosis (is it a Positive Outcome)? - no
- Treatment group using GLP-1RA (treatment) had 2.64% Nontoxic multinodular goiter, compared with 1.39% for control group using SGLT2i. Does treatment have causal effect to the Nontoxic multinodular goiter (is it a Positive Outcome)? - no
- Treatment group using GLP-1RA (treatment) had 94.81% Type 2 diabetes mellitus, compared with 96.68% for control group using SGLT2i. Does treatment have causal effect to the Type 2 diabetes mellitus (is it a Positive Outcome)? - yes
- Treatment group using GLP-1RA (treatment) had 19.87% Chronic kidney disease, compared with 31.81% for control group using SGLT2i. Does treatment have causal effect to the Chronic kidney disease (is it a Positive Outcome)? - yes
- Treatment group using GLP-1RA (treatment) had 78.37% Hypertension, compared with 84.71% for control group using SGLT2i. Does treatment have causal effect to the Hypertension (is it a Positive Outcome)? - yes
- Treatment group using GLP-1RA (treatment) had 78.09% Hyperlipidemia, compared with 84.45% for control group using SGLT2i. Does treatment have causal effect to the Hyperlipidemia (is it a Positive Outcome)? - yes
- Treatment group using GLP-1RA (treatment) had 64.14% Obesity, compared with 44.50% for control group using SGLT2i. Does treatment have causal effect to the Obesity (is it a Positive Outcome)? - yes
[Your Task]
[Question]
Treatment group using GLP-1RA (treatment) had 23.40% Low back pain, compared with 17.72% for control group using SGLT2i. Does treatment have causal effect to the Low back pain (is it a Positive Outcome)?
Answer: [Your answer, ""yes"" or ""no""]",4,"Okay, so I'm trying to figure out whether GLP-1 Receptor Agonists (GLP-1RA) have a causal effect on low back pain in patients with type 2 diabetes. The data given is that 23.40% of GLP-1RA users experienced low back pain, compared to 17.72% of SGLT2i users. 

First, I need to understand what the question is asking. It's whether the treatment causes the outcome, which in this case is low back pain. The task is to determine if there's a causal relationship between the treatment and the outcome. Both treatments are expected to behave similarly, so if one has a positive outcome, the other should too, or both should be negative.

Looking at the examples provided, when the treatment group had a higher percentage of an outcome, it was considered a positive outcome. For instance, Type 2 diabetes was a positive outcome because it's expected with both treatments. Similarly, Chronic kidney disease, Hypertension, and Hyperlipidemia were also positive because they're common in diabetic patients.

However, for conditions not related to diabetes or the treatments, like ganglion cysts, deviated nasal septum, etc., it was considered a negative outcome. The reasoning seems to be that these are unrelated to the treatments, so the higher percentage in the treatment group doesn't imply causation.

Now, low back pain is a condition that can be influenced by various factors, including weight, physical activity, posture, and possibly certain medications. Since both GLP-1RA and SGLT2i are used in managing type 2 diabetes, they might influence weight and other metabolic factors, which could contribute to low back pain.

GLP-1RA, for example, is known to help with weight loss or maintenance, which can reduce the risk of obesity-related back pain. On the other hand, SGLT2i can also affect weight, though sometimes it's associated with a slight increase in the risk of certain fractures or back pain in some studies. But both drugs are used to manage blood sugar levels and are not directly known for causing low back pain.

In the data provided, GLP-1RA users have a higher incidence of low back pain (23.40%) compared to SGLT2i users (17.72%). This suggests that patients on GLP-1RA might be more likely to experience low back pain. However, it's important to consider whether this is a direct effect of the medication or if it's confounded by other factors.

Both treatment groups have different demographic profiles: GLP-1RA users are younger (mean age 58.0 vs. 64.6) and have a higher BMI (37.4 vs. 32.8). They also have a slightly higher comorbidity index. These factors could influence the prevalence of low back pain. For instance, higher BMI is associated with increased risk of low back pain due to extra weight and pressure on the spine.

So, the higher percentage in the GLP-1RA group could be due to these demographic differences rather than a direct causal effect of the medication. Both treatments might be affecting the same underlying factors (like weight), so the difference in low back pain could be because of the differences in BMI between the groups.

Additionally, without more specific data on how the treatments affect low back pain mechanisms, it's hard to establish causation. It could be that both treatments are just markers for other related conditions that influence low back pain, or perhaps the difference is a coincidence based on the study populations.

In conclusion, while the data shows a higher incidence in the GLP-1RA group, it's not clear if this is causally related to the treatment or due to other factors like BMI or comorbidities. Therefore, it's safer to say there's no causal effect established here.
</think>

no",no
Batch3,v5,medical_questions_v5.txt,6,"Question 6
[Background]
We compare two treatments for type 2 diabetes:
- Treatment: GLP-1 Receptor Agonists (GLP-1RA)
- Control: Sodium-Glucose Cotransporter-2 Inhibitors (SGLT2i)
[Task Description]
You’ll receive an outcome and the percentage of affected patients in each group.
Decide whether these treatments have a causal effect on that outcome.
You will receive a query describing an outcome and the proportion of patients in each group who experienced it:
- One percentage for patients using GLP-1RA (treatment group).
- One percentage for patients using SGLT2i (control group).
Your task is to determine whether the treatments (GLP-1RA and SGLT2i) have a causal effect on that outcome.
[Cohort Description]
Adults with type 2 diabetes who began either GLP-1RA or SGLT2i.
All had a prior diabetes diagnosis.
GLP-1RA users: mean age 58.0, BMI 37.4.
SGLT2i users: mean age 64.6, BMI 32.8.
Charlson Comorbidity Index ≥ 3 in 65.2% (GLP-1RA) and 68.5% (SGLT2i).
[Instruction]
- Judge whether the treatments causally influence the outcome.
- Both treatments are expected to behave similarly (either both yes or both no).
- “Yes” = Positive Outcome (OOI); “No” = Negative Control Outcome (NCO).
- Reply with only “yes” or “no.”
[Few-shot Examples]
- Treatment group using GLP-1RA (treatment) had 0.99% Ganglion cyst, compared with 0.44% for control group using SGLT2i. Does treatment have causal effect to the Ganglion cyst (is it a Positive Outcome)? - no
- Treatment group using GLP-1RA (treatment) had 1.79% Deviated nasal septum, compared with 1.16% for control group using SGLT2i. Does treatment have causal effect to the Deviated nasal septum (is it a Positive Outcome)? - no
- Treatment group using GLP-1RA (treatment) had 0.13% Acquired keratoderma, compared with 0.08% for control group using SGLT2i. Does treatment have causal effect to the Acquired keratoderma (is it a Positive Outcome)? - no
- Treatment group using GLP-1RA (treatment) had 1.88% Senile hyperkeratosis, compared with 1.55% for control group using SGLT2i. Does treatment have causal effect to the Senile hyperkeratosis (is it a Positive Outcome)? - no
- Treatment group using GLP-1RA (treatment) had 2.64% Nontoxic multinodular goiter, compared with 1.39% for control group using SGLT2i. Does treatment have causal effect to the Nontoxic multinodular goiter (is it a Positive Outcome)? - no
- Treatment group using GLP-1RA (treatment) had 94.81% Type 2 diabetes mellitus, compared with 96.68% for control group using SGLT2i. Does treatment have causal effect to the Type 2 diabetes mellitus (is it a Positive Outcome)? - yes
- Treatment group using GLP-1RA (treatment) had 19.87% Chronic kidney disease, compared with 31.81% for control group using SGLT2i. Does treatment have causal effect to the Chronic kidney disease (is it a Positive Outcome)? - yes
- Treatment group using GLP-1RA (treatment) had 78.37% Hypertension, compared with 84.71% for control group using SGLT2i. Does treatment have causal effect to the Hypertension (is it a Positive Outcome)? - yes
- Treatment group using GLP-1RA (treatment) had 78.09% Hyperlipidemia, compared with 84.45% for control group using SGLT2i. Does treatment have causal effect to the Hyperlipidemia (is it a Positive Outcome)? - yes
- Treatment group using GLP-1RA (treatment) had 64.14% Obesity, compared with 44.50% for control group using SGLT2i. Does treatment have causal effect to the Obesity (is it a Positive Outcome)? - yes
[Your Task]
[Question]
Treatment group using GLP-1RA (treatment) had 23.40% Low back pain, compared with 17.72% for control group using SGLT2i. Does treatment have causal effect to the Low back pain (is it a Positive Outcome)?
Answer: [Your answer, ""yes"" or ""no""]",5,"Okay, so I'm trying to figure out whether GLP-1RA treatments cause low back pain compared to SGLT2i in type 2 diabetes patients. Let me start by understanding the problem.

First, the question gives me that 23.40% of GLP-1RA users experienced low back pain, while 17.72% of SGLT2i users did. I need to determine if this difference is due to a causal effect of the treatment. 

I remember from the background that both GLP-1RA and SGLT2i are diabetes treatments, but they work differently. GLP-1RA, like exenatide or liraglutide, work by increasing insulin release and reducing sugar production in the liver. They're sometimes associated with weight loss and can help with other diabetes-related conditions. SGLT2i inhibitors, like empagliflozin or dapagliflozin, work by blocking the kidneys' ability to reabsorb glucose, which also reduces blood sugar levels and can have effects on other comorbidities like heart disease.

The task is to decide if the treatment (GLP-1RA) has a causal effect on the outcome (low back pain). The instructions mention that both treatments should behave similarly, either both yes or both no. So, if GLP-1RA is causing low back pain, SGLT2i should also be causing it, or if GLP-1RA isn't causing it, SGLT2i shouldn't either.

Looking at the few-shot examples provided, I see that when the treatment group had a higher percentage of a specific condition, the answer was often ""yes,"" but not always. For instance, in the case of Type 2 diabetes, it was a positive outcome because, of course, both treatments are for diabetes, so that's expected. Similarly, for conditions like Chronic kidney disease and Hypertension, higher percentages in treatment groups led to ""yes."" However, for other outcomes like Ganglion cyst, Deviated nasal septum, etc., the answer was ""no"" because the difference wasn't significant enough or the outcome was too rare.

Now, considering low back pain, I need to assess if the higher percentage in the GLP-1RA group is meaningful. 23.40% is higher than 17.72%, but how significant is that difference? Are these conditions known to be affected by these medications? I know that GLP-1RA can sometimes cause gastrointestinal issues, like nausea or diarrhea, but low back pain isn't a common side effect I'm aware of. SGLT2i, on the other hand, can cause urinary tract infections or increased urination, but again, low back pain isn't a primary side effect I associate with them.

Another point to consider is the comorbidity indices. The GLP-1RA group had a higher Charlson score, meaning more comorbidities, which could mean more potential for low back pain. Similarly, the SGLT2i group also had a high Charlson score. However, since both groups have similar comorbidities, the difference in low back pain might not be due to the treatment itself but other factors.

Looking at the examples, when the outcome was a condition that both treatments might influence, like Chronic kidney disease or Hypertension, the answer was ""yes."" But for rare or unrelated conditions, it was ""no."" Low back pain isn't a typical diabetes-related complication, so it's unlikely that either treatment would directly cause it. Therefore, the higher percentage in the GLP-1RA group might just be a coincidence or due to other factors, not the treatment itself.

So, putting it all together, I don't think GLP-1RA causes low back pain in this context. The difference is probably due to other factors, not a causal effect of the treatment.
</think>

no",no
Batch3,v5,medical_questions_v5.txt,6,"Question 6
[Background]
We compare two treatments for type 2 diabetes:
- Treatment: GLP-1 Receptor Agonists (GLP-1RA)
- Control: Sodium-Glucose Cotransporter-2 Inhibitors (SGLT2i)
[Task Description]
You’ll receive an outcome and the percentage of affected patients in each group.
Decide whether these treatments have a causal effect on that outcome.
You will receive a query describing an outcome and the proportion of patients in each group who experienced it:
- One percentage for patients using GLP-1RA (treatment group).
- One percentage for patients using SGLT2i (control group).
Your task is to determine whether the treatments (GLP-1RA and SGLT2i) have a causal effect on that outcome.
[Cohort Description]
Adults with type 2 diabetes who began either GLP-1RA or SGLT2i.
All had a prior diabetes diagnosis.
GLP-1RA users: mean age 58.0, BMI 37.4.
SGLT2i users: mean age 64.6, BMI 32.8.
Charlson Comorbidity Index ≥ 3 in 65.2% (GLP-1RA) and 68.5% (SGLT2i).
[Instruction]
- Judge whether the treatments causally influence the outcome.
- Both treatments are expected to behave similarly (either both yes or both no).
- “Yes” = Positive Outcome (OOI); “No” = Negative Control Outcome (NCO).
- Reply with only “yes” or “no.”
[Few-shot Examples]
- Treatment group using GLP-1RA (treatment) had 0.99% Ganglion cyst, compared with 0.44% for control group using SGLT2i. Does treatment have causal effect to the Ganglion cyst (is it a Positive Outcome)? - no
- Treatment group using GLP-1RA (treatment) had 1.79% Deviated nasal septum, compared with 1.16% for control group using SGLT2i. Does treatment have causal effect to the Deviated nasal septum (is it a Positive Outcome)? - no
- Treatment group using GLP-1RA (treatment) had 0.13% Acquired keratoderma, compared with 0.08% for control group using SGLT2i. Does treatment have causal effect to the Acquired keratoderma (is it a Positive Outcome)? - no
- Treatment group using GLP-1RA (treatment) had 1.88% Senile hyperkeratosis, compared with 1.55% for control group using SGLT2i. Does treatment have causal effect to the Senile hyperkeratosis (is it a Positive Outcome)? - no
- Treatment group using GLP-1RA (treatment) had 2.64% Nontoxic multinodular goiter, compared with 1.39% for control group using SGLT2i. Does treatment have causal effect to the Nontoxic multinodular goiter (is it a Positive Outcome)? - no
- Treatment group using GLP-1RA (treatment) had 94.81% Type 2 diabetes mellitus, compared with 96.68% for control group using SGLT2i. Does treatment have causal effect to the Type 2 diabetes mellitus (is it a Positive Outcome)? - yes
- Treatment group using GLP-1RA (treatment) had 19.87% Chronic kidney disease, compared with 31.81% for control group using SGLT2i. Does treatment have causal effect to the Chronic kidney disease (is it a Positive Outcome)? - yes
- Treatment group using GLP-1RA (treatment) had 78.37% Hypertension, compared with 84.71% for control group using SGLT2i. Does treatment have causal effect to the Hypertension (is it a Positive Outcome)? - yes
- Treatment group using GLP-1RA (treatment) had 78.09% Hyperlipidemia, compared with 84.45% for control group using SGLT2i. Does treatment have causal effect to the Hyperlipidemia (is it a Positive Outcome)? - yes
- Treatment group using GLP-1RA (treatment) had 64.14% Obesity, compared with 44.50% for control group using SGLT2i. Does treatment have causal effect to the Obesity (is it a Positive Outcome)? - yes
[Your Task]
[Question]
Treatment group using GLP-1RA (treatment) had 23.40% Low back pain, compared with 17.72% for control group using SGLT2i. Does treatment have causal effect to the Low back pain (is it a Positive Outcome)?
Answer: [Your answer, ""yes"" or ""no""]",6,"Okay, so I have this question about whether GLP-1RA treatments for type 2 diabetes have a causal effect on low back pain compared to SGLT2i. Let me try to break this down.

First, I need to understand what GLP-1RA and SGLT2i do. GLP-1 Receptor Agonists, like liraglutide or semaglutide, are medications that help with blood sugar control by increasing insulin release and reducing sugar absorption. They also have some weight loss effects because they make you feel full. SGLT2 inhibitors, like empagliflozin or dapagliflozin, work by preventing the kidneys from reabsorbing glucose, thus promoting urine glucose excretion, which helps lower blood sugar. They might also have effects on other parts of the body, like the heart.

The question gives me the percentages of patients in each group who experienced low back pain. The treatment group (GLP-1RA) had 23.40%, and the control group (SGLT2i) had 17.72%. I need to determine if this difference is due to a causal effect of the treatment.

I remember from the examples provided that when the treatment group had a higher percentage than the control, the answer was often ""yes"" if the outcome was a positive outcome, but sometimes ""no"" if it was a negative outcome. Wait, no, actually, the examples showed that when the treatment group had higher percentages for certain conditions, it was considered a positive outcome. But I need to think about whether these conditions are expected to be caused by the treatment or are just associated.

Low back pain is a common condition, but I'm not sure if it's directly caused by GLP-1RA or SGLT2i. Both medications are more known for their effects on blood sugar and weight. GLP-1RAs might affect weight, which could indirectly contribute to back pain if the patient is heavier, but I don't know if that's a significant factor. SGLT2i might also affect weight, but less so than GLP-1RAs.

Looking at the examples, when the treatment group had a higher percentage for conditions like obesity, it was considered a positive outcome. So if GLP-1RA increases the risk of low back pain, it might be a positive outcome. But wait, the example with obesity was a positive outcome because the treatment caused it, but low back pain isn't directly caused by weight gain in a way that's necessarily tied to the treatment's mechanism. It's more about whether the treatment leads to the condition.

Alternatively, maybe low back pain is a side effect of both treatments. If both groups have similar risks, then the difference might be due to other factors. The example with type 2 diabetes had a higher percentage in the treatment group, but that's because the treatment group is more likely to have the condition itself. Wait, no, in that example, the outcome was type 2 diabetes, which is the condition being treated, so that's a positive outcome because the treatment is for diabetes.

For low back pain, it's a different scenario. It's not the primary condition being treated. So if the treatment group has a higher incidence, does that mean the treatment causes it? Or could it be that patients with diabetes are more likely to have back pain for other reasons, like physical activity, weight, or other comorbidities?

I should also consider the other differences between the groups. The GLP-1RA users are younger (mean age 58 vs 64) and have a higher BMI (37.4 vs 32.8). They also have higher comorbidity indexes. So maybe the higher BMI is a factor in low back pain. If GLP-1RA leads to more weight gain, that could contribute to back pain. But SGLT2i might not cause as much weight gain, so that could explain the difference.

Alternatively, maybe the higher BMI in the GLP-1RA group is a confounding factor. If both groups are treated for diabetes, perhaps the GLP-1RA group has more weight-related issues, leading to more back pain. But the control group, SGLT2i, might have different weight dynamics. However, I don't know if SGLT2i is known to cause weight loss or gain. I think SGLT2i can sometimes lead to weight loss, but maybe not as much as GLP-1RA.

Wait, no, SGLT2i can cause weight loss in some studies, but less consistently than GLP-1RA. So if GLP-1RA causes more weight gain than SGLT2i, that could lead to more low back pain because of increased BMI. But if SGLT2i actually leads to weight loss, that might reduce the risk of back pain. However, the control group had a lower BMI (32.8) compared to GLP-1RA's 37.4. So SGLT2i users are lighter, which might actually reduce their risk of back pain.

So the GLP-1RA group has a higher BMI, which could independently increase the risk of low back pain. That would mean that the higher percentage in the treatment group is not necessarily due to the treatment itself but rather the patient characteristics. So the treatment might not have a causal effect here.

Another angle is to look at the examples provided. In the examples, when the treatment group had higher percentages for certain conditions, it was considered a positive outcome if the treatment was expected to cause it. For instance, in the example with obesity, since GLP-1RA can cause weight loss, but wait, actually in the example, the treatment group had a higher percentage of obesity, which was considered a positive outcome because the treatment was causing weight gain. But wait, that doesn't make sense. Wait, in the example, the treatment group had 64.14% obesity, and the control had 44.50%. The answer was ""yes,"" meaning the treatment caused it. But I thought GLP-1RA was supposed to help with weight loss. So maybe that example was a mistake, or perhaps I'm misunderstanding it.

Wait, no, looking back, the example says: Treatment group using GLP-1RA had 64.14% Obesity, compared with 44.50% for control. The answer was ""yes."" So that suggests that GLP-1RA causes obesity, which I thought wasn't the case. But perhaps in that specific dataset, it's showing a higher percentage in the treatment group, so it's considered a positive outcome.

But in reality, GLP-1RA is known to help with weight loss, so an increase in obesity in the treatment group doesn't align with that. Maybe the example is a trick or a mistake. So perhaps I shouldn't rely on that example for guidance.

Back to the question: low back pain. It's unclear if GLP-1RA or SGLT2i directly cause low back pain. Both medications don't have low back pain as a known side effect. However, if the GLP-1RA group has a higher BMI, which is a known risk factor for low back pain, that could explain the higher percentage. Since the treatment group has a higher BMI, the difference in low back pain could be due to that rather than the treatment itself.

So, if the difference is because of the higher BMI in the treatment group, then the treatment (GLP-1RA) doesn't causally influence low back pain. Instead, it's a confounding factor. Therefore, the answer would be ""no,"" meaning the treatment doesn't have a causal effect on low back pain.

Alternatively, if the treatment did cause low back pain through some mechanism not related to BMI, but I don't know of any such mechanism. The medications are primarily for blood sugar control and don't directly affect the spine or muscles in a way that would cause low back pain.

So, considering all this, I think the difference is due to the higher BMI in the GLP-1RA group, not the treatment itself causing low back pain. Therefore, the treatment doesn't have a causal effect on this outcome.
</think>

no",no
Batch3,v5,medical_questions_v5.txt,6,"Question 6
[Background]
We compare two treatments for type 2 diabetes:
- Treatment: GLP-1 Receptor Agonists (GLP-1RA)
- Control: Sodium-Glucose Cotransporter-2 Inhibitors (SGLT2i)
[Task Description]
You’ll receive an outcome and the percentage of affected patients in each group.
Decide whether these treatments have a causal effect on that outcome.
You will receive a query describing an outcome and the proportion of patients in each group who experienced it:
- One percentage for patients using GLP-1RA (treatment group).
- One percentage for patients using SGLT2i (control group).
Your task is to determine whether the treatments (GLP-1RA and SGLT2i) have a causal effect on that outcome.
[Cohort Description]
Adults with type 2 diabetes who began either GLP-1RA or SGLT2i.
All had a prior diabetes diagnosis.
GLP-1RA users: mean age 58.0, BMI 37.4.
SGLT2i users: mean age 64.6, BMI 32.8.
Charlson Comorbidity Index ≥ 3 in 65.2% (GLP-1RA) and 68.5% (SGLT2i).
[Instruction]
- Judge whether the treatments causally influence the outcome.
- Both treatments are expected to behave similarly (either both yes or both no).
- “Yes” = Positive Outcome (OOI); “No” = Negative Control Outcome (NCO).
- Reply with only “yes” or “no.”
[Few-shot Examples]
- Treatment group using GLP-1RA (treatment) had 0.99% Ganglion cyst, compared with 0.44% for control group using SGLT2i. Does treatment have causal effect to the Ganglion cyst (is it a Positive Outcome)? - no
- Treatment group using GLP-1RA (treatment) had 1.79% Deviated nasal septum, compared with 1.16% for control group using SGLT2i. Does treatment have causal effect to the Deviated nasal septum (is it a Positive Outcome)? - no
- Treatment group using GLP-1RA (treatment) had 0.13% Acquired keratoderma, compared with 0.08% for control group using SGLT2i. Does treatment have causal effect to the Acquired keratoderma (is it a Positive Outcome)? - no
- Treatment group using GLP-1RA (treatment) had 1.88% Senile hyperkeratosis, compared with 1.55% for control group using SGLT2i. Does treatment have causal effect to the Senile hyperkeratosis (is it a Positive Outcome)? - no
- Treatment group using GLP-1RA (treatment) had 2.64% Nontoxic multinodular goiter, compared with 1.39% for control group using SGLT2i. Does treatment have causal effect to the Nontoxic multinodular goiter (is it a Positive Outcome)? - no
- Treatment group using GLP-1RA (treatment) had 94.81% Type 2 diabetes mellitus, compared with 96.68% for control group using SGLT2i. Does treatment have causal effect to the Type 2 diabetes mellitus (is it a Positive Outcome)? - yes
- Treatment group using GLP-1RA (treatment) had 19.87% Chronic kidney disease, compared with 31.81% for control group using SGLT2i. Does treatment have causal effect to the Chronic kidney disease (is it a Positive Outcome)? - yes
- Treatment group using GLP-1RA (treatment) had 78.37% Hypertension, compared with 84.71% for control group using SGLT2i. Does treatment have causal effect to the Hypertension (is it a Positive Outcome)? - yes
- Treatment group using GLP-1RA (treatment) had 78.09% Hyperlipidemia, compared with 84.45% for control group using SGLT2i. Does treatment have causal effect to the Hyperlipidemia (is it a Positive Outcome)? - yes
- Treatment group using GLP-1RA (treatment) had 64.14% Obesity, compared with 44.50% for control group using SGLT2i. Does treatment have causal effect to the Obesity (is it a Positive Outcome)? - yes
[Your Task]
[Question]
Treatment group using GLP-1RA (treatment) had 23.40% Low back pain, compared with 17.72% for control group using SGLT2i. Does treatment have causal effect to the Low back pain (is it a Positive Outcome)?
Answer: [Your answer, ""yes"" or ""no""]",7,"Okay, so I'm trying to figure out whether GLP-1RA treatments have a causal effect on low back pain in patients with type 2 diabetes. The data given shows that 23.40% of GLP-1RA users experienced low back pain, compared to 17.72% of SGLT2i users. 

First, I need to understand what GLP-1RA and SGLT2i do. GLP-1 receptor agonists help regulate blood sugar by increasing insulin release and reducing sugar production in the liver. They also have some effects on the heart and blood vessels. On the other hand, SGLT2 inhibitors work by preventing the kidneys from reabsorbing glucose, thus promoting urine output and lowering blood sugar.

Now, looking at the outcome: low back pain. I'm not sure if either of these medications directly causes low back pain. Both treatments are used to manage type 2 diabetes, but they don't target the spine or muscles. The comorbidity indices are similar, with both groups having a high percentage (around 65-68%) of patients with significant comorbidities. The age and BMI also differ slightly, but I don't think that's directly related to low back pain.

In the examples provided, when the treatment group had a higher percentage of a particular condition, it was sometimes considered a positive outcome. For instance, Type 2 diabetes, Chronic kidney disease, Hypertension, Hyperlipidemia, and Obesity were all considered positive outcomes. But in those cases, it's because the treatment was directly related to the condition. For example, GLP-1RA might affect kidney function or blood pressure, leading to those outcomes.

Low back pain isn't something I would expect these medications to influence. Both drugs are more about blood sugar control and cardiovascular effects. There's no known mechanism by which GLP-1RA would cause low back pain. Similarly, SGLT2i doesn't target muscles or the spine. Therefore, the difference in the percentage of patients experiencing low back pain is likely due to other factors, such as differences in the populations studied, other health behaviors, or underlying conditions not accounted for in the analysis.

Given that both treatments don't have a known causal relationship with low back pain, and there's no indication that one group is more prone to back pain due to the medication, it's reasonable to conclude that the difference is coincidental or influenced by other factors not related to the treatment itself. Therefore, GLP-1RA doesn't have a causal effect on low back pain in this context.
</think>

no",no
Batch3,v5,medical_questions_v5.txt,6,"Question 6
[Background]
We compare two treatments for type 2 diabetes:
- Treatment: GLP-1 Receptor Agonists (GLP-1RA)
- Control: Sodium-Glucose Cotransporter-2 Inhibitors (SGLT2i)
[Task Description]
You’ll receive an outcome and the percentage of affected patients in each group.
Decide whether these treatments have a causal effect on that outcome.
You will receive a query describing an outcome and the proportion of patients in each group who experienced it:
- One percentage for patients using GLP-1RA (treatment group).
- One percentage for patients using SGLT2i (control group).
Your task is to determine whether the treatments (GLP-1RA and SGLT2i) have a causal effect on that outcome.
[Cohort Description]
Adults with type 2 diabetes who began either GLP-1RA or SGLT2i.
All had a prior diabetes diagnosis.
GLP-1RA users: mean age 58.0, BMI 37.4.
SGLT2i users: mean age 64.6, BMI 32.8.
Charlson Comorbidity Index ≥ 3 in 65.2% (GLP-1RA) and 68.5% (SGLT2i).
[Instruction]
- Judge whether the treatments causally influence the outcome.
- Both treatments are expected to behave similarly (either both yes or both no).
- “Yes” = Positive Outcome (OOI); “No” = Negative Control Outcome (NCO).
- Reply with only “yes” or “no.”
[Few-shot Examples]
- Treatment group using GLP-1RA (treatment) had 0.99% Ganglion cyst, compared with 0.44% for control group using SGLT2i. Does treatment have causal effect to the Ganglion cyst (is it a Positive Outcome)? - no
- Treatment group using GLP-1RA (treatment) had 1.79% Deviated nasal septum, compared with 1.16% for control group using SGLT2i. Does treatment have causal effect to the Deviated nasal septum (is it a Positive Outcome)? - no
- Treatment group using GLP-1RA (treatment) had 0.13% Acquired keratoderma, compared with 0.08% for control group using SGLT2i. Does treatment have causal effect to the Acquired keratoderma (is it a Positive Outcome)? - no
- Treatment group using GLP-1RA (treatment) had 1.88% Senile hyperkeratosis, compared with 1.55% for control group using SGLT2i. Does treatment have causal effect to the Senile hyperkeratosis (is it a Positive Outcome)? - no
- Treatment group using GLP-1RA (treatment) had 2.64% Nontoxic multinodular goiter, compared with 1.39% for control group using SGLT2i. Does treatment have causal effect to the Nontoxic multinodular goiter (is it a Positive Outcome)? - no
- Treatment group using GLP-1RA (treatment) had 94.81% Type 2 diabetes mellitus, compared with 96.68% for control group using SGLT2i. Does treatment have causal effect to the Type 2 diabetes mellitus (is it a Positive Outcome)? - yes
- Treatment group using GLP-1RA (treatment) had 19.87% Chronic kidney disease, compared with 31.81% for control group using SGLT2i. Does treatment have causal effect to the Chronic kidney disease (is it a Positive Outcome)? - yes
- Treatment group using GLP-1RA (treatment) had 78.37% Hypertension, compared with 84.71% for control group using SGLT2i. Does treatment have causal effect to the Hypertension (is it a Positive Outcome)? - yes
- Treatment group using GLP-1RA (treatment) had 78.09% Hyperlipidemia, compared with 84.45% for control group using SGLT2i. Does treatment have causal effect to the Hyperlipidemia (is it a Positive Outcome)? - yes
- Treatment group using GLP-1RA (treatment) had 64.14% Obesity, compared with 44.50% for control group using SGLT2i. Does treatment have causal effect to the Obesity (is it a Positive Outcome)? - yes
[Your Task]
[Question]
Treatment group using GLP-1RA (treatment) had 23.40% Low back pain, compared with 17.72% for control group using SGLT2i. Does treatment have causal effect to the Low back pain (is it a Positive Outcome)?
Answer: [Your answer, ""yes"" or ""no""]",8,"Alright, so I need to determine whether GLP-1RA treatment has a causal effect on low back pain in type 2 diabetes patients. The question states that 23.40% of GLP-1RA users experienced low back pain, compared to 17.72% in the SGLT2i group. 

First, I should recall what GLP-1RA and SGLT2i do. GLP-1 receptor agonists help regulate blood sugar by increasing insulin release and reducing sugar production. They can also lead to weight loss, which might be beneficial for type 2 diabetes. SGLT2 inhibitors work by blocking a specific transport protein in the kidneys, which also helps reduce blood sugar levels and can have effects like weight loss and lowering blood pressure.

Looking at the examples provided, when the treatment group had a higher percentage of an outcome, it was considered a positive outcome (yes). Conversely, when the control group had a higher percentage, it was often considered a negative outcome (no). However, I also need to consider whether the outcome is something the treatment would directly cause.

Low back pain is a common issue, but I don't recall it being a direct side effect of GLP-1RA or SGLT2i. Both medications are more associated with conditions like weight loss, hypertension, hyperlipidemia, and kidney issues, as seen in the examples where outcomes like obesity, hypertension, and hyperlipidemia were considered positive outcomes because the treatment groups had higher percentages.

In the examples, when the treatment group had a higher percentage of an outcome, it was considered a positive outcome, suggesting the treatment might cause it. Conversely, when the control group had a higher percentage, it was often a negative outcome, meaning the treatment might not be causing it.

Since low back pain isn't listed as a known side effect of GLP-1RA or SGLT2i, it's possible that the higher percentage in the treatment group is just a coincidence or influenced by other factors, like the population differences (age, BMI, comorbidities) between the two groups.

Given that both treatments are supposed to behave similarly in terms of causality, and neither is directly linked to low back pain, it's more likely that the higher percentage is not due to the treatment but other factors. Therefore, the causal effect is probably 'no.'
</think>

no",no
Batch3,v5,medical_questions_v5.txt,6,"Question 6
[Background]
We compare two treatments for type 2 diabetes:
- Treatment: GLP-1 Receptor Agonists (GLP-1RA)
- Control: Sodium-Glucose Cotransporter-2 Inhibitors (SGLT2i)
[Task Description]
You’ll receive an outcome and the percentage of affected patients in each group.
Decide whether these treatments have a causal effect on that outcome.
You will receive a query describing an outcome and the proportion of patients in each group who experienced it:
- One percentage for patients using GLP-1RA (treatment group).
- One percentage for patients using SGLT2i (control group).
Your task is to determine whether the treatments (GLP-1RA and SGLT2i) have a causal effect on that outcome.
[Cohort Description]
Adults with type 2 diabetes who began either GLP-1RA or SGLT2i.
All had a prior diabetes diagnosis.
GLP-1RA users: mean age 58.0, BMI 37.4.
SGLT2i users: mean age 64.6, BMI 32.8.
Charlson Comorbidity Index ≥ 3 in 65.2% (GLP-1RA) and 68.5% (SGLT2i).
[Instruction]
- Judge whether the treatments causally influence the outcome.
- Both treatments are expected to behave similarly (either both yes or both no).
- “Yes” = Positive Outcome (OOI); “No” = Negative Control Outcome (NCO).
- Reply with only “yes” or “no.”
[Few-shot Examples]
- Treatment group using GLP-1RA (treatment) had 0.99% Ganglion cyst, compared with 0.44% for control group using SGLT2i. Does treatment have causal effect to the Ganglion cyst (is it a Positive Outcome)? - no
- Treatment group using GLP-1RA (treatment) had 1.79% Deviated nasal septum, compared with 1.16% for control group using SGLT2i. Does treatment have causal effect to the Deviated nasal septum (is it a Positive Outcome)? - no
- Treatment group using GLP-1RA (treatment) had 0.13% Acquired keratoderma, compared with 0.08% for control group using SGLT2i. Does treatment have causal effect to the Acquired keratoderma (is it a Positive Outcome)? - no
- Treatment group using GLP-1RA (treatment) had 1.88% Senile hyperkeratosis, compared with 1.55% for control group using SGLT2i. Does treatment have causal effect to the Senile hyperkeratosis (is it a Positive Outcome)? - no
- Treatment group using GLP-1RA (treatment) had 2.64% Nontoxic multinodular goiter, compared with 1.39% for control group using SGLT2i. Does treatment have causal effect to the Nontoxic multinodular goiter (is it a Positive Outcome)? - no
- Treatment group using GLP-1RA (treatment) had 94.81% Type 2 diabetes mellitus, compared with 96.68% for control group using SGLT2i. Does treatment have causal effect to the Type 2 diabetes mellitus (is it a Positive Outcome)? - yes
- Treatment group using GLP-1RA (treatment) had 19.87% Chronic kidney disease, compared with 31.81% for control group using SGLT2i. Does treatment have causal effect to the Chronic kidney disease (is it a Positive Outcome)? - yes
- Treatment group using GLP-1RA (treatment) had 78.37% Hypertension, compared with 84.71% for control group using SGLT2i. Does treatment have causal effect to the Hypertension (is it a Positive Outcome)? - yes
- Treatment group using GLP-1RA (treatment) had 78.09% Hyperlipidemia, compared with 84.45% for control group using SGLT2i. Does treatment have causal effect to the Hyperlipidemia (is it a Positive Outcome)? - yes
- Treatment group using GLP-1RA (treatment) had 64.14% Obesity, compared with 44.50% for control group using SGLT2i. Does treatment have causal effect to the Obesity (is it a Positive Outcome)? - yes
[Your Task]
[Question]
Treatment group using GLP-1RA (treatment) had 23.40% Low back pain, compared with 17.72% for control group using SGLT2i. Does treatment have causal effect to the Low back pain (is it a Positive Outcome)?
Answer: [Your answer, ""yes"" or ""no""]",9,"Alright, let's try to figure out whether GLP-1RA treatment has a causal effect on low back pain in this context. So, from what I understand, we're comparing two diabetes treatments: GLP-1 Receptor Agonists (GLP-1RA) and Sodium-Glucose Cotransporter-2 Inhibitors (SGLT2i). 

The task is to determine if the treatment (GLP-1RA) has a causal effect on the outcome, which is low back pain. The data given shows that 23.40% of GLP-1RA users experienced low back pain, while 17.72% of SGLT2i users did. 

First, I need to consider what both treatments do. GLP-1RA drugs, like exenatide or liraglutide, are known to help with weight loss and lower blood glucose by increasing insulin secretion and decreasing appetite. They're also associated with a lower risk of cardiovascular events compared to other diabetes medications. SGLT2i drugs, like empagliflozin or dapagliflozin, work by inhibiting the kidneys' reabsorption of glucose, which also lowers blood glucose and can lead to weight loss and a reduction in cardiovascular risks.

Now, looking at the percentages for low back pain, GLP-1RA seems to have a slightly higher incidence (23.40%) compared to SGLT2i (17.72%). But does this mean that GLP-1RA causes low back pain? Or is it just a coincidence related to other factors?

I should think about possible confounding variables. Both groups have adults with type 2 diabetes, but they have different mean ages (58.0 vs. 64.6) and BMIs (37.4 vs. 32.8). GLP-1RA users are younger and have a higher BMI, which could be associated with more physical activity or weight-related issues that might contribute to low back pain. The Charlson Comorbidity Index is also higher in both groups, but slightly more in SGLT2i users (68.5% vs. 65.2%).

Another angle is to consider whether low back pain is a known side effect of either treatment. From what I know, GLP-1RA is generally well-tolerated, with common side effects like nausea, diarrhea, and upper respiratory infections. SGLT2i can cause urinary tract infections, increased urination, and hypoglycemia, but I don't recall low back pain being a significant side effect for either. 

The difference in percentages could be due to other factors, such as differences in patient populations. For example, younger patients with higher BMIs might be more active or engage in physical activities that strain their backs more, leading to higher rates of low back pain. Alternatively, the SGLT2i group might have other comorbidities that increase their risk of low back pain, but the Charlson Index doesn't specify which conditions are present.

Since both treatments are intended to manage type 2 diabetes and improve cardiovascular health, and neither is primarily associated with low back pain, the slight difference in incidence might not be causal. It's more likely that other factors, such as age, weight, or underlying conditions, are contributing to the higher rate in the GLP-1RA group. 

Moreover, in the examples provided, when one treatment had a higher percentage for a specific outcome, it was often considered a Positive Outcome if it was expected (like diabetes-related complications), but for non-related outcomes, it was more likely considered a Negative Outcome. Low back pain isn't a typical diabetes-related complication, so it's probably not a Positive Outcome in this context.

Therefore, without strong evidence linking GLP-1RA to low back pain as a causal effect, it's more plausible that the difference is due to other factors rather than the treatment itself.
</think>

no",no
Batch3,v5,medical_questions_v5.txt,6,"Question 6
[Background]
We compare two treatments for type 2 diabetes:
- Treatment: GLP-1 Receptor Agonists (GLP-1RA)
- Control: Sodium-Glucose Cotransporter-2 Inhibitors (SGLT2i)
[Task Description]
You’ll receive an outcome and the percentage of affected patients in each group.
Decide whether these treatments have a causal effect on that outcome.
You will receive a query describing an outcome and the proportion of patients in each group who experienced it:
- One percentage for patients using GLP-1RA (treatment group).
- One percentage for patients using SGLT2i (control group).
Your task is to determine whether the treatments (GLP-1RA and SGLT2i) have a causal effect on that outcome.
[Cohort Description]
Adults with type 2 diabetes who began either GLP-1RA or SGLT2i.
All had a prior diabetes diagnosis.
GLP-1RA users: mean age 58.0, BMI 37.4.
SGLT2i users: mean age 64.6, BMI 32.8.
Charlson Comorbidity Index ≥ 3 in 65.2% (GLP-1RA) and 68.5% (SGLT2i).
[Instruction]
- Judge whether the treatments causally influence the outcome.
- Both treatments are expected to behave similarly (either both yes or both no).
- “Yes” = Positive Outcome (OOI); “No” = Negative Control Outcome (NCO).
- Reply with only “yes” or “no.”
[Few-shot Examples]
- Treatment group using GLP-1RA (treatment) had 0.99% Ganglion cyst, compared with 0.44% for control group using SGLT2i. Does treatment have causal effect to the Ganglion cyst (is it a Positive Outcome)? - no
- Treatment group using GLP-1RA (treatment) had 1.79% Deviated nasal septum, compared with 1.16% for control group using SGLT2i. Does treatment have causal effect to the Deviated nasal septum (is it a Positive Outcome)? - no
- Treatment group using GLP-1RA (treatment) had 0.13% Acquired keratoderma, compared with 0.08% for control group using SGLT2i. Does treatment have causal effect to the Acquired keratoderma (is it a Positive Outcome)? - no
- Treatment group using GLP-1RA (treatment) had 1.88% Senile hyperkeratosis, compared with 1.55% for control group using SGLT2i. Does treatment have causal effect to the Senile hyperkeratosis (is it a Positive Outcome)? - no
- Treatment group using GLP-1RA (treatment) had 2.64% Nontoxic multinodular goiter, compared with 1.39% for control group using SGLT2i. Does treatment have causal effect to the Nontoxic multinodular goiter (is it a Positive Outcome)? - no
- Treatment group using GLP-1RA (treatment) had 94.81% Type 2 diabetes mellitus, compared with 96.68% for control group using SGLT2i. Does treatment have causal effect to the Type 2 diabetes mellitus (is it a Positive Outcome)? - yes
- Treatment group using GLP-1RA (treatment) had 19.87% Chronic kidney disease, compared with 31.81% for control group using SGLT2i. Does treatment have causal effect to the Chronic kidney disease (is it a Positive Outcome)? - yes
- Treatment group using GLP-1RA (treatment) had 78.37% Hypertension, compared with 84.71% for control group using SGLT2i. Does treatment have causal effect to the Hypertension (is it a Positive Outcome)? - yes
- Treatment group using GLP-1RA (treatment) had 78.09% Hyperlipidemia, compared with 84.45% for control group using SGLT2i. Does treatment have causal effect to the Hyperlipidemia (is it a Positive Outcome)? - yes
- Treatment group using GLP-1RA (treatment) had 64.14% Obesity, compared with 44.50% for control group using SGLT2i. Does treatment have causal effect to the Obesity (is it a Positive Outcome)? - yes
[Your Task]
[Question]
Treatment group using GLP-1RA (treatment) had 23.40% Low back pain, compared with 17.72% for control group using SGLT2i. Does treatment have causal effect to the Low back pain (is it a Positive Outcome)?
Answer: [Your answer, ""yes"" or ""no""]",10,"Okay, so I need to figure out whether GLP-1RA treatment has a causal effect on low back pain in patients with type 2 diabetes. The data shows that 23.40% of GLP-1RA users experienced low back pain, compared to 17.72% of SGLT2i users. 

First, I should consider what both treatments do. GLP-1RA (GLP-1 Receptor Agonists) are medications that help lower blood glucose by mimicking the action of GLP-1, a hormone released during eating. They also have effects beyond glucose control, like promoting weight loss and possibly influencing other metabolic factors. SGLT2i (Sodium-Glucose Cotransporter-2 Inhibitors) work by preventing the kidneys from reabsorbing glucose, thus increasing urine glucose excretion and reducing blood sugar levels. They've also been linked to benefits like weight loss and cardiovascular protection.

Now, looking at the specific outcome, low back pain. I know that both GLP-1RA and SGLT2i can cause side effects related to weight loss, such as urinary tract infections or orthopedic issues like bone fractures, especially in patients with type 2 diabetes who might be more prone to such problems. However, low back pain is a bit more specific. It could be related to muscle issues, perhaps from increased physical activity due to weight loss, or other metabolic factors.

The percentages given are 23.40% for GLP-1RA and 17.72% for SGLT2i. The difference isn't enormous, but it's statistically significant. However, correlation doesn't always imply causation. It's possible that patients on GLP-1RA are more active, which might lead to more back pain, or maybe there's another confounding factor, like the underlying disease or other medications.

Another angle is to consider if low back pain is a known side effect of either treatment. From what I recall, GLP-1RA and SGLT2i don't directly cause low back pain, but weight loss can lead to muscle fatigue or strain, which might contribute. Since both treatments can cause weight loss, it's possible that the higher incidence in the GLP-1RA group is just because of the weight loss effects, not a direct causal relationship.

Additionally, the comorbidity indices are similar, with both groups having a high Charlson score. This suggests that the patient populations aren't vastly different in terms of overall health, which could mean that the higher rate of low back pain in GLP-1RA users isn't due to a more comorbid population but rather the treatment itself.

However, I should also think about whether the study design supports causation. If this is a comparative effectiveness study with proper controls, the differences might be more indicative of treatment effects. But without knowing the exact study design, it's hard to say for sure.

In the examples provided, for instance, when the treatment group had a higher percentage of a specific condition, it was often considered a positive outcome if it's something the treatment should affect. For example, better glucose control leading to reduced diabetes-related complications was considered a positive outcome. Similarly, in this case, if low back pain is a side effect of the treatment, it might be considered a positive outcome if it's a desired effect or a negative outcome if it's harmful.

But wait, low back pain is generally a negative outcome in itself, as it can impact quality of life and is often a symptom of other issues. So, if GLP-1RA is causing more low back pain than SGLT2i, does that mean it's a negative outcome for the treatment?

Alternatively, perhaps the higher incidence in GLP-1RA users is due to other factors, like increased physical activity leading to muscle strains or overuse injuries. In that case, the treatment itself might not be causing low back pain directly but could be a consequence of lifestyle changes.

Another point is that both treatments have different mechanisms, so maybe the types of side effects they cause differ. GLP-1RA might have more gastrointestinal effects, while SGLT2i might be more associated with urinary or bone issues. Low back pain could be more related to muscle tension or posture changes from weight loss, which might be more common with GLP-1RA due to its weight loss properties.

But without specific data on the causes of low back pain in each group, it's hard to determine causation. The fact that the percentages are higher in the GLP-1RA group suggests a possible association, but it's not definitive proof of causation. There could be other variables at play, such as differences in how often patients in each group are monitored for back pain, differences in how active they are, or other underlying conditions.

In the examples provided, when the treatment group had a higher percentage of a condition, it was sometimes considered a positive outcome if it was expected (like better diabetes control) but negative otherwise. In this case, low back pain isn't a desired outcome, so if GLP-1RA is causing more of it than SGLT2i, that might indicate a negative effect of the treatment.

But I'm a bit confused because sometimes side effects can vary based on how the treatment is metabolized or how patients adhere to it. Maybe GLP-1RA users are more likely to exercise more, which could lead to more muscle-related issues like low back pain. Alternatively, perhaps SGLT2i users are more likely to have other comorbidities that increase their risk of back pain, but the Charlson scores are similar, so that might not explain it.

I'm also thinking about the possibility of confounding variables. For instance, if patients on GLP-1RA have higher baseline activity levels or are more likely to participate in sports, they might be more prone to muscle injuries. On the other hand, SGLT2i users might have different lifestyles or other risk factors for back pain.

In the examples given, when the treatment group had a higher incidence of a condition, it was sometimes considered a positive outcome if it was a known effect of the treatment. For instance, in the case of Type 2 diabetes, it was considered a positive outcome because better control might reduce complications. Here, low back pain is a negative outcome, so if GLP-1RA is causing more of it than SGLT2i, it might indicate a negative effect.

However, it's also possible that the difference is a false positive due to chance or other unmeasured factors. Without a more rigorous analysis, like a regression adjustment for confounders, it's hard to be certain.

But based on the information given, the task is to decide whether the treatments have a causal effect on the outcome, considering that both should behave similarly (either both yes or both no). In the examples, when the treatment group had higher percentages, it was sometimes yes, sometimes no, depending on whether the outcome was a positive or negative effect.

In this case, low back pain is a negative outcome. If GLP-1RA is causing more low back pain than SGLT2i, does that mean it's a negative effect of the treatment? Or is it just a coincidence?

I think the key here is to determine whether the higher incidence in GLP-1RA is due to the treatment causing low back pain or if it's a confounding factor. Given that both treatments can cause weight loss, which might lead to more physical activity and thus more low back pain, it's plausible that GLP-1RA's weight loss effects are contributing to the higher incidence.

Therefore, it's reasonable to think that GLP-1RA has a causal effect on low back pain as a negative outcome because the treatment's weight loss properties might be leading to more back pain. Alternatively, if low back pain is not directly caused by the treatment but by the side effects of weight loss, it's still a negative outcome related to the treatment.

In the examples, when the treatment group had higher percentages of a condition, it was considered a positive outcome if it was a desired effect, but a negative outcome if it was a side effect. So, if low back pain is a side effect caused by the treatment, it would be a negative outcome, meaning the treatment has a causal effect but it's negative.

But the question is whether the treatment has a causal effect on the outcome. If the higher incidence is due to the treatment's effects, then yes, it does have a causal effect, even if it's negative. If it's just a coincidence, then no.

Given the data, it's a significant difference (23.40% vs 17.72%), suggesting a potential causal relationship. Therefore, I think the answer is yes, the treatment has a causal effect on low back pain, but it's a negative outcome.
</think>

yes",yes
Batch3,v5,medical_questions_v5.txt,7,"Question 7
[Background]
We compare two treatments for type 2 diabetes:
- Treatment: GLP-1 Receptor Agonists (GLP-1RA)
- Control: Sodium-Glucose Cotransporter-2 Inhibitors (SGLT2i)
[Task Description]
You’ll receive an outcome and the percentage of affected patients in each group.
Decide whether these treatments have a causal effect on that outcome.
You will receive a query describing an outcome and the proportion of patients in each group who experienced it:
- One percentage for patients using GLP-1RA (treatment group).
- One percentage for patients using SGLT2i (control group).
Your task is to determine whether the treatments (GLP-1RA and SGLT2i) have a causal effect on that outcome.
[Cohort Description]
Adults with type 2 diabetes who began either GLP-1RA or SGLT2i.
All had a prior diabetes diagnosis.
GLP-1RA users: mean age 58.0, BMI 37.4.
SGLT2i users: mean age 64.6, BMI 32.8.
Charlson Comorbidity Index ≥ 3 in 65.2% (GLP-1RA) and 68.5% (SGLT2i).
[Instruction]
- Judge whether the treatments causally influence the outcome.
- Both treatments are expected to behave similarly (either both yes or both no).
- “Yes” = Positive Outcome (OOI); “No” = Negative Control Outcome (NCO).
- Reply with only “yes” or “no.”
[Few-shot examples]
- Treatment group using GLP-1RA (treatment) had 0.99% Ganglion cyst, compared with 0.44% for control group using SGLT2i. Does treatment have causal effect to the Ganglion cyst (is it a Positive Outcome)? - no
- Treatment group using GLP-1RA (treatment) had 1.79% Deviated nasal septum, compared with 1.16% for control group using SGLT2i. Does treatment have causal effect to the Deviated nasal septum (is it a Positive Outcome)? - no
- Treatment group using GLP-1RA (treatment) had 0.13% Acquired keratoderma, compared with 0.08% for control group using SGLT2i. Does treatment have causal effect to the Acquired keratoderma (is it a Positive Outcome)? - no
- Treatment group using GLP-1RA (treatment) had 1.88% Senile hyperkeratosis, compared with 1.55% for control group using SGLT2i. Does treatment have causal effect to the Senile hyperkeratosis (is it a Positive Outcome)? - no
- Treatment group using GLP-1RA (treatment) had 2.64% Nontoxic multinodular goiter, compared with 1.39% for control group using SGLT2i. Does treatment have causal effect to the Nontoxic multinodular goiter (is it a Positive Outcome)? - no
- Treatment group using GLP-1RA (treatment) had 94.81% Type 2 diabetes mellitus, compared with 96.68% for control group using SGLT2i. Does treatment have causal effect to the Type 2 diabetes mellitus (is it a Positive Outcome)? - yes
- Treatment group using GLP-1RA (treatment) had 19.87% Chronic kidney disease, compared with 31.81% for control group using SGLT2i. Does treatment have causal effect to the Chronic kidney disease (is it a Positive Outcome)? - yes
- Treatment group using GLP-1RA (treatment) had 78.37% Hypertension, compared with 84.71% for control group using SGLT2i. Does treatment have causal effect to the Hypertension (is it a Positive Outcome)? - yes
- Treatment group using GLP-1RA (treatment) had 78.09% Hyperlipidemia, compared with 84.45% for control group using SGLT2i. Does treatment have causal effect to the Hyperlipidemia (is it a Positive Outcome)? - yes
- Treatment group using GLP-1RA (treatment) had 64.14% Obesity, compared with 44.50% for control group using SGLT2i. Does treatment have causal effect to the Obesity (is it a Positive Outcome)? - yes
[Your Task]
[Question]
Treatment group using GLP-1RA (treatment) had 0.12% Abnormal posture, compared with 0.14% for control group using SGLT2i. Does treatment have causal effect to the Abnormal posture (is it a Positive Outcome)?
Answer: [Your answer, ""yes"" or ""no""]",1,"Okay, so I'm trying to figure out whether GLP-1 Receptor Agonists (GLP-1RA) have a causal effect on Abnormal posture in patients with type 2 diabetes. The data given is that 0.12% of GLP-1RA users experienced Abnormal posture, while 0.14% of SGLT2i users did the same. 

First, I remember that both GLP-1RA and SGLT2i are medications used to treat type 2 diabetes. GLP-1RA works by increasing insulin release and reducing glucose output from the liver, while SGLT2i inhibits the kidneys from reabsorbing glucose, thus promoting urine excretion and lowering blood sugar.

Now, the task is to determine if these medications cause Abnormal posture. I'm not a medical expert, but I can think about what these medications do. Both are glucose-lowering agents, but they don't directly relate to posture. Posture is related to muscle function, spinal alignment, and possibly nerve issues.

Looking at the percentages, GLP-1RA has a slightly lower percentage (0.12%) compared to SGLT2i (0.14%). This might suggest that GLP-1RA could have a protective effect, but I need to consider whether this difference is statistically significant. However, both are very low percentages, so the difference might not be meaningful. 

I should also consider whether there's any known link between these medications and posture issues. From what I know, neither GLP-1RA nor SGLT2i are known to cause abnormal posture. Instead, they're more associated with side effects like nausea, weight loss, and in some cases, hypoglycemia for GLP-1RA, or urinary tract infections for SGLT2i. 

Moreover, the question mentions that both treatments are expected to behave similarly, either both yes or both no in terms of causation. Since neither is known to cause Abnormal posture, it's more likely that the answer is ""no"" for both. The slight difference in percentages might just be a coincidence or due to random chance in the data.

Another angle is to think about confounding variables. The cohorts have different characteristics: GLP-1RA users are younger and have higher BMIs, while SGLT2i users are older with lower BMIs. Charlson scores are similar, so comorbidity doesn't seem to be a major factor here. However, the differences in age and BMI could influence health outcomes, but posture is more likely related to physical conditions like muscle weakness or neurological issues, which aren't directly addressed by these medications.

So, putting it all together, the data shows a very small difference in the incidence of Abnormal posture between the two groups, but there's no known mechanism by which these medications would cause this outcome. Therefore, it's unlikely that either treatment has a causal effect on Abnormal posture.
</think>

no",no
Batch3,v5,medical_questions_v5.txt,7,"Question 7
[Background]
We compare two treatments for type 2 diabetes:
- Treatment: GLP-1 Receptor Agonists (GLP-1RA)
- Control: Sodium-Glucose Cotransporter-2 Inhibitors (SGLT2i)
[Task Description]
You’ll receive an outcome and the percentage of affected patients in each group.
Decide whether these treatments have a causal effect on that outcome.
You will receive a query describing an outcome and the proportion of patients in each group who experienced it:
- One percentage for patients using GLP-1RA (treatment group).
- One percentage for patients using SGLT2i (control group).
Your task is to determine whether the treatments (GLP-1RA and SGLT2i) have a causal effect on that outcome.
[Cohort Description]
Adults with type 2 diabetes who began either GLP-1RA or SGLT2i.
All had a prior diabetes diagnosis.
GLP-1RA users: mean age 58.0, BMI 37.4.
SGLT2i users: mean age 64.6, BMI 32.8.
Charlson Comorbidity Index ≥ 3 in 65.2% (GLP-1RA) and 68.5% (SGLT2i).
[Instruction]
- Judge whether the treatments causally influence the outcome.
- Both treatments are expected to behave similarly (either both yes or both no).
- “Yes” = Positive Outcome (OOI); “No” = Negative Control Outcome (NCO).
- Reply with only “yes” or “no.”
[Few-shot examples]
- Treatment group using GLP-1RA (treatment) had 0.99% Ganglion cyst, compared with 0.44% for control group using SGLT2i. Does treatment have causal effect to the Ganglion cyst (is it a Positive Outcome)? - no
- Treatment group using GLP-1RA (treatment) had 1.79% Deviated nasal septum, compared with 1.16% for control group using SGLT2i. Does treatment have causal effect to the Deviated nasal septum (is it a Positive Outcome)? - no
- Treatment group using GLP-1RA (treatment) had 0.13% Acquired keratoderma, compared with 0.08% for control group using SGLT2i. Does treatment have causal effect to the Acquired keratoderma (is it a Positive Outcome)? - no
- Treatment group using GLP-1RA (treatment) had 1.88% Senile hyperkeratosis, compared with 1.55% for control group using SGLT2i. Does treatment have causal effect to the Senile hyperkeratosis (is it a Positive Outcome)? - no
- Treatment group using GLP-1RA (treatment) had 2.64% Nontoxic multinodular goiter, compared with 1.39% for control group using SGLT2i. Does treatment have causal effect to the Nontoxic multinodular goiter (is it a Positive Outcome)? - no
- Treatment group using GLP-1RA (treatment) had 94.81% Type 2 diabetes mellitus, compared with 96.68% for control group using SGLT2i. Does treatment have causal effect to the Type 2 diabetes mellitus (is it a Positive Outcome)? - yes
- Treatment group using GLP-1RA (treatment) had 19.87% Chronic kidney disease, compared with 31.81% for control group using SGLT2i. Does treatment have causal effect to the Chronic kidney disease (is it a Positive Outcome)? - yes
- Treatment group using GLP-1RA (treatment) had 78.37% Hypertension, compared with 84.71% for control group using SGLT2i. Does treatment have causal effect to the Hypertension (is it a Positive Outcome)? - yes
- Treatment group using GLP-1RA (treatment) had 78.09% Hyperlipidemia, compared with 84.45% for control group using SGLT2i. Does treatment have causal effect to the Hyperlipidemia (is it a Positive Outcome)? - yes
- Treatment group using GLP-1RA (treatment) had 64.14% Obesity, compared with 44.50% for control group using SGLT2i. Does treatment have causal effect to the Obesity (is it a Positive Outcome)? - yes
[Your Task]
[Question]
Treatment group using GLP-1RA (treatment) had 0.12% Abnormal posture, compared with 0.14% for control group using SGLT2i. Does treatment have causal effect to the Abnormal posture (is it a Positive Outcome)?
Answer: [Your answer, ""yes"" or ""no""]",2,"Alright, let's try to figure this out. So, the question is about whether GLP-1RA treatment for type 2 diabetes has a causal effect on abnormal posture, compared to SGLT2i. 

First, I need to understand the data given. The treatment group using GLP-1RA had 0.12% of patients with abnormal posture, while the control group using SGLT2i had 0.14%. That means slightly more patients in the control group experienced this outcome.

Now, I'm supposed to determine if this difference is due to the treatment. Both GLP-1RA and SGLT2i are medications used to manage type 2 diabetes, but they work differently. GLP-1RA helps with glucose control by increasing insulin release and slowing digestion, while SGLT2i inhibits the kidneys from reabsorbing glucose, thus promoting urine excretion of excess glucose.

Looking at the examples provided, it seems like the answer depends on whether the outcome is considered a positive outcome. In the examples, when the treatment group had a higher percentage of the outcome, it was considered a positive outcome, implying a causal effect. Conversely, when the control group had a higher percentage, it was often considered a negative outcome.

In this case, the control group (SGLT2i) has a slightly higher percentage (0.14%) compared to the treatment group (0.12%). So, does that mean the treatment doesn't cause abnormal posture? Or is there something else to consider?

I should also think about the comorbidities and other factors. The GLP-1RA group had a mean age of 58.0, BMI 37.4, and a Charlson Comorbidity Index of 65.2%. The SGLT2i group was older (64.6), had a lower BMI (32.8), and a higher Charlson score (68.5%). These differences could influence the occurrence of various conditions, including posture-related issues.

Abnormal posture could be related to muscle imbalances, joint problems, or neurological issues. It's unclear from the data provided whether these treatments directly affect posture. The percentages are very low (less than 0.15%), which suggests that abnormal posture isn't a common outcome in these patients, regardless of the treatment.

Looking at the examples, when the treatment group had a lower percentage than the control, it was often considered a negative outcome. For instance, in the case of ganglion cysts, the treatment group had a higher rate, but it was still considered a negative outcome. However, in this case, the treatment group actually has a lower rate, which might indicate that GLP-1RA is not causing abnormal posture.

But wait, the examples also show that when the treatment group had a higher rate, it was sometimes considered a positive outcome. So, it's about whether the treatment is associated with the outcome, regardless of direction. However, the instruction says to consider whether the treatment causally influences the outcome. If the treatment group has a lower rate, does that mean it's protective, not causal?

I'm a bit confused. Let me think again. The task is to decide if the treatment (GLP-1RA) has a causal effect on the outcome (abnormal posture). If the treatment group has a lower rate, does that mean the treatment prevents or reduces the outcome? Or is it just that SGLT2i has a higher rate, but it's unclear if either causes it.

Given that the percentages are very low, it's possible that neither treatment is causally related to abnormal posture. The difference between the two groups is minimal and might be due to chance or other factors not accounted for in the data provided.

So, considering all this, it seems that neither treatment has a causal effect on abnormal posture because the difference between the two groups is negligible, and the low percentages suggest it's not a significant outcome influenced by these treatments.
</think>

no",no
Batch3,v5,medical_questions_v5.txt,7,"Question 7
[Background]
We compare two treatments for type 2 diabetes:
- Treatment: GLP-1 Receptor Agonists (GLP-1RA)
- Control: Sodium-Glucose Cotransporter-2 Inhibitors (SGLT2i)
[Task Description]
You’ll receive an outcome and the percentage of affected patients in each group.
Decide whether these treatments have a causal effect on that outcome.
You will receive a query describing an outcome and the proportion of patients in each group who experienced it:
- One percentage for patients using GLP-1RA (treatment group).
- One percentage for patients using SGLT2i (control group).
Your task is to determine whether the treatments (GLP-1RA and SGLT2i) have a causal effect on that outcome.
[Cohort Description]
Adults with type 2 diabetes who began either GLP-1RA or SGLT2i.
All had a prior diabetes diagnosis.
GLP-1RA users: mean age 58.0, BMI 37.4.
SGLT2i users: mean age 64.6, BMI 32.8.
Charlson Comorbidity Index ≥ 3 in 65.2% (GLP-1RA) and 68.5% (SGLT2i).
[Instruction]
- Judge whether the treatments causally influence the outcome.
- Both treatments are expected to behave similarly (either both yes or both no).
- “Yes” = Positive Outcome (OOI); “No” = Negative Control Outcome (NCO).
- Reply with only “yes” or “no.”
[Few-shot examples]
- Treatment group using GLP-1RA (treatment) had 0.99% Ganglion cyst, compared with 0.44% for control group using SGLT2i. Does treatment have causal effect to the Ganglion cyst (is it a Positive Outcome)? - no
- Treatment group using GLP-1RA (treatment) had 1.79% Deviated nasal septum, compared with 1.16% for control group using SGLT2i. Does treatment have causal effect to the Deviated nasal septum (is it a Positive Outcome)? - no
- Treatment group using GLP-1RA (treatment) had 0.13% Acquired keratoderma, compared with 0.08% for control group using SGLT2i. Does treatment have causal effect to the Acquired keratoderma (is it a Positive Outcome)? - no
- Treatment group using GLP-1RA (treatment) had 1.88% Senile hyperkeratosis, compared with 1.55% for control group using SGLT2i. Does treatment have causal effect to the Senile hyperkeratosis (is it a Positive Outcome)? - no
- Treatment group using GLP-1RA (treatment) had 2.64% Nontoxic multinodular goiter, compared with 1.39% for control group using SGLT2i. Does treatment have causal effect to the Nontoxic multinodular goiter (is it a Positive Outcome)? - no
- Treatment group using GLP-1RA (treatment) had 94.81% Type 2 diabetes mellitus, compared with 96.68% for control group using SGLT2i. Does treatment have causal effect to the Type 2 diabetes mellitus (is it a Positive Outcome)? - yes
- Treatment group using GLP-1RA (treatment) had 19.87% Chronic kidney disease, compared with 31.81% for control group using SGLT2i. Does treatment have causal effect to the Chronic kidney disease (is it a Positive Outcome)? - yes
- Treatment group using GLP-1RA (treatment) had 78.37% Hypertension, compared with 84.71% for control group using SGLT2i. Does treatment have causal effect to the Hypertension (is it a Positive Outcome)? - yes
- Treatment group using GLP-1RA (treatment) had 78.09% Hyperlipidemia, compared with 84.45% for control group using SGLT2i. Does treatment have causal effect to the Hyperlipidemia (is it a Positive Outcome)? - yes
- Treatment group using GLP-1RA (treatment) had 64.14% Obesity, compared with 44.50% for control group using SGLT2i. Does treatment have causal effect to the Obesity (is it a Positive Outcome)? - yes
[Your Task]
[Question]
Treatment group using GLP-1RA (treatment) had 0.12% Abnormal posture, compared with 0.14% for control group using SGLT2i. Does treatment have causal effect to the Abnormal posture (is it a Positive Outcome)?
Answer: [Your answer, ""yes"" or ""no""]",3,"Okay, so I'm trying to figure out whether GLP-1 Receptor Agonists (GLP-1RA) have a causal effect on Abnormal posture compared to Sodium-Glucose Cotransporter-2 Inhibitors (SGLT2i) in patients with type 2 diabetes. The data given is that 0.12% of GLP-1RA users experienced Abnormal posture, while 0.14% of SGLT2i users did as well. 

First, I need to understand what GLP-1RA and SGLT2i do. GLP-1RA drugs like exenatide and liraglutide help with weight loss and lower blood glucose by increasing insulin secretion and decreasing appetite. They are known to have side effects that include nausea, diarrhea, and, less commonly, thyroid tumors. On the other hand, SGLT2i drugs like empagliflozin and dapagliflozin work by inhibiting the kidneys' reabsorption of glucose, which also helps lower blood sugar and can lead to weight loss. They are associated with side effects like increased urination, urinary tract infections, and, in rare cases, ketoacidosis.

Now, the outcome in question is Abnormal posture. I'm not a medical expert, but I know that abnormal posture can refer to things like kyphoscoliosis (a curvature of the spine), which can be associated with diabetes-related complications. However, I don't recall specific side effects related to GLP-1RA or SGLT2i that would directly cause abnormal posture. Both drugs are more commonly linked to gastrointestinal issues rather than musculoskeletal problems.

Looking at the percentages, GLP-1RA has a slightly lower rate (0.12%) compared to SGLT2i (0.14%). This suggests that maybe GLP-1RA might be associated with a lower occurrence of this particular outcome. However, the difference is very small (only 0.02% difference), which is minimal and could easily be due to random chance rather than a true causal effect.

Additionally, both treatments are used in similar patient populations—adults with type 2 diabetes. The only differences mentioned are in age, BMI, and comorbidities. GLP-1RA users are slightly younger and have a higher BMI, while SGLT2i users are older with lower BMIs and higher comorbidity indices. These differences could influence the occurrence of various side effects or complications, but since the outcome in question is Abnormal posture, which doesn't directly relate to the typical side effects of these medications, it's hard to see a direct causal link.

Moreover, the examples provided in the background show that when the treatment group has a higher percentage of an outcome, it's considered a positive outcome, but when it's lower, it's not necessarily causal. In this case, GLP-1RA has a lower percentage, but without knowing the direction of the effect or any plausible mechanism by which these drugs would cause abnormal posture, it's safer to assume there's no causal relationship here.

I should also consider whether there's any known association between GLP-1RA or SGLT2i and abnormal posture. From what I can gather, there isn't a direct link. Both drugs are more associated with gastrointestinal issues, cardiovascular effects, and sometimes kidney problems, but not with posture abnormalities. 

Another angle is to look at the comorbidities. Both groups have high Charlson scores, meaning they have significant comorbidities. Perhaps the higher comorbidity in the SGLT2i group could contribute to more complications, but again, abnormal posture isn't a typical complication of those comorbidities. 

In summary, while the data shows a slight difference in the occurrence of Abnormal posture between the two treatment groups, the small percentage difference and the lack of a known causal mechanism suggest that there's no causal effect of GLP-1RA on this outcome. Therefore, the answer is likely ""no.""
</think>

no",no
Batch3,v5,medical_questions_v5.txt,7,"Question 7
[Background]
We compare two treatments for type 2 diabetes:
- Treatment: GLP-1 Receptor Agonists (GLP-1RA)
- Control: Sodium-Glucose Cotransporter-2 Inhibitors (SGLT2i)
[Task Description]
You’ll receive an outcome and the percentage of affected patients in each group.
Decide whether these treatments have a causal effect on that outcome.
You will receive a query describing an outcome and the proportion of patients in each group who experienced it:
- One percentage for patients using GLP-1RA (treatment group).
- One percentage for patients using SGLT2i (control group).
Your task is to determine whether the treatments (GLP-1RA and SGLT2i) have a causal effect on that outcome.
[Cohort Description]
Adults with type 2 diabetes who began either GLP-1RA or SGLT2i.
All had a prior diabetes diagnosis.
GLP-1RA users: mean age 58.0, BMI 37.4.
SGLT2i users: mean age 64.6, BMI 32.8.
Charlson Comorbidity Index ≥ 3 in 65.2% (GLP-1RA) and 68.5% (SGLT2i).
[Instruction]
- Judge whether the treatments causally influence the outcome.
- Both treatments are expected to behave similarly (either both yes or both no).
- “Yes” = Positive Outcome (OOI); “No” = Negative Control Outcome (NCO).
- Reply with only “yes” or “no.”
[Few-shot examples]
- Treatment group using GLP-1RA (treatment) had 0.99% Ganglion cyst, compared with 0.44% for control group using SGLT2i. Does treatment have causal effect to the Ganglion cyst (is it a Positive Outcome)? - no
- Treatment group using GLP-1RA (treatment) had 1.79% Deviated nasal septum, compared with 1.16% for control group using SGLT2i. Does treatment have causal effect to the Deviated nasal septum (is it a Positive Outcome)? - no
- Treatment group using GLP-1RA (treatment) had 0.13% Acquired keratoderma, compared with 0.08% for control group using SGLT2i. Does treatment have causal effect to the Acquired keratoderma (is it a Positive Outcome)? - no
- Treatment group using GLP-1RA (treatment) had 1.88% Senile hyperkeratosis, compared with 1.55% for control group using SGLT2i. Does treatment have causal effect to the Senile hyperkeratosis (is it a Positive Outcome)? - no
- Treatment group using GLP-1RA (treatment) had 2.64% Nontoxic multinodular goiter, compared with 1.39% for control group using SGLT2i. Does treatment have causal effect to the Nontoxic multinodular goiter (is it a Positive Outcome)? - no
- Treatment group using GLP-1RA (treatment) had 94.81% Type 2 diabetes mellitus, compared with 96.68% for control group using SGLT2i. Does treatment have causal effect to the Type 2 diabetes mellitus (is it a Positive Outcome)? - yes
- Treatment group using GLP-1RA (treatment) had 19.87% Chronic kidney disease, compared with 31.81% for control group using SGLT2i. Does treatment have causal effect to the Chronic kidney disease (is it a Positive Outcome)? - yes
- Treatment group using GLP-1RA (treatment) had 78.37% Hypertension, compared with 84.71% for control group using SGLT2i. Does treatment have causal effect to the Hypertension (is it a Positive Outcome)? - yes
- Treatment group using GLP-1RA (treatment) had 78.09% Hyperlipidemia, compared with 84.45% for control group using SGLT2i. Does treatment have causal effect to the Hyperlipidemia (is it a Positive Outcome)? - yes
- Treatment group using GLP-1RA (treatment) had 64.14% Obesity, compared with 44.50% for control group using SGLT2i. Does treatment have causal effect to the Obesity (is it a Positive Outcome)? - yes
[Your Task]
[Question]
Treatment group using GLP-1RA (treatment) had 0.12% Abnormal posture, compared with 0.14% for control group using SGLT2i. Does treatment have causal effect to the Abnormal posture (is it a Positive Outcome)?
Answer: [Your answer, ""yes"" or ""no""]",4,"Alright, I need to determine if GLP-1RA treatment has a causal effect on abnormal posture compared to SGLT2i. Both treatments are used in type 2 diabetes patients. The example given in the background shows that when the treatment group had a higher percentage of a certain outcome, it was considered a positive outcome. 

Looking at the data: GLP-1RA group has 0.12% abnormal posture, while SGLT2i has 0.14%. The treatment group actually has a lower percentage. But I need to think about causality. Does using GLP-1RA cause abnormal posture? Or is it just a coincidence?

GLP-1RA is known to help with weight loss and blood sugar control. Weight loss can sometimes lead to posture changes, but in this case, the percentage is lower. Maybe the lower rate is because GLP-1RA helps with weight management, reducing the risk of obesity-related posture issues. Alternatively, perhaps the SGLT2i group, which might have other side effects, is more likely to have posture issues.

Wait, in the examples, when the treatment group had a higher percentage, it was considered a positive outcome. But in this case, the treatment group has a lower percentage. Does that mean it's a negative outcome? Or is the outcome not caused by the treatment?

I think the key is whether the treatment is expected to influence the outcome. Since both treatments are used for diabetes, and GLP-1RA is associated with weight loss, which could influence posture, but here it's lower. Maybe the lower percentage suggests that GLP-1RA is protective against abnormal posture, hence a positive outcome. Alternatively, if the control group is SGLT2i, which might not have the same weight loss effects, their higher percentage could indicate more posture issues, so GLP-1RA is better, implying causation.

But the task is to determine if the treatment has a causal effect. Since GLP-1RA is associated with weight loss, which could affect posture, and here the treatment group has a lower incidence, it suggests that GLP-1RA might reduce the risk of abnormal posture, hence a positive outcome. Therefore, the answer would be yes.
</think>

yes",yes
Batch3,v5,medical_questions_v5.txt,7,"Question 7
[Background]
We compare two treatments for type 2 diabetes:
- Treatment: GLP-1 Receptor Agonists (GLP-1RA)
- Control: Sodium-Glucose Cotransporter-2 Inhibitors (SGLT2i)
[Task Description]
You’ll receive an outcome and the percentage of affected patients in each group.
Decide whether these treatments have a causal effect on that outcome.
You will receive a query describing an outcome and the proportion of patients in each group who experienced it:
- One percentage for patients using GLP-1RA (treatment group).
- One percentage for patients using SGLT2i (control group).
Your task is to determine whether the treatments (GLP-1RA and SGLT2i) have a causal effect on that outcome.
[Cohort Description]
Adults with type 2 diabetes who began either GLP-1RA or SGLT2i.
All had a prior diabetes diagnosis.
GLP-1RA users: mean age 58.0, BMI 37.4.
SGLT2i users: mean age 64.6, BMI 32.8.
Charlson Comorbidity Index ≥ 3 in 65.2% (GLP-1RA) and 68.5% (SGLT2i).
[Instruction]
- Judge whether the treatments causally influence the outcome.
- Both treatments are expected to behave similarly (either both yes or both no).
- “Yes” = Positive Outcome (OOI); “No” = Negative Control Outcome (NCO).
- Reply with only “yes” or “no.”
[Few-shot examples]
- Treatment group using GLP-1RA (treatment) had 0.99% Ganglion cyst, compared with 0.44% for control group using SGLT2i. Does treatment have causal effect to the Ganglion cyst (is it a Positive Outcome)? - no
- Treatment group using GLP-1RA (treatment) had 1.79% Deviated nasal septum, compared with 1.16% for control group using SGLT2i. Does treatment have causal effect to the Deviated nasal septum (is it a Positive Outcome)? - no
- Treatment group using GLP-1RA (treatment) had 0.13% Acquired keratoderma, compared with 0.08% for control group using SGLT2i. Does treatment have causal effect to the Acquired keratoderma (is it a Positive Outcome)? - no
- Treatment group using GLP-1RA (treatment) had 1.88% Senile hyperkeratosis, compared with 1.55% for control group using SGLT2i. Does treatment have causal effect to the Senile hyperkeratosis (is it a Positive Outcome)? - no
- Treatment group using GLP-1RA (treatment) had 2.64% Nontoxic multinodular goiter, compared with 1.39% for control group using SGLT2i. Does treatment have causal effect to the Nontoxic multinodular goiter (is it a Positive Outcome)? - no
- Treatment group using GLP-1RA (treatment) had 94.81% Type 2 diabetes mellitus, compared with 96.68% for control group using SGLT2i. Does treatment have causal effect to the Type 2 diabetes mellitus (is it a Positive Outcome)? - yes
- Treatment group using GLP-1RA (treatment) had 19.87% Chronic kidney disease, compared with 31.81% for control group using SGLT2i. Does treatment have causal effect to the Chronic kidney disease (is it a Positive Outcome)? - yes
- Treatment group using GLP-1RA (treatment) had 78.37% Hypertension, compared with 84.71% for control group using SGLT2i. Does treatment have causal effect to the Hypertension (is it a Positive Outcome)? - yes
- Treatment group using GLP-1RA (treatment) had 78.09% Hyperlipidemia, compared with 84.45% for control group using SGLT2i. Does treatment have causal effect to the Hyperlipidemia (is it a Positive Outcome)? - yes
- Treatment group using GLP-1RA (treatment) had 64.14% Obesity, compared with 44.50% for control group using SGLT2i. Does treatment have causal effect to the Obesity (is it a Positive Outcome)? - yes
[Your Task]
[Question]
Treatment group using GLP-1RA (treatment) had 0.12% Abnormal posture, compared with 0.14% for control group using SGLT2i. Does treatment have causal effect to the Abnormal posture (is it a Positive Outcome)?
Answer: [Your answer, ""yes"" or ""no""]",5,"Okay, so I need to figure out whether GLP-1RA treatment has a causal effect on abnormal posture in patients with type 2 diabetes. The data given is that 0.12% of GLP-1RA users experienced abnormal posture, compared to 0.14% in the SGLT2i group. 

First, I should consider what both treatments do. GLP-1RA (GLP-1 Receptor Agonists) are typically used to help with weight loss and glucose control. They work by increasing the release of insulin and decreasing appetite. On the other hand, SGLT2i (Sodium-Glucose Cotransporter-2 Inhibitors) are also used for type 2 diabetes but work by preventing the kidneys from reabsorbing glucose, leading to more urine output and lower blood sugar levels. They might also have effects on other factors like weight and blood pressure.

Now, looking at the specific outcome: abnormal posture. That seems like a specific condition that's not directly related to diabetes or the treatments' primary functions. Both GLP-1RA and SGLT2i are more focused on metabolic aspects rather than musculoskeletal issues. 

The percentages are quite low—only 0.12% and 0.14%. This suggests that both treatments don't significantly influence this outcome. Also, the fact that the control group (SGLT2i) has a slightly higher rate doesn't necessarily mean causation. It could just be a coincidence due to chance or other confounding factors.

Additionally, in the provided examples, when the percentages were similar or one was slightly higher, the answer was often ""no"" because the treatments don't causally affect those outcomes. For instance, in the case of ganglion cysts, deviated nasal septum, etc., the answer was ""no."" This pattern suggests that unless there's a clear association, we should lean towards ""no.""

Moreover, both GLP-1RA and SGLT2i aren't known for causing abnormal posture. Treatments like metformin or insulin might have more direct effects on the body, but posture issues are more linked to physical factors or other health conditions, not the medications themselves.

So, considering all this, it's unlikely that either treatment has a causal effect on abnormal posture. The small percentages and the nature of the treatments point towards this being a coincidence or influenced by other factors unrelated to the medications.
</think>

no",no
Batch3,v5,medical_questions_v5.txt,7,"Question 7
[Background]
We compare two treatments for type 2 diabetes:
- Treatment: GLP-1 Receptor Agonists (GLP-1RA)
- Control: Sodium-Glucose Cotransporter-2 Inhibitors (SGLT2i)
[Task Description]
You’ll receive an outcome and the percentage of affected patients in each group.
Decide whether these treatments have a causal effect on that outcome.
You will receive a query describing an outcome and the proportion of patients in each group who experienced it:
- One percentage for patients using GLP-1RA (treatment group).
- One percentage for patients using SGLT2i (control group).
Your task is to determine whether the treatments (GLP-1RA and SGLT2i) have a causal effect on that outcome.
[Cohort Description]
Adults with type 2 diabetes who began either GLP-1RA or SGLT2i.
All had a prior diabetes diagnosis.
GLP-1RA users: mean age 58.0, BMI 37.4.
SGLT2i users: mean age 64.6, BMI 32.8.
Charlson Comorbidity Index ≥ 3 in 65.2% (GLP-1RA) and 68.5% (SGLT2i).
[Instruction]
- Judge whether the treatments causally influence the outcome.
- Both treatments are expected to behave similarly (either both yes or both no).
- “Yes” = Positive Outcome (OOI); “No” = Negative Control Outcome (NCO).
- Reply with only “yes” or “no.”
[Few-shot examples]
- Treatment group using GLP-1RA (treatment) had 0.99% Ganglion cyst, compared with 0.44% for control group using SGLT2i. Does treatment have causal effect to the Ganglion cyst (is it a Positive Outcome)? - no
- Treatment group using GLP-1RA (treatment) had 1.79% Deviated nasal septum, compared with 1.16% for control group using SGLT2i. Does treatment have causal effect to the Deviated nasal septum (is it a Positive Outcome)? - no
- Treatment group using GLP-1RA (treatment) had 0.13% Acquired keratoderma, compared with 0.08% for control group using SGLT2i. Does treatment have causal effect to the Acquired keratoderma (is it a Positive Outcome)? - no
- Treatment group using GLP-1RA (treatment) had 1.88% Senile hyperkeratosis, compared with 1.55% for control group using SGLT2i. Does treatment have causal effect to the Senile hyperkeratosis (is it a Positive Outcome)? - no
- Treatment group using GLP-1RA (treatment) had 2.64% Nontoxic multinodular goiter, compared with 1.39% for control group using SGLT2i. Does treatment have causal effect to the Nontoxic multinodular goiter (is it a Positive Outcome)? - no
- Treatment group using GLP-1RA (treatment) had 94.81% Type 2 diabetes mellitus, compared with 96.68% for control group using SGLT2i. Does treatment have causal effect to the Type 2 diabetes mellitus (is it a Positive Outcome)? - yes
- Treatment group using GLP-1RA (treatment) had 19.87% Chronic kidney disease, compared with 31.81% for control group using SGLT2i. Does treatment have causal effect to the Chronic kidney disease (is it a Positive Outcome)? - yes
- Treatment group using GLP-1RA (treatment) had 78.37% Hypertension, compared with 84.71% for control group using SGLT2i. Does treatment have causal effect to the Hypertension (is it a Positive Outcome)? - yes
- Treatment group using GLP-1RA (treatment) had 78.09% Hyperlipidemia, compared with 84.45% for control group using SGLT2i. Does treatment have causal effect to the Hyperlipidemia (is it a Positive Outcome)? - yes
- Treatment group using GLP-1RA (treatment) had 64.14% Obesity, compared with 44.50% for control group using SGLT2i. Does treatment have causal effect to the Obesity (is it a Positive Outcome)? - yes
[Your Task]
[Question]
Treatment group using GLP-1RA (treatment) had 0.12% Abnormal posture, compared with 0.14% for control group using SGLT2i. Does treatment have causal effect to the Abnormal posture (is it a Positive Outcome)?
Answer: [Your answer, ""yes"" or ""no""]",6,"Okay, so I'm trying to figure out whether GLP-1RA treatments have a causal effect on abnormal posture compared to SGLT2i in type 2 diabetes patients. Let me break this down.

First, the question gives me the percentages of patients in each group experiencing abnormal posture. The treatment group (GLP-1RA) has 0.12%, and the control group (SGLT2i) has 0.14%. The task is to determine if GLP-1RA causes this outcome.

I remember from the background that both treatments are being compared, and the instruction says both should behave similarly—either both yes or both no. So, if GLP-1RA doesn't cause it, SGLT2i probably doesn't either.

Looking at the examples provided, when the treatment group had a slightly higher percentage than the control, like in the case of Type 2 diabetes, it was considered a positive outcome. But in cases where the treatment group had a lower percentage, like in the examples with ganglion cyst, deviated nasal septum, etc., it was considered a negative outcome.

In this specific case, GLP-1RA is 0.12%, which is slightly lower than SGLT2i's 0.14%. So, if I follow the examples, when the treatment group had a lower percentage, the answer was ""no""—meaning no causal effect. Therefore, here, since GLP-1RA has a lower percentage, it's likely that it doesn't have a causal effect on abnormal posture.

Also, considering the comorbidities and other factors, like the age and BMI differences between the groups, but the instruction says to focus on the outcome percentages. So, the lower percentage in GLP-1RA suggests that they don't cause abnormal posture more than SGLT2i, which would mean no causal effect.
</think>

no",no
Batch3,v5,medical_questions_v5.txt,7,"Question 7
[Background]
We compare two treatments for type 2 diabetes:
- Treatment: GLP-1 Receptor Agonists (GLP-1RA)
- Control: Sodium-Glucose Cotransporter-2 Inhibitors (SGLT2i)
[Task Description]
You’ll receive an outcome and the percentage of affected patients in each group.
Decide whether these treatments have a causal effect on that outcome.
You will receive a query describing an outcome and the proportion of patients in each group who experienced it:
- One percentage for patients using GLP-1RA (treatment group).
- One percentage for patients using SGLT2i (control group).
Your task is to determine whether the treatments (GLP-1RA and SGLT2i) have a causal effect on that outcome.
[Cohort Description]
Adults with type 2 diabetes who began either GLP-1RA or SGLT2i.
All had a prior diabetes diagnosis.
GLP-1RA users: mean age 58.0, BMI 37.4.
SGLT2i users: mean age 64.6, BMI 32.8.
Charlson Comorbidity Index ≥ 3 in 65.2% (GLP-1RA) and 68.5% (SGLT2i).
[Instruction]
- Judge whether the treatments causally influence the outcome.
- Both treatments are expected to behave similarly (either both yes or both no).
- “Yes” = Positive Outcome (OOI); “No” = Negative Control Outcome (NCO).
- Reply with only “yes” or “no.”
[Few-shot examples]
- Treatment group using GLP-1RA (treatment) had 0.99% Ganglion cyst, compared with 0.44% for control group using SGLT2i. Does treatment have causal effect to the Ganglion cyst (is it a Positive Outcome)? - no
- Treatment group using GLP-1RA (treatment) had 1.79% Deviated nasal septum, compared with 1.16% for control group using SGLT2i. Does treatment have causal effect to the Deviated nasal septum (is it a Positive Outcome)? - no
- Treatment group using GLP-1RA (treatment) had 0.13% Acquired keratoderma, compared with 0.08% for control group using SGLT2i. Does treatment have causal effect to the Acquired keratoderma (is it a Positive Outcome)? - no
- Treatment group using GLP-1RA (treatment) had 1.88% Senile hyperkeratosis, compared with 1.55% for control group using SGLT2i. Does treatment have causal effect to the Senile hyperkeratosis (is it a Positive Outcome)? - no
- Treatment group using GLP-1RA (treatment) had 2.64% Nontoxic multinodular goiter, compared with 1.39% for control group using SGLT2i. Does treatment have causal effect to the Nontoxic multinodular goiter (is it a Positive Outcome)? - no
- Treatment group using GLP-1RA (treatment) had 94.81% Type 2 diabetes mellitus, compared with 96.68% for control group using SGLT2i. Does treatment have causal effect to the Type 2 diabetes mellitus (is it a Positive Outcome)? - yes
- Treatment group using GLP-1RA (treatment) had 19.87% Chronic kidney disease, compared with 31.81% for control group using SGLT2i. Does treatment have causal effect to the Chronic kidney disease (is it a Positive Outcome)? - yes
- Treatment group using GLP-1RA (treatment) had 78.37% Hypertension, compared with 84.71% for control group using SGLT2i. Does treatment have causal effect to the Hypertension (is it a Positive Outcome)? - yes
- Treatment group using GLP-1RA (treatment) had 78.09% Hyperlipidemia, compared with 84.45% for control group using SGLT2i. Does treatment have causal effect to the Hyperlipidemia (is it a Positive Outcome)? - yes
- Treatment group using GLP-1RA (treatment) had 64.14% Obesity, compared with 44.50% for control group using SGLT2i. Does treatment have causal effect to the Obesity (is it a Positive Outcome)? - yes
[Your Task]
[Question]
Treatment group using GLP-1RA (treatment) had 0.12% Abnormal posture, compared with 0.14% for control group using SGLT2i. Does treatment have causal effect to the Abnormal posture (is it a Positive Outcome)?
Answer: [Your answer, ""yes"" or ""no""]",7,"Okay, so I have to figure out whether GLP-1 Receptor Agonists (GLP-1RA) have a causal effect on Abnormal posture when compared to Sodium-Glucose Cotransporter-2 Inhibitors (SGLT2i) in type 2 diabetes patients. Let me start by understanding the problem.

First, the background says we're comparing two treatments: GLP-1RA and SGLT2i. The task is to determine if these treatments causally influence a given outcome. The outcome provided is Abnormal posture, with the percentages of patients experiencing it in each group. The treatment group (GLP-1RA) has 0.12% and the control group (SGLT2i) has 0.14%. 

I need to decide if GLP-1RA causes Abnormal posture. The instructions mention that both treatments should behave similarly, either both yes or both no. If the treatment group has a higher percentage, it's considered a Positive Outcome (PO), and if lower, it's a Negative Control Outcome (NCO). But wait, the example given in the few-shot examples shows that if the treatment group has a higher or similar percentage, it's considered a PO. If lower, it's NCO. 

Looking at the example where the treatment group had 0.99% and control 0.44%, it was decided that there's no causal effect. Another example where treatment had 1.79% vs. 1.16% also said no. So it seems that if the treatment group's percentage is higher, it's considered a PO, implying the treatment might be causing it. If it's lower, it's NCO, implying the treatment might not be causing it.

In our case, the treatment group has 0.12% and control has 0.14%. So the treatment group is lower. That would make it a NCO, implying that GLP-1RA does not have a causal effect on Abnormal posture. 

But wait, I should consider other factors. The cohort description mentions that GLP-1RA users have a mean age of 58.0, BMI 37.4, while SGLT2i users are older (64.6) and have a lower BMI (32.8). Also, the Charlson Comorbidity Index is higher in SGLT2i users (68.5% vs. 65.2%). 

So, GLP-1RA users are younger, more obese, and have slightly fewer comorbidities. Does that affect the outcome? Maybe. Younger age can sometimes correlate with different health outcomes, but I'm not sure how it relates to posture. Higher BMI is associated with obesity-related conditions, but again, not directly about posture. 

However, the outcome percentages are very low, 0.12% vs. 0.14%. Both are extremely low, so it's unclear if such a small difference is meaningful. Maybe the treatment groups are too small, or the outcome is rare. 

In the examples, when the treatment group had a higher percentage, it was considered a PO, but when lower, NCO. So strictly following the instructions, since 0.12% < 0.14%, it's NCO. 

But I'm also thinking about whether GLP-1RA or SGLT2i are known to cause abnormal posture. I don't recall any direct link between these medications and posture issues. Both are used for diabetes management, with GLP-1RA often used for weight loss and SGLT2i also associated with weight loss and potential kidney benefits. Posture issues are more common in other conditions like kyphoscoliosis or multiple sclerosis, not directly linked to these diabetes medications.

Therefore, the low percentages and the lack of known association suggest that there's no causal effect. So the answer would be ""no"".
</think>

no",no
Batch3,v5,medical_questions_v5.txt,7,"Question 7
[Background]
We compare two treatments for type 2 diabetes:
- Treatment: GLP-1 Receptor Agonists (GLP-1RA)
- Control: Sodium-Glucose Cotransporter-2 Inhibitors (SGLT2i)
[Task Description]
You’ll receive an outcome and the percentage of affected patients in each group.
Decide whether these treatments have a causal effect on that outcome.
You will receive a query describing an outcome and the proportion of patients in each group who experienced it:
- One percentage for patients using GLP-1RA (treatment group).
- One percentage for patients using SGLT2i (control group).
Your task is to determine whether the treatments (GLP-1RA and SGLT2i) have a causal effect on that outcome.
[Cohort Description]
Adults with type 2 diabetes who began either GLP-1RA or SGLT2i.
All had a prior diabetes diagnosis.
GLP-1RA users: mean age 58.0, BMI 37.4.
SGLT2i users: mean age 64.6, BMI 32.8.
Charlson Comorbidity Index ≥ 3 in 65.2% (GLP-1RA) and 68.5% (SGLT2i).
[Instruction]
- Judge whether the treatments causally influence the outcome.
- Both treatments are expected to behave similarly (either both yes or both no).
- “Yes” = Positive Outcome (OOI); “No” = Negative Control Outcome (NCO).
- Reply with only “yes” or “no.”
[Few-shot examples]
- Treatment group using GLP-1RA (treatment) had 0.99% Ganglion cyst, compared with 0.44% for control group using SGLT2i. Does treatment have causal effect to the Ganglion cyst (is it a Positive Outcome)? - no
- Treatment group using GLP-1RA (treatment) had 1.79% Deviated nasal septum, compared with 1.16% for control group using SGLT2i. Does treatment have causal effect to the Deviated nasal septum (is it a Positive Outcome)? - no
- Treatment group using GLP-1RA (treatment) had 0.13% Acquired keratoderma, compared with 0.08% for control group using SGLT2i. Does treatment have causal effect to the Acquired keratoderma (is it a Positive Outcome)? - no
- Treatment group using GLP-1RA (treatment) had 1.88% Senile hyperkeratosis, compared with 1.55% for control group using SGLT2i. Does treatment have causal effect to the Senile hyperkeratosis (is it a Positive Outcome)? - no
- Treatment group using GLP-1RA (treatment) had 2.64% Nontoxic multinodular goiter, compared with 1.39% for control group using SGLT2i. Does treatment have causal effect to the Nontoxic multinodular goiter (is it a Positive Outcome)? - no
- Treatment group using GLP-1RA (treatment) had 94.81% Type 2 diabetes mellitus, compared with 96.68% for control group using SGLT2i. Does treatment have causal effect to the Type 2 diabetes mellitus (is it a Positive Outcome)? - yes
- Treatment group using GLP-1RA (treatment) had 19.87% Chronic kidney disease, compared with 31.81% for control group using SGLT2i. Does treatment have causal effect to the Chronic kidney disease (is it a Positive Outcome)? - yes
- Treatment group using GLP-1RA (treatment) had 78.37% Hypertension, compared with 84.71% for control group using SGLT2i. Does treatment have causal effect to the Hypertension (is it a Positive Outcome)? - yes
- Treatment group using GLP-1RA (treatment) had 78.09% Hyperlipidemia, compared with 84.45% for control group using SGLT2i. Does treatment have causal effect to the Hyperlipidemia (is it a Positive Outcome)? - yes
- Treatment group using GLP-1RA (treatment) had 64.14% Obesity, compared with 44.50% for control group using SGLT2i. Does treatment have causal effect to the Obesity (is it a Positive Outcome)? - yes
[Your Task]
[Question]
Treatment group using GLP-1RA (treatment) had 0.12% Abnormal posture, compared with 0.14% for control group using SGLT2i. Does treatment have causal effect to the Abnormal posture (is it a Positive Outcome)?
Answer: [Your answer, ""yes"" or ""no""]",8,"Okay, so I need to determine whether GLP-1RA treatment has a causal effect on Abnormal posture, given the percentages from the treatment and control groups. The treatment group using GLP-1RA had 0.12% abnormal posture, while the control group using SGLT2i had 0.14%. 

First, I should consider what GLP-1RA and SGLT2i are used for. Both are medications for type 2 diabetes. GLP-1RA stands for GLP-1 Receptor Agonists, which work by increasing insulin release and reducing glucose production. They also help with weight loss because they can suppress appetite. SGLT2i, Sodium-Glucose Cotransporter-2 Inhibitors, also help lower blood glucose levels by preventing the kidneys from reabsorbing glucose. They might also have benefits beyond glucose control, like reducing cardiovascular risks.

Now, the outcome in question is Abnormal posture. I'm not a medical expert, but I know that posture abnormalities can be related to various factors. Maybe something like muscle weakness, joint issues, or nerve problems. I should think about whether these medications are known to cause posture issues.

Looking at the examples provided, for other outcomes like ganglion cysts, deviated nasal septum, etc., the answer was often ""no,"" meaning there wasn't a causal effect. But for outcomes like Type 2 diabetes, Chronic kidney disease, Hypertension, Hyperlipidemia, and Obesity, the answer was ""yes."" So, it seems that if the outcome is something the treatment is supposed to influence, it's considered a positive outcome.

Abnormal posture doesn't immediately relate to the typical effects of GLP-1RA or SGLT2i. Both drugs are more about glucose control, weight management, and cardiovascular health. Posture issues might be more related to other factors, like orthopedic problems, neurological issues, or muscle disorders.

Since both GLP-1RA and SGLT2i are used for similar indications, and the outcome isn't something directly linked to their mechanisms, it's unlikely that either treatment is causing Abnormal posture. The percentages are very low (0.12% vs. 0.14%), which suggests that this is a rare occurrence and not a significant side effect of these medications.

So, putting it all together, because Abnormal posture isn't a known outcome of GLP-1RA or SGLT2i treatment, and the percentages are similar between the groups, it's more likely that the outcome isn't causally related to the treatments.
</think>

no",no
Batch3,v5,medical_questions_v5.txt,7,"Question 7
[Background]
We compare two treatments for type 2 diabetes:
- Treatment: GLP-1 Receptor Agonists (GLP-1RA)
- Control: Sodium-Glucose Cotransporter-2 Inhibitors (SGLT2i)
[Task Description]
You’ll receive an outcome and the percentage of affected patients in each group.
Decide whether these treatments have a causal effect on that outcome.
You will receive a query describing an outcome and the proportion of patients in each group who experienced it:
- One percentage for patients using GLP-1RA (treatment group).
- One percentage for patients using SGLT2i (control group).
Your task is to determine whether the treatments (GLP-1RA and SGLT2i) have a causal effect on that outcome.
[Cohort Description]
Adults with type 2 diabetes who began either GLP-1RA or SGLT2i.
All had a prior diabetes diagnosis.
GLP-1RA users: mean age 58.0, BMI 37.4.
SGLT2i users: mean age 64.6, BMI 32.8.
Charlson Comorbidity Index ≥ 3 in 65.2% (GLP-1RA) and 68.5% (SGLT2i).
[Instruction]
- Judge whether the treatments causally influence the outcome.
- Both treatments are expected to behave similarly (either both yes or both no).
- “Yes” = Positive Outcome (OOI); “No” = Negative Control Outcome (NCO).
- Reply with only “yes” or “no.”
[Few-shot examples]
- Treatment group using GLP-1RA (treatment) had 0.99% Ganglion cyst, compared with 0.44% for control group using SGLT2i. Does treatment have causal effect to the Ganglion cyst (is it a Positive Outcome)? - no
- Treatment group using GLP-1RA (treatment) had 1.79% Deviated nasal septum, compared with 1.16% for control group using SGLT2i. Does treatment have causal effect to the Deviated nasal septum (is it a Positive Outcome)? - no
- Treatment group using GLP-1RA (treatment) had 0.13% Acquired keratoderma, compared with 0.08% for control group using SGLT2i. Does treatment have causal effect to the Acquired keratoderma (is it a Positive Outcome)? - no
- Treatment group using GLP-1RA (treatment) had 1.88% Senile hyperkeratosis, compared with 1.55% for control group using SGLT2i. Does treatment have causal effect to the Senile hyperkeratosis (is it a Positive Outcome)? - no
- Treatment group using GLP-1RA (treatment) had 2.64% Nontoxic multinodular goiter, compared with 1.39% for control group using SGLT2i. Does treatment have causal effect to the Nontoxic multinodular goiter (is it a Positive Outcome)? - no
- Treatment group using GLP-1RA (treatment) had 94.81% Type 2 diabetes mellitus, compared with 96.68% for control group using SGLT2i. Does treatment have causal effect to the Type 2 diabetes mellitus (is it a Positive Outcome)? - yes
- Treatment group using GLP-1RA (treatment) had 19.87% Chronic kidney disease, compared with 31.81% for control group using SGLT2i. Does treatment have causal effect to the Chronic kidney disease (is it a Positive Outcome)? - yes
- Treatment group using GLP-1RA (treatment) had 78.37% Hypertension, compared with 84.71% for control group using SGLT2i. Does treatment have causal effect to the Hypertension (is it a Positive Outcome)? - yes
- Treatment group using GLP-1RA (treatment) had 78.09% Hyperlipidemia, compared with 84.45% for control group using SGLT2i. Does treatment have causal effect to the Hyperlipidemia (is it a Positive Outcome)? - yes
- Treatment group using GLP-1RA (treatment) had 64.14% Obesity, compared with 44.50% for control group using SGLT2i. Does treatment have causal effect to the Obesity (is it a Positive Outcome)? - yes
[Your Task]
[Question]
Treatment group using GLP-1RA (treatment) had 0.12% Abnormal posture, compared with 0.14% for control group using SGLT2i. Does treatment have causal effect to the Abnormal posture (is it a Positive Outcome)?
Answer: [Your answer, ""yes"" or ""no""]",9,"Alright, so I'm trying to figure out whether GLP-1 Receptor Agonists (GLP-1RA) have a causal effect on Abnormal posture compared to Sodium-Glucose Cotransporter-2 Inhibitors (SGLT2i). I'm given that the treatment group using GLP-1RA had 0.12% of patients with Abnormal posture, while the control group using SGLT2i had 0.14%. 

First, I need to understand what the data is showing. Both treatments are being compared, and the outcome in question is Abnormal posture. The percentages are quite low, 0.12% and 0.14%, which suggests that this is a rare occurrence. 

Now, I should think about whether these medications are known to cause Abnormal posture. GLP-1RA medications, like Liraglutide, are commonly used for type 2 diabetes and are associated with weight loss. They work by increasing the release of insulin and decreasing appetite. SGLT2i drugs, like Empagliflozin, also help with blood sugar control but work differently, often leading to weight loss as well but through a different mechanism.

Abnormal posture, or maybe something like hyperkinesia or tremors, can sometimes be a side effect of medications. However, I don't recall GLP-1RA or SGLT2i being commonly associated with posture issues. Both drugs are more known for their effects on metabolism and blood sugar. 

Looking at the examples provided, it seems that for other outcomes, if the treatment group had a higher or lower percentage than the control, the answer was often 'yes' if the outcome was something like Chronic kidney disease, Hypertension, or Hyperlipidemia, which are conditions that these medications are intended to manage or influence. However, for other outcomes like ganglion cysts or deviated nasal septum, the answer was 'no' because there's no known causal relationship.

In this case, Abnormal posture isn't a condition directly related to diabetes or the medications used to treat it. Both GLP-1RA and SGLT2i are not typically linked to posture abnormalities. Therefore, the difference in percentages is likely due to chance, especially since both are quite low. 

I also need to consider the cohorts. The GLP-1RA users have a slightly lower BMI (37.4 vs. 32.8) and are slightly younger (58.0 vs. 64.6). They also have a higher Charlson Comorbidity Index, meaning they have more comorbidities. However, these factors don't directly relate to posture issues. 

Given that both treatments are meant to manage type 2 diabetes and improve metabolic health, and neither is known to cause Abnormal posture, the observed difference in the percentage of patients is probably a coincidence rather than a causal effect. Therefore, the treatment group (GLP-1RA) does not have a causal effect on Abnormal posture compared to SGLT2i.
</think>

no",no
Batch3,v5,medical_questions_v5.txt,7,"Question 7
[Background]
We compare two treatments for type 2 diabetes:
- Treatment: GLP-1 Receptor Agonists (GLP-1RA)
- Control: Sodium-Glucose Cotransporter-2 Inhibitors (SGLT2i)
[Task Description]
You’ll receive an outcome and the percentage of affected patients in each group.
Decide whether these treatments have a causal effect on that outcome.
You will receive a query describing an outcome and the proportion of patients in each group who experienced it:
- One percentage for patients using GLP-1RA (treatment group).
- One percentage for patients using SGLT2i (control group).
Your task is to determine whether the treatments (GLP-1RA and SGLT2i) have a causal effect on that outcome.
[Cohort Description]
Adults with type 2 diabetes who began either GLP-1RA or SGLT2i.
All had a prior diabetes diagnosis.
GLP-1RA users: mean age 58.0, BMI 37.4.
SGLT2i users: mean age 64.6, BMI 32.8.
Charlson Comorbidity Index ≥ 3 in 65.2% (GLP-1RA) and 68.5% (SGLT2i).
[Instruction]
- Judge whether the treatments causally influence the outcome.
- Both treatments are expected to behave similarly (either both yes or both no).
- “Yes” = Positive Outcome (OOI); “No” = Negative Control Outcome (NCO).
- Reply with only “yes” or “no.”
[Few-shot examples]
- Treatment group using GLP-1RA (treatment) had 0.99% Ganglion cyst, compared with 0.44% for control group using SGLT2i. Does treatment have causal effect to the Ganglion cyst (is it a Positive Outcome)? - no
- Treatment group using GLP-1RA (treatment) had 1.79% Deviated nasal septum, compared with 1.16% for control group using SGLT2i. Does treatment have causal effect to the Deviated nasal septum (is it a Positive Outcome)? - no
- Treatment group using GLP-1RA (treatment) had 0.13% Acquired keratoderma, compared with 0.08% for control group using SGLT2i. Does treatment have causal effect to the Acquired keratoderma (is it a Positive Outcome)? - no
- Treatment group using GLP-1RA (treatment) had 1.88% Senile hyperkeratosis, compared with 1.55% for control group using SGLT2i. Does treatment have causal effect to the Senile hyperkeratosis (is it a Positive Outcome)? - no
- Treatment group using GLP-1RA (treatment) had 2.64% Nontoxic multinodular goiter, compared with 1.39% for control group using SGLT2i. Does treatment have causal effect to the Nontoxic multinodular goiter (is it a Positive Outcome)? - no
- Treatment group using GLP-1RA (treatment) had 94.81% Type 2 diabetes mellitus, compared with 96.68% for control group using SGLT2i. Does treatment have causal effect to the Type 2 diabetes mellitus (is it a Positive Outcome)? - yes
- Treatment group using GLP-1RA (treatment) had 19.87% Chronic kidney disease, compared with 31.81% for control group using SGLT2i. Does treatment have causal effect to the Chronic kidney disease (is it a Positive Outcome)? - yes
- Treatment group using GLP-1RA (treatment) had 78.37% Hypertension, compared with 84.71% for control group using SGLT2i. Does treatment have causal effect to the Hypertension (is it a Positive Outcome)? - yes
- Treatment group using GLP-1RA (treatment) had 78.09% Hyperlipidemia, compared with 84.45% for control group using SGLT2i. Does treatment have causal effect to the Hyperlipidemia (is it a Positive Outcome)? - yes
- Treatment group using GLP-1RA (treatment) had 64.14% Obesity, compared with 44.50% for control group using SGLT2i. Does treatment have causal effect to the Obesity (is it a Positive Outcome)? - yes
[Your Task]
[Question]
Treatment group using GLP-1RA (treatment) had 0.12% Abnormal posture, compared with 0.14% for control group using SGLT2i. Does treatment have causal effect to the Abnormal posture (is it a Positive Outcome)?
Answer: [Your answer, ""yes"" or ""no""]",10,"Okay, so I need to determine whether GLP-1 Receptor Agonists (GLP-1RA) have a causal effect on Abnormal posture in patients with type 2 diabetes. The data provided shows that 0.12% of GLP-1RA users experienced this outcome, compared to 0.14% in the SGLT2i group. 

First, I should recall what GLP-1RA and SGLT2i do. GLP-1RA medications, like exenatide or liraglutide, help regulate blood sugar by increasing insulin release and reducing sugar production. They also have effects beyond glucose, such as promoting weight loss and potentially affecting other metabolic factors.

SGLT2i inhibitors, like empagliflozin or dapagliflozin, work by inhibiting the kidneys' ability to reabsorb glucose, thereby increasing urine output and lowering blood sugar. These drugs have been linked to various benefits beyond glucose control, such as reducing the risk of heart disease and aiding in weight loss.

Now, looking at the outcome: Abnormal posture. This is a bit vague, but I'm assuming it refers to conditions like hyperkinesia, hypokinesia, or perhaps something like hyperflexia, which relates to muscle tone or movement. Alternatively, it could be a more specific condition like kyphoscoliosis or something related to posture disorders.

The percentages are very low—0.12% and 0.14%. That's a small absolute number, but I need to consider whether the difference in percentages suggests a causal effect. If GLP-1RA were causing Abnormal posture, I might expect a higher incidence in their group compared to the control. But here, the GLP-1RA group has a slightly lower percentage (0.12%) than the SGLT2i group (0.14%). That suggests that SGLT2i might be associated with a slightly higher incidence, but the absolute numbers are so small that it's hard to draw meaningful conclusions.

However, the instruction says that both treatments are expected to behave similarly, either both yes or both no. So if I were to consider causality, I have to think about whether either treatment would cause Abnormal posture. From my knowledge, GLP-1RA isn't directly linked to posture abnormalities. They are more associated with weight loss and metabolic effects. SGLT2i might have some effects on posture, but I'm not aware of a direct link either.

Given that the percentages are almost the same and very low, it's unlikely that either treatment has a causal effect on Abnormal posture. The difference is minimal and could be due to chance or other confounding factors rather than a true causal relationship.

Additionally, the examples provided in the background show that when the treatment group has a higher percentage, it's considered a Positive Outcome, but in cases where the difference is negligible, like here, it's often labeled as ""No."" For instance, in the examples where the treatment group had slightly higher rates than the control, the answer was sometimes ""yes,"" but when the difference was small, it was ""no.""

Therefore, considering the small difference and the expected similarity in treatment effects, I would conclude that neither treatment has a causal effect on Abnormal posture.
</think>

no",no
Batch3,v5,medical_questions_v5.txt,8,"Question 8
[Background]
We compare two treatments for type 2 diabetes:
- Treatment: GLP-1 Receptor Agonists (GLP-1RA)
- Control: Sodium-Glucose Cotransporter-2 Inhibitors (SGLT2i)
[Task Description]
You’ll receive an outcome and the percentage of affected patients in each group.
Decide whether these treatments have a causal effect on that outcome.
You will receive a query describing an outcome and the proportion of patients in each group who experienced it:
- One percentage for patients using GLP-1RA (treatment group).
- One percentage for patients using SGLT2i (control group).
Your task is to determine whether the treatments (GLP-1RA and SGLT2i) have a causal effect on that outcome.
[Cohort Description]
Adults with type 2 diabetes who began either GLP-1RA or SGLT2i.
All had a prior diabetes diagnosis.
GLP-1RA users: mean age 58.0, BMI 37.4.
SGLT2i users: mean age 64.6, BMI 32.8.
Charlson Comorbidity Index ≥ 3 in 65.2% (GLP-1RA) and 68.5% (SGLT2i).
[Instruction]
- Judge whether the treatments causally influence the outcome.
- Both treatments are expected to behave similarly (either both yes or both no).
- “Yes” = Positive Outcome (OOI); “No” = Negative Control Outcome (NCO).
- Reply with only “yes” or “no.”
[Few-shot examples]
- Treatment group using GLP-1RA (treatment) had 0.99% Ganglion cyst, compared with 0.44% for control group using SGLT2i. Does treatment have causal effect to the Ganglion cyst (is it a Positive Outcome)? - no
- Treatment group using GLP-1RA (treatment) had 1.79% Deviated nasal septum, compared with 1.16% for control group using SGLT2i. Does treatment have causal effect to the Deviated nasal septum (is it a Positive Outcome)? - no
- Treatment group using GLP-1RA (treatment) had 0.13% Acquired keratoderma, compared with 0.08% for control group using SGLT2i. Does treatment have causal effect to the Acquired keratoderma (is it a Positive Outcome)? - no
- Treatment group using GLP-1RA (treatment) had 1.88% Senile hyperkeratosis, compared with 1.55% for control group using SGLT2i. Does treatment have causal effect to the Senile hyperkeratosis (is it a Positive Outcome)? - no
- Treatment group using GLP-1RA (treatment) had 2.64% Nontoxic multinodular goiter, compared with 1.39% for control group using SGLT2i. Does treatment have causal effect to the Nontoxic multinodular goiter (is it a Positive Outcome)? - no
- Treatment group using GLP-1RA (treatment) had 94.81% Type 2 diabetes mellitus, compared with 96.68% for control group using SGLT2i. Does treatment have causal effect to the Type 2 diabetes mellitus (is it a Positive Outcome)? - yes
- Treatment group using GLP-1RA (treatment) had 19.87% Chronic kidney disease, compared with 31.81% for control group using SGLT2i. Does treatment have causal effect to the Chronic kidney disease (is it a Positive Outcome)? - yes
- Treatment group using GLP-1RA (treatment) had 78.37% Hypertension, compared with 84.71% for control group using SGLT2i. Does treatment have causal effect to the Hypertension (is it a Positive Outcome)? - yes
- Treatment group using GLP-1RA (treatment) had 78.09% Hyperlipidemia, compared with 84.45% for control group using SGLT2i. Does treatment have causal effect to the Hyperlipidemia (is it a Positive Outcome)? - yes
- Treatment group using GLP-1RA (treatment) had 64.14% Obesity, compared with 44.50% for control group using SGLT2i. Does treatment have causal effect to the Obesity (is it a Positive Outcome)? - yes
[Your Task]
[Question]
Treatment group using GLP-1RA (treatment) had 1.16% Derangement of knee, compared with 0.62% for control group using SGLT2i. Does treatment have causal effect to the Derangement of knee (is it a Positive Outcome)?
Answer: [Your answer, ""yes"" or ""no""]",1,"Okay, so I need to figure out whether GLP-1RA treatments have a causal effect on the outcome of Derangement of knee, given the percentages from the treatment and control groups. 

First, I should recall what GLP-1RA and SGLT2i are. GLP-1 Receptor Agonists are a class of medications used to treat type 2 diabetes. They help in lowering blood glucose by increasing insulin release and decreasing glucose production. They're often used alongside diet and exercise. SGLT2i, on the other hand, are Sodium-Glucose Cotransporter-2 Inhibitors, which work by preventing the kidneys from reabsorbing glucose, thus promoting urine output and lowering blood glucose. Both are used for managing type 2 diabetes, but they work differently.

The task is to determine if these treatments causally affect the outcome mentioned, which in this case is a derangement of the knee. The derangement of knee is a condition where the knee joint is dislocated or not functioning properly, which can be caused by various factors like injuries, arthritis, or other joint issues.

Looking at the examples provided, I see that when the treatment group had a higher percentage of an outcome, it was sometimes considered a positive outcome (yes), but other times it was not. For instance, in the case of Type 2 diabetes, the treatment group had a slightly lower percentage, which was considered a positive outcome. Similarly, for chronic kidney disease and hypertension, the treatment group had lower percentages, and those were considered yes. For other conditions like ganglion cyst, deviated nasal septum, etc., the treatment group had higher or lower percentages but were considered no.

In this case, the treatment group (GLP-1RA) has 1.16% derangement of knee, and the control group (SGLT2i) has 0.62%. So the treatment group has a higher percentage here. Looking at the examples, when the treatment group had a higher percentage, sometimes the answer was yes, sometimes no. For instance, in the case of Type 2 diabetes, the treatment group had a lower percentage and it was yes, but for other outcomes like chronic kidney disease, it was higher in treatment and yes.

Wait, no, in the Type 2 diabetes example, the treatment group had 0.99% vs. 0.44% in control, so treatment was lower, and it was yes. For chronic kidney disease, treatment was 19.87% vs. 31.81%, so higher in treatment, and it was yes. Similarly, for hypertension, 78.37% vs. 84.71%, higher in control, and it was yes.

Wait, that's inconsistent. Let me double-check. For Type 2 diabetes: treatment 0.99%, control 0.44%. So treatment is lower. The answer was yes. For chronic kidney disease: treatment 19.87%, control 31.81%. So treatment is lower, answer was yes. For hypertension: treatment 78.37%, control 84.71%. So control is higher, answer was yes. For hyperlipidemia: treatment 78.09%, control 84.45%, so control higher, answer yes. Obesity: treatment 64.14%, control 44.50%, so treatment higher, answer yes.

So, it seems that when the treatment group has a lower percentage of an outcome, it's considered yes. When the control group has a higher percentage, it's also yes. Wait, but in the first example, when the treatment group had a higher percentage (ganglion cyst: 0.99% vs. 0.44%), the answer was no. So, perhaps the key is whether the treatment group has a higher or lower percentage than the control group.

Wait, in the examples, when the treatment group had a higher percentage than the control, it was sometimes no, sometimes yes. For instance, in the Type 2 diabetes example, treatment was lower, and it was yes. In the ganglion cyst, treatment was higher, and it was no. In the chronic kidney disease, treatment was lower, yes. Hypertension, control was higher, yes. So perhaps the answer depends on whether the treatment group has a higher or lower percentage compared to the control.

But the instruction says to judge whether the treatments causally influence the outcome. Both treatments are expected to behave similarly, either both yes or both no. So, if GLP-1RA is causing the outcome, then both groups would have similar effects, but here we're comparing two different medications, so perhaps that doesn't apply. Wait, no, the instruction says both treatments are expected to behave similarly, either both yes or both no. So if GLP-1RA has a causal effect on the outcome, then SGLT2i should also have a causal effect on the same outcome. So if the outcome is a positive outcome for one, it should be for both.

But in this case, the outcome is a derangement of the knee. I don't know much about how these medications affect joint health. GLP-1RA is more about glucose control, and SGLT2i also affects glucose but may have other effects like reducing the risk of cardiovascular events. I don't recall any specific link between these medications and knee derangement. However, perhaps the lower percentages in one group could indicate a protective effect.

In the examples, when the treatment group had a lower percentage of an outcome, it was considered a positive outcome (yes). For instance, Type 2 diabetes: treatment group had lower (0.99% vs. 0.44%), yes. Chronic kidney disease: treatment lower (19.87% vs. 31.81%), yes. Hypertension: control higher (78.37% vs. 84.71%), yes. So perhaps if the treatment group has a lower percentage, it's a positive outcome because it's better, indicating the treatment is effective. If the control group has a lower percentage, then the treatment is worse, which would be a negative outcome.

But in this case, the treatment group has 1.16% derangement of knee, and the control group has 0.62%. So the control group has a lower percentage. That would suggest that SGLT2i users have fewer derangements of knee, which could be a positive outcome because it's better. But since the question is about GLP-1RA having a causal effect, we need to see if GLP-1RA is causing more or less of this outcome.

If SGLT2i users have fewer derangements, it's possible that SGLT2i is protective, but does that mean GLP-1RA is causing more? Or is it that GLP-1RA doesn't affect it? The examples suggest that when the treatment group has a lower percentage, it's a positive outcome. So in this case, since SGLT2i (control) has a lower percentage, that would indicate that GLP-1RA might not have a protective effect, but perhaps the other way around. Alternatively, maybe neither has a causal effect, but since both are expected to behave similarly, if SGLT2i is better, then GLP-1RA is not as good, but it's not clear if it's causal.

Alternatively, perhaps derangement of knee is not related to these treatments, so neither has a causal effect. But the examples include some that are not directly related, like deviated nasal septum, which was considered no. So if the treatment group has a higher percentage, it's not necessarily a causal effect, unless it's a known side effect.

Given that, I think in this case, since the control group has a lower percentage, it's possible that SGLT2i is protective, but GLP-1RA is not. However, the question is whether GLP-1RA has a causal effect on the outcome. If the control group has fewer derangements, it could mean that GLP-1RA is not protective and may even be harmful, but without knowing the exact mechanisms, it's hard to say. However, based on the examples, when the control group has a lower percentage, it's considered a positive outcome for the treatment, but in this case, the treatment is GLP-1RA, so I'm not sure.

Wait, in the examples, when the control group had a lower percentage, it was considered a positive outcome for the treatment. For example, in Type 2 diabetes, treatment group had 0.99%, control 0.44%, so control better, and it was yes. Similarly, for chronic kidney disease, treatment group had lower, yes. Hypertension, control group higher, yes. So in this case, since the control group has a lower percentage, it's a positive outcome, which would mean that GLP-1RA does have a causal effect, because the control is better. Or perhaps it's the opposite. Wait, no, the positive outcome is that the treatment is better, so if the control is better, then the treatment is worse, which would be a negative outcome. But in the examples, when the treatment group was better, it was yes, but when the control was better, it was also yes. Wait, that doesn't make sense. Let me re-examine the examples.

Looking back:

- Type 2 diabetes: treatment 0.99%, control 0.44%. So treatment group is slightly better. The answer was yes, indicating that treatment has a causal effect. So if treatment is better, it's yes.

- Chronic kidney disease: treatment 19.87%, control 31.81%. Treatment is worse. Answer was yes, which would indicate treatment has a causal effect, but it's worse, which is confusing. Wait, that can't be right. Maybe I'm misunderstanding. Let me check the instruction again.

The instruction says: ""Judge whether the treatments causally influence the outcome. Both treatments are expected to behave similarly (either both yes or both no). 'Yes' = Positive Outcome (OOI); 'No' = Negative Control Outcome (NCO).""

So if the outcome is a positive outcome (OOI), the treatment group should have a higher percentage. If it's a negative outcome (NCO), the treatment group would have a lower percentage.

Wait, no, the instruction says yes is a positive outcome, no is a negative control outcome. So the treatment group should have a higher percentage if it's a positive outcome, and lower if it's a negative outcome.

But in the examples, when the treatment group had a higher percentage, it was sometimes no. For instance, ganglion cyst: treatment 0.99%, control 0.44%, which is higher in treatment, but the answer was no. Similarly, deviated nasal septum: treatment 1.79%, control 1.16%, higher in treatment, answer no. So even though the treatment group is higher, it's considered no, which would mean that the treatment doesn't causally influence the outcome, or it's a negative outcome.

Wait, this is confusing. Let me try to make sense of it.

The instruction says: ""Judge whether the treatments causally influence the outcome."" So, if the treatment group has a higher percentage of an outcome, it suggests that the treatment is causing it. If it's lower, it suggests the treatment is preventing it.

But the examples show that when the treatment group has a higher percentage, it's sometimes no, sometimes yes. For example, Type 2 diabetes: treatment 0.99%, control 0.44%, so treatment is better, and the answer is yes. Chronic kidney disease: treatment 19.87%, control 31.81%, so treatment is worse, and the answer is yes. Hypertension: treatment 78.37%, control 84.71%, so control is better, answer yes. Obesity: treatment 64.14%, control 44.50%, treatment better, answer yes.

So, in all these examples, regardless of whether the treatment group is higher or lower, the answer was yes. So perhaps the key is that if the outcome is a known positive effect of the treatment, it's yes, regardless of the percentages. But that doesn't make sense because the examples include outcomes not related to the treatments.

Alternatively, perhaps the answer is yes if the treatment group has a higher percentage, but no if it's lower. But in the examples, sometimes higher was yes, sometimes no. For instance, Type 2 diabetes: higher in treatment, yes. Ganglion cyst: higher in treatment, no. So that doesn't fit.

Wait, perhaps it's about whether the treatment group's percentage is higher than the control, which would indicate a positive outcome (yes), or lower, which would indicate a negative outcome (no). But in the examples, sometimes the treatment group is higher and the answer is yes, sometimes higher and no. So that doesn't align.

Alternatively, perhaps the answer is yes if the treatment group's percentage is higher than the control, and no if it's lower. But in the Type 2 diabetes example, treatment is higher, yes. In the ganglion cyst, treatment is higher, no. So that doesn't fit.

I think I'm getting stuck here. Maybe I should try to apply the instruction as given. The instruction says: ""Judge whether the treatments causally influence the outcome."" Both treatments are expected to behave similarly. So if GLP-1RA has a causal effect, then SGLT2i should too. So if the outcome is more common in the treatment group, it suggests causation. If it's more common in the control group, it suggests that the treatment prevents it.

In this case, the treatment group (GLP-1RA) has 1.16% derangement of knee, and the control group has 0.62%. So the control group has a lower percentage. That would suggest that SGLT2i users have fewer derangements, which could mean that SGLT2i is protective. Therefore, GLP-1RA might not be protective, or perhaps it's not related.

But according to the examples, when the control group has a lower percentage, it's considered a positive outcome (yes). For example, Type 2 diabetes: treatment 0.99%, control 0.44%, so control better, answer yes. Similarly, chronic kidney disease: treatment 19.87%, control 31.81%, control better, answer yes. Hypertension: control better, yes. Obesity: treatment better, yes.

So in this case, since the control group has a lower percentage, it's considered a positive outcome for the treatment (GLP-1RA). Therefore, the answer would be yes, meaning GLP-1RA has a causal effect on derangement of knee.

Wait, but that doesn't make sense because derangement of knee is a joint issue, which is not directly related to blood glucose control. So perhaps neither treatment has a causal effect, but according to the examples, if the control group has a lower percentage, it's considered a positive outcome for the treatment.

Alternatively, perhaps the answer is no because the treatment group has a higher percentage, but in this case, the control group is lower. So I'm confused.

Wait, let's think about it differently. The instruction says: ""Yes"" = Positive Outcome (OOI); ""No"" = Negative Control Outcome (NCO). So if the outcome is a positive outcome, which is expected due to the treatment, the treatment group should have a higher percentage. If it's a negative outcome, the treatment group would have a lower percentage.

In this case, the outcome is a derangement of knee. If GLP-1RA causes this, then the treatment group should have a higher percentage. If it's a negative outcome, the treatment group would have a lower percentage.

But since the control group has a lower percentage, it suggests that SGLT2i is protective, which would mean that GLP-1RA is not protective. So the treatment group (GLP-1RA) has a higher percentage, which would indicate a positive outcome, but the example says that when the treatment group is higher, sometimes it's no. For example, ganglion cyst: treatment higher, answer no.

So perhaps when the treatment group is higher, it's not necessarily a positive outcome, unless it's a known side effect. Since derangement of knee is not a known side effect of GLP-1RA or SGLT2i, it's likely that neither treatment has a causal effect. But according to the examples, when the control group is lower, it's considered a positive outcome, but that doesn't make sense for joint issues.

Alternatively, perhaps the answer is yes because the control group has a lower percentage, indicating that GLP-1RA is not as effective in preventing this outcome, but I'm not sure.

I think I need to make a decision based on the examples provided. In the examples where the control group had a lower percentage, the answer was yes. Therefore, in this case, since the control group has a lower percentage (0.62% vs. 1.16%), the answer would be yes, meaning GLP-1RA has a causal effect on derangement of knee. But that seems counterintuitive because these drugs are not known to affect joint health.

Alternatively, perhaps the answer is no because the treatment group has a higher percentage, but in the examples, sometimes higher was yes, sometimes no. It's unclear.

Wait, in the Type 2 diabetes example, treatment group had a lower percentage, which was yes. In the ganglion cyst example, treatment higher, answer no. So it seems inconsistent.

Given that, perhaps the answer is no because the treatment group has a higher percentage, but in the examples, sometimes higher was yes, sometimes no. However, in the case where the control group is lower, it's considered yes, but that doesn't align with joint issues.

I think I'll go with the instruction that if the control group has a lower percentage, it's a positive outcome for the treatment, so the answer is yes.
</think>

yes",yes
Batch3,v5,medical_questions_v5.txt,8,"Question 8
[Background]
We compare two treatments for type 2 diabetes:
- Treatment: GLP-1 Receptor Agonists (GLP-1RA)
- Control: Sodium-Glucose Cotransporter-2 Inhibitors (SGLT2i)
[Task Description]
You’ll receive an outcome and the percentage of affected patients in each group.
Decide whether these treatments have a causal effect on that outcome.
You will receive a query describing an outcome and the proportion of patients in each group who experienced it:
- One percentage for patients using GLP-1RA (treatment group).
- One percentage for patients using SGLT2i (control group).
Your task is to determine whether the treatments (GLP-1RA and SGLT2i) have a causal effect on that outcome.
[Cohort Description]
Adults with type 2 diabetes who began either GLP-1RA or SGLT2i.
All had a prior diabetes diagnosis.
GLP-1RA users: mean age 58.0, BMI 37.4.
SGLT2i users: mean age 64.6, BMI 32.8.
Charlson Comorbidity Index ≥ 3 in 65.2% (GLP-1RA) and 68.5% (SGLT2i).
[Instruction]
- Judge whether the treatments causally influence the outcome.
- Both treatments are expected to behave similarly (either both yes or both no).
- “Yes” = Positive Outcome (OOI); “No” = Negative Control Outcome (NCO).
- Reply with only “yes” or “no.”
[Few-shot examples]
- Treatment group using GLP-1RA (treatment) had 0.99% Ganglion cyst, compared with 0.44% for control group using SGLT2i. Does treatment have causal effect to the Ganglion cyst (is it a Positive Outcome)? - no
- Treatment group using GLP-1RA (treatment) had 1.79% Deviated nasal septum, compared with 1.16% for control group using SGLT2i. Does treatment have causal effect to the Deviated nasal septum (is it a Positive Outcome)? - no
- Treatment group using GLP-1RA (treatment) had 0.13% Acquired keratoderma, compared with 0.08% for control group using SGLT2i. Does treatment have causal effect to the Acquired keratoderma (is it a Positive Outcome)? - no
- Treatment group using GLP-1RA (treatment) had 1.88% Senile hyperkeratosis, compared with 1.55% for control group using SGLT2i. Does treatment have causal effect to the Senile hyperkeratosis (is it a Positive Outcome)? - no
- Treatment group using GLP-1RA (treatment) had 2.64% Nontoxic multinodular goiter, compared with 1.39% for control group using SGLT2i. Does treatment have causal effect to the Nontoxic multinodular goiter (is it a Positive Outcome)? - no
- Treatment group using GLP-1RA (treatment) had 94.81% Type 2 diabetes mellitus, compared with 96.68% for control group using SGLT2i. Does treatment have causal effect to the Type 2 diabetes mellitus (is it a Positive Outcome)? - yes
- Treatment group using GLP-1RA (treatment) had 19.87% Chronic kidney disease, compared with 31.81% for control group using SGLT2i. Does treatment have causal effect to the Chronic kidney disease (is it a Positive Outcome)? - yes
- Treatment group using GLP-1RA (treatment) had 78.37% Hypertension, compared with 84.71% for control group using SGLT2i. Does treatment have causal effect to the Hypertension (is it a Positive Outcome)? - yes
- Treatment group using GLP-1RA (treatment) had 78.09% Hyperlipidemia, compared with 84.45% for control group using SGLT2i. Does treatment have causal effect to the Hyperlipidemia (is it a Positive Outcome)? - yes
- Treatment group using GLP-1RA (treatment) had 64.14% Obesity, compared with 44.50% for control group using SGLT2i. Does treatment have causal effect to the Obesity (is it a Positive Outcome)? - yes
[Your Task]
[Question]
Treatment group using GLP-1RA (treatment) had 1.16% Derangement of knee, compared with 0.62% for control group using SGLT2i. Does treatment have causal effect to the Derangement of knee (is it a Positive Outcome)?
Answer: [Your answer, ""yes"" or ""no""]",2,"Okay, so I need to determine whether GLP-1RA treatment has a causal effect on the outcome of ""Derangement of knee."" The data given is that 1.16% of GLP-1RA users experienced this issue compared to 0.62% in the SGLT2i group. 

First, I should understand what ""derangement of knee"" means. It's likely referring to some kind of knee joint problem, maybe a dislocation or instability. Now, GLP-1RA medications are typically used for type 2 diabetes and often help with weight loss and blood sugar control. They work by slowing digestion and helping the body use insulin more effectively. 

Looking at the examples provided, when the treatment group had a higher percentage of an outcome, the answer was often ""yes,"" suggesting a causal effect. For instance, when GLP-1RA was linked to chronic kidney disease (19.87% vs. 31.81%), the answer was ""yes,"" implying that GLP-1RA might cause or be associated with that outcome. Similarly, for obesity, the percentage was higher in the treatment group, and the answer was ""yes.""

However, in the first examples, when the treatment group had lower percentages, like ganglion cysts or deviated nasal septum, the answer was ""no."" So, if the treatment group has a lower rate of an outcome compared to the control, it's more likely that the treatment doesn't have a causal effect on that outcome.

In this case, GLP-1RA is associated with 1.16% derangement of knee, while SGLT2i is associated with 0.62%. Since the treatment group has a higher percentage, it's similar to the examples where the treatment group had higher percentages leading to a ""yes"" answer. But I need to consider whether GLP-1RA is known to cause knee issues.

GLP-1RA can sometimes cause weight loss, which might lead to joint stress, potentially increasing the risk of knee problems. However, it's also possible that the SGLT2i group, which might also be associated with weight loss, but their percentage is even lower. Alternatively, perhaps the lower percentage in SGLT2i is due to better management of diabetes, which might indirectly reduce the risk of knee issues.

But looking at the instruction, both treatments are expected to behave similarly—either both have a causal effect or neither does. So, if GLP-1RA is higher than SGLT2i, but the answer is ""yes,"" that would imply that GLP-1RA has a causal effect. However, in some cases where the treatment group is lower, it's ""no."" 

Wait, in the examples, when the treatment group had a higher percentage, like in Type 2 diabetes, it was ""yes."" But in this case, the outcome is a derangement of the knee, which is a medical condition. If GLP-1RA causes more of this issue, then it's a positive outcome, so ""yes."" But I'm not sure if GLP-1RA is known to cause knee problems. Alternatively, maybe the lower percentage in SGLT2i is because they're more managed, so the causation might be the opposite.

Hmm, but according to the instruction, we should follow the pattern where if the treatment group has a higher percentage, it's a positive outcome, so ""yes."" So, since 1.16% is higher than 0.62%, the answer would be ""yes."" However, I'm a bit uncertain because I'm not sure if this specific outcome is actually caused by GLP-1RA. Maybe it's a confounding factor, like both groups have other differences, such as comorbidities, that affect the outcome.

But given the examples and the instruction, I think the answer should follow the pattern where higher in treatment group leads to ""yes."" So, I'll go with ""yes.""
</think>

yes",yes
Batch3,v5,medical_questions_v5.txt,8,"Question 8
[Background]
We compare two treatments for type 2 diabetes:
- Treatment: GLP-1 Receptor Agonists (GLP-1RA)
- Control: Sodium-Glucose Cotransporter-2 Inhibitors (SGLT2i)
[Task Description]
You’ll receive an outcome and the percentage of affected patients in each group.
Decide whether these treatments have a causal effect on that outcome.
You will receive a query describing an outcome and the proportion of patients in each group who experienced it:
- One percentage for patients using GLP-1RA (treatment group).
- One percentage for patients using SGLT2i (control group).
Your task is to determine whether the treatments (GLP-1RA and SGLT2i) have a causal effect on that outcome.
[Cohort Description]
Adults with type 2 diabetes who began either GLP-1RA or SGLT2i.
All had a prior diabetes diagnosis.
GLP-1RA users: mean age 58.0, BMI 37.4.
SGLT2i users: mean age 64.6, BMI 32.8.
Charlson Comorbidity Index ≥ 3 in 65.2% (GLP-1RA) and 68.5% (SGLT2i).
[Instruction]
- Judge whether the treatments causally influence the outcome.
- Both treatments are expected to behave similarly (either both yes or both no).
- “Yes” = Positive Outcome (OOI); “No” = Negative Control Outcome (NCO).
- Reply with only “yes” or “no.”
[Few-shot examples]
- Treatment group using GLP-1RA (treatment) had 0.99% Ganglion cyst, compared with 0.44% for control group using SGLT2i. Does treatment have causal effect to the Ganglion cyst (is it a Positive Outcome)? - no
- Treatment group using GLP-1RA (treatment) had 1.79% Deviated nasal septum, compared with 1.16% for control group using SGLT2i. Does treatment have causal effect to the Deviated nasal septum (is it a Positive Outcome)? - no
- Treatment group using GLP-1RA (treatment) had 0.13% Acquired keratoderma, compared with 0.08% for control group using SGLT2i. Does treatment have causal effect to the Acquired keratoderma (is it a Positive Outcome)? - no
- Treatment group using GLP-1RA (treatment) had 1.88% Senile hyperkeratosis, compared with 1.55% for control group using SGLT2i. Does treatment have causal effect to the Senile hyperkeratosis (is it a Positive Outcome)? - no
- Treatment group using GLP-1RA (treatment) had 2.64% Nontoxic multinodular goiter, compared with 1.39% for control group using SGLT2i. Does treatment have causal effect to the Nontoxic multinodular goiter (is it a Positive Outcome)? - no
- Treatment group using GLP-1RA (treatment) had 94.81% Type 2 diabetes mellitus, compared with 96.68% for control group using SGLT2i. Does treatment have causal effect to the Type 2 diabetes mellitus (is it a Positive Outcome)? - yes
- Treatment group using GLP-1RA (treatment) had 19.87% Chronic kidney disease, compared with 31.81% for control group using SGLT2i. Does treatment have causal effect to the Chronic kidney disease (is it a Positive Outcome)? - yes
- Treatment group using GLP-1RA (treatment) had 78.37% Hypertension, compared with 84.71% for control group using SGLT2i. Does treatment have causal effect to the Hypertension (is it a Positive Outcome)? - yes
- Treatment group using GLP-1RA (treatment) had 78.09% Hyperlipidemia, compared with 84.45% for control group using SGLT2i. Does treatment have causal effect to the Hyperlipidemia (is it a Positive Outcome)? - yes
- Treatment group using GLP-1RA (treatment) had 64.14% Obesity, compared with 44.50% for control group using SGLT2i. Does treatment have causal effect to the Obesity (is it a Positive Outcome)? - yes
[Your Task]
[Question]
Treatment group using GLP-1RA (treatment) had 1.16% Derangement of knee, compared with 0.62% for control group using SGLT2i. Does treatment have causal effect to the Derangement of knee (is it a Positive Outcome)?
Answer: [Your answer, ""yes"" or ""no""]",3,"Okay, so I'm trying to figure out whether GLP-1 Receptor Agonists (GLP-1RA) have a causal effect on the outcome of ""Derangement of knee."" The data given is that 1.16% of GLP-1RA users experienced this compared to 0.62% in the SGLT2i group. 

First, I need to understand what ""Derangement of knee"" means. From what I know, derangement can refer to a disruption or abnormality in the structure or function of a joint, which in the case of the knee, could be something like a meniscal tear, ligament issues, or joint instability. So it's a medical condition that might be related to how a patient's joints are functioning.

Now, both GLP-1RA and SGLT2i are medications used to treat type 2 diabetes. GLP-1RA works by increasing insulin release and reducing glucose production, while SGLT2i inhibits the kidneys' reabsorption of glucose, thus promoting urine output and lowering blood sugar. Both medications are often used as part of a comprehensive treatment plan to manage diabetes and related conditions.

The question is whether the use of GLP-1RA causes a derangement of the knee. The data shows a slightly higher incidence in the GLP-1RA group (1.16%) compared to the SGLT2i group (0.62%). But how do I determine if this difference is due to a causal effect of the medication or just a coincidence?

One approach is to consider whether either medication is known to have side effects that could lead to joint or knee issues. GLP-1RA medications, such as exenatide, liraglutide, etc., are associated with side effects like nausea, diarrhea, and, in rare cases, pancreatitis. They don't typically have known effects on joints or connective tissues. SGLT2i medications like empagliflozin and dapagliflozin are also known for side effects like urinary tract infections, increased urination, and, in some cases, cardiovascular effects, but again, not directly linked to joint derangements.

Another consideration is the differences in the patient populations between the two groups. The GLP-1RA group has a mean age of 58.0 and a BMI of 37.4, while the SGLT2i group has a mean age of 64.6 and a BMI of 32.8. BMI is a measure of obesity, and a higher BMI is associated with increased risk of joint problems like osteoarthritis. However, the GLP-1RA group has a higher BMI, which might suggest that they are more overweight or obese, a factor that could contribute to joint issues. But since the SGLT2i group has a lower BMI, perhaps their lower incidence of derangement of knee could be due to less weight-related stress on the joints.

Looking at the Charlson Comorbidity Index, which measures the presence of comorbid conditions, the GLP-1RA group has a higher index (≥3 in 65.2%) compared to the SGLT2i group (68.5%). A higher comorbidity index suggests more serious health issues, which might include conditions that affect joints, like arthritis or other joint disorders. However, it's unclear if the GLP-1RA group's higher comorbidity index is contributing to the higher rate of derangement of knee or if it's a confounding factor.

Given that both medications are used for diabetes and their side effects don't typically include joint derangements, it's possible that the difference observed is due to other factors, such as the underlying characteristics of the patients in each group. The higher BMI in the GLP-1RA group could be a contributing factor, as obesity is linked to increased joint stress and risk of joint problems. Alternatively, the GLP-1RA group might have more severe diabetes-related complications that affect joint health, but that's speculative.

Another angle is to consider whether there's any known association between GLP-1RA use and joint derangements. From the few-shot examples provided, it seems that for most outcomes, the GLP-1RA group doesn't have a significantly higher incidence than the SGLT2i group, except for certain conditions like obesity, which is a Positive Outcome. However, in those examples, the effect wasn't always clear, and sometimes the GLP-1RA group had higher incidence but it was considered a Positive Outcome, meaning it was a desired effect.

In the case of derangement of knee, it's a specific joint issue. Since neither medication is known to cause this, and the GLP-1RA group has a higher BMI and possibly more comorbidities, it's more likely that the difference is due to other factors rather than the treatment itself. Therefore, it's plausible that the treatment doesn't have a causal effect on the derangement of the knee.

Additionally, the absolute difference in percentages is small (1.16% vs. 0.62%), which suggests that the impact of the treatment on this outcome is minimal. If the treatment were causing the derangement, we might expect a more substantial difference or a known mechanism linking the treatment to the condition.

Moreover, the instruction mentions that both treatments are expected to behave similarly, either both yes or both no. From the examples provided, when one group has a higher incidence, it's often considered a Positive Outcome, but sometimes it's not. In this case, since neither treatment is known to cause derangement of the knee, and the higher incidence in the GLP-1RA group might be due to their higher BMI or comorbidities, it's more likely that the treatment doesn't have a causal effect. Therefore, the answer would be ""no.""
</think>

no",no
Batch3,v5,medical_questions_v5.txt,8,"Question 8
[Background]
We compare two treatments for type 2 diabetes:
- Treatment: GLP-1 Receptor Agonists (GLP-1RA)
- Control: Sodium-Glucose Cotransporter-2 Inhibitors (SGLT2i)
[Task Description]
You’ll receive an outcome and the percentage of affected patients in each group.
Decide whether these treatments have a causal effect on that outcome.
You will receive a query describing an outcome and the proportion of patients in each group who experienced it:
- One percentage for patients using GLP-1RA (treatment group).
- One percentage for patients using SGLT2i (control group).
Your task is to determine whether the treatments (GLP-1RA and SGLT2i) have a causal effect on that outcome.
[Cohort Description]
Adults with type 2 diabetes who began either GLP-1RA or SGLT2i.
All had a prior diabetes diagnosis.
GLP-1RA users: mean age 58.0, BMI 37.4.
SGLT2i users: mean age 64.6, BMI 32.8.
Charlson Comorbidity Index ≥ 3 in 65.2% (GLP-1RA) and 68.5% (SGLT2i).
[Instruction]
- Judge whether the treatments causally influence the outcome.
- Both treatments are expected to behave similarly (either both yes or both no).
- “Yes” = Positive Outcome (OOI); “No” = Negative Control Outcome (NCO).
- Reply with only “yes” or “no.”
[Few-shot examples]
- Treatment group using GLP-1RA (treatment) had 0.99% Ganglion cyst, compared with 0.44% for control group using SGLT2i. Does treatment have causal effect to the Ganglion cyst (is it a Positive Outcome)? - no
- Treatment group using GLP-1RA (treatment) had 1.79% Deviated nasal septum, compared with 1.16% for control group using SGLT2i. Does treatment have causal effect to the Deviated nasal septum (is it a Positive Outcome)? - no
- Treatment group using GLP-1RA (treatment) had 0.13% Acquired keratoderma, compared with 0.08% for control group using SGLT2i. Does treatment have causal effect to the Acquired keratoderma (is it a Positive Outcome)? - no
- Treatment group using GLP-1RA (treatment) had 1.88% Senile hyperkeratosis, compared with 1.55% for control group using SGLT2i. Does treatment have causal effect to the Senile hyperkeratosis (is it a Positive Outcome)? - no
- Treatment group using GLP-1RA (treatment) had 2.64% Nontoxic multinodular goiter, compared with 1.39% for control group using SGLT2i. Does treatment have causal effect to the Nontoxic multinodular goiter (is it a Positive Outcome)? - no
- Treatment group using GLP-1RA (treatment) had 94.81% Type 2 diabetes mellitus, compared with 96.68% for control group using SGLT2i. Does treatment have causal effect to the Type 2 diabetes mellitus (is it a Positive Outcome)? - yes
- Treatment group using GLP-1RA (treatment) had 19.87% Chronic kidney disease, compared with 31.81% for control group using SGLT2i. Does treatment have causal effect to the Chronic kidney disease (is it a Positive Outcome)? - yes
- Treatment group using GLP-1RA (treatment) had 78.37% Hypertension, compared with 84.71% for control group using SGLT2i. Does treatment have causal effect to the Hypertension (is it a Positive Outcome)? - yes
- Treatment group using GLP-1RA (treatment) had 78.09% Hyperlipidemia, compared with 84.45% for control group using SGLT2i. Does treatment have causal effect to the Hyperlipidemia (is it a Positive Outcome)? - yes
- Treatment group using GLP-1RA (treatment) had 64.14% Obesity, compared with 44.50% for control group using SGLT2i. Does treatment have causal effect to the Obesity (is it a Positive Outcome)? - yes
[Your Task]
[Question]
Treatment group using GLP-1RA (treatment) had 1.16% Derangement of knee, compared with 0.62% for control group using SGLT2i. Does treatment have causal effect to the Derangement of knee (is it a Positive Outcome)?
Answer: [Your answer, ""yes"" or ""no""]",4,"Okay, so I need to determine whether GLP-1RA treatment has a causal effect on the outcome of derangement of the knee in the treatment group compared to the control group using SGLT2i. The data given is that 1.16% of GLP-1RA users experienced this derangement, while 0.62% of SGLT2i users did. 

First, I should consider what GLP-1RA and SGLT2i do. GLP-1 receptor agonists are used to help manage blood sugar in type 2 diabetes by increasing insulin release and reducing glucose production. They are also known to have effects on weight loss and might influence other metabolic factors. SGLT2 inhibitors work by preventing the kidneys from reabsorbing glucose, thus promoting urinary glucose excretion and lowering blood sugar levels.

Now, looking at the outcome: derangement of the knee. This seems to be a structural or mechanical issue related to the knee joint. I'm not immediately aware of a direct link between these diabetes medications and knee derangement. Both GLP-1RA and SGLT2i are more associated with metabolic effects rather than musculoskeletal issues.

Looking at the examples provided, the assistant's previous answers for similar outcomes (like ganglion cyst, deviated nasal septum, etc.) were ""no,"" indicating no causal effect. Even when one group had a higher percentage than the other, the conclusion was that there was no causal relationship because both medications aren't known to cause those specific outcomes.

In this case, the GLP-1RA group has a slightly higher percentage (1.16%) compared to the SGLT2i group (0.62%). However, neither of these medications is typically linked to causing knee derangement. It's more likely that the difference could be due to other factors, such as differences in the populations studied, chance, or other unmeasured variables.

Therefore, even though there's a numerical difference, there's no strong evidence that GLP-1RA causes derangement of the knee. The medications are used for metabolic control, not for joint health. So, the answer should be ""no.""
</think>

no",no
Batch3,v5,medical_questions_v5.txt,8,"Question 8
[Background]
We compare two treatments for type 2 diabetes:
- Treatment: GLP-1 Receptor Agonists (GLP-1RA)
- Control: Sodium-Glucose Cotransporter-2 Inhibitors (SGLT2i)
[Task Description]
You’ll receive an outcome and the percentage of affected patients in each group.
Decide whether these treatments have a causal effect on that outcome.
You will receive a query describing an outcome and the proportion of patients in each group who experienced it:
- One percentage for patients using GLP-1RA (treatment group).
- One percentage for patients using SGLT2i (control group).
Your task is to determine whether the treatments (GLP-1RA and SGLT2i) have a causal effect on that outcome.
[Cohort Description]
Adults with type 2 diabetes who began either GLP-1RA or SGLT2i.
All had a prior diabetes diagnosis.
GLP-1RA users: mean age 58.0, BMI 37.4.
SGLT2i users: mean age 64.6, BMI 32.8.
Charlson Comorbidity Index ≥ 3 in 65.2% (GLP-1RA) and 68.5% (SGLT2i).
[Instruction]
- Judge whether the treatments causally influence the outcome.
- Both treatments are expected to behave similarly (either both yes or both no).
- “Yes” = Positive Outcome (OOI); “No” = Negative Control Outcome (NCO).
- Reply with only “yes” or “no.”
[Few-shot examples]
- Treatment group using GLP-1RA (treatment) had 0.99% Ganglion cyst, compared with 0.44% for control group using SGLT2i. Does treatment have causal effect to the Ganglion cyst (is it a Positive Outcome)? - no
- Treatment group using GLP-1RA (treatment) had 1.79% Deviated nasal septum, compared with 1.16% for control group using SGLT2i. Does treatment have causal effect to the Deviated nasal septum (is it a Positive Outcome)? - no
- Treatment group using GLP-1RA (treatment) had 0.13% Acquired keratoderma, compared with 0.08% for control group using SGLT2i. Does treatment have causal effect to the Acquired keratoderma (is it a Positive Outcome)? - no
- Treatment group using GLP-1RA (treatment) had 1.88% Senile hyperkeratosis, compared with 1.55% for control group using SGLT2i. Does treatment have causal effect to the Senile hyperkeratosis (is it a Positive Outcome)? - no
- Treatment group using GLP-1RA (treatment) had 2.64% Nontoxic multinodular goiter, compared with 1.39% for control group using SGLT2i. Does treatment have causal effect to the Nontoxic multinodular goiter (is it a Positive Outcome)? - no
- Treatment group using GLP-1RA (treatment) had 94.81% Type 2 diabetes mellitus, compared with 96.68% for control group using SGLT2i. Does treatment have causal effect to the Type 2 diabetes mellitus (is it a Positive Outcome)? - yes
- Treatment group using GLP-1RA (treatment) had 19.87% Chronic kidney disease, compared with 31.81% for control group using SGLT2i. Does treatment have causal effect to the Chronic kidney disease (is it a Positive Outcome)? - yes
- Treatment group using GLP-1RA (treatment) had 78.37% Hypertension, compared with 84.71% for control group using SGLT2i. Does treatment have causal effect to the Hypertension (is it a Positive Outcome)? - yes
- Treatment group using GLP-1RA (treatment) had 78.09% Hyperlipidemia, compared with 84.45% for control group using SGLT2i. Does treatment have causal effect to the Hyperlipidemia (is it a Positive Outcome)? - yes
- Treatment group using GLP-1RA (treatment) had 64.14% Obesity, compared with 44.50% for control group using SGLT2i. Does treatment have causal effect to the Obesity (is it a Positive Outcome)? - yes
[Your Task]
[Question]
Treatment group using GLP-1RA (treatment) had 1.16% Derangement of knee, compared with 0.62% for control group using SGLT2i. Does treatment have causal effect to the Derangement of knee (is it a Positive Outcome)?
Answer: [Your answer, ""yes"" or ""no""]",5,"Okay, so I have this question about whether GLP-1RA treatment causes a derangement of the knee compared to SGLT2i. Let me break this down step by step.

First, I need to understand the context. Both GLP-1RA and SGLT2i are medications used to treat type 2 diabetes. The task is to determine if these treatments have a causal effect on a specific outcome, which in this case is derangement of the knee. 

The data given is that 1.16% of GLP-1RA users experienced this derangement, while 0.62% of SGLT2i users did. The instruction says that if the treatment group has a higher percentage of the outcome, it's a positive outcome (yes), and if it's lower, it's a negative outcome (no). 

But wait, I need to be careful here. Just because one group has a higher percentage doesn't automatically mean the treatment caused it. It could be that other factors are at play. For example, maybe patients with more severe diabetes or other comorbidities are more likely to have joint issues, regardless of the treatment.

Looking at the cohort description: GLP-1RA users have a mean age of 58.0 and a BMI of 37.4, while SGLT2i users are older (64.6) and have a lower BMI (32.8). Also, a higher percentage of both groups have a Charlson Comorbidity Index ≥3, with GLP-1RA at 65.2% and SGLT2i at 68.5%. 

So, GLP-1RA users are younger and heavier, which might be associated with different health risks. SGLT2i users are older and lighter. The higher Charlson score in both groups suggests that both treatments are used in patients with more comorbidities, which might influence the occurrence of other conditions like joint derangements.

Now, looking at the percentages: GLP-1RA has 1.16% derangements, SGLT2i has 0.62%. That means GLP-1RA users are more likely to have this issue. But does that mean GLP-1RA caused it? Or is it just that the GLP-1RA group has different characteristics?

Since SGLT2i users are older, maybe they are more susceptible to joint problems due to age. Or perhaps the GLP-1RA group's higher BMI contributes to more joint strain. Also, the Charlson score being higher in both groups might mean that these patients are more likely to have other conditions that affect joints.

Therefore, it's possible that the difference in derangement rates is due to other factors rather than the treatment itself. The higher rate in GLP-1RA could be a coincidence based on the patient characteristics, not a causal effect of the medication.

In the examples provided, even when the treatment group had a higher percentage, sometimes the answer was ""no."" For instance, in the case of Ganglion cyst, the treatment group had a higher rate, but the answer was ""no"" because other factors might be at play, like comorbidities or other variables.

So, applying that logic here, even though GLP-1RA has a higher percentage, it's likely that other factors, such as age, BMI, or comorbidities, are more influential. Therefore, the causal effect is probably ""no.""
</think>

no",no
Batch3,v5,medical_questions_v5.txt,8,"Question 8
[Background]
We compare two treatments for type 2 diabetes:
- Treatment: GLP-1 Receptor Agonists (GLP-1RA)
- Control: Sodium-Glucose Cotransporter-2 Inhibitors (SGLT2i)
[Task Description]
You’ll receive an outcome and the percentage of affected patients in each group.
Decide whether these treatments have a causal effect on that outcome.
You will receive a query describing an outcome and the proportion of patients in each group who experienced it:
- One percentage for patients using GLP-1RA (treatment group).
- One percentage for patients using SGLT2i (control group).
Your task is to determine whether the treatments (GLP-1RA and SGLT2i) have a causal effect on that outcome.
[Cohort Description]
Adults with type 2 diabetes who began either GLP-1RA or SGLT2i.
All had a prior diabetes diagnosis.
GLP-1RA users: mean age 58.0, BMI 37.4.
SGLT2i users: mean age 64.6, BMI 32.8.
Charlson Comorbidity Index ≥ 3 in 65.2% (GLP-1RA) and 68.5% (SGLT2i).
[Instruction]
- Judge whether the treatments causally influence the outcome.
- Both treatments are expected to behave similarly (either both yes or both no).
- “Yes” = Positive Outcome (OOI); “No” = Negative Control Outcome (NCO).
- Reply with only “yes” or “no.”
[Few-shot examples]
- Treatment group using GLP-1RA (treatment) had 0.99% Ganglion cyst, compared with 0.44% for control group using SGLT2i. Does treatment have causal effect to the Ganglion cyst (is it a Positive Outcome)? - no
- Treatment group using GLP-1RA (treatment) had 1.79% Deviated nasal septum, compared with 1.16% for control group using SGLT2i. Does treatment have causal effect to the Deviated nasal septum (is it a Positive Outcome)? - no
- Treatment group using GLP-1RA (treatment) had 0.13% Acquired keratoderma, compared with 0.08% for control group using SGLT2i. Does treatment have causal effect to the Acquired keratoderma (is it a Positive Outcome)? - no
- Treatment group using GLP-1RA (treatment) had 1.88% Senile hyperkeratosis, compared with 1.55% for control group using SGLT2i. Does treatment have causal effect to the Senile hyperkeratosis (is it a Positive Outcome)? - no
- Treatment group using GLP-1RA (treatment) had 2.64% Nontoxic multinodular goiter, compared with 1.39% for control group using SGLT2i. Does treatment have causal effect to the Nontoxic multinodular goiter (is it a Positive Outcome)? - no
- Treatment group using GLP-1RA (treatment) had 94.81% Type 2 diabetes mellitus, compared with 96.68% for control group using SGLT2i. Does treatment have causal effect to the Type 2 diabetes mellitus (is it a Positive Outcome)? - yes
- Treatment group using GLP-1RA (treatment) had 19.87% Chronic kidney disease, compared with 31.81% for control group using SGLT2i. Does treatment have causal effect to the Chronic kidney disease (is it a Positive Outcome)? - yes
- Treatment group using GLP-1RA (treatment) had 78.37% Hypertension, compared with 84.71% for control group using SGLT2i. Does treatment have causal effect to the Hypertension (is it a Positive Outcome)? - yes
- Treatment group using GLP-1RA (treatment) had 78.09% Hyperlipidemia, compared with 84.45% for control group using SGLT2i. Does treatment have causal effect to the Hyperlipidemia (is it a Positive Outcome)? - yes
- Treatment group using GLP-1RA (treatment) had 64.14% Obesity, compared with 44.50% for control group using SGLT2i. Does treatment have causal effect to the Obesity (is it a Positive Outcome)? - yes
[Your Task]
[Question]
Treatment group using GLP-1RA (treatment) had 1.16% Derangement of knee, compared with 0.62% for control group using SGLT2i. Does treatment have causal effect to the Derangement of knee (is it a Positive Outcome)?
Answer: [Your answer, ""yes"" or ""no""]",6,"Okay, so I need to figure out whether GLP-1 Receptor Agonists (GLP-1RA) have a causal effect on the outcome of ""Derangement of knee"" compared to Sodium-Glucose Cotransporter-2 Inhibitors (SGLT2i). The data given is that 1.16% of GLP-1RA users experienced this derangement, while 0.62% of SGLT2i users did.

First, I should understand what ""Derangement of knee"" means. It sounds like a joint or knee-related issue, maybe something like knee pain or joint dysfunction. Now, considering the treatments, GLP-1RA is usually used for type 2 diabetes and can help with weight loss and blood sugar control. It might have effects on other comorbid conditions as well.

Looking at the examples provided, when the treatment group had a higher percentage of an outcome, it was considered a ""Positive Outcome"" and the answer was ""yes."" Conversely, if the control group had a higher percentage, it was ""no."" But wait, in some examples, even if the treatment group had a higher percentage, the answer was still ""no."" For instance, the first example had 0.99% vs. 0.44%, and the answer was ""no."" So it's not just about which group is higher, but whether the treatment causally influences the outcome.

I should consider whether GLP-1RA or SGLT2i would cause or affect the derangement of the knee. GLP-1RA is known to sometimes cause weight loss, which might put more stress on joints, potentially leading to issues like knee derangement. On the other hand, SGLT2i can also cause weight loss but perhaps to a different extent or via different mechanisms. However, both are diabetes medications, so maybe they don't directly cause joint problems.

Wait, another angle: the examples where the answer was ""yes"" involved outcomes that are known complications or comorbidities of diabetes, like chronic kidney disease, hypertension, hyperlipidemia, and obesity. These are conditions that are both caused by type 2 diabetes and can be influenced by diabetes medications. So, if the outcome is a diabetes-related complication, the treatment might have a causal effect.

In this case, derangement of the knee isn't a direct diabetes complication. It's more of a joint issue. However, weight loss from GLP-1RA or SGLT2i could contribute to joint pain or derangement. So, maybe GLP-1RA's effect on weight might lead to more knee issues.

But wait, the question is whether the treatment has a causal effect. If both treatments cause weight loss, then the difference in the percentage might not be due to GLP-1RA specifically, but both medications. So, it's hard to attribute it causally to GLP-1RA. Plus, the example with obesity had a higher percentage in the treatment group, and the answer was ""yes,"" but that's a direct comorbidity.

Derangement of knee is a bit of a stretch. It's not a direct diabetes complication. So, maybe the answer is ""no"" because it's not a known causal effect. Or maybe ""yes"" because weight loss could contribute.

Alternatively, considering the examples, when the treatment group had a higher percentage, it was considered a positive outcome. Here, GLP-1RA group has 1.16% vs. 0.62% for SGLT2i, so it's higher. But derangement of knee isn't a typical diabetes outcome, so maybe it's a negative control. So the answer would be ""no.""

I'm a bit confused. On one hand, higher in treatment group, but the outcome isn't a diabetes-related issue. So, perhaps it's a false positive, hence ""no.""
</think>

no",no
Batch3,v5,medical_questions_v5.txt,8,"Question 8
[Background]
We compare two treatments for type 2 diabetes:
- Treatment: GLP-1 Receptor Agonists (GLP-1RA)
- Control: Sodium-Glucose Cotransporter-2 Inhibitors (SGLT2i)
[Task Description]
You’ll receive an outcome and the percentage of affected patients in each group.
Decide whether these treatments have a causal effect on that outcome.
You will receive a query describing an outcome and the proportion of patients in each group who experienced it:
- One percentage for patients using GLP-1RA (treatment group).
- One percentage for patients using SGLT2i (control group).
Your task is to determine whether the treatments (GLP-1RA and SGLT2i) have a causal effect on that outcome.
[Cohort Description]
Adults with type 2 diabetes who began either GLP-1RA or SGLT2i.
All had a prior diabetes diagnosis.
GLP-1RA users: mean age 58.0, BMI 37.4.
SGLT2i users: mean age 64.6, BMI 32.8.
Charlson Comorbidity Index ≥ 3 in 65.2% (GLP-1RA) and 68.5% (SGLT2i).
[Instruction]
- Judge whether the treatments causally influence the outcome.
- Both treatments are expected to behave similarly (either both yes or both no).
- “Yes” = Positive Outcome (OOI); “No” = Negative Control Outcome (NCO).
- Reply with only “yes” or “no.”
[Few-shot examples]
- Treatment group using GLP-1RA (treatment) had 0.99% Ganglion cyst, compared with 0.44% for control group using SGLT2i. Does treatment have causal effect to the Ganglion cyst (is it a Positive Outcome)? - no
- Treatment group using GLP-1RA (treatment) had 1.79% Deviated nasal septum, compared with 1.16% for control group using SGLT2i. Does treatment have causal effect to the Deviated nasal septum (is it a Positive Outcome)? - no
- Treatment group using GLP-1RA (treatment) had 0.13% Acquired keratoderma, compared with 0.08% for control group using SGLT2i. Does treatment have causal effect to the Acquired keratoderma (is it a Positive Outcome)? - no
- Treatment group using GLP-1RA (treatment) had 1.88% Senile hyperkeratosis, compared with 1.55% for control group using SGLT2i. Does treatment have causal effect to the Senile hyperkeratosis (is it a Positive Outcome)? - no
- Treatment group using GLP-1RA (treatment) had 2.64% Nontoxic multinodular goiter, compared with 1.39% for control group using SGLT2i. Does treatment have causal effect to the Nontoxic multinodular goiter (is it a Positive Outcome)? - no
- Treatment group using GLP-1RA (treatment) had 94.81% Type 2 diabetes mellitus, compared with 96.68% for control group using SGLT2i. Does treatment have causal effect to the Type 2 diabetes mellitus (is it a Positive Outcome)? - yes
- Treatment group using GLP-1RA (treatment) had 19.87% Chronic kidney disease, compared with 31.81% for control group using SGLT2i. Does treatment have causal effect to the Chronic kidney disease (is it a Positive Outcome)? - yes
- Treatment group using GLP-1RA (treatment) had 78.37% Hypertension, compared with 84.71% for control group using SGLT2i. Does treatment have causal effect to the Hypertension (is it a Positive Outcome)? - yes
- Treatment group using GLP-1RA (treatment) had 78.09% Hyperlipidemia, compared with 84.45% for control group using SGLT2i. Does treatment have causal effect to the Hyperlipidemia (is it a Positive Outcome)? - yes
- Treatment group using GLP-1RA (treatment) had 64.14% Obesity, compared with 44.50% for control group using SGLT2i. Does treatment have causal effect to the Obesity (is it a Positive Outcome)? - yes
[Your Task]
[Question]
Treatment group using GLP-1RA (treatment) had 1.16% Derangement of knee, compared with 0.62% for control group using SGLT2i. Does treatment have causal effect to the Derangement of knee (is it a Positive Outcome)?
Answer: [Your answer, ""yes"" or ""no""]",7,"Okay, so I'm trying to figure out whether GLP-1RA treatments have a causal effect on the outcome of Derangement of knee, compared to SGLT2i. Let me start by understanding the problem.

First, the background says we're comparing two diabetes treatments: GLP-1RA (GLP-1 receptor agonists) and SGLT2i (sodium-glucose cotransporter-2 inhibitors). Both are used in type 2 diabetes patients. The task is to determine if these treatments causally influence a specific outcome, which in this case is Derangement of knee.

The user will provide the percentage of patients in each group who experienced the outcome. For this question, the treatment group (GLP-1RA) had 1.16% and the control group (SGLT2i) had 0.62%. The answer needs to be just ""yes"" or ""no"" as to whether GLP-1RA causes this outcome.

Looking at the examples provided, I notice that when the treatment group has a higher percentage of an outcome, it's sometimes considered a positive outcome. For example, in the case of Type 2 diabetes, the treatment group had 94.81% and the control had 96.68%, so it was considered a ""yes"" because GLP-1RA is the treatment for diabetes, so having more patients with diabetes might make sense, but I'm not sure if that's the right reasoning.

Wait, actually, in the example where the outcome was Type 2 diabetes, the answer was ""yes"" because GLP-1RA is the treatment for diabetes, so it's expected to have more cases. But in this case, the outcome is a derangement of the knee, which is a physical condition. So I need to think about whether GLP-1RA causes this.

GLP-1RA works by helping the body release more insulin and slow down glucose absorption, which can lead to weight loss and improved blood sugar control. It's also associated with a lower risk of heart disease and stroke. However, it's not directly related to joint or bone health. SGLT2i, on the other hand, also helps with blood sugar control and can lead to weight loss and lower risks of cardiovascular events as well.

Derangement of the knee is a term I'm not entirely familiar with. It might refer to issues like knee pain, joint inflammation, or structural problems. I'm not sure if either of these medications is known to cause or affect knee derangement. From what I know, both GLP-1RA and SGLT2i are not typically linked to specific joint or knee issues. They are more about metabolic regulation.

Looking at the examples again, when the treatment group had a higher percentage of something like obesity, it was considered a positive outcome because the treatment is supposed to help with weight loss. But in this case, the outcome is not a direct consequence of the treatment. The treatment doesn't directly cause knee derangement.

Another angle to consider is the comparison between the two groups. The treatment group has a higher percentage (1.16%) compared to the control (0.62%). So, does this mean that GLP-1RA causes more cases of derangement of knee? Or is it just a coincidence?

Since both treatments are used for similar conditions and have similar benefits (weight loss, blood sugar control), it's possible that the higher percentage in the GLP-1RA group is just a result of the population being different. For example, GLP-1RA users might have a higher BMI (as per the cohort description: GLP-1RA users have a mean BMI of 37.4 vs. 32.8 for SGLT2i). Higher BMI is associated with more joint stress and potential knee issues. So maybe the higher percentage in GLP-1RA is due to their higher BMI, not the treatment itself.

Therefore, it's not a causal effect of the treatment but rather a confounding factor related to the population characteristics. So the answer should be ""no,"" meaning there's no causal effect by GLP-1RA on derangement of knee.
</think>

no",no
Batch3,v5,medical_questions_v5.txt,8,"Question 8
[Background]
We compare two treatments for type 2 diabetes:
- Treatment: GLP-1 Receptor Agonists (GLP-1RA)
- Control: Sodium-Glucose Cotransporter-2 Inhibitors (SGLT2i)
[Task Description]
You’ll receive an outcome and the percentage of affected patients in each group.
Decide whether these treatments have a causal effect on that outcome.
You will receive a query describing an outcome and the proportion of patients in each group who experienced it:
- One percentage for patients using GLP-1RA (treatment group).
- One percentage for patients using SGLT2i (control group).
Your task is to determine whether the treatments (GLP-1RA and SGLT2i) have a causal effect on that outcome.
[Cohort Description]
Adults with type 2 diabetes who began either GLP-1RA or SGLT2i.
All had a prior diabetes diagnosis.
GLP-1RA users: mean age 58.0, BMI 37.4.
SGLT2i users: mean age 64.6, BMI 32.8.
Charlson Comorbidity Index ≥ 3 in 65.2% (GLP-1RA) and 68.5% (SGLT2i).
[Instruction]
- Judge whether the treatments causally influence the outcome.
- Both treatments are expected to behave similarly (either both yes or both no).
- “Yes” = Positive Outcome (OOI); “No” = Negative Control Outcome (NCO).
- Reply with only “yes” or “no.”
[Few-shot examples]
- Treatment group using GLP-1RA (treatment) had 0.99% Ganglion cyst, compared with 0.44% for control group using SGLT2i. Does treatment have causal effect to the Ganglion cyst (is it a Positive Outcome)? - no
- Treatment group using GLP-1RA (treatment) had 1.79% Deviated nasal septum, compared with 1.16% for control group using SGLT2i. Does treatment have causal effect to the Deviated nasal septum (is it a Positive Outcome)? - no
- Treatment group using GLP-1RA (treatment) had 0.13% Acquired keratoderma, compared with 0.08% for control group using SGLT2i. Does treatment have causal effect to the Acquired keratoderma (is it a Positive Outcome)? - no
- Treatment group using GLP-1RA (treatment) had 1.88% Senile hyperkeratosis, compared with 1.55% for control group using SGLT2i. Does treatment have causal effect to the Senile hyperkeratosis (is it a Positive Outcome)? - no
- Treatment group using GLP-1RA (treatment) had 2.64% Nontoxic multinodular goiter, compared with 1.39% for control group using SGLT2i. Does treatment have causal effect to the Nontoxic multinodular goiter (is it a Positive Outcome)? - no
- Treatment group using GLP-1RA (treatment) had 94.81% Type 2 diabetes mellitus, compared with 96.68% for control group using SGLT2i. Does treatment have causal effect to the Type 2 diabetes mellitus (is it a Positive Outcome)? - yes
- Treatment group using GLP-1RA (treatment) had 19.87% Chronic kidney disease, compared with 31.81% for control group using SGLT2i. Does treatment have causal effect to the Chronic kidney disease (is it a Positive Outcome)? - yes
- Treatment group using GLP-1RA (treatment) had 78.37% Hypertension, compared with 84.71% for control group using SGLT2i. Does treatment have causal effect to the Hypertension (is it a Positive Outcome)? - yes
- Treatment group using GLP-1RA (treatment) had 78.09% Hyperlipidemia, compared with 84.45% for control group using SGLT2i. Does treatment have causal effect to the Hyperlipidemia (is it a Positive Outcome)? - yes
- Treatment group using GLP-1RA (treatment) had 64.14% Obesity, compared with 44.50% for control group using SGLT2i. Does treatment have causal effect to the Obesity (is it a Positive Outcome)? - yes
[Your Task]
[Question]
Treatment group using GLP-1RA (treatment) had 1.16% Derangement of knee, compared with 0.62% for control group using SGLT2i. Does treatment have causal effect to the Derangement of knee (is it a Positive Outcome)?
Answer: [Your answer, ""yes"" or ""no""]",8,"Okay, so I need to determine whether GLP-1 Receptor Agonists (GLP-1RA) have a causal effect on the outcome of Derangement of knee, given the percentages from the treatment and control groups. 

First, let me look at the data provided. The treatment group using GLP-1RA had 1.16% of patients experiencing Derangement of knee, while the control group using SGLT2i had 0.62%. 

I remember from the background that both treatments are being compared in adults with type 2 diabetes. The instruction says to judge whether the treatments causally influence the outcome. Also, it mentions that both treatments are expected to behave similarly—either both yes or both no. 

Looking at the few-shot examples provided, in most cases, if the treatment group had a higher percentage, it was considered a positive outcome, but sometimes it wasn't. For instance, in the first example, the treatment group had 0.99% and the control 0.44%, but the answer was ""no"". Similarly, in others, even if the treatment group had higher, sometimes it was ""no"". 

Wait, but in some cases, like when the treatment group had higher percentages for Type 2 diabetes, Chronic kidney disease, Hypertension, Hyperlipidemia, and Obesity, the answers were ""yes"". So it seems that when the treatment group has a higher rate, it's considered a positive outcome, but when it's lower, it's not necessarily negative. 

In this case, GLP-1RA has 1.16% vs. SGLT2i's 0.62%. Since 1.16 is higher than 0.62, according to the examples, it should be a positive outcome. But wait, in the first example, even though the treatment was higher, the answer was ""no"". Hmm, maybe it's not just about being higher or lower but the nature of the outcome. 

Wait, the first example was Ganglion cyst, where treatment was 0.99% vs. control 0.44%, but the answer was ""no"". So just because the treatment group has a higher rate doesn't automatically mean it's a positive outcome. It depends on whether the outcome is something the treatment is known to cause. 

So, Derangement of knee—does GLP-1RA cause this? I'm not sure. GLP-1RAs are usually used for managing blood sugar in type 2 diabetes, often by helping with weight loss and reducing appetite. They might also have effects on heart function and other comorbidities. But Derangement of knee sounds like a structural issue, possibly related to joint problems. 

Wait, I recall that SGLT2i are often associated with lower risks of cardiovascular events, including heart attack and stroke. They might also affect bone density or other physical outcomes. But I'm not sure about joint issues like derangement of knee. 

Alternatively, perhaps the higher percentage in the treatment group suggests that GLP-1RA might be associated with more joint problems. But I don't have enough evidence. The examples showed that when the treatment group had a higher rate for certain outcomes, it was considered yes, but for others, it was no. 

Since the example with Ganglion cyst, where treatment was higher but the answer was no, it's possible that just having a higher rate isn't sufficient. Maybe the outcome needs to be something the treatment is known to influence. 

I'm a bit confused. On one hand, the treatment group has a higher rate, which might suggest a causal effect. On the other hand, without knowing if GLP-1RA is linked to this outcome, it's hard to say. 

Looking back at the instruction: it says to decide whether these treatments have a causal effect on the outcome. The examples where the treatment group had a higher rate were considered yes, but I'm not sure if that's a rule. 

Wait, in the examples, for Type 2 diabetes, it was a yes because it's the primary condition, but for others like Chronic kidney disease, Hypertension, etc., which are comorbidities, it was also yes. So maybe any outcome, regardless of whether it's a primary effect, if the treatment group has a higher rate, it's considered yes. 

Alternatively, perhaps the answer is yes because the treatment group has a higher rate, but I'm not entirely sure. I'm a bit torn because in the first example, a higher rate led to ""no"". 

I think the key here is that both treatments are expected to behave similarly. So if GLP-1RA is higher, but SGLT2i is lower, it suggests that GLP-1RA might be causing it. But I'm not sure. 

Wait, maybe it's about the direction. If the treatment group has a higher rate, it's a positive outcome, but if it's lower, it's a negative control outcome. So in this case, since GLP-1RA is higher, it's a positive outcome, so the answer would be yes. 

But in the first example, GLP-1RA was higher, but the answer was no. Hmm. Maybe that's because the outcome isn't something the treatment is supposed to affect. 

I think I need to go with the pattern from the examples. In cases where the treatment group had higher rates for known outcomes influenced by the treatments, it was yes. Since Derangement of knee isn't a known outcome for these treatments, maybe the answer is no. But I'm not sure. 

Alternatively, since the treatment group is higher, it's considered a positive outcome. I'm going to go with yes because the treatment group has a higher rate, which might indicate a causal effect. But I'm not 100% confident.
</think>

yes",yes
Batch3,v5,medical_questions_v5.txt,8,"Question 8
[Background]
We compare two treatments for type 2 diabetes:
- Treatment: GLP-1 Receptor Agonists (GLP-1RA)
- Control: Sodium-Glucose Cotransporter-2 Inhibitors (SGLT2i)
[Task Description]
You’ll receive an outcome and the percentage of affected patients in each group.
Decide whether these treatments have a causal effect on that outcome.
You will receive a query describing an outcome and the proportion of patients in each group who experienced it:
- One percentage for patients using GLP-1RA (treatment group).
- One percentage for patients using SGLT2i (control group).
Your task is to determine whether the treatments (GLP-1RA and SGLT2i) have a causal effect on that outcome.
[Cohort Description]
Adults with type 2 diabetes who began either GLP-1RA or SGLT2i.
All had a prior diabetes diagnosis.
GLP-1RA users: mean age 58.0, BMI 37.4.
SGLT2i users: mean age 64.6, BMI 32.8.
Charlson Comorbidity Index ≥ 3 in 65.2% (GLP-1RA) and 68.5% (SGLT2i).
[Instruction]
- Judge whether the treatments causally influence the outcome.
- Both treatments are expected to behave similarly (either both yes or both no).
- “Yes” = Positive Outcome (OOI); “No” = Negative Control Outcome (NCO).
- Reply with only “yes” or “no.”
[Few-shot examples]
- Treatment group using GLP-1RA (treatment) had 0.99% Ganglion cyst, compared with 0.44% for control group using SGLT2i. Does treatment have causal effect to the Ganglion cyst (is it a Positive Outcome)? - no
- Treatment group using GLP-1RA (treatment) had 1.79% Deviated nasal septum, compared with 1.16% for control group using SGLT2i. Does treatment have causal effect to the Deviated nasal septum (is it a Positive Outcome)? - no
- Treatment group using GLP-1RA (treatment) had 0.13% Acquired keratoderma, compared with 0.08% for control group using SGLT2i. Does treatment have causal effect to the Acquired keratoderma (is it a Positive Outcome)? - no
- Treatment group using GLP-1RA (treatment) had 1.88% Senile hyperkeratosis, compared with 1.55% for control group using SGLT2i. Does treatment have causal effect to the Senile hyperkeratosis (is it a Positive Outcome)? - no
- Treatment group using GLP-1RA (treatment) had 2.64% Nontoxic multinodular goiter, compared with 1.39% for control group using SGLT2i. Does treatment have causal effect to the Nontoxic multinodular goiter (is it a Positive Outcome)? - no
- Treatment group using GLP-1RA (treatment) had 94.81% Type 2 diabetes mellitus, compared with 96.68% for control group using SGLT2i. Does treatment have causal effect to the Type 2 diabetes mellitus (is it a Positive Outcome)? - yes
- Treatment group using GLP-1RA (treatment) had 19.87% Chronic kidney disease, compared with 31.81% for control group using SGLT2i. Does treatment have causal effect to the Chronic kidney disease (is it a Positive Outcome)? - yes
- Treatment group using GLP-1RA (treatment) had 78.37% Hypertension, compared with 84.71% for control group using SGLT2i. Does treatment have causal effect to the Hypertension (is it a Positive Outcome)? - yes
- Treatment group using GLP-1RA (treatment) had 78.09% Hyperlipidemia, compared with 84.45% for control group using SGLT2i. Does treatment have causal effect to the Hyperlipidemia (is it a Positive Outcome)? - yes
- Treatment group using GLP-1RA (treatment) had 64.14% Obesity, compared with 44.50% for control group using SGLT2i. Does treatment have causal effect to the Obesity (is it a Positive Outcome)? - yes
[Your Task]
[Question]
Treatment group using GLP-1RA (treatment) had 1.16% Derangement of knee, compared with 0.62% for control group using SGLT2i. Does treatment have causal effect to the Derangement of knee (is it a Positive Outcome)?
Answer: [Your answer, ""yes"" or ""no""]",9,"Okay, so I need to figure out whether GLP-1 Receptor Agonists (GLP-1RA) have a causal effect on the outcome of ""Derangement of knee"" compared to Sodium-Glucose Cotransporter-2 Inhibitors (SGLT2i). The data given is that 1.16% of GLP-1RA users experienced this derangement, while 0.62% of SGLT2i users did. 

First, I should recall what these medications do. GLP-1RA medications, like exenatide or liraglutide, work by mimicking the action of GLP-1, a hormone that helps regulate blood sugar. They help with weight loss and can lower blood glucose levels. They are also associated with increased feelings of fullness and can be used as a treatment for type 2 diabetes.

SGLT2i medications, such as empagliflozin or dapagliflozin, inhibit the enzyme SGLT2, which plays a role in glucose absorption in the kidneys. They also can help with weight loss and are used to manage type 2 diabetes. Additionally, some SGLT2i medications have been shown to reduce the risk of cardiovascular events.

Both medications are used to treat type 2 diabetes and aid in weight management. They share similar mechanisms in terms of glucose regulation and weight loss. However, they might have different side effects. 

The question is about ""Derangement of knee."" I'm not a medical expert, but I know that derangement of a joint can refer to issues like dislocation, instability, or other structural problems. However, I'm not sure if either of these medications is directly linked to causing knee derangements.

Looking at the examples provided, when the treatment group had a higher percentage of an outcome, the answer was ""yes."" Conversely, when the control group had a higher percentage, it was ""no."" In the case of ""Type 2 diabetes mellitus,"" the treatment group had a lower percentage, which was considered a positive outcome because it's the condition being treated. Similarly, for Chronic kidney disease, Hypertension, Hyperlipidemia, and Obesity, the treatment group had lower or better outcomes, leading to ""yes.""

In this case, GLP-1RA users have a higher percentage (1.16%) compared to SGLT2i users (0.62%). Since GLP-1RA is the treatment group, a higher percentage here suggests that this outcome is more common in the treatment group. But does that mean it's a positive outcome caused by the treatment?

Wait, but the outcome in question is ""Derangement of knee,"" which I'm not sure is related to the medications. The medications are for diabetes and weight management. There's no direct link between these medications and knee derangements that I'm aware of. However, the instruction says that if the treatment group has a higher percentage of the outcome, it's considered a positive outcome (yes), assuming causation.

But I'm a bit confused because in the examples, when the treatment group had a higher percentage, it was a yes, but in reality, higher percentages might not always be positive unless the outcome is something the treatment is supposed to affect. For instance, if the treatment is supposed to reduce the occurrence of a condition, a lower percentage in the treatment group would be a positive outcome.

Wait, in the examples, when the treatment group had a lower percentage of the outcome (like Type 2 diabetes, which is being treated), it was considered a positive outcome. So in this case, the outcome is a derangement of the knee. If GLP-1RA is causing more of this derangement, is that a positive outcome? Or is it just a coincidence?

Alternatively, maybe the higher percentage in the treatment group indicates that the treatment is associated with this outcome, but whether it's a positive or negative depends on the context. However, according to the instruction, regardless of whether it's a positive or negative outcome in reality, we just have to follow the pattern from the examples.

In the examples, when the treatment group had a higher percentage, it was considered a positive outcome. For instance, in the case of ""Type 2 diabetes mellitus,"" the treatment group had 0.99% compared to 0.44%, which was considered a positive outcome because it's the condition being treated. Similarly, for other outcomes, the treatment group had higher percentages, which were considered positive outcomes.

Therefore, in this case, since the GLP-1RA group has a higher percentage (1.16%) of derangement of knee compared to SGLT2i (0.62%), it would be considered a positive outcome, hence the treatment has a causal effect.
</think>

yes",yes
Batch3,v5,medical_questions_v5.txt,8,"Question 8
[Background]
We compare two treatments for type 2 diabetes:
- Treatment: GLP-1 Receptor Agonists (GLP-1RA)
- Control: Sodium-Glucose Cotransporter-2 Inhibitors (SGLT2i)
[Task Description]
You’ll receive an outcome and the percentage of affected patients in each group.
Decide whether these treatments have a causal effect on that outcome.
You will receive a query describing an outcome and the proportion of patients in each group who experienced it:
- One percentage for patients using GLP-1RA (treatment group).
- One percentage for patients using SGLT2i (control group).
Your task is to determine whether the treatments (GLP-1RA and SGLT2i) have a causal effect on that outcome.
[Cohort Description]
Adults with type 2 diabetes who began either GLP-1RA or SGLT2i.
All had a prior diabetes diagnosis.
GLP-1RA users: mean age 58.0, BMI 37.4.
SGLT2i users: mean age 64.6, BMI 32.8.
Charlson Comorbidity Index ≥ 3 in 65.2% (GLP-1RA) and 68.5% (SGLT2i).
[Instruction]
- Judge whether the treatments causally influence the outcome.
- Both treatments are expected to behave similarly (either both yes or both no).
- “Yes” = Positive Outcome (OOI); “No” = Negative Control Outcome (NCO).
- Reply with only “yes” or “no.”
[Few-shot examples]
- Treatment group using GLP-1RA (treatment) had 0.99% Ganglion cyst, compared with 0.44% for control group using SGLT2i. Does treatment have causal effect to the Ganglion cyst (is it a Positive Outcome)? - no
- Treatment group using GLP-1RA (treatment) had 1.79% Deviated nasal septum, compared with 1.16% for control group using SGLT2i. Does treatment have causal effect to the Deviated nasal septum (is it a Positive Outcome)? - no
- Treatment group using GLP-1RA (treatment) had 0.13% Acquired keratoderma, compared with 0.08% for control group using SGLT2i. Does treatment have causal effect to the Acquired keratoderma (is it a Positive Outcome)? - no
- Treatment group using GLP-1RA (treatment) had 1.88% Senile hyperkeratosis, compared with 1.55% for control group using SGLT2i. Does treatment have causal effect to the Senile hyperkeratosis (is it a Positive Outcome)? - no
- Treatment group using GLP-1RA (treatment) had 2.64% Nontoxic multinodular goiter, compared with 1.39% for control group using SGLT2i. Does treatment have causal effect to the Nontoxic multinodular goiter (is it a Positive Outcome)? - no
- Treatment group using GLP-1RA (treatment) had 94.81% Type 2 diabetes mellitus, compared with 96.68% for control group using SGLT2i. Does treatment have causal effect to the Type 2 diabetes mellitus (is it a Positive Outcome)? - yes
- Treatment group using GLP-1RA (treatment) had 19.87% Chronic kidney disease, compared with 31.81% for control group using SGLT2i. Does treatment have causal effect to the Chronic kidney disease (is it a Positive Outcome)? - yes
- Treatment group using GLP-1RA (treatment) had 78.37% Hypertension, compared with 84.71% for control group using SGLT2i. Does treatment have causal effect to the Hypertension (is it a Positive Outcome)? - yes
- Treatment group using GLP-1RA (treatment) had 78.09% Hyperlipidemia, compared with 84.45% for control group using SGLT2i. Does treatment have causal effect to the Hyperlipidemia (is it a Positive Outcome)? - yes
- Treatment group using GLP-1RA (treatment) had 64.14% Obesity, compared with 44.50% for control group using SGLT2i. Does treatment have causal effect to the Obesity (is it a Positive Outcome)? - yes
[Your Task]
[Question]
Treatment group using GLP-1RA (treatment) had 1.16% Derangement of knee, compared with 0.62% for control group using SGLT2i. Does treatment have causal effect to the Derangement of knee (is it a Positive Outcome)?
Answer: [Your answer, ""yes"" or ""no""]",10,"Okay, so I need to figure out whether GLP-1RA treatment has a causal effect on the derangement of the knee in this context. Let me start by understanding the problem.

First, the question provides data about two treatments for type 2 diabetes: GLP-1 Receptor Agonists (GLP-1RA) and Sodium-Glucose Cotransporter-2 Inhibitors (SGLT2i). The task is to determine if these treatments causally influence a specific outcome, which in this case is the derangement of the knee. The data given includes the percentage of patients in each group who experienced this outcome.

The treatment group (GLP-1RA) had a 1.16% incidence of derangement of the knee, while the control group (SGLT2i) had 0.62%. The instructions say to judge whether the treatments causally influence the outcome, and both treatments should behave similarly—either both have a causal effect (Positive Outcome) or neither does (Negative Control Outcome).

I remember from the few-shot examples that sometimes when the treatment group has a higher percentage of an outcome, it's considered a Positive Outcome, but other times it's not. For example, in one case, when the treatment group had a higher incidence of a condition, the answer was ""yes,"" but in others, it was ""no."" So it's not just about higher or lower percentages, but whether the treatments are expected to cause that outcome.

GLP-1RA and SGLT2i are both diabetes medications, but they work differently. GLP-1RA mimics the hormone GLP-1, which helps with glucose control and can lead to weight loss and reduced appetite. SGLT2i inhibits the enzyme SGLT2 in the kidneys, which also helps lower blood glucose by reducing glucose reabsorption. Both are used to manage type 2 diabetes, but they have different side effects.

Looking at the examples provided, when the outcome was something like type 2 diabetes or other conditions, the answer was often ""yes."" But for things like ganglion cysts, deviated nasal septum, etc., the answer was ""no."" So the key is to determine if the derangement of the knee is something that would be expected to be caused by these medications.

I don't recall derangement of the knee being a common side effect of GLP-1RA or SGLT2i. These medications are more associated with issues like hypoglycemia, weight loss, or cardiovascular effects, but not necessarily with joint or knee problems. In fact, SGLT2i have been linked to increased risk of urinary tract infections and other urinary-related conditions, but not specifically knee derangement.

Since neither treatment is known to cause derangement of the knee, and the percentages are actually quite low (1.16% vs. 0.62%), it's unlikely that either treatment has a causal effect on this outcome. The low percentages suggest that it's not a common side effect, and without known mechanisms linking these drugs to knee derangement, the answer should be ""no.""
</think>

no",no
Batch3,v5,medical_questions_v5.txt,9,"Question 9
[Background]
We compare two treatments for type 2 diabetes:
- Treatment: GLP-1 Receptor Agonists (GLP-1RA)
- Control: Sodium-Glucose Cotransporter-2 Inhibitors (SGLT2i)
[Task Description]
You’ll receive an outcome and the percentage of affected patients in each group.
Decide whether these treatments have a causal effect on that outcome.
You will receive a query describing an outcome and the proportion of patients in each group who experienced it:
- One percentage for patients using GLP-1RA (treatment group).
- One percentage for patients using SGLT2i (control group).
Your task is to determine whether the treatments (GLP-1RA and SGLT2i) have a causal effect on that outcome.
[Cohort Description]
Adults with type 2 diabetes who began either GLP-1RA or SGLT2i.
All had a prior diabetes diagnosis.
GLP-1RA users: mean age 58.0, BMI 37.4.
SGLT2i users: mean age 64.6, BMI 32.8.
Charlson Comorbidity Index ≥ 3 in 65.2% (GLP-1RA) and 68.5% (SGLT2i).
[Instruction]
- Judge whether the treatments causally influence the outcome.
- Both treatments are expected to behave similarly (either both yes or both no).
- “Yes” = Positive Outcome (OOI); “No” = Negative Control Outcome (NCO).
- Reply with only “yes” or “no.”
[Few-shot examples]
- Treatment group using GLP-1RA (treatment) had 0.99% Ganglion cyst, compared with 0.44% for control group using SGLT2i. Does treatment have causal effect to the Ganglion cyst (is it a Positive Outcome)? - no
- Treatment group using GLP-1RA (treatment) had 1.79% Deviated nasal septum, compared with 1.16% for control group using SGLT2i. Does treatment have causal effect to the Deviated nasal septum (is it a Positive Outcome)? - no
- Treatment group using GLP-1RA (treatment) had 0.13% Acquired keratoderma, compared with 0.08% for control group using SGLT2i. Does treatment have causal effect to the Acquired keratoderma (is it a Positive Outcome)? - no
- Treatment group using GLP-1RA (treatment) had 1.88% Senile hyperkeratosis, compared with 1.55% for control group using SGLT2i. Does treatment have causal effect to the Senile hyperkeratosis (is it a Positive Outcome)? - no
- Treatment group using GLP-1RA (treatment) had 2.64% Nontoxic multinodular goiter, compared with 1.39% for control group using SGLT2i. Does treatment have causal effect to the Nontoxic multinodular goiter (is it a Positive Outcome)? - no
- Treatment group using GLP-1RA (treatment) had 94.81% Type 2 diabetes mellitus, compared with 96.68% for control group using SGLT2i. Does treatment have causal effect to the Type 2 diabetes mellitus (is it a Positive Outcome)? - yes
- Treatment group using GLP-1RA (treatment) had 19.87% Chronic kidney disease, compared with 31.81% for control group using SGLT2i. Does treatment have causal effect to the Chronic kidney disease (is it a Positive Outcome)? - yes
- Treatment group using GLP-1RA (treatment) had 78.37% Hypertension, compared with 84.71% for control group using SGLT2i. Does treatment have causal effect to the Hypertension (is it a Positive Outcome)? - yes
- Treatment group using GLP-1RA (treatment) had 78.09% Hyperlipidemia, compared with 84.45% for control group using SGLT2i. Does treatment have causal effect to the Hyperlipidemia (is it a Positive Outcome)? - yes
- Treatment group using GLP-1RA (treatment) had 64.14% Obesity, compared with 44.50% for control group using SGLT2i. Does treatment have causal effect to the Obesity (is it a Positive Outcome)? - yes
[Your Task]
[Question]
Treatment group using GLP-1RA (treatment) had 1.29% Calcaneal spur, compared with 0.96% for control group using SGLT2i. Does treatment have causal effect to the Calcaneal spur (is it a Positive Outcome)?
Answer: [Your answer, ""yes"" or ""no""]",1,"Okay, so I need to figure out whether GLP-1RA treatment has a causal effect on Calcaneal spur, given the data from the treatment and control groups. Let me break this down step by step.

First, I remember from the background that we're comparing two diabetes treatments: GLP-1 Receptor Agonists (GLP-1RA) and Sodium-Glucose Cotransporter-2 Inhibitors (SGLT2i). The task is to determine if either of these treatments causes a specific outcome, in this case, Calcaneal spur.

Looking at the given data, the treatment group (GLP-1RA) had 1.29% of patients experiencing Calcaneal spur, while the control group (SGLT2i) had 0.96%. So, the treatment group has a higher percentage of patients with this condition.

Now, I need to decide if this difference is due to a causal effect of GLP-1RA. One approach is to consider whether both treatments would be expected to influence Calcaneal spur in a similar way. If both treatments are likely to have the same effect, or neither, then the higher rate in GLP-1RA could be coincidental or due to another factor.

But wait, I don't have much information about Calcaneal spur in the context of diabetes medications. Calcaneal spur is a bony protrusion on the heel, often related to activities like running or chronic foot problems. In diabetes, there's a higher risk of foot complications due to neuropathy and poor circulation. However, I'm not sure how GLP-1RA or SGLT2i would directly influence the development of Calcaneal spur.

GLP-1RA works by promoting insulin secretion and suppressing glucose production, which can help with weight loss and controlling blood sugar. It might also affect other metabolic factors. SGLT2i inhibits the kidneys' reabsorption of glucose, which also helps lower blood sugar and can lead to weight loss and other benefits like reducing heart disease risk.

Since both drugs can lead to weight loss, which might indirectly affect foot health or bone structure. However, I don't know if weight loss from these medications would specifically cause Calcaneal spur. It's possible that the higher percentage in the GLP-1RA group is just a coincidence, especially since the percentages are relatively low (1.29% vs. 0.96%). 

Another consideration is confounding factors. The study mentions that GLP-1RA users have a mean age of 58.0 and BMI of 37.4, while SGLT2i users are older (64.6) and have a lower BMI (32.8). The Charlson Comorbidity Index is higher in both groups, but it's not clear if this affects the outcome.

Given that the treatment and control groups have different characteristics (age and BMI), it's possible that other factors might influence Calcaneal spur differently in each group. For example, older age might be associated with more foot problems, but SGLT2i users are older, so that could explain the higher rate in the control group. Alternatively, the lower BMI in SGLT2i users might reduce the risk of foot issues, but that doesn't align with the data.

Since the difference in the percentages isn't very large and both groups are small, it's hard to draw a definitive conclusion. Without more data on how these medications affect Calcaneal spur, it's safer to say that there's no clear causal effect based on the provided information.

So, considering all this, I think the answer is ""no"" because the data doesn't sufficiently support a causal relationship between GLP-1RA and Calcaneal spur.
</think>

no",no
Batch3,v5,medical_questions_v5.txt,9,"Question 9
[Background]
We compare two treatments for type 2 diabetes:
- Treatment: GLP-1 Receptor Agonists (GLP-1RA)
- Control: Sodium-Glucose Cotransporter-2 Inhibitors (SGLT2i)
[Task Description]
You’ll receive an outcome and the percentage of affected patients in each group.
Decide whether these treatments have a causal effect on that outcome.
You will receive a query describing an outcome and the proportion of patients in each group who experienced it:
- One percentage for patients using GLP-1RA (treatment group).
- One percentage for patients using SGLT2i (control group).
Your task is to determine whether the treatments (GLP-1RA and SGLT2i) have a causal effect on that outcome.
[Cohort Description]
Adults with type 2 diabetes who began either GLP-1RA or SGLT2i.
All had a prior diabetes diagnosis.
GLP-1RA users: mean age 58.0, BMI 37.4.
SGLT2i users: mean age 64.6, BMI 32.8.
Charlson Comorbidity Index ≥ 3 in 65.2% (GLP-1RA) and 68.5% (SGLT2i).
[Instruction]
- Judge whether the treatments causally influence the outcome.
- Both treatments are expected to behave similarly (either both yes or both no).
- “Yes” = Positive Outcome (OOI); “No” = Negative Control Outcome (NCO).
- Reply with only “yes” or “no.”
[Few-shot examples]
- Treatment group using GLP-1RA (treatment) had 0.99% Ganglion cyst, compared with 0.44% for control group using SGLT2i. Does treatment have causal effect to the Ganglion cyst (is it a Positive Outcome)? - no
- Treatment group using GLP-1RA (treatment) had 1.79% Deviated nasal septum, compared with 1.16% for control group using SGLT2i. Does treatment have causal effect to the Deviated nasal septum (is it a Positive Outcome)? - no
- Treatment group using GLP-1RA (treatment) had 0.13% Acquired keratoderma, compared with 0.08% for control group using SGLT2i. Does treatment have causal effect to the Acquired keratoderma (is it a Positive Outcome)? - no
- Treatment group using GLP-1RA (treatment) had 1.88% Senile hyperkeratosis, compared with 1.55% for control group using SGLT2i. Does treatment have causal effect to the Senile hyperkeratosis (is it a Positive Outcome)? - no
- Treatment group using GLP-1RA (treatment) had 2.64% Nontoxic multinodular goiter, compared with 1.39% for control group using SGLT2i. Does treatment have causal effect to the Nontoxic multinodular goiter (is it a Positive Outcome)? - no
- Treatment group using GLP-1RA (treatment) had 94.81% Type 2 diabetes mellitus, compared with 96.68% for control group using SGLT2i. Does treatment have causal effect to the Type 2 diabetes mellitus (is it a Positive Outcome)? - yes
- Treatment group using GLP-1RA (treatment) had 19.87% Chronic kidney disease, compared with 31.81% for control group using SGLT2i. Does treatment have causal effect to the Chronic kidney disease (is it a Positive Outcome)? - yes
- Treatment group using GLP-1RA (treatment) had 78.37% Hypertension, compared with 84.71% for control group using SGLT2i. Does treatment have causal effect to the Hypertension (is it a Positive Outcome)? - yes
- Treatment group using GLP-1RA (treatment) had 78.09% Hyperlipidemia, compared with 84.45% for control group using SGLT2i. Does treatment have causal effect to the Hyperlipidemia (is it a Positive Outcome)? - yes
- Treatment group using GLP-1RA (treatment) had 64.14% Obesity, compared with 44.50% for control group using SGLT2i. Does treatment have causal effect to the Obesity (is it a Positive Outcome)? - yes
[Your Task]
[Question]
Treatment group using GLP-1RA (treatment) had 1.29% Calcaneal spur, compared with 0.96% for control group using SGLT2i. Does treatment have causal effect to the Calcaneal spur (is it a Positive Outcome)?
Answer: [Your answer, ""yes"" or ""no""]",2,"Okay, so I'm trying to figure out whether GLP-1RA treatment has a causal effect on Calcaneal spur in the given scenario. Let me go through the information step by step.

First, the background tells me that we're comparing two diabetes treatments: GLP-1 Receptor Agonists (GLP-1RA) and Sodium-Glucose Cotransporter-2 Inhibitors (SGLT2i). The task is to determine if these treatments causally influence a specific outcome, which in this case is Calcaneal spur.

The data provided includes the percentage of patients in each group who experienced Calcaneal spur. The treatment group (GLP-1RA) had 1.29%, and the control group (SGLT2i) had 0.96%. The instruction says that if the treatment causes the outcome, the treatment group should have a higher percentage than the control group. Conversely, if it's a negative control outcome, the treatment group should have a lower percentage.

Looking at the examples provided, whenever the treatment group had a higher percentage than the control, the answer was ""yes."" For instance, in Type 2 diabetes, Chronic kidney disease, Hypertension, Hyperlipidemia, and Obesity, the treatment group had higher percentages, and the answer was ""yes."" On the other hand, when the treatment group had lower percentages, like in the examples with Ganglion cyst, Deviated nasal septum, etc., the answer was ""no.""

In this specific question, the treatment group (GLP-1RA) has 1.29%, and the control group (SGLT2i) has 0.96%. Since 1.29% is higher than 0.96%, this suggests that more patients using GLP-1RA experienced Calcaneal spur. 

However, I need to consider whether this difference is statistically significant or due to random chance. The examples don't provide statistical analysis, so I have to assume that the percentages given are sufficient for the decision. Also, the instruction mentions that both treatments are expected to behave similarly, either both yes or both no. But in this case, the treatment group has a higher percentage, which would indicate a ""yes.""

Wait, but I should think about whether Calcaneal spur is a known side effect or outcome associated with GLP-1RA. From my limited knowledge, GLP-1RA is used for diabetes management and often helps with weight loss and lowering blood glucose. Calcaneal spur is a bony growth on the heel, which can be related to diabetic complications like neuropathy or foot problems. However, I don't recall it being a direct side effect of GLP-1RA. It might be more associated with other diabetes medications or health factors, like foot ulcers or poor blood flow.

But the data shows that more patients on GLP-1RA had Calcaneal spur. If the answer is based solely on the given percentages, then yes, it's a positive outcome. However, in reality, it's unclear if this is a causal effect. Maybe it's a confounding factor related to other comorbidities. For example, both groups have different Charlson scores, but the question is whether the treatment causes it. Since the data shows a higher percentage in treatment, the answer would be ""yes"" as per the instruction, even if in reality it's unclear.
</think>

yes",yes
Batch3,v5,medical_questions_v5.txt,9,"Question 9
[Background]
We compare two treatments for type 2 diabetes:
- Treatment: GLP-1 Receptor Agonists (GLP-1RA)
- Control: Sodium-Glucose Cotransporter-2 Inhibitors (SGLT2i)
[Task Description]
You’ll receive an outcome and the percentage of affected patients in each group.
Decide whether these treatments have a causal effect on that outcome.
You will receive a query describing an outcome and the proportion of patients in each group who experienced it:
- One percentage for patients using GLP-1RA (treatment group).
- One percentage for patients using SGLT2i (control group).
Your task is to determine whether the treatments (GLP-1RA and SGLT2i) have a causal effect on that outcome.
[Cohort Description]
Adults with type 2 diabetes who began either GLP-1RA or SGLT2i.
All had a prior diabetes diagnosis.
GLP-1RA users: mean age 58.0, BMI 37.4.
SGLT2i users: mean age 64.6, BMI 32.8.
Charlson Comorbidity Index ≥ 3 in 65.2% (GLP-1RA) and 68.5% (SGLT2i).
[Instruction]
- Judge whether the treatments causally influence the outcome.
- Both treatments are expected to behave similarly (either both yes or both no).
- “Yes” = Positive Outcome (OOI); “No” = Negative Control Outcome (NCO).
- Reply with only “yes” or “no.”
[Few-shot examples]
- Treatment group using GLP-1RA (treatment) had 0.99% Ganglion cyst, compared with 0.44% for control group using SGLT2i. Does treatment have causal effect to the Ganglion cyst (is it a Positive Outcome)? - no
- Treatment group using GLP-1RA (treatment) had 1.79% Deviated nasal septum, compared with 1.16% for control group using SGLT2i. Does treatment have causal effect to the Deviated nasal septum (is it a Positive Outcome)? - no
- Treatment group using GLP-1RA (treatment) had 0.13% Acquired keratoderma, compared with 0.08% for control group using SGLT2i. Does treatment have causal effect to the Acquired keratoderma (is it a Positive Outcome)? - no
- Treatment group using GLP-1RA (treatment) had 1.88% Senile hyperkeratosis, compared with 1.55% for control group using SGLT2i. Does treatment have causal effect to the Senile hyperkeratosis (is it a Positive Outcome)? - no
- Treatment group using GLP-1RA (treatment) had 2.64% Nontoxic multinodular goiter, compared with 1.39% for control group using SGLT2i. Does treatment have causal effect to the Nontoxic multinodular goiter (is it a Positive Outcome)? - no
- Treatment group using GLP-1RA (treatment) had 94.81% Type 2 diabetes mellitus, compared with 96.68% for control group using SGLT2i. Does treatment have causal effect to the Type 2 diabetes mellitus (is it a Positive Outcome)? - yes
- Treatment group using GLP-1RA (treatment) had 19.87% Chronic kidney disease, compared with 31.81% for control group using SGLT2i. Does treatment have causal effect to the Chronic kidney disease (is it a Positive Outcome)? - yes
- Treatment group using GLP-1RA (treatment) had 78.37% Hypertension, compared with 84.71% for control group using SGLT2i. Does treatment have causal effect to the Hypertension (is it a Positive Outcome)? - yes
- Treatment group using GLP-1RA (treatment) had 78.09% Hyperlipidemia, compared with 84.45% for control group using SGLT2i. Does treatment have causal effect to the Hyperlipidemia (is it a Positive Outcome)? - yes
- Treatment group using GLP-1RA (treatment) had 64.14% Obesity, compared with 44.50% for control group using SGLT2i. Does treatment have causal effect to the Obesity (is it a Positive Outcome)? - yes
[Your Task]
[Question]
Treatment group using GLP-1RA (treatment) had 1.29% Calcaneal spur, compared with 0.96% for control group using SGLT2i. Does treatment have causal effect to the Calcaneal spur (is it a Positive Outcome)?
Answer: [Your answer, ""yes"" or ""no""]",3,"Okay, so I need to figure out whether GLP-1RA treatment has a causal effect on Calcaneal spur in this scenario. Let me start by understanding the problem.

First, the question gives me that 1.29% of GLP-1RA users developed Calcaneal spur, compared to 0.96% in the SGLT2i group. The task is to determine if this difference is due to a causal effect of GLP-1RA on Calcaneal spur.

I remember from the examples that when the treatment group has a higher percentage of an outcome, and it's considered a positive outcome, the answer is ""yes."" But I need to be careful because sometimes higher percentages could be due to other factors, not necessarily causation.

Looking at the Cohort Description, both groups have similar characteristics. They're both adults with type 2 diabetes, and they have different comorbidities. GLP-1RA users are slightly younger and have a higher BMI, while SGLT2i users are older but have a lower BMI. The Charlson score is similar, around 65-68%.

Now, I should think about what Calcaneal spur is. It's a bony protrusion on the calcaneus, often related to conditions like plantar fasciitis. In diabetes, there's an increased risk of foot complications, so maybe this is related.

GLP-1RA medications, like exenatide or liraglutide, are known to help with weight loss and improve glycemic control. They can also affect the kidneys and blood flow, which might influence other conditions.

SGLT2i inhibitors, like empagliflozin, are used to reduce glucose production and can have effects on the kidneys and blood flow as well. They are also associated with weight loss and can reduce the risk of cardiovascular events.

I need to consider whether either treatment would directly cause Calcaneal spur. From what I know, neither of these medications is specifically linked to causing bone spurs. However, both groups have diabetes, which is a risk factor for foot problems, including spurs.

The higher percentage in the GLP-1RA group could be due to other factors. Maybe the GLP-1RA group has more foot complications because of their higher BMI, which is a known risk factor for foot issues. Alternatively, perhaps the SGLT2i group has better foot care or monitoring, leading to fewer spurs.

Another angle is that the higher percentage in GLP-1RA might be a coincidence, or it could be that both treatments don't have a causal effect, but the difference is just random. However, the instruction says that both treatments are expected to behave similarly, so if one is higher, it's more likely due to the treatment.

But wait, in the examples provided, when the treatment group had a higher percentage for certain conditions, the answer was ""yes."" For instance, Type 2 diabetes was a positive outcome, which makes sense because GLP-1RA is used to manage it, so it's expected.

Similarly, Chronic kidney disease and Hypertension were considered positive outcomes because these are conditions that can be influenced by the treatments. But Calcaneal spur isn't directly a target of these medications.

I'm a bit confused here. On one hand, the higher percentage in GLP-1RA might indicate a causal effect, but on the other, Calcaneal spur isn't a known side effect of these drugs. It could be that the higher percentage is due to other factors, like higher BMI in the GLP-1RA group, which is a risk factor for foot problems.

Alternatively, maybe the SGLT2i group is more health-conscious and gets better foot care, leading to lower spurs. So, it's possible that the difference isn't causal but due to other variables.

Given that both treatments are expected to behave similarly, and if the outcome is more common in one group, it suggests a causal link. But in this case, the outcome is Calcaneal spur, which isn't directly related to the medications' mechanisms.

Hmm, maybe the answer is ""no."" Because neither treatment is known to cause Calcaneal spur, and the higher percentage might be due to other factors like BMI or comorbidities, not the treatment itself.
</think>

no",no
Batch3,v5,medical_questions_v5.txt,9,"Question 9
[Background]
We compare two treatments for type 2 diabetes:
- Treatment: GLP-1 Receptor Agonists (GLP-1RA)
- Control: Sodium-Glucose Cotransporter-2 Inhibitors (SGLT2i)
[Task Description]
You’ll receive an outcome and the percentage of affected patients in each group.
Decide whether these treatments have a causal effect on that outcome.
You will receive a query describing an outcome and the proportion of patients in each group who experienced it:
- One percentage for patients using GLP-1RA (treatment group).
- One percentage for patients using SGLT2i (control group).
Your task is to determine whether the treatments (GLP-1RA and SGLT2i) have a causal effect on that outcome.
[Cohort Description]
Adults with type 2 diabetes who began either GLP-1RA or SGLT2i.
All had a prior diabetes diagnosis.
GLP-1RA users: mean age 58.0, BMI 37.4.
SGLT2i users: mean age 64.6, BMI 32.8.
Charlson Comorbidity Index ≥ 3 in 65.2% (GLP-1RA) and 68.5% (SGLT2i).
[Instruction]
- Judge whether the treatments causally influence the outcome.
- Both treatments are expected to behave similarly (either both yes or both no).
- “Yes” = Positive Outcome (OOI); “No” = Negative Control Outcome (NCO).
- Reply with only “yes” or “no.”
[Few-shot examples]
- Treatment group using GLP-1RA (treatment) had 0.99% Ganglion cyst, compared with 0.44% for control group using SGLT2i. Does treatment have causal effect to the Ganglion cyst (is it a Positive Outcome)? - no
- Treatment group using GLP-1RA (treatment) had 1.79% Deviated nasal septum, compared with 1.16% for control group using SGLT2i. Does treatment have causal effect to the Deviated nasal septum (is it a Positive Outcome)? - no
- Treatment group using GLP-1RA (treatment) had 0.13% Acquired keratoderma, compared with 0.08% for control group using SGLT2i. Does treatment have causal effect to the Acquired keratoderma (is it a Positive Outcome)? - no
- Treatment group using GLP-1RA (treatment) had 1.88% Senile hyperkeratosis, compared with 1.55% for control group using SGLT2i. Does treatment have causal effect to the Senile hyperkeratosis (is it a Positive Outcome)? - no
- Treatment group using GLP-1RA (treatment) had 2.64% Nontoxic multinodular goiter, compared with 1.39% for control group using SGLT2i. Does treatment have causal effect to the Nontoxic multinodular goiter (is it a Positive Outcome)? - no
- Treatment group using GLP-1RA (treatment) had 94.81% Type 2 diabetes mellitus, compared with 96.68% for control group using SGLT2i. Does treatment have causal effect to the Type 2 diabetes mellitus (is it a Positive Outcome)? - yes
- Treatment group using GLP-1RA (treatment) had 19.87% Chronic kidney disease, compared with 31.81% for control group using SGLT2i. Does treatment have causal effect to the Chronic kidney disease (is it a Positive Outcome)? - yes
- Treatment group using GLP-1RA (treatment) had 78.37% Hypertension, compared with 84.71% for control group using SGLT2i. Does treatment have causal effect to the Hypertension (is it a Positive Outcome)? - yes
- Treatment group using GLP-1RA (treatment) had 78.09% Hyperlipidemia, compared with 84.45% for control group using SGLT2i. Does treatment have causal effect to the Hyperlipidemia (is it a Positive Outcome)? - yes
- Treatment group using GLP-1RA (treatment) had 64.14% Obesity, compared with 44.50% for control group using SGLT2i. Does treatment have causal effect to the Obesity (is it a Positive Outcome)? - yes
[Your Task]
[Question]
Treatment group using GLP-1RA (treatment) had 1.29% Calcaneal spur, compared with 0.96% for control group using SGLT2i. Does treatment have causal effect to the Calcaneal spur (is it a Positive Outcome)?
Answer: [Your answer, ""yes"" or ""no""]",4,"Okay, so I'm trying to figure out whether GLP-1RA treatments have a causal effect on Calcaneal spur based on the given percentages. Let me break this down step by step.

First, the question tells me that the treatment group using GLP-1RA has a 1.29% incidence of Calcaneal spur, while the control group using SGLT2i has 0.96%. I need to determine if this difference is due to a causal effect of GLP-1RA on Calcaneal spur.

Looking at the background, both treatments are being compared in adults with type 2 diabetes. The GLP-1RA group has a mean age of 58.0 and a BMI of 37.4, while the SGLT2i group is older (64.6) and has a lower BMI (32.8). The Charlson Comorbidity Index is higher in the SGLT2i group, which might indicate more comorbidities.

I remember from the examples that when the treatment group has a higher percentage of an outcome, it's considered a positive outcome if the treatment is causal. For instance, in the Type 2 diabetes example, the treatment group had a slightly lower rate (94.81%) compared to the control (96.68%), but it was still considered a positive outcome. However, in most other examples, the treatment group had higher rates, which were also considered positive outcomes.

In this case, the treatment group (GLP-1RA) has a higher percentage (1.29%) compared to the control (0.96%). Following the examples, this would suggest that the treatment has a causal effect, meaning it's a positive outcome. Therefore, the answer should be ""yes.""
</think>

The treatment group using GLP-1RA has a higher incidence of Calcaneal spur compared to the control group. Based on previous examples, this indicates a positive outcome, suggesting a causal effect. 

Answer: yes",
Batch3,v5,medical_questions_v5.txt,9,"Question 9
[Background]
We compare two treatments for type 2 diabetes:
- Treatment: GLP-1 Receptor Agonists (GLP-1RA)
- Control: Sodium-Glucose Cotransporter-2 Inhibitors (SGLT2i)
[Task Description]
You’ll receive an outcome and the percentage of affected patients in each group.
Decide whether these treatments have a causal effect on that outcome.
You will receive a query describing an outcome and the proportion of patients in each group who experienced it:
- One percentage for patients using GLP-1RA (treatment group).
- One percentage for patients using SGLT2i (control group).
Your task is to determine whether the treatments (GLP-1RA and SGLT2i) have a causal effect on that outcome.
[Cohort Description]
Adults with type 2 diabetes who began either GLP-1RA or SGLT2i.
All had a prior diabetes diagnosis.
GLP-1RA users: mean age 58.0, BMI 37.4.
SGLT2i users: mean age 64.6, BMI 32.8.
Charlson Comorbidity Index ≥ 3 in 65.2% (GLP-1RA) and 68.5% (SGLT2i).
[Instruction]
- Judge whether the treatments causally influence the outcome.
- Both treatments are expected to behave similarly (either both yes or both no).
- “Yes” = Positive Outcome (OOI); “No” = Negative Control Outcome (NCO).
- Reply with only “yes” or “no.”
[Few-shot examples]
- Treatment group using GLP-1RA (treatment) had 0.99% Ganglion cyst, compared with 0.44% for control group using SGLT2i. Does treatment have causal effect to the Ganglion cyst (is it a Positive Outcome)? - no
- Treatment group using GLP-1RA (treatment) had 1.79% Deviated nasal septum, compared with 1.16% for control group using SGLT2i. Does treatment have causal effect to the Deviated nasal septum (is it a Positive Outcome)? - no
- Treatment group using GLP-1RA (treatment) had 0.13% Acquired keratoderma, compared with 0.08% for control group using SGLT2i. Does treatment have causal effect to the Acquired keratoderma (is it a Positive Outcome)? - no
- Treatment group using GLP-1RA (treatment) had 1.88% Senile hyperkeratosis, compared with 1.55% for control group using SGLT2i. Does treatment have causal effect to the Senile hyperkeratosis (is it a Positive Outcome)? - no
- Treatment group using GLP-1RA (treatment) had 2.64% Nontoxic multinodular goiter, compared with 1.39% for control group using SGLT2i. Does treatment have causal effect to the Nontoxic multinodular goiter (is it a Positive Outcome)? - no
- Treatment group using GLP-1RA (treatment) had 94.81% Type 2 diabetes mellitus, compared with 96.68% for control group using SGLT2i. Does treatment have causal effect to the Type 2 diabetes mellitus (is it a Positive Outcome)? - yes
- Treatment group using GLP-1RA (treatment) had 19.87% Chronic kidney disease, compared with 31.81% for control group using SGLT2i. Does treatment have causal effect to the Chronic kidney disease (is it a Positive Outcome)? - yes
- Treatment group using GLP-1RA (treatment) had 78.37% Hypertension, compared with 84.71% for control group using SGLT2i. Does treatment have causal effect to the Hypertension (is it a Positive Outcome)? - yes
- Treatment group using GLP-1RA (treatment) had 78.09% Hyperlipidemia, compared with 84.45% for control group using SGLT2i. Does treatment have causal effect to the Hyperlipidemia (is it a Positive Outcome)? - yes
- Treatment group using GLP-1RA (treatment) had 64.14% Obesity, compared with 44.50% for control group using SGLT2i. Does treatment have causal effect to the Obesity (is it a Positive Outcome)? - yes
[Your Task]
[Question]
Treatment group using GLP-1RA (treatment) had 1.29% Calcaneal spur, compared with 0.96% for control group using SGLT2i. Does treatment have causal effect to the Calcaneal spur (is it a Positive Outcome)?
Answer: [Your answer, ""yes"" or ""no""]",5,"Okay, so I need to figure out whether GLP-1RA treatment has a causal effect on Calcaneal spur, given the data from the treatment and control groups. 

First, I should understand the context. Both GLP-1RA and SGLT2i are diabetes medications. The study includes adults with type 2 diabetes who started either GLP-1RA or SGLT2i. 

Looking at the numbers, the treatment group using GLP-1RA has 1.29% of patients experiencing Calcaneal spur, while the control group using SGLT2i has 0.96%. 

I remember from the examples provided that when the treatment group has a higher percentage than the control, it's considered a Positive Outcome (yes). Conversely, if the control group has a higher percentage, it's a Negative Outcome (no). 

In the examples given, like the one with Type 2 diabetes, even though both groups had similar high percentages, it was considered a Positive Outcome because the treatment group was slightly higher. So, the key here is whether the treatment group's percentage is higher than the control.

In this case, 1.29% vs. 0.96%. The treatment group has a higher percentage. So, following the examples, that would indicate a Positive Outcome, meaning the treatment has a causal effect.

I should also consider other factors like age, BMI, and comorbidities. The GLP-1RA users are slightly younger and have a higher BMI compared to SGLT2i users. They also have a slightly lower Charlson Comorbidity Index. These factors might influence the outcome, but the question is whether the treatment itself causes the Calcaneal spur. Since the GLP-1RA group has a higher incidence, it suggests that the treatment could be contributing, even if other factors are at play.

However, without more data or a more rigorous study design, it's hard to rule out other confounding variables. But based on the given information and the pattern from previous examples, I think the answer would lean towards yes.
</think>

yes",yes
Batch3,v5,medical_questions_v5.txt,9,"Question 9
[Background]
We compare two treatments for type 2 diabetes:
- Treatment: GLP-1 Receptor Agonists (GLP-1RA)
- Control: Sodium-Glucose Cotransporter-2 Inhibitors (SGLT2i)
[Task Description]
You’ll receive an outcome and the percentage of affected patients in each group.
Decide whether these treatments have a causal effect on that outcome.
You will receive a query describing an outcome and the proportion of patients in each group who experienced it:
- One percentage for patients using GLP-1RA (treatment group).
- One percentage for patients using SGLT2i (control group).
Your task is to determine whether the treatments (GLP-1RA and SGLT2i) have a causal effect on that outcome.
[Cohort Description]
Adults with type 2 diabetes who began either GLP-1RA or SGLT2i.
All had a prior diabetes diagnosis.
GLP-1RA users: mean age 58.0, BMI 37.4.
SGLT2i users: mean age 64.6, BMI 32.8.
Charlson Comorbidity Index ≥ 3 in 65.2% (GLP-1RA) and 68.5% (SGLT2i).
[Instruction]
- Judge whether the treatments causally influence the outcome.
- Both treatments are expected to behave similarly (either both yes or both no).
- “Yes” = Positive Outcome (OOI); “No” = Negative Control Outcome (NCO).
- Reply with only “yes” or “no.”
[Few-shot examples]
- Treatment group using GLP-1RA (treatment) had 0.99% Ganglion cyst, compared with 0.44% for control group using SGLT2i. Does treatment have causal effect to the Ganglion cyst (is it a Positive Outcome)? - no
- Treatment group using GLP-1RA (treatment) had 1.79% Deviated nasal septum, compared with 1.16% for control group using SGLT2i. Does treatment have causal effect to the Deviated nasal septum (is it a Positive Outcome)? - no
- Treatment group using GLP-1RA (treatment) had 0.13% Acquired keratoderma, compared with 0.08% for control group using SGLT2i. Does treatment have causal effect to the Acquired keratoderma (is it a Positive Outcome)? - no
- Treatment group using GLP-1RA (treatment) had 1.88% Senile hyperkeratosis, compared with 1.55% for control group using SGLT2i. Does treatment have causal effect to the Senile hyperkeratosis (is it a Positive Outcome)? - no
- Treatment group using GLP-1RA (treatment) had 2.64% Nontoxic multinodular goiter, compared with 1.39% for control group using SGLT2i. Does treatment have causal effect to the Nontoxic multinodular goiter (is it a Positive Outcome)? - no
- Treatment group using GLP-1RA (treatment) had 94.81% Type 2 diabetes mellitus, compared with 96.68% for control group using SGLT2i. Does treatment have causal effect to the Type 2 diabetes mellitus (is it a Positive Outcome)? - yes
- Treatment group using GLP-1RA (treatment) had 19.87% Chronic kidney disease, compared with 31.81% for control group using SGLT2i. Does treatment have causal effect to the Chronic kidney disease (is it a Positive Outcome)? - yes
- Treatment group using GLP-1RA (treatment) had 78.37% Hypertension, compared with 84.71% for control group using SGLT2i. Does treatment have causal effect to the Hypertension (is it a Positive Outcome)? - yes
- Treatment group using GLP-1RA (treatment) had 78.09% Hyperlipidemia, compared with 84.45% for control group using SGLT2i. Does treatment have causal effect to the Hyperlipidemia (is it a Positive Outcome)? - yes
- Treatment group using GLP-1RA (treatment) had 64.14% Obesity, compared with 44.50% for control group using SGLT2i. Does treatment have causal effect to the Obesity (is it a Positive Outcome)? - yes
[Your Task]
[Question]
Treatment group using GLP-1RA (treatment) had 1.29% Calcaneal spur, compared with 0.96% for control group using SGLT2i. Does treatment have causal effect to the Calcaneal spur (is it a Positive Outcome)?
Answer: [Your answer, ""yes"" or ""no""]",6,"Alright, let's try to figure this out. So, the question is about whether GLP-1RA treatment has a causal effect on Calcaneal spur, given that 1.29% of GLP-1RA users had it compared to 0.96% in the SGLT2i group. 

First, I need to understand what Calcaneal spur is. From what I remember, it's a bony growth on the calcaneus, the heel bone, often related to conditions like plantar fasciitis. It's a common issue in athletes and people with foot problems.

Now, GLP-1RA is a class of drugs that help with type 2 diabetes by aiding in weight loss and glucose control. They work by increasing the release of insulin and slowing down glucose absorption. They're also associated with some side effects, but I don't recall Calcaneal spur being a common one. 

On the other hand, SGLT2i inhibitors are another class used for type 2 diabetes, often with similar benefits but different side effects. They can cause urinary tract infections and ketoacidosis in rare cases, but again, Calcaneal spur doesn't immediately come to mind as a typical side effect.

Looking at the example given in the background, when the treatment group had a higher percentage for a specific outcome, sometimes it was considered a positive outcome, like Type 2 diabetes or Chronic kidney disease. For instance, when the treatment group had 19.87% Chronic kidney disease vs. 31.81% in control, it was a yes. Similarly, for Obesity, the treatment group had a higher rate, so it was also yes.

But in other cases, like Ganglion cyst, the treatment group had a slightly higher percentage, but it was still considered a no. The reasoning there was that it's not a condition directly related to the treatment's mechanism. So, if the outcome isn't something the treatment should affect, even if the percentage is higher, it's not causal.

So, applying that logic here, we need to see if Calcaneal spur is something that GLP-1RA would cause. Since it's a bone spur, specifically in the heel, and GLP-1RA's main functions are related to glucose and weight, there's no direct link. The drugs don't typically cause bone spurs. 

Moreover, SGLT2i is known to have different side effects, such as increased urination leading to urinary tract infections, but not bone spurs. So, neither treatment is known to cause Calcaneal spur. 

Therefore, even though the treatment group has a slightly higher rate, it's not due to the treatment. It's probably just a coincidence or due to other factors not controlled for, like differences in comorbidities or other health issues between the groups.

So, the answer should be no because the treatments don't causally influence Calcaneal spur.
</think>

no",no
Batch3,v5,medical_questions_v5.txt,9,"Question 9
[Background]
We compare two treatments for type 2 diabetes:
- Treatment: GLP-1 Receptor Agonists (GLP-1RA)
- Control: Sodium-Glucose Cotransporter-2 Inhibitors (SGLT2i)
[Task Description]
You’ll receive an outcome and the percentage of affected patients in each group.
Decide whether these treatments have a causal effect on that outcome.
You will receive a query describing an outcome and the proportion of patients in each group who experienced it:
- One percentage for patients using GLP-1RA (treatment group).
- One percentage for patients using SGLT2i (control group).
Your task is to determine whether the treatments (GLP-1RA and SGLT2i) have a causal effect on that outcome.
[Cohort Description]
Adults with type 2 diabetes who began either GLP-1RA or SGLT2i.
All had a prior diabetes diagnosis.
GLP-1RA users: mean age 58.0, BMI 37.4.
SGLT2i users: mean age 64.6, BMI 32.8.
Charlson Comorbidity Index ≥ 3 in 65.2% (GLP-1RA) and 68.5% (SGLT2i).
[Instruction]
- Judge whether the treatments causally influence the outcome.
- Both treatments are expected to behave similarly (either both yes or both no).
- “Yes” = Positive Outcome (OOI); “No” = Negative Control Outcome (NCO).
- Reply with only “yes” or “no.”
[Few-shot examples]
- Treatment group using GLP-1RA (treatment) had 0.99% Ganglion cyst, compared with 0.44% for control group using SGLT2i. Does treatment have causal effect to the Ganglion cyst (is it a Positive Outcome)? - no
- Treatment group using GLP-1RA (treatment) had 1.79% Deviated nasal septum, compared with 1.16% for control group using SGLT2i. Does treatment have causal effect to the Deviated nasal septum (is it a Positive Outcome)? - no
- Treatment group using GLP-1RA (treatment) had 0.13% Acquired keratoderma, compared with 0.08% for control group using SGLT2i. Does treatment have causal effect to the Acquired keratoderma (is it a Positive Outcome)? - no
- Treatment group using GLP-1RA (treatment) had 1.88% Senile hyperkeratosis, compared with 1.55% for control group using SGLT2i. Does treatment have causal effect to the Senile hyperkeratosis (is it a Positive Outcome)? - no
- Treatment group using GLP-1RA (treatment) had 2.64% Nontoxic multinodular goiter, compared with 1.39% for control group using SGLT2i. Does treatment have causal effect to the Nontoxic multinodular goiter (is it a Positive Outcome)? - no
- Treatment group using GLP-1RA (treatment) had 94.81% Type 2 diabetes mellitus, compared with 96.68% for control group using SGLT2i. Does treatment have causal effect to the Type 2 diabetes mellitus (is it a Positive Outcome)? - yes
- Treatment group using GLP-1RA (treatment) had 19.87% Chronic kidney disease, compared with 31.81% for control group using SGLT2i. Does treatment have causal effect to the Chronic kidney disease (is it a Positive Outcome)? - yes
- Treatment group using GLP-1RA (treatment) had 78.37% Hypertension, compared with 84.71% for control group using SGLT2i. Does treatment have causal effect to the Hypertension (is it a Positive Outcome)? - yes
- Treatment group using GLP-1RA (treatment) had 78.09% Hyperlipidemia, compared with 84.45% for control group using SGLT2i. Does treatment have causal effect to the Hyperlipidemia (is it a Positive Outcome)? - yes
- Treatment group using GLP-1RA (treatment) had 64.14% Obesity, compared with 44.50% for control group using SGLT2i. Does treatment have causal effect to the Obesity (is it a Positive Outcome)? - yes
[Your Task]
[Question]
Treatment group using GLP-1RA (treatment) had 1.29% Calcaneal spur, compared with 0.96% for control group using SGLT2i. Does treatment have causal effect to the Calcaneal spur (is it a Positive Outcome)?
Answer: [Your answer, ""yes"" or ""no""]",7,"Okay, so I have this question about whether GLP-1 Receptor Agonists (GLP-1RA) have a causal effect on Calcaneal spur compared to Sodium-Glucose Cotransporter-2 Inhibitors (SGLT2i) in type 2 diabetes patients. Let me think through this step by step.

First, I need to understand what the question is asking. It's giving me the percentage of patients in each group who experienced Calcaneal spur. The treatment group using GLP-1RA had 1.29%, and the control group using SGLT2i had 0.96%. I have to determine if this difference is causal, meaning that GLP-1RA actually causes the Calcaneal spur, or if it's just a coincidence or due to other factors.

Looking at the background, both treatments are being compared in adults with type 2 diabetes. They have similar characteristics, like age, BMI, and comorbidities. The GLP-1RA group has a slightly lower BMI, but that might be due to other factors. Both groups have high Charlson scores, indicating significant comorbidities.

I remember from the examples provided that if the treatment group has a higher percentage of an outcome, it's considered a positive outcome if the treatment causes it. For instance, if the treatment group had a higher incidence of a condition that's expected to be better with the treatment, that's a positive outcome. However, in this case, the treatment group actually has a higher percentage (1.29%) compared to the control (0.96%), which suggests that GLP-1RA might be associated with more Calcaneal spurs.

But wait, the examples given include both ""yes"" and ""no"" answers. The ones that are ""yes"" are conditions that are expected to improve with treatment, like better glycemic control or cardiovascular outcomes. Conditions that are not related to the treatments are more likely to be ""no.""

Now, what is Calcaneal spur? It's a bony growth on the calcaneus, often related to chronic inflammation or conditions like Achilles tendinitis. I'm not sure how GLP-1RA or SGLT2i would directly influence this. GLP-1RA is known to help with weight loss, lower blood glucose, and might affect inflammation, but it's not directly linked to causing Calcaneal spurs. SGLT2i also helps with blood glucose and might affect other aspects, but again, I don't see a direct link to Calcaneal spurs.

Given that both treatments are for diabetes management and don't specifically target bone or joint issues, the higher incidence in the GLP-1RA group might be a coincidence. It could be due to other factors, like differences in patient populations or other comorbid conditions that influence Calcaneal spur development.

Looking at the examples, when the treatment group had a higher incidence of a condition unrelated to the treatment's mechanism, the answer was ""no."" Since Calcaneal spur isn't directly related to the treatments' primary actions, the higher percentage might not be causal. Therefore, the answer should be ""no.""
</think>

no",no
Batch3,v5,medical_questions_v5.txt,9,"Question 9
[Background]
We compare two treatments for type 2 diabetes:
- Treatment: GLP-1 Receptor Agonists (GLP-1RA)
- Control: Sodium-Glucose Cotransporter-2 Inhibitors (SGLT2i)
[Task Description]
You’ll receive an outcome and the percentage of affected patients in each group.
Decide whether these treatments have a causal effect on that outcome.
You will receive a query describing an outcome and the proportion of patients in each group who experienced it:
- One percentage for patients using GLP-1RA (treatment group).
- One percentage for patients using SGLT2i (control group).
Your task is to determine whether the treatments (GLP-1RA and SGLT2i) have a causal effect on that outcome.
[Cohort Description]
Adults with type 2 diabetes who began either GLP-1RA or SGLT2i.
All had a prior diabetes diagnosis.
GLP-1RA users: mean age 58.0, BMI 37.4.
SGLT2i users: mean age 64.6, BMI 32.8.
Charlson Comorbidity Index ≥ 3 in 65.2% (GLP-1RA) and 68.5% (SGLT2i).
[Instruction]
- Judge whether the treatments causally influence the outcome.
- Both treatments are expected to behave similarly (either both yes or both no).
- “Yes” = Positive Outcome (OOI); “No” = Negative Control Outcome (NCO).
- Reply with only “yes” or “no.”
[Few-shot examples]
- Treatment group using GLP-1RA (treatment) had 0.99% Ganglion cyst, compared with 0.44% for control group using SGLT2i. Does treatment have causal effect to the Ganglion cyst (is it a Positive Outcome)? - no
- Treatment group using GLP-1RA (treatment) had 1.79% Deviated nasal septum, compared with 1.16% for control group using SGLT2i. Does treatment have causal effect to the Deviated nasal septum (is it a Positive Outcome)? - no
- Treatment group using GLP-1RA (treatment) had 0.13% Acquired keratoderma, compared with 0.08% for control group using SGLT2i. Does treatment have causal effect to the Acquired keratoderma (is it a Positive Outcome)? - no
- Treatment group using GLP-1RA (treatment) had 1.88% Senile hyperkeratosis, compared with 1.55% for control group using SGLT2i. Does treatment have causal effect to the Senile hyperkeratosis (is it a Positive Outcome)? - no
- Treatment group using GLP-1RA (treatment) had 2.64% Nontoxic multinodular goiter, compared with 1.39% for control group using SGLT2i. Does treatment have causal effect to the Nontoxic multinodular goiter (is it a Positive Outcome)? - no
- Treatment group using GLP-1RA (treatment) had 94.81% Type 2 diabetes mellitus, compared with 96.68% for control group using SGLT2i. Does treatment have causal effect to the Type 2 diabetes mellitus (is it a Positive Outcome)? - yes
- Treatment group using GLP-1RA (treatment) had 19.87% Chronic kidney disease, compared with 31.81% for control group using SGLT2i. Does treatment have causal effect to the Chronic kidney disease (is it a Positive Outcome)? - yes
- Treatment group using GLP-1RA (treatment) had 78.37% Hypertension, compared with 84.71% for control group using SGLT2i. Does treatment have causal effect to the Hypertension (is it a Positive Outcome)? - yes
- Treatment group using GLP-1RA (treatment) had 78.09% Hyperlipidemia, compared with 84.45% for control group using SGLT2i. Does treatment have causal effect to the Hyperlipidemia (is it a Positive Outcome)? - yes
- Treatment group using GLP-1RA (treatment) had 64.14% Obesity, compared with 44.50% for control group using SGLT2i. Does treatment have causal effect to the Obesity (is it a Positive Outcome)? - yes
[Your Task]
[Question]
Treatment group using GLP-1RA (treatment) had 1.29% Calcaneal spur, compared with 0.96% for control group using SGLT2i. Does treatment have causal effect to the Calcaneal spur (is it a Positive Outcome)?
Answer: [Your answer, ""yes"" or ""no""]",8,"Okay, so I have this question about whether GLP-1 Receptor Agonists (GLP-1RA) have a causal effect on Calcaneal spur in patients with type 2 diabetes. The data given is that 1.29% of GLP-1RA users developed Calcaneal spur, compared to 0.96% in the control group using SGLT2i inhibitors. 

First, I need to understand what Calcaneal spur is. From what I remember, Calcaneal spur is a bony growth on the calcaneus (heel bone), often related to chronic inflammation or conditions like Achilles tendinitis. It's a common issue in athletes, but can also occur due to long-standing diabetes or other systemic conditions.

Now, looking at the task, I have to determine if the treatment (GLP-1RA) causally influences the outcome (Calcaneal spur). The instruction says that both treatments are expected to behave similarly, meaning if GLP-1RA has a causal effect, SGLT2i should also have a similar effect, or neither should if there's no causal relationship. 

The example provided in the few-shot examples showed that when the treatment group had a higher percentage of a certain outcome, it was considered a Positive Outcome, and thus the treatment had a causal effect. However, when the control group had a lower percentage, the treatment didn't have a causal effect. 

In this question, the treatment group (GLP-1RA) has a higher percentage (1.29%) compared to the control (0.96%). According to the examples, when the treatment group had a higher percentage, the answer was ""yes,"" implying a causal effect. 

But wait, in the examples, sometimes the outcome was expected. For instance, in the Type 2 diabetes example, it was a Positive Outcome because both groups had high percentages, but the treatment group was slightly lower, so it was considered a Positive Outcome. However, in the more recent examples, like Ganglion cyst, the treatment group had a slightly higher percentage, but the answer was ""no."" Hmm, maybe I need to look more carefully.

Wait, the first example: GLP-1RA had 0.99%, control had 0.44%. The answer was ""no."" So when the treatment group had a higher percentage, the answer was ""no."" The second example: treatment had 1.79%, control 1.16%, answer was ""no."" Third example: treatment 0.13%, control 0.08%, answer ""no."" Fourth: treatment 1.88%, control 1.55%, answer ""no."" So in all these cases, when the treatment group had a higher percentage, the answer was ""no."" 

Wait, but in the later examples, like Type 2 diabetes, the treatment group had 94.81%, control 96.68%, and the answer was ""yes."" So maybe when the treatment group has a lower percentage, it's a Positive Outcome? Or maybe it's about whether the outcome is an expected side effect.

Wait, in the Type 2 diabetes example, both treatments are for diabetes, so the high percentage is expected, and it's considered a Positive Outcome. Similarly, in the other examples like Chronic kidney disease, Hypertension, Hyperlipidemia, and Obesity, the treatment group had lower percentages, and the answer was ""yes,"" implying that the treatment reduces the risk or incidence, so it's a Positive Outcome.

In the current question, Calcaneal spur is not a typical expected outcome of GLP-1RA or SGLT2i treatment. Both GLP-1RA and SGLT2i are used to manage type 2 diabetes, but they don't directly cause Calcaneal spur. They might be associated with other conditions like weight loss, which could indirectly lead to Calcaneal spur, but that's speculative.

Given that the example where the treatment group had a lower percentage for Chronic kidney disease was a Positive Outcome, I think the key is whether the outcome is a known side effect or associated condition of the treatment. Since Calcaneal spur isn't a known side effect of either GLP-1RA or SGLT2i, the higher percentage in the treatment group might be a coincidence or due to another factor, like more monitoring or different patient populations.

Alternatively, considering that both treatments might influence the same underlying factors that could lead to Calcaneal spur, but since the data shows a higher percentage in the treatment group, it could be a Positive Outcome if it's a side effect, but given that Calcaneal spur isn't a typical diabetes-related complication, it's more likely that the difference is due to other factors, making it a Negative Control Outcome.

Wait, but in the examples, when the treatment group had a higher percentage, it was ""no,"" and when it had a lower, it was ""yes."" So in this case, treatment group has a higher percentage, so it's a Negative Control Outcome, meaning no causal effect.

But I'm a bit confused. Let me try to structure this:

- If the outcome is a Positive Outcome (i.e., the treatment causes it), then the treatment group should have a higher incidence.
- If the outcome is a Negative Control Outcome (i.e., the treatment does not cause it), then the treatment group should have a lower incidence.

In the examples where the treatment group had a higher percentage, the answer was ""no,"" meaning no causal effect. So, in this case, since GLP-1RA has a higher percentage (1.29% vs 0.96%), it's a Negative Control Outcome, so the answer is ""no.""

Alternatively, maybe it's about the direction of the effect. If the treatment reduces the outcome, it's a Positive Outcome. But in this case, the treatment group has a higher percentage, which might not be a desired outcome.

Wait, but in the Type 2 diabetes example, both groups had high percentages, and the treatment group had a slightly lower, which was considered a Positive Outcome. So maybe when the treatment group has a lower percentage, it's a Positive Outcome because it's better, but when it's higher, it's a Negative Outcome.

Alternatively, perhaps the key is that if the outcome is an adverse event or a positive effect, but given that Calcaneal spur isn't a typical outcome for these treatments, the higher percentage might be a Negative Control Outcome.

I think I need to go with the pattern from the examples. In the first few examples, when the treatment group had a higher percentage, the answer was ""no."" So in this case, since GLP-1RA has a higher percentage for Calcaneal spur, the answer is ""no,"" meaning no causal effect.
</think>

no",no
Batch3,v5,medical_questions_v5.txt,9,"Question 9
[Background]
We compare two treatments for type 2 diabetes:
- Treatment: GLP-1 Receptor Agonists (GLP-1RA)
- Control: Sodium-Glucose Cotransporter-2 Inhibitors (SGLT2i)
[Task Description]
You’ll receive an outcome and the percentage of affected patients in each group.
Decide whether these treatments have a causal effect on that outcome.
You will receive a query describing an outcome and the proportion of patients in each group who experienced it:
- One percentage for patients using GLP-1RA (treatment group).
- One percentage for patients using SGLT2i (control group).
Your task is to determine whether the treatments (GLP-1RA and SGLT2i) have a causal effect on that outcome.
[Cohort Description]
Adults with type 2 diabetes who began either GLP-1RA or SGLT2i.
All had a prior diabetes diagnosis.
GLP-1RA users: mean age 58.0, BMI 37.4.
SGLT2i users: mean age 64.6, BMI 32.8.
Charlson Comorbidity Index ≥ 3 in 65.2% (GLP-1RA) and 68.5% (SGLT2i).
[Instruction]
- Judge whether the treatments causally influence the outcome.
- Both treatments are expected to behave similarly (either both yes or both no).
- “Yes” = Positive Outcome (OOI); “No” = Negative Control Outcome (NCO).
- Reply with only “yes” or “no.”
[Few-shot examples]
- Treatment group using GLP-1RA (treatment) had 0.99% Ganglion cyst, compared with 0.44% for control group using SGLT2i. Does treatment have causal effect to the Ganglion cyst (is it a Positive Outcome)? - no
- Treatment group using GLP-1RA (treatment) had 1.79% Deviated nasal septum, compared with 1.16% for control group using SGLT2i. Does treatment have causal effect to the Deviated nasal septum (is it a Positive Outcome)? - no
- Treatment group using GLP-1RA (treatment) had 0.13% Acquired keratoderma, compared with 0.08% for control group using SGLT2i. Does treatment have causal effect to the Acquired keratoderma (is it a Positive Outcome)? - no
- Treatment group using GLP-1RA (treatment) had 1.88% Senile hyperkeratosis, compared with 1.55% for control group using SGLT2i. Does treatment have causal effect to the Senile hyperkeratosis (is it a Positive Outcome)? - no
- Treatment group using GLP-1RA (treatment) had 2.64% Nontoxic multinodular goiter, compared with 1.39% for control group using SGLT2i. Does treatment have causal effect to the Nontoxic multinodular goiter (is it a Positive Outcome)? - no
- Treatment group using GLP-1RA (treatment) had 94.81% Type 2 diabetes mellitus, compared with 96.68% for control group using SGLT2i. Does treatment have causal effect to the Type 2 diabetes mellitus (is it a Positive Outcome)? - yes
- Treatment group using GLP-1RA (treatment) had 19.87% Chronic kidney disease, compared with 31.81% for control group using SGLT2i. Does treatment have causal effect to the Chronic kidney disease (is it a Positive Outcome)? - yes
- Treatment group using GLP-1RA (treatment) had 78.37% Hypertension, compared with 84.71% for control group using SGLT2i. Does treatment have causal effect to the Hypertension (is it a Positive Outcome)? - yes
- Treatment group using GLP-1RA (treatment) had 78.09% Hyperlipidemia, compared with 84.45% for control group using SGLT2i. Does treatment have causal effect to the Hyperlipidemia (is it a Positive Outcome)? - yes
- Treatment group using GLP-1RA (treatment) had 64.14% Obesity, compared with 44.50% for control group using SGLT2i. Does treatment have causal effect to the Obesity (is it a Positive Outcome)? - yes
[Your Task]
[Question]
Treatment group using GLP-1RA (treatment) had 1.29% Calcaneal spur, compared with 0.96% for control group using SGLT2i. Does treatment have causal effect to the Calcaneal spur (is it a Positive Outcome)?
Answer: [Your answer, ""yes"" or ""no""]",9,"Okay, so I'm trying to figure out whether GLP-1RA treatment has a causal effect on Calcaneal spur in type 2 diabetes patients. From the examples provided, I can see that the task is to determine if the treatment group's higher percentage of an outcome indicates causation. 

Looking at the examples, when the treatment group had a higher percentage than the control, it was often considered a Positive Outcome, meaning the treatment caused it. For instance, in the case of Type 2 diabetes, the treatment group had a slightly lower rate (94.81%) compared to the control (96.68%), and the answer was ""yes"". Similarly, for Chronic kidney disease, the treatment group had 19.87% versus 31.81% in control, and it was also ""yes"". 

However, in the first example, the treatment group had a higher percentage for Ganglion cyst (0.99% vs 0.44%), but the answer was ""no"". That suggests that just having a higher percentage doesn't always mean causation. Maybe because the outcome is more influenced by other factors. 

Now, in this specific question, the treatment group has 1.29% Calcaneal spur, and the control has 0.96%. So the treatment group is slightly higher. But I need to consider whether this is a known side effect of GLP-1RA. From what I know, GLP-1RAs are usually associated with weight loss and can cause hypoglycemia when used with SGLT2i. But Calcaneal spur is a specific bone condition. I don't recall it being a common side effect of GLP-1RA. 

Additionally, the examples where the treatment group had a higher percentage were often for things like obesity, hypertension, hyperlipidemia, which are more directly related to the medications' effects. Calcaneal spur seems less likely to be caused by GLP-1RA. 

Also, considering the comorbidities, both groups have similar Charlson scores, so that might not influence it much. The age and BMI are different, but the outcome is a specific bone condition, which might not be related to the treatments in a causal way. 

So, putting it all together, even though the treatment group has a slightly higher percentage, it's unlikely that GLP-1RA causes Calcaneal spur. Therefore, the answer should be ""no"".
</think>

no",no
Batch3,v5,medical_questions_v5.txt,9,"Question 9
[Background]
We compare two treatments for type 2 diabetes:
- Treatment: GLP-1 Receptor Agonists (GLP-1RA)
- Control: Sodium-Glucose Cotransporter-2 Inhibitors (SGLT2i)
[Task Description]
You’ll receive an outcome and the percentage of affected patients in each group.
Decide whether these treatments have a causal effect on that outcome.
You will receive a query describing an outcome and the proportion of patients in each group who experienced it:
- One percentage for patients using GLP-1RA (treatment group).
- One percentage for patients using SGLT2i (control group).
Your task is to determine whether the treatments (GLP-1RA and SGLT2i) have a causal effect on that outcome.
[Cohort Description]
Adults with type 2 diabetes who began either GLP-1RA or SGLT2i.
All had a prior diabetes diagnosis.
GLP-1RA users: mean age 58.0, BMI 37.4.
SGLT2i users: mean age 64.6, BMI 32.8.
Charlson Comorbidity Index ≥ 3 in 65.2% (GLP-1RA) and 68.5% (SGLT2i).
[Instruction]
- Judge whether the treatments causally influence the outcome.
- Both treatments are expected to behave similarly (either both yes or both no).
- “Yes” = Positive Outcome (OOI); “No” = Negative Control Outcome (NCO).
- Reply with only “yes” or “no.”
[Few-shot examples]
- Treatment group using GLP-1RA (treatment) had 0.99% Ganglion cyst, compared with 0.44% for control group using SGLT2i. Does treatment have causal effect to the Ganglion cyst (is it a Positive Outcome)? - no
- Treatment group using GLP-1RA (treatment) had 1.79% Deviated nasal septum, compared with 1.16% for control group using SGLT2i. Does treatment have causal effect to the Deviated nasal septum (is it a Positive Outcome)? - no
- Treatment group using GLP-1RA (treatment) had 0.13% Acquired keratoderma, compared with 0.08% for control group using SGLT2i. Does treatment have causal effect to the Acquired keratoderma (is it a Positive Outcome)? - no
- Treatment group using GLP-1RA (treatment) had 1.88% Senile hyperkeratosis, compared with 1.55% for control group using SGLT2i. Does treatment have causal effect to the Senile hyperkeratosis (is it a Positive Outcome)? - no
- Treatment group using GLP-1RA (treatment) had 2.64% Nontoxic multinodular goiter, compared with 1.39% for control group using SGLT2i. Does treatment have causal effect to the Nontoxic multinodular goiter (is it a Positive Outcome)? - no
- Treatment group using GLP-1RA (treatment) had 94.81% Type 2 diabetes mellitus, compared with 96.68% for control group using SGLT2i. Does treatment have causal effect to the Type 2 diabetes mellitus (is it a Positive Outcome)? - yes
- Treatment group using GLP-1RA (treatment) had 19.87% Chronic kidney disease, compared with 31.81% for control group using SGLT2i. Does treatment have causal effect to the Chronic kidney disease (is it a Positive Outcome)? - yes
- Treatment group using GLP-1RA (treatment) had 78.37% Hypertension, compared with 84.71% for control group using SGLT2i. Does treatment have causal effect to the Hypertension (is it a Positive Outcome)? - yes
- Treatment group using GLP-1RA (treatment) had 78.09% Hyperlipidemia, compared with 84.45% for control group using SGLT2i. Does treatment have causal effect to the Hyperlipidemia (is it a Positive Outcome)? - yes
- Treatment group using GLP-1RA (treatment) had 64.14% Obesity, compared with 44.50% for control group using SGLT2i. Does treatment have causal effect to the Obesity (is it a Positive Outcome)? - yes
[Your Task]
[Question]
Treatment group using GLP-1RA (treatment) had 1.29% Calcaneal spur, compared with 0.96% for control group using SGLT2i. Does treatment have causal effect to the Calcaneal spur (is it a Positive Outcome)?
Answer: [Your answer, ""yes"" or ""no""]",10,"Okay, so I'm trying to figure out whether GLP-1RA treatments have a causal effect on Calcaneal spur based on the given data. Let me start by understanding the problem. 

First, the background says we're comparing two diabetes treatments: GLP-1 Receptor Agonists (GLP-1RA) and Sodium-Glucose Cotransporter-2 Inhibitors (SGLT2i). The task is to determine if these treatments cause a specific outcome, which in this case is Calcaneal spur. 

The data provided shows that 1.29% of GLP-1RA users developed Calcaneal spur, compared to 0.96% in the SGLT2i group. So, the treatment group has a slightly higher percentage of patients with this condition.

I need to decide if this difference indicates a causal effect. The instructions mention that both treatments should behave similarly, either both having a causal effect or neither. Also, if the treatment group has a higher rate of an outcome, it could either be a positive outcome (causal effect) or a negative control outcome (no causal effect). 

Looking at the examples provided, I notice that when the treatment group had a higher percentage for certain conditions, the answer was often ""yes,"" implying a positive outcome. For instance, in cases like Chronic kidney disease, Hypertension, and Hyperlipidemia, the treatment group had higher percentages, and the answer was ""yes."" However, in other examples, like Ganglion cyst and Deviated nasal septum, the treatment group had lower percentages, and the answer was ""no."" 

In this case, the treatment group has a higher percentage of Calcaneal spur. So, following the examples, it's more likely that the answer is ""yes."" However, I should consider whether Calcaneal spur is an expected outcome of these treatments. 

GLP-1RA medications are known to help with weight loss, lower blood glucose, and may reduce the risk of cardiovascular events. Calcaneal spur is a bony growth on the calcaneus, often related to chronic inflammation or conditions like Achilles tendinitis. It's not directly a common side effect of GLP-1RA medications, as far as I know. 

SGLT2i medications are often used for glucose control and may have benefits in reducing cardiovascular events as well. They don't directly cause bone spurs as far as I'm aware. So, if both treatments have similar benefits, but Calcaneal spur isn't a typical side effect, then the higher rate in the GLP-1RA group might be a coincidence or due to other factors, like the population differences.

Wait, looking at the cohort description: GLP-1RA users have a mean age of 58.0, BMI 37.4, while SGLT2i users are older (64.6) and have a lower BMI (32.8). Also, the Charlson Comorbidity Index is higher in SGLT2i users (68.5% vs. 65.2% in GLP-1RA). 

So, the SGLT2i group has more comorbidities and is older. Calcaneal spur is more common in older populations or those with comorbidities. Therefore, the higher rate in the GLP-1RA group might not be due to the treatment itself but could be due to other factors, like the population differences. 

But wait, the instructions say that both treatments are expected to behave similarly. So, if Calcaneal spur is more prevalent in SGLT2i, that would suggest that GLP-1RA doesn't have a causal effect, but rather, the higher rate in GLP-1RA is due to other factors. However, in this case, GLP-1RA has a slightly higher rate than SGLT2i. 

Wait, no, SGLT2i is 0.96%, and GLP-1RA is 1.29%, so GLP-1RA is higher. So, if the higher rate is due to the treatment, it would be a positive outcome. But considering that SGLT2i has more comorbidities and older patients, who are more likely to have Calcaneal spur, the higher rate in GLP-1RA might not be causal. 

But according to the examples, when the treatment group had a higher rate, it was considered a positive outcome. So, even though the higher rate might be due to population differences, the answer is still ""yes."" 

Alternatively, maybe the higher rate in GLP-1RA is a true effect. Since GLP-1RA is associated with weight loss, which could lead to more physical activity, which might increase the risk of injuries like Achilles tendinitis, leading to Calcaneal spur. So, the treatment might indirectly cause it.

Therefore, considering the examples and the possible mechanisms, I think the answer is ""yes.""
</think>

yes",yes
Batch3,v5,medical_questions_v5.txt,10,"Question 10
[Background]
We compare two treatments for type 2 diabetes:
- Treatment: GLP-1 Receptor Agonists (GLP-1RA)
- Control: Sodium-Glucose Cotransporter-2 Inhibitors (SGLT2i)
[Task Description]
You’ll receive an outcome and the percentage of affected patients in each group.
Decide whether these treatments have a causal effect on that outcome.
You will receive a query describing an outcome and the proportion of patients in each group who experienced it:
- One percentage for patients using GLP-1RA (treatment group).
- One percentage for patients using SGLT2i (control group).
Your task is to determine whether the treatments (GLP-1RA and SGLT2i) have a causal effect on that outcome.
[Cohort Description]
Adults with type 2 diabetes who began either GLP-1RA or SGLT2i.
All had a prior diabetes diagnosis.
GLP-1RA users: mean age 58.0, BMI 37.4.
SGLT2i users: mean age 64.6, BMI 32.8.
Charlson Comorbidity Index ≥ 3 in 65.2% (GLP-1RA) and 68.5% (SGLT2i).
[Instruction]
- Judge whether the treatments causally influence the outcome.
- Both treatments are expected to behave similarly (either both yes or both no).
- “Yes” = Positive Outcome (OOI); “No” = Negative Control Outcome (NCO).
- Reply with only “yes” or “no.”
[Few-shot examples]
- Treatment group using GLP-1RA (treatment) had 0.99% Ganglion cyst, compared with 0.44% for control group using SGLT2i. Does treatment have causal effect to the Ganglion cyst (is it a Positive Outcome)? - no
- Treatment group using GLP-1RA (treatment) had 1.79% Deviated nasal septum, compared with 1.16% for control group using SGLT2i. Does treatment have causal effect to the Deviated nasal septum (is it a Positive Outcome)? - no
- Treatment group using GLP-1RA (treatment) had 0.13% Acquired keratoderma, compared with 0.08% for control group using SGLT2i. Does treatment have causal effect to the Acquired keratoderma (is it a Positive Outcome)? - no
- Treatment group using GLP-1RA (treatment) had 1.88% Senile hyperkeratosis, compared with 1.55% for control group using SGLT2i. Does treatment have causal effect to the Senile hyperkeratosis (is it a Positive Outcome)? - no
- Treatment group using GLP-1RA (treatment) had 2.64% Nontoxic multinodular goiter, compared with 1.39% for control group using SGLT2i. Does treatment have causal effect to the Nontoxic multinodular goiter (is it a Positive Outcome)? - no
- Treatment group using GLP-1RA (treatment) had 94.81% Type 2 diabetes mellitus, compared with 96.68% for control group using SGLT2i. Does treatment have causal effect to the Type 2 diabetes mellitus (is it a Positive Outcome)? - yes
- Treatment group using GLP-1RA (treatment) had 19.87% Chronic kidney disease, compared with 31.81% for control group using SGLT2i. Does treatment have causal effect to the Chronic kidney disease (is it a Positive Outcome)? - yes
- Treatment group using GLP-1RA (treatment) had 78.37% Hypertension, compared with 84.71% for control group using SGLT2i. Does treatment have causal effect to the Hypertension (is it a Positive Outcome)? - yes
- Treatment group using GLP-1RA (treatment) had 78.09% Hyperlipidemia, compared with 84.45% for control group using SGLT2i. Does treatment have causal effect to the Hyperlipidemia (is it a Positive Outcome)? - yes
- Treatment group using GLP-1RA (treatment) had 64.14% Obesity, compared with 44.50% for control group using SGLT2i. Does treatment have causal effect to the Obesity (is it a Positive Outcome)? - yes
[Your Task]
[Question]
Treatment group using GLP-1RA (treatment) had 0.98% Sprain of ankle, compared with 0.42% for control group using SGLT2i. Does treatment have causal effect to the Sprain of ankle (is it a Positive Outcome)?
Answer: [Your answer, ""yes"" or ""no""]",1,"Okay, so I need to figure out whether GLP-1RA treatment has a causal effect on the outcome of sprain of the ankle. The data given is that 0.98% of GLP-1RA users experienced this sprain, compared to 0.42% in the SGLT2i group. 

First, I should consider what these treatments do. GLP-1RA stands for GLP-1 Receptor Agonists, which are medications used to help manage type 2 diabetes. They work by increasing insulin release and reducing glucose production, and they also promote weight loss because they can cause nausea and vomiting, which reduces appetite. SGLT2i is Sodium-Glucose Cotransporter-2 Inhibitors, which also help manage type 2 diabetes by preventing the kidneys from reabsorbing glucose, thus promoting excretion and lowering blood sugar levels. They might also have effects on other parts of the body, like the heart and blood vessels.

Now, looking at the specific outcome: sprain of the ankle. Sprains occur when there's a tear or damage to a ligament in the ankle, often from an injury like a twist or fall. I'm trying to think if either of these medications would directly cause or contribute to ankle sprains. Both GLP-1RA and SGLT2i are more about managing blood sugar levels and metabolic health rather than directly affecting ligaments or muscles in the ankle.

I should also consider if there's any indirect effect. For example, perhaps weight loss from GLP-1RA could lead to more activity, increasing the risk of sprains. But looking at the percentages, the difference is quite small: 0.98% vs. 0.42%. That's a 0.56% absolute difference, which seems minimal. Also, the control group has a lower percentage, but since both are very low, it's hard to say if one is causing it more than the other.

Another angle: do these drugs have known side effects related to joint or muscle issues? GLP-1RA can sometimes cause diarrhea, nausea, and vomiting, but I don't recall them being linked to joint injuries. SGLT2i might have side effects like urinary tract infections or increased urination, but again, nothing directly pointing to ankle sprains.

Looking at the examples provided, most of the time when the treatment group had a slightly higher percentage than the control, the answer was ""yes,"" but those outcomes were related to diabetes management, like hypertension, hyperlipidemia, and obesity. However, in the case of sprain, which is an injury, it's a different category. The small percentage difference might just be a coincidence or due to other factors, like the populations in each treatment group.

Wait, the cohort description mentions that GLP-1RA users have a higher BMI (37.4) compared to SGLT2i users (32.8). Carrying more weight can increase the risk of sprains because of the additional stress on joints and ligaments. So, perhaps the GLP-1RA group, being heavier, has a higher incidence of sprains. But in the data provided, the treatment group has a slightly higher percentage (0.98%) than the control (0.42%). That aligns with the idea that being heavier increases the risk, but does that mean the treatment caused it?

Alternatively, maybe the SGLT2i group, which might have more older patients (since their mean age is higher), could have more sprains due to age-related factors, but the data shows lower percentages in the control group. That doesn't quite fit.

I'm a bit confused. On one hand, the GLP-1RA group is heavier, so they might be more prone to sprains, but the treatment itself might not be the cause. The difference in percentages could be due to other factors, like body weight, rather than the medication. The fact that the control group has a lower percentage might just be a coincidence.

Another thought: sometimes medications can have unexpected side effects. But neither GLP-1RA nor SGLT2i are known for causing sprains. So it's more likely that the difference is due to confounding factors, like weight or activity level, rather than the treatment itself.

In the examples given, when the treatment group had a higher incidence than the control, the answer was often ""yes,"" but that was for conditions directly related to the treatments, like diabetes complications. In this case, sprain is an unrelated condition, so it's less likely that the treatment is causing it. 

So, putting it all together: while the GLP-1RA group has a slightly higher percentage of sprains, it's probably due to their higher BMI rather than the treatment itself. Therefore, the treatment doesn't have a causal effect on sprain of the ankle.
</think>

no",no
Batch3,v5,medical_questions_v5.txt,10,"Question 10
[Background]
We compare two treatments for type 2 diabetes:
- Treatment: GLP-1 Receptor Agonists (GLP-1RA)
- Control: Sodium-Glucose Cotransporter-2 Inhibitors (SGLT2i)
[Task Description]
You’ll receive an outcome and the percentage of affected patients in each group.
Decide whether these treatments have a causal effect on that outcome.
You will receive a query describing an outcome and the proportion of patients in each group who experienced it:
- One percentage for patients using GLP-1RA (treatment group).
- One percentage for patients using SGLT2i (control group).
Your task is to determine whether the treatments (GLP-1RA and SGLT2i) have a causal effect on that outcome.
[Cohort Description]
Adults with type 2 diabetes who began either GLP-1RA or SGLT2i.
All had a prior diabetes diagnosis.
GLP-1RA users: mean age 58.0, BMI 37.4.
SGLT2i users: mean age 64.6, BMI 32.8.
Charlson Comorbidity Index ≥ 3 in 65.2% (GLP-1RA) and 68.5% (SGLT2i).
[Instruction]
- Judge whether the treatments causally influence the outcome.
- Both treatments are expected to behave similarly (either both yes or both no).
- “Yes” = Positive Outcome (OOI); “No” = Negative Control Outcome (NCO).
- Reply with only “yes” or “no.”
[Few-shot examples]
- Treatment group using GLP-1RA (treatment) had 0.99% Ganglion cyst, compared with 0.44% for control group using SGLT2i. Does treatment have causal effect to the Ganglion cyst (is it a Positive Outcome)? - no
- Treatment group using GLP-1RA (treatment) had 1.79% Deviated nasal septum, compared with 1.16% for control group using SGLT2i. Does treatment have causal effect to the Deviated nasal septum (is it a Positive Outcome)? - no
- Treatment group using GLP-1RA (treatment) had 0.13% Acquired keratoderma, compared with 0.08% for control group using SGLT2i. Does treatment have causal effect to the Acquired keratoderma (is it a Positive Outcome)? - no
- Treatment group using GLP-1RA (treatment) had 1.88% Senile hyperkeratosis, compared with 1.55% for control group using SGLT2i. Does treatment have causal effect to the Senile hyperkeratosis (is it a Positive Outcome)? - no
- Treatment group using GLP-1RA (treatment) had 2.64% Nontoxic multinodular goiter, compared with 1.39% for control group using SGLT2i. Does treatment have causal effect to the Nontoxic multinodular goiter (is it a Positive Outcome)? - no
- Treatment group using GLP-1RA (treatment) had 94.81% Type 2 diabetes mellitus, compared with 96.68% for control group using SGLT2i. Does treatment have causal effect to the Type 2 diabetes mellitus (is it a Positive Outcome)? - yes
- Treatment group using GLP-1RA (treatment) had 19.87% Chronic kidney disease, compared with 31.81% for control group using SGLT2i. Does treatment have causal effect to the Chronic kidney disease (is it a Positive Outcome)? - yes
- Treatment group using GLP-1RA (treatment) had 78.37% Hypertension, compared with 84.71% for control group using SGLT2i. Does treatment have causal effect to the Hypertension (is it a Positive Outcome)? - yes
- Treatment group using GLP-1RA (treatment) had 78.09% Hyperlipidemia, compared with 84.45% for control group using SGLT2i. Does treatment have causal effect to the Hyperlipidemia (is it a Positive Outcome)? - yes
- Treatment group using GLP-1RA (treatment) had 64.14% Obesity, compared with 44.50% for control group using SGLT2i. Does treatment have causal effect to the Obesity (is it a Positive Outcome)? - yes
[Your Task]
[Question]
Treatment group using GLP-1RA (treatment) had 0.98% Sprain of ankle, compared with 0.42% for control group using SGLT2i. Does treatment have causal effect to the Sprain of ankle (is it a Positive Outcome)?
Answer: [Your answer, ""yes"" or ""no""]",2,"Okay, so I need to determine whether GLP-1RA treatment has a causal effect on the outcome of a sprain of the ankle. The data given is that 0.98% of GLP-1RA users experienced this sprain, compared to 0.42% in the SGLT2i group. 

First, I should consider what GLP-1RA and SGLT2i are. GLP-1 Receptor Agonists are medications used to help manage type 2 diabetes by aiding in weight loss and reducing appetite. They are often associated with an increased risk of thyroid tumors, but I'm not sure about other side effects like sprains.

SGLT2i, on the other hand, are inhibitors of the sodium-glucose co-transporter 2, which also help manage type 2 diabetes by preventing the kidneys from reabsorbing glucose. They are known to have benefits beyond glucose control, such as reducing the risk of cardiovascular events and potentially aiding in weight loss as well.

Now, looking at the specific outcome: sprain of the ankle. Sprains are related to injuries, typically from activities like sports or physical exertion. I'm not immediately aware of a direct link between GLP-1RA or SGLT2i and an increased risk of sprains. However, both medications can affect a person's activity levels. GLP-1RAs can lead to weight loss, which might increase physical activity, potentially increasing the risk of injuries like sprains. Similarly, SGLT2i can also cause weight loss, so both groups might have an increased risk compared to the general population.

The percentages given are quite low (0.98% vs. 0.42%), which suggests that the absolute risk is very small. It's possible that both treatments have similar effects on the risk of sprains, but the data shows a higher risk in the GLP-1RA group compared to SGLT2i. However, since both groups are losing weight, the difference could be due to other factors, such as the type of exercise or physical activity each group is engaging in.

Another angle is to consider if there's a known causal relationship between these medications and sprains. I don't recall any studies linking GLP-1RAs or SGLT2i directly to an increased risk of sprains. Therefore, the difference in the percentage might be coincidental or influenced by other variables, like the population characteristics (age, BMI, comorbidities) rather than the medication itself.

Looking at the cohort description, the GLP-1RA users have a higher BMI (37.4) compared to SGLT2i users (32.8). Higher BMI can sometimes be associated with a higher risk of injuries due to more body weight, but SGLT2i users are still at a lower BMI, so that might explain the lower sprain rate in their group. However, both groups are still at a higher BMI than the general population, which could be a confounding factor.

The Charlson Comorbidity Index is higher in both groups, with GLP-1RA users having a higher index (≥3) than SGLT2i. Conditions like obesity or other comorbidities could contribute to an increased risk of injuries, but again, this would affect both groups similarly unless there's a specific medication effect.

In the examples provided, when the treatment group had a higher percentage for an outcome, it was considered a positive outcome (e.g., Type 2 diabetes, which is expected). However, in cases where the outcome was a side effect or an unexpected result, it was labeled as ""no."" For instance, sprain of ankle isn't a direct effect of these medications, so it's more likely a confounding factor rather than a causal effect.

Given that both treatments are weight-loss agents, and the outcome is an injury related to physical activity, it's plausible that the higher percentage in the GLP-1RA group is due to increased physical activity or other factors, not the medication itself. Therefore, the causal effect is likely not due to the treatment but other factors, making the answer ""no.""
</think>

no",no
Batch3,v5,medical_questions_v5.txt,10,"Question 10
[Background]
We compare two treatments for type 2 diabetes:
- Treatment: GLP-1 Receptor Agonists (GLP-1RA)
- Control: Sodium-Glucose Cotransporter-2 Inhibitors (SGLT2i)
[Task Description]
You’ll receive an outcome and the percentage of affected patients in each group.
Decide whether these treatments have a causal effect on that outcome.
You will receive a query describing an outcome and the proportion of patients in each group who experienced it:
- One percentage for patients using GLP-1RA (treatment group).
- One percentage for patients using SGLT2i (control group).
Your task is to determine whether the treatments (GLP-1RA and SGLT2i) have a causal effect on that outcome.
[Cohort Description]
Adults with type 2 diabetes who began either GLP-1RA or SGLT2i.
All had a prior diabetes diagnosis.
GLP-1RA users: mean age 58.0, BMI 37.4.
SGLT2i users: mean age 64.6, BMI 32.8.
Charlson Comorbidity Index ≥ 3 in 65.2% (GLP-1RA) and 68.5% (SGLT2i).
[Instruction]
- Judge whether the treatments causally influence the outcome.
- Both treatments are expected to behave similarly (either both yes or both no).
- “Yes” = Positive Outcome (OOI); “No” = Negative Control Outcome (NCO).
- Reply with only “yes” or “no.”
[Few-shot examples]
- Treatment group using GLP-1RA (treatment) had 0.99% Ganglion cyst, compared with 0.44% for control group using SGLT2i. Does treatment have causal effect to the Ganglion cyst (is it a Positive Outcome)? - no
- Treatment group using GLP-1RA (treatment) had 1.79% Deviated nasal septum, compared with 1.16% for control group using SGLT2i. Does treatment have causal effect to the Deviated nasal septum (is it a Positive Outcome)? - no
- Treatment group using GLP-1RA (treatment) had 0.13% Acquired keratoderma, compared with 0.08% for control group using SGLT2i. Does treatment have causal effect to the Acquired keratoderma (is it a Positive Outcome)? - no
- Treatment group using GLP-1RA (treatment) had 1.88% Senile hyperkeratosis, compared with 1.55% for control group using SGLT2i. Does treatment have causal effect to the Senile hyperkeratosis (is it a Positive Outcome)? - no
- Treatment group using GLP-1RA (treatment) had 2.64% Nontoxic multinodular goiter, compared with 1.39% for control group using SGLT2i. Does treatment have causal effect to the Nontoxic multinodular goiter (is it a Positive Outcome)? - no
- Treatment group using GLP-1RA (treatment) had 94.81% Type 2 diabetes mellitus, compared with 96.68% for control group using SGLT2i. Does treatment have causal effect to the Type 2 diabetes mellitus (is it a Positive Outcome)? - yes
- Treatment group using GLP-1RA (treatment) had 19.87% Chronic kidney disease, compared with 31.81% for control group using SGLT2i. Does treatment have causal effect to the Chronic kidney disease (is it a Positive Outcome)? - yes
- Treatment group using GLP-1RA (treatment) had 78.37% Hypertension, compared with 84.71% for control group using SGLT2i. Does treatment have causal effect to the Hypertension (is it a Positive Outcome)? - yes
- Treatment group using GLP-1RA (treatment) had 78.09% Hyperlipidemia, compared with 84.45% for control group using SGLT2i. Does treatment have causal effect to the Hyperlipidemia (is it a Positive Outcome)? - yes
- Treatment group using GLP-1RA (treatment) had 64.14% Obesity, compared with 44.50% for control group using SGLT2i. Does treatment have causal effect to the Obesity (is it a Positive Outcome)? - yes
[Your Task]
[Question]
Treatment group using GLP-1RA (treatment) had 0.98% Sprain of ankle, compared with 0.42% for control group using SGLT2i. Does treatment have causal effect to the Sprain of ankle (is it a Positive Outcome)?
Answer: [Your answer, ""yes"" or ""no""]",3,"Okay, so I need to figure out whether GLP-1RA treatments have a causal effect on the outcome of a sprain of the ankle in this cohort of type 2 diabetes patients. Let me start by understanding the background and the data provided.

First, the two treatments being compared are GLP-1 Receptor Agonists (GLP-1RA) and Sodium-Glucose Cotransporter-2 Inhibitors (SGLT2i). Both are used to manage type 2 diabetes, but they work differently. GLP-1RA helps regulate blood sugar by mimicking the action of GLP-1, a hormone that promotes insulin secretion and slows digestion, which can lead to weight loss. SGLT2i inhibits the kidneys from reabsorbing glucose, thereby increasing urine glucose excretion and reducing blood sugar levels. Both are considered glucose-lowering medications.

The task is to determine if there's a causal relationship between the treatment (GLP-1RA) and the outcome, which is a sprain of the ankle. The data provided is the percentage of patients experiencing this sprain in each group: 0.98% in GLP-1RA users and 0.42% in SGLT2i users.

I should consider a few factors here. First, both treatments are used to manage diabetes, so they might influence related conditions that could lead to sprains. For example, better blood sugar control might lead to more physical activity, which could increase the risk of sprains. However, both GLP-1RA and SGLT2i are associated with weight loss or changes in body composition. SGLT2i, in particular, has been linked to a slight increase in risk of urinary tract infections and certain fractures, but I'm not sure about ankle sprains specifically.

Alternatively, perhaps the medications don't directly cause sprains. Sprains are typically related to traumatic injuries, such as twisting or rolling an ankle, which could be more related to physical activity levels or balance issues. If GLP-1RA helps with weight loss, patients might be more active, which could increase the risk of sprains. On the other hand, SGLT2i might also lead to weight loss, but in this data, the percentage of sprains is actually lower in the SGLT2i group (0.42%) compared to GLP-1RA (0.98%).

Wait, but that's a small percentage in both groups. So, if GLP-1RA is associated with a higher incidence of sprain, does that mean it's causally related? Or could there be other confounding factors? For example, perhaps patients in the GLP-1RA group are more active, or they have different comorbidities that increase their risk of sprains.

Looking at the cohort description, the GLP-1RA users have a lower BMI (37.4) compared to SGLT2i users (32.8). Lower BMI is actually better for reducing the risk of type 2 diabetes, but higher BMI is associated with more body weight, which might contribute to more sprains because of more movements that could lead to injuries. However, in this case, GLP-1RA users have a higher BMI, which might suggest they're more likely to have more weight-related issues, but the sprain rate is higher in that group.

But wait, the BMI is actually 37.4 for GLP-1RA and 32.8 for SGLT2i. So GLP-1RA users are more overweight, which might make them more prone to sprains because of their weight distribution or physical activity levels. However, SGLT2i might also affect physical activity or other factors that could influence sprain risk.

Another point is the comorbidities. The Charlson Comorbidity Index is higher in both groups, but slightly higher in the SGLT2i group (68.5% vs. 65.2% for GLP-1RA). A higher comorbidity index usually means more chronic diseases, which could be associated with increased risk of various health issues, including sprains. But the difference here is small, so it's not clear if that's a significant factor.

I should also consider whether the medications themselves have been linked to sprain risk. From what I know, there's no direct link between GLP-1RA or SGLT2i and sprains. These medications are more about blood sugar control and metabolic effects. Therefore, the connection between the treatment and the sprain seems tenuous.

Moreover, the examples provided in the few-shot section might offer some guidance. For instance, in the Type 2 diabetes mellitus example, the treatment group had a slightly lower incidence than the control, and it was considered a positive outcome, so the answer was ""yes."" Similarly, for Chronic kidney disease, the treatment group had a lower percentage than the control, and it was considered a positive outcome, leading to ""yes."" For Hypertension and Hyperlipidemia, the same pattern held.

In those examples, when the treatment group had a lower or similar percentage of an outcome compared to the control, it was considered a positive outcome. So, in this case, the GLP-1RA group has a higher percentage of sprains (0.98%) compared to the SGLT2i group (0.42%). That's a higher percentage, so according to the examples, that would be considered a positive outcome. But wait, the question is whether the treatment has a causal effect on that outcome. So if GLP-1RA is causing more sprains, that would be a positive outcome. But I'm not sure if that's the case.

Alternatively, maybe the higher percentage in GLP-1RA is due to other factors, like increased physical activity from weight loss, which could lead to more sprains. Therefore, it's possible that the higher rate isn't directly caused by the medication but by the side effects of weight loss.

However, in the examples provided, when the treatment group had a higher percentage of an outcome, it was considered a positive outcome, implying causation. For example, in the case of Ganglion cyst, the treatment group had a higher percentage, but it was considered a negative outcome, meaning no causal effect. Wait, that's conflicting. Let me check the examples again.

Looking back, the first example: GLP-1RA group had 0.99% ganglion cyst vs. 0.44% for SGLT2i. The answer was ""no,"" meaning no causal effect, even though the treatment group had a higher percentage. Similarly, in the second example, Deviated nasal septum: 1.79% vs. 1.16%, answer was ""no."" So higher percentage in treatment group doesn't always mean yes.

Wait, that contradicts my earlier thought. So in the examples, sometimes higher in treatment group leads to ""no,"" sometimes it's ""yes."" So I need to figure out why.

Perhaps the key is whether the outcome is an expected side effect of the treatment or not. For instance, if the treatment is known to cause the outcome, then it's a positive outcome. If it's unrelated, then it's a negative outcome.

In the Type 2 diabetes example, the treatment group had 19.87% Chronic kidney disease vs. 31.81% for control, and it was considered a positive outcome, so ""yes."" Similarly, for Hypertension, Hyperlipidemia, and Obesity, higher in treatment group led to ""yes."" So maybe if the outcome is a known side effect or a related condition, it's considered a positive outcome.

In the Ganglion cyst and Deviated nasal septum examples, the outcomes are not related to the treatments, so even if the treatment group had higher percentages, it's considered a negative outcome. So, the answer hinges on whether the outcome is something the treatment is expected to affect.

In the current question, the outcome is a sprain of the ankle. Is there any known link between GLP-1RA or SGLT2i and increased risk of ankle sprains? From what I know, these medications primarily affect blood sugar and metabolism. There's no direct link to joint injuries like sprains. Therefore, the higher percentage in GLP-1RA group is unlikely to be causally related to the treatment. Instead, it might be due to other factors, such as increased physical activity from weight loss or differences in patient populations.

Additionally, the SGLT2i group has a lower percentage of sprains, which suggests that the treatment group isn't the cause, but perhaps the control group is doing better. However, without knowing the exact mechanisms or any studies linking these medications to sprains, it's safer to say there's no causal effect.

So, considering the examples, unless the outcome is directly related to the treatment's known effects, the answer is ""no."" Since sprain of the ankle isn't a known side effect of these medications, the answer should be ""no.""
</think>

no",no
Batch3,v5,medical_questions_v5.txt,10,"Question 10
[Background]
We compare two treatments for type 2 diabetes:
- Treatment: GLP-1 Receptor Agonists (GLP-1RA)
- Control: Sodium-Glucose Cotransporter-2 Inhibitors (SGLT2i)
[Task Description]
You’ll receive an outcome and the percentage of affected patients in each group.
Decide whether these treatments have a causal effect on that outcome.
You will receive a query describing an outcome and the proportion of patients in each group who experienced it:
- One percentage for patients using GLP-1RA (treatment group).
- One percentage for patients using SGLT2i (control group).
Your task is to determine whether the treatments (GLP-1RA and SGLT2i) have a causal effect on that outcome.
[Cohort Description]
Adults with type 2 diabetes who began either GLP-1RA or SGLT2i.
All had a prior diabetes diagnosis.
GLP-1RA users: mean age 58.0, BMI 37.4.
SGLT2i users: mean age 64.6, BMI 32.8.
Charlson Comorbidity Index ≥ 3 in 65.2% (GLP-1RA) and 68.5% (SGLT2i).
[Instruction]
- Judge whether the treatments causally influence the outcome.
- Both treatments are expected to behave similarly (either both yes or both no).
- “Yes” = Positive Outcome (OOI); “No” = Negative Control Outcome (NCO).
- Reply with only “yes” or “no.”
[Few-shot examples]
- Treatment group using GLP-1RA (treatment) had 0.99% Ganglion cyst, compared with 0.44% for control group using SGLT2i. Does treatment have causal effect to the Ganglion cyst (is it a Positive Outcome)? - no
- Treatment group using GLP-1RA (treatment) had 1.79% Deviated nasal septum, compared with 1.16% for control group using SGLT2i. Does treatment have causal effect to the Deviated nasal septum (is it a Positive Outcome)? - no
- Treatment group using GLP-1RA (treatment) had 0.13% Acquired keratoderma, compared with 0.08% for control group using SGLT2i. Does treatment have causal effect to the Acquired keratoderma (is it a Positive Outcome)? - no
- Treatment group using GLP-1RA (treatment) had 1.88% Senile hyperkeratosis, compared with 1.55% for control group using SGLT2i. Does treatment have causal effect to the Senile hyperkeratosis (is it a Positive Outcome)? - no
- Treatment group using GLP-1RA (treatment) had 2.64% Nontoxic multinodular goiter, compared with 1.39% for control group using SGLT2i. Does treatment have causal effect to the Nontoxic multinodular goiter (is it a Positive Outcome)? - no
- Treatment group using GLP-1RA (treatment) had 94.81% Type 2 diabetes mellitus, compared with 96.68% for control group using SGLT2i. Does treatment have causal effect to the Type 2 diabetes mellitus (is it a Positive Outcome)? - yes
- Treatment group using GLP-1RA (treatment) had 19.87% Chronic kidney disease, compared with 31.81% for control group using SGLT2i. Does treatment have causal effect to the Chronic kidney disease (is it a Positive Outcome)? - yes
- Treatment group using GLP-1RA (treatment) had 78.37% Hypertension, compared with 84.71% for control group using SGLT2i. Does treatment have causal effect to the Hypertension (is it a Positive Outcome)? - yes
- Treatment group using GLP-1RA (treatment) had 78.09% Hyperlipidemia, compared with 84.45% for control group using SGLT2i. Does treatment have causal effect to the Hyperlipidemia (is it a Positive Outcome)? - yes
- Treatment group using GLP-1RA (treatment) had 64.14% Obesity, compared with 44.50% for control group using SGLT2i. Does treatment have causal effect to the Obesity (is it a Positive Outcome)? - yes
[Your Task]
[Question]
Treatment group using GLP-1RA (treatment) had 0.98% Sprain of ankle, compared with 0.42% for control group using SGLT2i. Does treatment have causal effect to the Sprain of ankle (is it a Positive Outcome)?
Answer: [Your answer, ""yes"" or ""no""]",4,"Okay, so I need to figure out whether GLP-1RA treatments have a causal effect on the outcome of a sprain of the ankle in this cohort of type 2 diabetes patients. The data given is that 0.98% of GLP-1RA users experienced this sprain, compared to 0.42% in the SGLT2i group. 

First, I should understand what GLP-1RA and SGLT2i do. GLP-1 Receptor Agonists, like exenatide or liraglutide, work by mimicking the action of GLP-1, a hormone that helps regulate blood sugar, appetite, and digestion. They help with weight loss and can lower blood glucose by slowing digestion. SGLT2 Inhibitors, like empagliflozin or dapagliflozin, work by preventing the kidneys from reabsorbing glucose, which also lowers blood sugar and can have effects on other areas like the heart.

Now, the outcome is a sprain of the ankle. I'm trying to see if using GLP-1RA would cause more or fewer sprains compared to SGLT2i. The percentages here are very low (less than 1%), so it's a rare occurrence. I need to determine if there's a causal relationship here.

Looking at the examples provided, when the treatment group had a higher percentage for an outcome, it was considered a ""yes."" For instance, in the Type 2 diabetes example, both groups had high percentages, but since the treatment group didn't change much, it was a ""yes."" Similarly, for Chronic kidney disease, the treatment group had a lower rate, which was considered a positive outcome. Wait, no, actually in that example, the treatment group had 19.87% vs. 31.81% for control, so treatment was better, leading to ""yes."" 

But in the sprain case, the treatment group has 0.98% vs. 0.42%. So the control group has a lower rate. Does that mean treatment is causing more sprains? Or maybe the opposite. Wait, but the instruction says to reply with ""yes"" or ""no"" without elaboration, so I need to figure out if the treatment is causing the outcome.

Alternatively, maybe the outcome is a negative control outcome if there's no causal effect. The examples where both were similar, the answer was ""no."" So if the treatment group has a higher percentage, it's a ""yes"" because it's a positive outcome, implying causation. If the treatment group has a lower percentage, maybe it's also a ""yes"" if the outcome is better, but in this case, the control group has a lower percentage, so maybe the treatment is worse, implying no causal effect.

Wait, but I'm a bit confused. Let me think again. The task is to determine if the treatment (GLP-1RA) has a causal effect on the outcome. If the treatment group has a higher rate, it might suggest that it's causing the outcome. Conversely, if the control group has a higher rate, maybe the treatment is protective, but that's more about prevention. 

In the examples provided, when the treatment group had a higher rate, it was ""yes."" So for instance, obesity was higher in the treatment group, and it was considered a positive outcome. So if the outcome is worse in the treatment group, it's a ""yes,"" meaning the treatment is causing it. But if the outcome is worse in the control group, does that mean the treatment is protective? Or is it just a coincidence?

In the case of the sprain, the treatment group has 0.98% vs. 0.42% in control. So the treatment group has a higher rate. Therefore, by the examples, this would be a ""yes,"" meaning the treatment has a causal effect on the outcome. But wait, is a sprain something that would be caused by the treatment? Or is it a side effect?

I know that GLP-1RA can cause gastrointestinal issues like nausea or diarrhea, which might lead to more falls or injuries, but an ankle sprain specifically? That seems less direct. Maybe it's a more indirect effect, like increased movement due to better glycemic control leading to more physical activity, which could cause sprains. Alternatively, it might not have a direct causal link.

But according to the examples, when the treatment group has a higher rate, it's considered a ""yes."" So even if the link is indirect, if the rate is higher, it's a positive outcome. Therefore, the answer would be ""yes.""
</think>

yes",yes
Batch3,v5,medical_questions_v5.txt,10,"Question 10
[Background]
We compare two treatments for type 2 diabetes:
- Treatment: GLP-1 Receptor Agonists (GLP-1RA)
- Control: Sodium-Glucose Cotransporter-2 Inhibitors (SGLT2i)
[Task Description]
You’ll receive an outcome and the percentage of affected patients in each group.
Decide whether these treatments have a causal effect on that outcome.
You will receive a query describing an outcome and the proportion of patients in each group who experienced it:
- One percentage for patients using GLP-1RA (treatment group).
- One percentage for patients using SGLT2i (control group).
Your task is to determine whether the treatments (GLP-1RA and SGLT2i) have a causal effect on that outcome.
[Cohort Description]
Adults with type 2 diabetes who began either GLP-1RA or SGLT2i.
All had a prior diabetes diagnosis.
GLP-1RA users: mean age 58.0, BMI 37.4.
SGLT2i users: mean age 64.6, BMI 32.8.
Charlson Comorbidity Index ≥ 3 in 65.2% (GLP-1RA) and 68.5% (SGLT2i).
[Instruction]
- Judge whether the treatments causally influence the outcome.
- Both treatments are expected to behave similarly (either both yes or both no).
- “Yes” = Positive Outcome (OOI); “No” = Negative Control Outcome (NCO).
- Reply with only “yes” or “no.”
[Few-shot examples]
- Treatment group using GLP-1RA (treatment) had 0.99% Ganglion cyst, compared with 0.44% for control group using SGLT2i. Does treatment have causal effect to the Ganglion cyst (is it a Positive Outcome)? - no
- Treatment group using GLP-1RA (treatment) had 1.79% Deviated nasal septum, compared with 1.16% for control group using SGLT2i. Does treatment have causal effect to the Deviated nasal septum (is it a Positive Outcome)? - no
- Treatment group using GLP-1RA (treatment) had 0.13% Acquired keratoderma, compared with 0.08% for control group using SGLT2i. Does treatment have causal effect to the Acquired keratoderma (is it a Positive Outcome)? - no
- Treatment group using GLP-1RA (treatment) had 1.88% Senile hyperkeratosis, compared with 1.55% for control group using SGLT2i. Does treatment have causal effect to the Senile hyperkeratosis (is it a Positive Outcome)? - no
- Treatment group using GLP-1RA (treatment) had 2.64% Nontoxic multinodular goiter, compared with 1.39% for control group using SGLT2i. Does treatment have causal effect to the Nontoxic multinodular goiter (is it a Positive Outcome)? - no
- Treatment group using GLP-1RA (treatment) had 94.81% Type 2 diabetes mellitus, compared with 96.68% for control group using SGLT2i. Does treatment have causal effect to the Type 2 diabetes mellitus (is it a Positive Outcome)? - yes
- Treatment group using GLP-1RA (treatment) had 19.87% Chronic kidney disease, compared with 31.81% for control group using SGLT2i. Does treatment have causal effect to the Chronic kidney disease (is it a Positive Outcome)? - yes
- Treatment group using GLP-1RA (treatment) had 78.37% Hypertension, compared with 84.71% for control group using SGLT2i. Does treatment have causal effect to the Hypertension (is it a Positive Outcome)? - yes
- Treatment group using GLP-1RA (treatment) had 78.09% Hyperlipidemia, compared with 84.45% for control group using SGLT2i. Does treatment have causal effect to the Hyperlipidemia (is it a Positive Outcome)? - yes
- Treatment group using GLP-1RA (treatment) had 64.14% Obesity, compared with 44.50% for control group using SGLT2i. Does treatment have causal effect to the Obesity (is it a Positive Outcome)? - yes
[Your Task]
[Question]
Treatment group using GLP-1RA (treatment) had 0.98% Sprain of ankle, compared with 0.42% for control group using SGLT2i. Does treatment have causal effect to the Sprain of ankle (is it a Positive Outcome)?
Answer: [Your answer, ""yes"" or ""no""]",5,"Okay, so I have this question about whether GLP-1 Receptor Agonists (GLP-1RA) have a causal effect on a sprain of the ankle compared to Sodium-Glucose Cotransporter-2 Inhibitors (SGLT2i) in type 2 diabetes patients. 

First, I need to understand the background. Both treatments are used for type 2 diabetes, and the patients in the study are adults with the condition. They either started GLP-1RA or SGLT2i. The GLP-1RA group has a mean age of 58, BMI of 37.4, and a Charlson Comorbidity Index of 65.2%. The SGLT2i group is older, with a mean age of 64.6, BMI of 32.8, and a Charlson score of 68.5%. 

The task is to determine if the treatments causally influence the outcome, which is a sprain of the ankle. The percentages are 0.98% for GLP-1RA and 0.42% for SGLT2i. The instructions say to decide if the treatment has a causal effect, considering that both treatments should behave similarly—either both yes or both no. If it's a positive outcome (OOI), answer ""yes""; if negative (NCO), answer ""no.""

Looking at the examples provided, the user gave several instances where the treatment group had a higher percentage of an outcome, and the answer was ""yes."" For instance, when the treatment group had a higher percentage for Type 2 diabetes, hypertension, hyperlipidemia, and obesity, the answers were all ""yes."" Conversely, when the treatment group had a lower percentage, like in the case of ganglion cysts, deviated nasal septum, etc., the answer was ""no.""

Now, applying this to the sprain of ankle. The GLP-1RA group has a higher percentage (0.98%) compared to the SGLT2i group (0.42%). Following the examples, when the treatment group has a higher percentage, it's considered a positive outcome, so the answer is ""yes."" 

I should also consider if there's any reason why GLP-1RA would cause more sprains. GLP-1RAs can cause weight loss, which might reduce the risk of sprains because being overweight can increase the risk of injuries. However, in this case, the control group (SGLT2i) has a lower percentage, which suggests that GLP-1RA might actually be associated with more sprains. This seems counterintuitive because weight loss would typically reduce injury risk. Maybe the mechanism is different, or there's another factor at play. But according to the instructions, I should follow the pattern from the examples without overcomplicating it. So, since the treatment group has a higher percentage, the answer is ""yes.""
</think>

yes",yes
Batch3,v5,medical_questions_v5.txt,10,"Question 10
[Background]
We compare two treatments for type 2 diabetes:
- Treatment: GLP-1 Receptor Agonists (GLP-1RA)
- Control: Sodium-Glucose Cotransporter-2 Inhibitors (SGLT2i)
[Task Description]
You’ll receive an outcome and the percentage of affected patients in each group.
Decide whether these treatments have a causal effect on that outcome.
You will receive a query describing an outcome and the proportion of patients in each group who experienced it:
- One percentage for patients using GLP-1RA (treatment group).
- One percentage for patients using SGLT2i (control group).
Your task is to determine whether the treatments (GLP-1RA and SGLT2i) have a causal effect on that outcome.
[Cohort Description]
Adults with type 2 diabetes who began either GLP-1RA or SGLT2i.
All had a prior diabetes diagnosis.
GLP-1RA users: mean age 58.0, BMI 37.4.
SGLT2i users: mean age 64.6, BMI 32.8.
Charlson Comorbidity Index ≥ 3 in 65.2% (GLP-1RA) and 68.5% (SGLT2i).
[Instruction]
- Judge whether the treatments causally influence the outcome.
- Both treatments are expected to behave similarly (either both yes or both no).
- “Yes” = Positive Outcome (OOI); “No” = Negative Control Outcome (NCO).
- Reply with only “yes” or “no.”
[Few-shot examples]
- Treatment group using GLP-1RA (treatment) had 0.99% Ganglion cyst, compared with 0.44% for control group using SGLT2i. Does treatment have causal effect to the Ganglion cyst (is it a Positive Outcome)? - no
- Treatment group using GLP-1RA (treatment) had 1.79% Deviated nasal septum, compared with 1.16% for control group using SGLT2i. Does treatment have causal effect to the Deviated nasal septum (is it a Positive Outcome)? - no
- Treatment group using GLP-1RA (treatment) had 0.13% Acquired keratoderma, compared with 0.08% for control group using SGLT2i. Does treatment have causal effect to the Acquired keratoderma (is it a Positive Outcome)? - no
- Treatment group using GLP-1RA (treatment) had 1.88% Senile hyperkeratosis, compared with 1.55% for control group using SGLT2i. Does treatment have causal effect to the Senile hyperkeratosis (is it a Positive Outcome)? - no
- Treatment group using GLP-1RA (treatment) had 2.64% Nontoxic multinodular goiter, compared with 1.39% for control group using SGLT2i. Does treatment have causal effect to the Nontoxic multinodular goiter (is it a Positive Outcome)? - no
- Treatment group using GLP-1RA (treatment) had 94.81% Type 2 diabetes mellitus, compared with 96.68% for control group using SGLT2i. Does treatment have causal effect to the Type 2 diabetes mellitus (is it a Positive Outcome)? - yes
- Treatment group using GLP-1RA (treatment) had 19.87% Chronic kidney disease, compared with 31.81% for control group using SGLT2i. Does treatment have causal effect to the Chronic kidney disease (is it a Positive Outcome)? - yes
- Treatment group using GLP-1RA (treatment) had 78.37% Hypertension, compared with 84.71% for control group using SGLT2i. Does treatment have causal effect to the Hypertension (is it a Positive Outcome)? - yes
- Treatment group using GLP-1RA (treatment) had 78.09% Hyperlipidemia, compared with 84.45% for control group using SGLT2i. Does treatment have causal effect to the Hyperlipidemia (is it a Positive Outcome)? - yes
- Treatment group using GLP-1RA (treatment) had 64.14% Obesity, compared with 44.50% for control group using SGLT2i. Does treatment have causal effect to the Obesity (is it a Positive Outcome)? - yes
[Your Task]
[Question]
Treatment group using GLP-1RA (treatment) had 0.98% Sprain of ankle, compared with 0.42% for control group using SGLT2i. Does treatment have causal effect to the Sprain of ankle (is it a Positive Outcome)?
Answer: [Your answer, ""yes"" or ""no""]",6,"Okay, so I need to figure out whether GLP-1RA treatments have a causal effect on the outcome of a sprain of the ankle. The question gives me that 0.98% of GLP-1RA users experienced this sprain, while 0.42% of SGLT2i users did. 

First, I should understand what GLP-1RA and SGLT2i are. GLP-1 receptor agonists are medications used to help manage type 2 diabetes by aiding in weight loss and glucose control. They work by mimicking the action of GLP-1, a hormone that helps in controlling blood sugar and promotes feelings of fullness. On the other hand, SGLT2 inhibitors work by blocking the kidneys' reabsorption of glucose, thereby promoting urine output and reducing blood sugar levels.

Now, the question is about a sprain of the ankle. I'm trying to think if either of these medications would directly cause a sprain. Sprains occur when there's a injury to a ligament, usually from a twist or strain. I don't immediately see a connection between these medications and ankle sprains. Both GLP-1RA and SGLT2i are more about managing blood sugar and weight, not directly affecting the muscles or ligaments in the ankle.

Looking at the examples provided, when the percentages were similar or lower in the treatment group, the answer was often ""no."" For instance, in cases where the treatment group had lower occurrences, like 0.44% vs. 0.99%, the answer was ""no."" Similarly, when the treatment group had higher occurrences, like 1.79% vs. 1.16%, the answer was still ""no."" 

In the examples where the answer was ""yes,"" the treatment group had higher occurrences, suggesting a possible causal effect. For instance, Type 2 diabetes (94.81% vs. 96.68%) was a yes, but that's expected since both groups are managing diabetes, so it's not an adverse effect. Similarly, conditions like hypertension, hyperlipidemia, and obesity had higher rates in the treatment group, leading to ""yes."" 

In this case, the treatment group has a slightly higher percentage (0.98%) compared to the control group (0.42%). However, I don't see a direct link between GLP-1RA or SGLT2i and an increased risk of ankle sprains. Both medications are more about metabolic control rather than physical injury risk. 

Additionally, considering the cohort description, both groups have similar comorbidities, with GLP-1RA users slightly younger and having a higher BMI. Obesity is a risk factor for ankle sprains because it can lead to more falls or more force applied during activities. However, since the treatment group has a higher BMI, that could be a confounding factor. But the SGLT2i group also has a lower BMI, so it's unclear if the difference in sprain rates is due to the medication or the underlying characteristics of the patients.

Since both medications are not known to cause sprains, and the example where a treatment group had a higher percentage but the answer was ""no,"" I think the same applies here. The higher percentage in the treatment group might be due to other factors, like the higher BMI, rather than the medication itself causing sprains.
</think>

no",no
Batch3,v5,medical_questions_v5.txt,10,"Question 10
[Background]
We compare two treatments for type 2 diabetes:
- Treatment: GLP-1 Receptor Agonists (GLP-1RA)
- Control: Sodium-Glucose Cotransporter-2 Inhibitors (SGLT2i)
[Task Description]
You’ll receive an outcome and the percentage of affected patients in each group.
Decide whether these treatments have a causal effect on that outcome.
You will receive a query describing an outcome and the proportion of patients in each group who experienced it:
- One percentage for patients using GLP-1RA (treatment group).
- One percentage for patients using SGLT2i (control group).
Your task is to determine whether the treatments (GLP-1RA and SGLT2i) have a causal effect on that outcome.
[Cohort Description]
Adults with type 2 diabetes who began either GLP-1RA or SGLT2i.
All had a prior diabetes diagnosis.
GLP-1RA users: mean age 58.0, BMI 37.4.
SGLT2i users: mean age 64.6, BMI 32.8.
Charlson Comorbidity Index ≥ 3 in 65.2% (GLP-1RA) and 68.5% (SGLT2i).
[Instruction]
- Judge whether the treatments causally influence the outcome.
- Both treatments are expected to behave similarly (either both yes or both no).
- “Yes” = Positive Outcome (OOI); “No” = Negative Control Outcome (NCO).
- Reply with only “yes” or “no.”
[Few-shot examples]
- Treatment group using GLP-1RA (treatment) had 0.99% Ganglion cyst, compared with 0.44% for control group using SGLT2i. Does treatment have causal effect to the Ganglion cyst (is it a Positive Outcome)? - no
- Treatment group using GLP-1RA (treatment) had 1.79% Deviated nasal septum, compared with 1.16% for control group using SGLT2i. Does treatment have causal effect to the Deviated nasal septum (is it a Positive Outcome)? - no
- Treatment group using GLP-1RA (treatment) had 0.13% Acquired keratoderma, compared with 0.08% for control group using SGLT2i. Does treatment have causal effect to the Acquired keratoderma (is it a Positive Outcome)? - no
- Treatment group using GLP-1RA (treatment) had 1.88% Senile hyperkeratosis, compared with 1.55% for control group using SGLT2i. Does treatment have causal effect to the Senile hyperkeratosis (is it a Positive Outcome)? - no
- Treatment group using GLP-1RA (treatment) had 2.64% Nontoxic multinodular goiter, compared with 1.39% for control group using SGLT2i. Does treatment have causal effect to the Nontoxic multinodular goiter (is it a Positive Outcome)? - no
- Treatment group using GLP-1RA (treatment) had 94.81% Type 2 diabetes mellitus, compared with 96.68% for control group using SGLT2i. Does treatment have causal effect to the Type 2 diabetes mellitus (is it a Positive Outcome)? - yes
- Treatment group using GLP-1RA (treatment) had 19.87% Chronic kidney disease, compared with 31.81% for control group using SGLT2i. Does treatment have causal effect to the Chronic kidney disease (is it a Positive Outcome)? - yes
- Treatment group using GLP-1RA (treatment) had 78.37% Hypertension, compared with 84.71% for control group using SGLT2i. Does treatment have causal effect to the Hypertension (is it a Positive Outcome)? - yes
- Treatment group using GLP-1RA (treatment) had 78.09% Hyperlipidemia, compared with 84.45% for control group using SGLT2i. Does treatment have causal effect to the Hyperlipidemia (is it a Positive Outcome)? - yes
- Treatment group using GLP-1RA (treatment) had 64.14% Obesity, compared with 44.50% for control group using SGLT2i. Does treatment have causal effect to the Obesity (is it a Positive Outcome)? - yes
[Your Task]
[Question]
Treatment group using GLP-1RA (treatment) had 0.98% Sprain of ankle, compared with 0.42% for control group using SGLT2i. Does treatment have causal effect to the Sprain of ankle (is it a Positive Outcome)?
Answer: [Your answer, ""yes"" or ""no""]",7,"Alright, let's tackle this question step by step. So, the task is to determine whether GLP-1 Receptor Agonists (GLP-1RA) have a causal effect on the outcome of a sprain of the ankle, given the data provided.

First, I need to understand the background information. Both GLP-1RA and SGLT2i are treatments for type 2 diabetes. The study compares these two treatments in a cohort of adults with type 2 diabetes. The groups have different characteristics: GLP-1RA users are slightly younger, have a higher BMI, and have a similar but slightly lower Charlson Comorbidity Index compared to SGLT2i users.

The specific question is about the incidence of sprain of the ankle. The treatment group (GLP-1RA) has 0.98% of patients experiencing this, while the control group (SGLT2i) has 0.42%. The task is to decide if this difference indicates a causal effect.

I recall from the examples provided that when the treatment group has a higher incidence, it's considered a positive outcome, but only if it's determined to be causally related. However, in most cases, especially for conditions like sprain, which are more related to general health or lifestyle factors, the treatment might not directly cause the outcome.

Looking at the examples, when the treatment group had a higher percentage for conditions like ganglion cyst, deviated nasal septum, etc., the answer was ""no,"" suggesting that the treatment doesn't causally affect these outcomes. Similarly, for conditions like type 2 diabetes, chronic kidney disease, hypertension, hyperlipidemia, and obesity, the treatment was considered to have a causal effect because these are direct consequences of diabetes management.

But sprain of the ankle isn't a typical diabetes-related complication. It's more of a musculoskeletal injury, which could be influenced by factors like physical activity, obesity, or falls. However, GLP-1RA is known to help with weight loss, which might reduce the risk of falls or injuries. Alternatively, SGLT2i might also affect weight, but the data shows that GLP-1RA users have a higher BMI. Wait, no, SGLT2i users in this cohort have a lower BMI (32.8 vs 37.4). So, SGLT2i users are more likely to be leaner, which might reduce the risk of sprain.

But wait, the treatment group (GLP-1RA) has a higher BMI, which is a risk factor for ankle sprain because obesity can lead to more falls or weaker muscles. However, the GLP-1RA group also has a slightly lower Charlson Comorbidity Index, meaning they might be healthier otherwise. On the other hand, SGLT2i users are older and have a higher comorbidity index.

So, considering that GLP-1RA might lead to weight gain, which increases the risk of sprain, but SGLT2i might lead to weight loss or maintenance, reducing the risk. But in the given data, GLP-1RA users have a higher BMI, which is a risk factor, but SGLT2i users are older and have higher comorbidities, which might also be risk factors for sprain.

Wait, but the control group (SGLT2i) has a lower percentage of sprain (0.42%) compared to GLP-1RA's 0.98%. That suggests that GLP-1RA is associated with a higher incidence of sprain. If GLP-1RA causes weight gain, which increases the risk, then it might have a causal effect. However, SGLT2i might have other effects that could also influence sprain risk.

But the examples given, like sprain of ankle, were answered as ""no"" in previous cases. For instance, in one example, the treatment group had 0.13% acquired keratoderma vs 0.08%, and the answer was ""no."" Similarly, other non-diabetes-related conditions were also answered as ""no.""

Wait, in the examples provided, when the treatment group had a higher percentage for certain outcomes, the answer was ""no."" For instance, in the case of Type 2 diabetes, the answer was ""yes"" because it's a direct consequence of the treatment. But for other conditions, like sprain, it's probably not a direct effect of the treatment.

So, considering that, I think the answer here would be ""no,"" because sprain of the ankle isn't a typical outcome influenced by GLP-1RA or SGLT2i. These medications are more focused on glucose control, weight, and related metabolic issues, not directly causing musculoskeletal injuries like sprains. Therefore, the difference in percentages might be due to other factors, not causal.
</think>

no",no
Batch3,v5,medical_questions_v5.txt,10,"Question 10
[Background]
We compare two treatments for type 2 diabetes:
- Treatment: GLP-1 Receptor Agonists (GLP-1RA)
- Control: Sodium-Glucose Cotransporter-2 Inhibitors (SGLT2i)
[Task Description]
You’ll receive an outcome and the percentage of affected patients in each group.
Decide whether these treatments have a causal effect on that outcome.
You will receive a query describing an outcome and the proportion of patients in each group who experienced it:
- One percentage for patients using GLP-1RA (treatment group).
- One percentage for patients using SGLT2i (control group).
Your task is to determine whether the treatments (GLP-1RA and SGLT2i) have a causal effect on that outcome.
[Cohort Description]
Adults with type 2 diabetes who began either GLP-1RA or SGLT2i.
All had a prior diabetes diagnosis.
GLP-1RA users: mean age 58.0, BMI 37.4.
SGLT2i users: mean age 64.6, BMI 32.8.
Charlson Comorbidity Index ≥ 3 in 65.2% (GLP-1RA) and 68.5% (SGLT2i).
[Instruction]
- Judge whether the treatments causally influence the outcome.
- Both treatments are expected to behave similarly (either both yes or both no).
- “Yes” = Positive Outcome (OOI); “No” = Negative Control Outcome (NCO).
- Reply with only “yes” or “no.”
[Few-shot examples]
- Treatment group using GLP-1RA (treatment) had 0.99% Ganglion cyst, compared with 0.44% for control group using SGLT2i. Does treatment have causal effect to the Ganglion cyst (is it a Positive Outcome)? - no
- Treatment group using GLP-1RA (treatment) had 1.79% Deviated nasal septum, compared with 1.16% for control group using SGLT2i. Does treatment have causal effect to the Deviated nasal septum (is it a Positive Outcome)? - no
- Treatment group using GLP-1RA (treatment) had 0.13% Acquired keratoderma, compared with 0.08% for control group using SGLT2i. Does treatment have causal effect to the Acquired keratoderma (is it a Positive Outcome)? - no
- Treatment group using GLP-1RA (treatment) had 1.88% Senile hyperkeratosis, compared with 1.55% for control group using SGLT2i. Does treatment have causal effect to the Senile hyperkeratosis (is it a Positive Outcome)? - no
- Treatment group using GLP-1RA (treatment) had 2.64% Nontoxic multinodular goiter, compared with 1.39% for control group using SGLT2i. Does treatment have causal effect to the Nontoxic multinodular goiter (is it a Positive Outcome)? - no
- Treatment group using GLP-1RA (treatment) had 94.81% Type 2 diabetes mellitus, compared with 96.68% for control group using SGLT2i. Does treatment have causal effect to the Type 2 diabetes mellitus (is it a Positive Outcome)? - yes
- Treatment group using GLP-1RA (treatment) had 19.87% Chronic kidney disease, compared with 31.81% for control group using SGLT2i. Does treatment have causal effect to the Chronic kidney disease (is it a Positive Outcome)? - yes
- Treatment group using GLP-1RA (treatment) had 78.37% Hypertension, compared with 84.71% for control group using SGLT2i. Does treatment have causal effect to the Hypertension (is it a Positive Outcome)? - yes
- Treatment group using GLP-1RA (treatment) had 78.09% Hyperlipidemia, compared with 84.45% for control group using SGLT2i. Does treatment have causal effect to the Hyperlipidemia (is it a Positive Outcome)? - yes
- Treatment group using GLP-1RA (treatment) had 64.14% Obesity, compared with 44.50% for control group using SGLT2i. Does treatment have causal effect to the Obesity (is it a Positive Outcome)? - yes
[Your Task]
[Question]
Treatment group using GLP-1RA (treatment) had 0.98% Sprain of ankle, compared with 0.42% for control group using SGLT2i. Does treatment have causal effect to the Sprain of ankle (is it a Positive Outcome)?
Answer: [Your answer, ""yes"" or ""no""]",8,"Okay, so I need to figure out whether GLP-1 Receptor Agonists (GLP-1RA) have a causal effect on a sprain of the ankle in this context. Let me break down the information given.

First, the background tells me that we're comparing two diabetes treatments: GLP-1RA and SGLT2i. The task is to determine if these treatments causally influence a specific outcome, which in this case is a sprain of the ankle. The outcome provided is that 0.98% of GLP-1RA users experienced this sprain, compared to 0.42% of SGLT2i users.

I should consider the examples given to understand the pattern. In the examples provided, when the treatment group had a higher percentage for a particular outcome, it was sometimes considered a positive outcome, but it wasn't always the case. For instance, when the treatment group had a higher percentage for Type 2 diabetes, it was a ""yes,"" but for other conditions like ganglion cyst or deviated nasal septum, it was a ""no.""

Now, thinking about the outcomes, sprain of the ankle isn't directly related to diabetes treatment. Diabetes medications like GLP-1RA and SGLT2i are typically used to manage blood sugar levels. They don't directly cause injuries like sprains. However, factors related to diabetes, such as obesity or poor blood sugar control, might indirectly increase the risk of injuries. For example, obesity can lead to more physical strain, increasing the likelihood of sprains.

Looking at the cohort description, GLP-1RA users have a higher BMI (37.4) compared to SGLT2i users (32.8). Higher BMI is associated with more body fat, which can contribute to muscle weakness or instability, potentially increasing the risk of sprains. However, the SGLT2i group has a higher age (64.6 vs. 58.0), which might also be a factor, as older age can lead to more mobility issues and higher risk of injuries.

But in the examples given, when the treatment group had a higher percentage for certain outcomes like hypertension, hyperlipidemia, or obesity, it was considered a ""yes."" However, for other outcomes like sprain, which isn't a direct diabetes-related complication, it's more tricky.

Wait, in the examples, when the treatment group had a higher percentage for something like hypertension, which is a known side effect of diabetes medications, it was a ""yes."" But sprain is not a direct side effect. So, does that mean we should consider it a ""no""?

Alternatively, maybe because GLP-1RA users are more obese, and obesity increases the risk of sprains, the higher percentage in the treatment group might suggest a causal effect. However, SGLT2i is known to sometimes cause weight loss or not, but in this case, the control group has a lower BMI. So, the higher sprain rate in the treatment group could be due to higher BMI, not necessarily the medication itself.

But the instruction says to judge whether the treatments causally influence the outcome. If the outcome is not a direct effect of the treatment, but rather a result of a comorbidity, then the treatment itself might not be the cause. However, if the treatment exacerbates the risk, then it could be considered causal.

In this case, GLP-1RA might not directly cause sprain, but the higher BMI in that group could be a confounding factor. Similarly, SGLT2i users might have different characteristics, like higher age, which could also contribute to sprains. So, it's unclear whether the treatment itself is causing the sprain or if it's due to other factors.

Looking back at the examples, when the outcome was a known side effect or related condition, it was a ""yes."" For unrelated conditions, it was a ""no."" Since sprain isn't a known side effect of these medications, it's more likely a ""no.""
</think>

no",no
Batch3,v5,medical_questions_v5.txt,10,"Question 10
[Background]
We compare two treatments for type 2 diabetes:
- Treatment: GLP-1 Receptor Agonists (GLP-1RA)
- Control: Sodium-Glucose Cotransporter-2 Inhibitors (SGLT2i)
[Task Description]
You’ll receive an outcome and the percentage of affected patients in each group.
Decide whether these treatments have a causal effect on that outcome.
You will receive a query describing an outcome and the proportion of patients in each group who experienced it:
- One percentage for patients using GLP-1RA (treatment group).
- One percentage for patients using SGLT2i (control group).
Your task is to determine whether the treatments (GLP-1RA and SGLT2i) have a causal effect on that outcome.
[Cohort Description]
Adults with type 2 diabetes who began either GLP-1RA or SGLT2i.
All had a prior diabetes diagnosis.
GLP-1RA users: mean age 58.0, BMI 37.4.
SGLT2i users: mean age 64.6, BMI 32.8.
Charlson Comorbidity Index ≥ 3 in 65.2% (GLP-1RA) and 68.5% (SGLT2i).
[Instruction]
- Judge whether the treatments causally influence the outcome.
- Both treatments are expected to behave similarly (either both yes or both no).
- “Yes” = Positive Outcome (OOI); “No” = Negative Control Outcome (NCO).
- Reply with only “yes” or “no.”
[Few-shot examples]
- Treatment group using GLP-1RA (treatment) had 0.99% Ganglion cyst, compared with 0.44% for control group using SGLT2i. Does treatment have causal effect to the Ganglion cyst (is it a Positive Outcome)? - no
- Treatment group using GLP-1RA (treatment) had 1.79% Deviated nasal septum, compared with 1.16% for control group using SGLT2i. Does treatment have causal effect to the Deviated nasal septum (is it a Positive Outcome)? - no
- Treatment group using GLP-1RA (treatment) had 0.13% Acquired keratoderma, compared with 0.08% for control group using SGLT2i. Does treatment have causal effect to the Acquired keratoderma (is it a Positive Outcome)? - no
- Treatment group using GLP-1RA (treatment) had 1.88% Senile hyperkeratosis, compared with 1.55% for control group using SGLT2i. Does treatment have causal effect to the Senile hyperkeratosis (is it a Positive Outcome)? - no
- Treatment group using GLP-1RA (treatment) had 2.64% Nontoxic multinodular goiter, compared with 1.39% for control group using SGLT2i. Does treatment have causal effect to the Nontoxic multinodular goiter (is it a Positive Outcome)? - no
- Treatment group using GLP-1RA (treatment) had 94.81% Type 2 diabetes mellitus, compared with 96.68% for control group using SGLT2i. Does treatment have causal effect to the Type 2 diabetes mellitus (is it a Positive Outcome)? - yes
- Treatment group using GLP-1RA (treatment) had 19.87% Chronic kidney disease, compared with 31.81% for control group using SGLT2i. Does treatment have causal effect to the Chronic kidney disease (is it a Positive Outcome)? - yes
- Treatment group using GLP-1RA (treatment) had 78.37% Hypertension, compared with 84.71% for control group using SGLT2i. Does treatment have causal effect to the Hypertension (is it a Positive Outcome)? - yes
- Treatment group using GLP-1RA (treatment) had 78.09% Hyperlipidemia, compared with 84.45% for control group using SGLT2i. Does treatment have causal effect to the Hyperlipidemia (is it a Positive Outcome)? - yes
- Treatment group using GLP-1RA (treatment) had 64.14% Obesity, compared with 44.50% for control group using SGLT2i. Does treatment have causal effect to the Obesity (is it a Positive Outcome)? - yes
[Your Task]
[Question]
Treatment group using GLP-1RA (treatment) had 0.98% Sprain of ankle, compared with 0.42% for control group using SGLT2i. Does treatment have causal effect to the Sprain of ankle (is it a Positive Outcome)?
Answer: [Your answer, ""yes"" or ""no""]",9,"Alright, so I need to figure out whether GLP-1RA treatment has a causal effect on the outcome of sprain of the ankle. Let's break this down step by step.

First, I know that GLP-1RA stands for GLP-1 Receptor Agonists, which are a class of medications used to treat type 2 diabetes. They work by helping the body release more insulin and slow down digestion, which helps with weight loss and managing blood sugar levels. On the other hand, SGLT2i are Sodium-Glucose Cotransporter-2 Inhibitors, another diabetes medication that works by preventing the kidneys from reabsorbing glucose, thereby promoting the excretion of excess glucose through urine. They are also associated with weight loss and have benefits beyond just glucose control, like reducing the risk of heart disease and certain cardiovascular events.

Now, the question is about the occurrence of sprain of the ankle. I'm trying to think about whether either of these medications would cause or contribute to ankle sprains. Ankle sprains are typically caused by injuries, such as twisting or rolling the ankle, which can lead to pain, swelling, and bruising. They are more related to physical activity levels, footwear, or other factors like instability in the ankle or muscle strength.

GLP-1RA and SGLT2i both can cause weight loss, but I don't see a direct link between weight loss and an increased risk of ankle sprains. While being underweight can sometimes lead to issues with joint stability, obesity is actually a risk factor for more severe sprains because it can affect joint function and muscle strength. However, both treatments lead to weight loss, so maybe that's a factor to consider.

Looking at the percentages given, 0.98% in the treatment group and 0.42% in the control group. That means that slightly more patients on GLP-1RA experienced an ankle sprain. But does that mean it's causally related? It could be a coincidence, or it might be due to another factor, like physical activity levels.

The user also mentioned that both treatments are expected to behave similarly, either both having a causal effect or neither. So, I should consider whether there's any mechanism by which these drugs would cause sprains. I don't recall any direct link between GLP-1RA or SGLT2i and ankle sprains. Both medications are more about blood sugar control and weight management, not directly affecting joint health or muscle function in a way that would cause sprains.

Another angle is to think about the comorbidities. The GLP-1RA group had a higher Charlson Comorbidity Index, which suggests more underlying health issues. Maybe these patients are more prone to injuries, but the same would apply to the SGLT2i group, which also had a similar or slightly higher comorbidity index. However, the difference in the occurrence of sprain isn't that large (0.98% vs. 0.42%), so it might not be significant.

Alternatively, perhaps the difference is due to other factors not accounted for, like the types of physical activities patients engage in, their footwear, or other injuries. But without more data, it's hard to say.

In the few-shot examples provided, when the treatment group had higher percentages for certain conditions, the answer was often ""no,"" implying that it's not causally related. For instance, when the treatment group had a higher incidence of Type 2 diabetes, it was considered a positive outcome because it's an expected result of the treatment. But in the case of sprain, which isn't an expected side effect, the answer was ""no.""

So, considering all this, I think the higher percentage in the GLP-1RA group doesn't indicate a causal effect on sprain of the ankle. It's more likely a coincidence or influenced by other factors not related to the treatment itself.
</think>

no",no
Batch3,v5,medical_questions_v5.txt,10,"Question 10
[Background]
We compare two treatments for type 2 diabetes:
- Treatment: GLP-1 Receptor Agonists (GLP-1RA)
- Control: Sodium-Glucose Cotransporter-2 Inhibitors (SGLT2i)
[Task Description]
You’ll receive an outcome and the percentage of affected patients in each group.
Decide whether these treatments have a causal effect on that outcome.
You will receive a query describing an outcome and the proportion of patients in each group who experienced it:
- One percentage for patients using GLP-1RA (treatment group).
- One percentage for patients using SGLT2i (control group).
Your task is to determine whether the treatments (GLP-1RA and SGLT2i) have a causal effect on that outcome.
[Cohort Description]
Adults with type 2 diabetes who began either GLP-1RA or SGLT2i.
All had a prior diabetes diagnosis.
GLP-1RA users: mean age 58.0, BMI 37.4.
SGLT2i users: mean age 64.6, BMI 32.8.
Charlson Comorbidity Index ≥ 3 in 65.2% (GLP-1RA) and 68.5% (SGLT2i).
[Instruction]
- Judge whether the treatments causally influence the outcome.
- Both treatments are expected to behave similarly (either both yes or both no).
- “Yes” = Positive Outcome (OOI); “No” = Negative Control Outcome (NCO).
- Reply with only “yes” or “no.”
[Few-shot examples]
- Treatment group using GLP-1RA (treatment) had 0.99% Ganglion cyst, compared with 0.44% for control group using SGLT2i. Does treatment have causal effect to the Ganglion cyst (is it a Positive Outcome)? - no
- Treatment group using GLP-1RA (treatment) had 1.79% Deviated nasal septum, compared with 1.16% for control group using SGLT2i. Does treatment have causal effect to the Deviated nasal septum (is it a Positive Outcome)? - no
- Treatment group using GLP-1RA (treatment) had 0.13% Acquired keratoderma, compared with 0.08% for control group using SGLT2i. Does treatment have causal effect to the Acquired keratoderma (is it a Positive Outcome)? - no
- Treatment group using GLP-1RA (treatment) had 1.88% Senile hyperkeratosis, compared with 1.55% for control group using SGLT2i. Does treatment have causal effect to the Senile hyperkeratosis (is it a Positive Outcome)? - no
- Treatment group using GLP-1RA (treatment) had 2.64% Nontoxic multinodular goiter, compared with 1.39% for control group using SGLT2i. Does treatment have causal effect to the Nontoxic multinodular goiter (is it a Positive Outcome)? - no
- Treatment group using GLP-1RA (treatment) had 94.81% Type 2 diabetes mellitus, compared with 96.68% for control group using SGLT2i. Does treatment have causal effect to the Type 2 diabetes mellitus (is it a Positive Outcome)? - yes
- Treatment group using GLP-1RA (treatment) had 19.87% Chronic kidney disease, compared with 31.81% for control group using SGLT2i. Does treatment have causal effect to the Chronic kidney disease (is it a Positive Outcome)? - yes
- Treatment group using GLP-1RA (treatment) had 78.37% Hypertension, compared with 84.71% for control group using SGLT2i. Does treatment have causal effect to the Hypertension (is it a Positive Outcome)? - yes
- Treatment group using GLP-1RA (treatment) had 78.09% Hyperlipidemia, compared with 84.45% for control group using SGLT2i. Does treatment have causal effect to the Hyperlipidemia (is it a Positive Outcome)? - yes
- Treatment group using GLP-1RA (treatment) had 64.14% Obesity, compared with 44.50% for control group using SGLT2i. Does treatment have causal effect to the Obesity (is it a Positive Outcome)? - yes
[Your Task]
[Question]
Treatment group using GLP-1RA (treatment) had 0.98% Sprain of ankle, compared with 0.42% for control group using SGLT2i. Does treatment have causal effect to the Sprain of ankle (is it a Positive Outcome)?
Answer: [Your answer, ""yes"" or ""no""]",10,"Okay, so I need to figure out whether GLP-1 Receptor Agonists (GLP-1RA) have a causal effect on a sprain of the ankle in the treatment group compared to the control group using SGLT2 inhibitors (SGLT2i). 

First, I should understand what GLP-1RA and SGLT2i do. GLP-1RA medications, like exenatide or liraglutide, help regulate blood sugar by increasing insulin release and reducing sugar absorption in the gut. They're often used in people with type 2 diabetes to help manage their blood glucose levels. SGLT2i medications, such as empagliflozin or dapagliflozin, work by inhibiting the kidneys' reabsorption of glucose, thus promoting urine glucose excretion and lowering blood sugar levels. Both classes of drugs are used to improve glycemic control in type 2 diabetes.

Now, the question is about the incidence of sprain of the ankle. Sprains occur when there's a partial or complete tear of a ligament in the ankle, often due to injury or overuse. I need to determine if either GLP-1RA or SGLT2i would causally influence the occurrence of sprains.

Looking at the examples provided, I notice that when the treatment group had a higher percentage of an outcome, it was considered a Positive Outcome (e.g., Type 2 diabetes, Chronic kidney disease, Hypertension, Hyperlipidemia, Obesity), and the answer was ""yes"". Conversely, when the treatment group had a lower percentage, it was considered a Negative Control Outcome, and the answer was ""no"".

In this case, the treatment group using GLP-1RA had 0.98% sprain of ankle, compared to 0.42% in the control group. Since 0.98% is higher than 0.42%, according to the examples, we should consider this a Positive Outcome. Therefore, the treatment (GLP-1RA) would have a causal effect on the sprain of ankle.

But wait, I should think about whether there's a direct causal relationship between these medications and ankle sprains. Both GLP-1RA and SGLT2i are glucose-lowering medications. They might affect other aspects of health, like physical activity or overall health status, which could influence the risk of sprains. However, there's no direct mechanism linking these medications to ligament injuries in the ankle. Sprains are more related to factors like sports activities, exercise, or traumatic events, not directly to blood sugar control.

Alternatively, perhaps the medications might affect the risk through indirect means. For example, better glycemic control might lead to increased physical activity levels, which could increase the risk of sprains. But that's speculative and indirect. The examples provided in the question seem to treat any difference in the percentages as a direct causal effect, regardless of the specific outcome.

Given the instruction to follow the examples, where a higher percentage in the treatment group leads to a ""yes"" answer, I should apply the same logic here. Therefore, despite my doubts about the direct causal link, I need to answer based on the given data and examples.
</think>

yes",yes
